"Protein"	"Organism"	"AA_1.Intensity"	"AA_2.Intensity"	"AA_3.Intensity"	"AB_1.Intensity"	"AB_2.Intensity"	"AB_3.Intensity"	"AG_1.Intensity"	"AG_2.Intensity"	"AG_3.Intensity"	"BA_1.Intensity"	"BA_2.Intensity"	"BA_3.Intensity"	"BB_1.Intensity"	"BB_2.Intensity"	"BB_3.Intensity"	"BG_1.Intensity"	"BG_2.Intensity"	"BG_3.Intensity"
"sp|A0A024R1R8|TMA7B_HUMAN"	"HUMAN"	51846.61	72877.086	83984.69	40601.293	57009.33	61700.684	31421.086	75834.336	72178.24	47496.867	76757.03	65844.31	50344.742	73702.33	67677.62	43900.92	71931.83	73034.4
"sp|A0A0B4J2D5|GAL3B_HUMAN"	"HUMAN"	622843.9	532417.7	535880.9	788114.8	688220.06	371415.28	623578.2	645332.7	442891.1	721126.6	645789.06	484769.78	818613.1	484373.1	572233.5	586573.06	645327.5	553809.1
"sp|A0A804HLA8|GBG5B_HUMAN"	"HUMAN"	0	0	0	0	0	0	0	0	0	0	0	0	0	0	0	0	0	0
"sp|A0AVT1|UBA6_HUMAN"	"HUMAN"	1349192	1252996.2	1545946	1799018.9	1735215	1186511.2	1853583.8	1508838.6	1733051.6	1894822.5	1715498.9	836721.25	1868107	1837212.5	1290965.6	1474098.8	2178361.5	867493.7
"sp|A0MZ66|SHOT1_HUMAN"	"HUMAN"	0	0	0	0	192818.02	223023.06	242513.67	158957.66	0	0	0	0	0	0	0	0	0	0
"sp|A1L429|GG12C_HUMAN"	"HUMAN"	487987.1	744271.25	827671	494425.7	705420.06	732296.94	487455.56	733948.1	744278.94	566054.94	891209.56	762467.75	480571.06	724315.3	760266.5	778692.5	715482.06	764702.9
"sp|A2RRP1|NBAS_HUMAN"	"HUMAN"	62165.78	0	85702.56	50746.625	137787.28	123078.25	56120.035	60551.43	48676.58	126950.81	0	143571.39	132814.5	0	62633.19	73717.086	0	77154.54
"sp|A3KN83|SBNO1_HUMAN"	"HUMAN"	0	0	0	0	0	0	0	0	0	0	0	0	0	0	0	0	0	0
"sp|A4D1E9|GTPBA_HUMAN"	"HUMAN"	0	0	0	0	0	0	0	0	0	0	0	0	0	0	0	0	0	0
"sp|A5YKK6|CNOT1_HUMAN"	"HUMAN"	882516.8	482906.03	320177.8	393864.3	0	408650.22	398968.84	74074.8	47417.066	294336.03	134461.47	262091.2	160990	430333	338064.3	115716.31	323274.8	0
"sp|A6NCE7|MP3B2_HUMAN"	"HUMAN"	199802.39	203894.14	198928.22	211497.86	259404.64	226834.33	206303.25	194938.25	260221.33	194765.5	255212.58	144057.61	229890.52	229482.72	208852.9	261770.5	225480.22	230859.28
"sp|A6NDG6|PGP_HUMAN"	"HUMAN"	359410.62	242940.69	367483.38	215568	397103.62	403553.97	357907.5	399515.06	250725.14	373215.94	410952.12	256789.6	373741	446091.84	493860.2	241862.62	416228	430997.12
"sp|A6NDU8|RIMC1_HUMAN"	"HUMAN"	0	0	179035.98	0	96596.32	181764.8	191775.89	158434.77	182449.44	0	192888.92	0	243873.1	0	0	183442.9	153238.75	182550.12
"sp|A6NHL2|TBAL3_HUMAN"	"HUMAN"	1008736.5	1389166.1	870893.1	1113509.5	699190.7	662000.75	1502875.9	516725.75	1767431.1	1834210.6	1960366.2	1827289.5	2093384.9	2003931.2	2182823.8	1685221.9	2171730.5	2236079.2
"sp|A6NHR9|SMHD1_HUMAN"	"HUMAN"	1033039.1	1119110.1	1620866.1	1476797.8	860167.7	956092.8	2324864	1011633.25	1874558.9	1851849	786819.2	1398745.2	834379.6	2252124.2	2198138.5	2405049.8	2416549.8	2236476.2
"sp|A8MWD9|RUXGL_HUMAN"	"HUMAN"	3007519	2964813	3088382	2963162.5	2896253	3063890.5	3136315	3061191.5	3134209.8	2827105.5	2916330	3118815.5	2883098	2894103.2	3153252.5	3151675.8	2916921.2	3028013
"sp|A8MXV4|NUD19_HUMAN"	"HUMAN"	0	0	0	0	0	0	0	0	0	0	0	255140.72	0	232598.5	0	242148.86	317435.9	171879.69
"sp|B5ME19|EIFCL_HUMAN"	"HUMAN"	2353678	2404141	3253225.2	2851807.5	2283876.5	2863725	2562137	2922042	2918478.8	2425110.2	3130620.2	2828317	2739603.8	3046978.5	2541973.8	3017506.8	2971194.8	2714705
"sp|E9PAV3|NACAM_HUMAN"	"HUMAN"	6850281.5	7464766	6876202.5	6711276.5	6566552	6404213	6955494.5	6142066.5	6718444.5	6008533	7165026	6691160	6904662	6500714.5	6851680	7147697	6655210	7053760
"sp|E9PRG8|CK098_HUMAN"	"HUMAN"	0	0	0	0	0	0	0	0	0	0	0	0	0	0	0	0	0	0
"sp|O00116|ADAS_HUMAN"	"HUMAN"	1776679.4	1783160.9	550672.6	1760864	1437972.8	1874420.2	1722892.4	2101025	513614.75	1254922.1	1411245.9	1598328.1	1225305.2	1398594.4	1452637	472138.72	1521553.2	1268664.8
"sp|O00139|KIF2A_HUMAN"	"HUMAN"	391610.97	105630.54	75485.74	231286.97	467071.53	73799.12	0	397808.8	0	58814.75	196421.06	228556.88	83964.75	287177.38	0	0	73046.53	0
"sp|O00148|DX39A_HUMAN"	"HUMAN"	2651047	2874484.8	2816694.2	2650969.2	2542104	2961041.5	2550697.8	2806455	2707540.2	2581612.2	2622820.8	2790811.8	2563350.8	2657891.8	2754049.2	2756048	2887452.5	2961457.2
"sp|O00151|PDLI1_HUMAN"	"HUMAN"	2956325.8	2799908.5	2509777.5	2930537.5	2921424.8	2551827.5	3350089.8	2303179.8	2068332.8	1992919.5	2448747.2	2096868.8	2332226	2030805.6	2311904	2589819.5	2486006.8	2317548
"sp|O00154|BACH_HUMAN"	"HUMAN"	1008444.5	1264468.8	1201728.2	925672.44	1244046.2	763655.44	1023220.1	1124467.2	1002575.3	1359096	974426.5	1084313.8	1404491	1005441.75	872495.3	1035534.75	1097736.8	851546.56
"sp|O00161|SNP23_HUMAN"	"HUMAN"	240979.06	0	0	192495.44	218551.28	226570.66	262838.94	0	148637.17	0	162979.58	120638.75	207846.53	185947.05	161665.02	202979.72	59470.035	0
"sp|O00170|AIP_HUMAN"	"HUMAN"	265014.25	291333.72	177364.08	161244.5	313905.25	163818.89	133434.77	252660	146109.22	192412	305110.9	383158.7	180724.83	355210.38	331031.2	132368.48	221716.05	310131.5
"sp|O00178|GTPB1_HUMAN"	"HUMAN"	0	0	0	0	0	0	0	0	0	0	0	0	0	0	0	0	0	0
"sp|O00186|STXB3_HUMAN"	"HUMAN"	40831.867	0	0	0	0	49788.473	0	34030.727	0	39998.297	0	49571.88	0	0	48498.465	0	0	40282.574
"sp|O00193|SMAP_HUMAN"	"HUMAN"	0	0	0	0	0	0	0	0	0	0	0	0	0	0	0	0	22048.697	0
"sp|O00203|AP3B1_HUMAN"	"HUMAN"	65707.49	114853.734	102616.21	121245.13	99403.625	0	0	0	76826.664	112597.414	251438.17	250468.98	584285	219768.53	290999.62	175658.62	153283.31	247123.81
"sp|O00217|NDUS8_HUMAN"	"HUMAN"	459995.16	439931.2	459537.88	503887.16	500710.7	413330.38	445832.56	345700.44	415037.38	393303.38	532303.4	527553.75	390544.78	453612.56	387092.2	397016.6	495692.06	463709.53
"sp|O00231|PSD11_HUMAN"	"HUMAN"	6368498.5	6791623.5	7228064.5	6239277.5	6857389.5	6417550	6464830	6585429.5	6434840	10031147	10630298	10868993	10951447	10276356	9884152	10131646	10929375	10360632
"sp|O00232|PSD12_HUMAN"	"HUMAN"	3047453.2	2921208.2	2732567.5	2963652	2944084.2	2662334	3064458	2319047.2	2536141.5	2971731.5	2387261.2	2285358.5	2851886.5	2357794.2	2942090.8	2272900.5	2483798.5	2754702
"sp|O00233|PSMD9_HUMAN"	"HUMAN"	341078.28	289079.44	308527.8	245003.81	123531.93	273283.38	303210.8	213791.03	418165.1	326249.22	378396.7	292814.38	96169.07	303278.56	205719.5	180367.03	303478.72	148523.38
"sp|O00244|ATOX1_HUMAN"	"HUMAN"	329339.44	406356.12	352926.47	218555.7	350057.38	233448.42	230220.67	228074.28	386420.56	351344.56	397497.84	236705.86	318815.06	256250.39	374684.62	332539.75	236490.5	336613.66
"sp|O00267|SPT5H_HUMAN"	"HUMAN"	436881.2	241549.81	438387.97	349149.12	518838.25	407616	494843.7	694758	714841.5	979774.9	749744.6	653925.4	776630	964374.6	883747.56	1021189.5	1109785.9	617349.5
"sp|O00273|DFFA_HUMAN"	"HUMAN"	362527.62	280697.2	296091.22	333710.6	265020.97	224353.28	236569.31	353936.88	137173.17	218858.38	294938.12	253528.03	395638.3	431450.94	367332.8	405420.8	152647.45	338364.16
"sp|O00291|HIP1_HUMAN"	"HUMAN"	45129.38	0	0	0	0	0	0	0	0	0	0	0	0	0	0	0	0	0
"sp|O00299|CLIC1_HUMAN"	"HUMAN"	41180864	46428376	51096260	43768896	45713856	47239548	43638252	51292190	44553224	41934736	45198930	48484430	43562932	43996640	46342520	45212256	52887356	46809748
"sp|O00303|EIF3F_HUMAN"	"HUMAN"	2814561.5	2672068.2	2241204.8	2882385.8	2549257.5	2663314.2	2812045	2724793.5	2451012.8	2938757.8	2826978	2618072	2839717	2575769	2476301.8	2505846.2	2349493.5	2184177.2
"sp|O00330|ODPX_HUMAN"	"HUMAN"	0	0	0	0	0	0	0	0	0	0	0	0	0	0	0	0	0	0
"sp|O00399|DCTN6_HUMAN"	"HUMAN"	0	0	0	0	0	0	0	0	0	0	0	0	0	0	0	0	0	0
"sp|O00410|IPO5_HUMAN"	"HUMAN"	8751926	8080721	8499156	9223063	8852310	8108561	9288013	8127468	8295559	9182640	8948008	8282190.5	10173003	8466029	8482804	8732416	8624008	8376032
"sp|O00422|SAP18_HUMAN"	"HUMAN"	1844101.4	1969718.1	1914875	1884234.2	1619574.6	1803942.8	2005391.6	1957274.6	1959309.2	1874972	1446259.6	1514008.4	2134440.2	1451888.2	2001373.6	1454646.2	1277498	2034916
"sp|O00425|IF2B3_HUMAN"	"HUMAN"	2482097.5	1608061.4	2271153.2	2167187	1828988.2	1722445.2	2231735.5	2147502.2	2146875.5	2350147.8	1950978.2	2063270.9	1962787.1	2106882.5	1870158.6	2290173.5	1981410.8	2077138.2
"sp|O00429|DNM1L_HUMAN"	"HUMAN"	1705502.2	932253.94	848469.75	1718758.5	1380718.4	1367674.6	1400190.6	790228.4	811702.25	1091360.6	1957710	871599.25	2070670.9	1908599	1261459.6	1480547.2	1817696.4	1233190.9
"sp|O00442|RTCA_HUMAN"	"HUMAN"	0	216433.67	0	313842.3	68935.09	108860.49	0	298740.6	0	325255.66	230655.86	165763.9	315270.6	285085.7	225735.66	93372.336	204014.22	329609.4
"sp|O00479|HMGN4_HUMAN"	"HUMAN"	0	0	0	0	0	0	0	0	0	17757.219	43320.03	0	0	0	0	0	0	0
"sp|O00483|NDUA4_HUMAN"	"HUMAN"	371526.56	632994.4	698064.94	227945	825083.4	787025.4	650722.3	656264.8	711680.1	737623.2	743053.6	870956.9	298626.56	1018786.5	875704.3	892384.94	714557.56	431125.78
"sp|O00487|PSDE_HUMAN"	"HUMAN"	1372920.8	2000159	1571267.5	1550630.2	1799865.8	1872133.6	1479712.5	1735782.4	1578928.5	1705319.8	1465289.2	1771264.9	1245209.9	1728921.9	1742312.8	1690505	1729113.2	1526238
"sp|O00505|IMA4_HUMAN"	"HUMAN"	236703.31	443908.5	350651.9	614448.75	449331	506099.12	254784.81	339079.75	101979.805	575969.8	108244.93	233262.69	283868.06	288984.5	243513.62	89207.516	275300.28	92438.53
"sp|O00541|PESC_HUMAN"	"HUMAN"	895777.4	782000.56	764894.94	829054.7	930958.5	816330.8	907833.44	919323.7	1084143	932304.56	764981.44	992663.2	986299.5	837303.5	873953.94	621456.4	696818.5	988975.94
"sp|O00566|MPP10_HUMAN"	"HUMAN"	1009307.7	953075.1	978288	945661.94	895644.44	943999.56	1072904	952845.75	983688.1	855838.5	1118304.1	809424.75	876804.5	1006491.25	782869.5	1135751.9	855753.1	979171.5
"sp|O00567|NOP56_HUMAN"	"HUMAN"	805644.44	582544.7	560723.4	858551.25	592013.44	563063.5	664506.9	577415.4	620409.56	717002.25	745599.8	695979.6	644076.1	767233.9	698793.4	616047.75	583633.5	623683.6
"sp|O00571|DDX3X_HUMAN"	"HUMAN"	8238252	8919908	8288847.5	8471109	8990981	8599709	8018030.5	7830418	8416665	8339519	8468665	7738074.5	8331025.5	7426536.5	9227731	7414827.5	7267881.5	7396791
"sp|O00584|RNT2_HUMAN"	"HUMAN"	130545.72	156449.36	145742.19	113579.17	123029.86	111840.42	146221.19	124848.18	132001.6	115743.11	135863.52	106142.73	138741.55	119943.164	144426.8	144655.02	142986.88	152139.11
"sp|O00625|PIR_HUMAN"	"HUMAN"	73503.69	72466.64	68753.97	61614.605	65906.336	0	68090.56	64119.125	67076.89	69100.14	71050.88	76928.52	80442.43	75877.766	73556.62	0	0	64438.99
"sp|O00629|IMA3_HUMAN"	"HUMAN"	1372173.8	1283638.1	1127207.2	1400247.6	1067602.6	1588499.6	730265.6	1660431.9	1062958	1545328.2	1458947.2	1751221.8	1481091	1385680.6	1606908.2	1504258.2	2241794	1217661.8
"sp|O00743|PPP6_HUMAN"	"HUMAN"	138722.6	0	0	142045.28	0	0	136778.67	98025.41	0	146269.88	161424.97	94918.83	146692.45	0	143219.83	74289.19	226304.45	221977
"sp|O00764|PDXK_HUMAN"	"HUMAN"	1048882.9	825234.1	1311819.5	1115572	891971.25	1003296.56	1065094.4	1207885.6	1042851	1249445.9	954136.7	1338522.9	922319	1031791.5	1100681.1	1046235.7	1461692.8	980919.25
"sp|O14497|ARI1A_HUMAN"	"HUMAN"	177669.66	146600.9	161348.8	201244.89	173019.14	142267.16	192068	118800.23	158698.5	174153.02	153649.02	147539.7	182651.28	168152.7	147209.11	182572.97	152357.6	140161.66
"sp|O14519|CDKA1_HUMAN"	"HUMAN"	106209.36	123873.32	122481.484	60876.67	67271.914	134681.56	119523.9	126492.58	112902.89	60410.055	101469.22	121045.266	56495.51	113279.33	116145.61	40401.113	60709.44	56330.65
"sp|O14530|TXND9_HUMAN"	"HUMAN"	134580.81	134224.84	134321.25	137837.53	126725.26	131661.69	132180.58	111015.77	155461.7	135612.14	126521.93	144100.69	137315.16	140233.94	142370.67	140395.36	137904	151557.42
"sp|O14548|COX7R_HUMAN"	"HUMAN"	0	0	0	0	0	0	0	0	0	0	0	0	0	0	88057.04	0	0	0
"sp|O14561|ACPM_HUMAN"	"HUMAN"	1862524.2	2013853.8	2677647.2	2166087.5	1849106.2	2275364	1977287	2367638.8	1726428.2	1875366.9	2088372.9	2509653	2193503.2	1859080.1	1940565.8	1839156.6	2450912	2157925
"sp|O14562|UBFD1_HUMAN"	"HUMAN"	0	0	0	0	0	0	0	0	0	0	0	0	0	0	0	0	0	0
"sp|O14579|COPE_HUMAN"	"HUMAN"	1983952.8	1753042.4	2045006	2098264.2	1901855.5	1388668.1	2190704.2	1874230	1842271.5	2083626.2	1997453.1	1386933.1	1957463.1	2001191.6	1396522	1842235.4	1539376.6	1990623.2
"sp|O14617|AP3D1_HUMAN"	"HUMAN"	58103.297	0	163724.48	0	44709.035	157352.45	0	141968.67	198470.38	115122.695	0	0	286531.16	0	292974.38	0	190775.14	0
"sp|O14646|CHD1_HUMAN"	"HUMAN"	0	0	99004.34	0	68549.914	75655.92	0	55547.38	0	65302.04	0	77332.16	61941.906	70907.41	97968.23	0	0	0
"sp|O14662|STX16_HUMAN"	"HUMAN"	287583.1	0	0	0	0	0	0	0	0	0	0	0	0	0	0	0	0	0
"sp|O14737|PDCD5_HUMAN"	"HUMAN"	2584125.8	3522278.8	2645585.8	2735694	2954197.5	1924243.9	2337488	2709192.5	2563738.8	2739991	3522739	2945677.5	3065585	3466044.5	2534357.8	3226556	3031627	2402581.2
"sp|O14744|ANM5_HUMAN"	"HUMAN"	4317258.5	5390191.5	5868006	5567628.5	5242621.5	5049078.5	5072286.5	6028367	4921286.5	5504898.5	6011516	6215661.5	4591970.5	6598818	5334070.5	6280855.5	5757532	5634535.5
"sp|O14745|NHRF1_HUMAN"	"HUMAN"	52648.402	80092.305	82564.4	96407.84	0	68225.15	58068.67	69895.16	71915.24	107242.89	102408.016	191995.64	77172.15	199546.16	185033.31	70873.66	103108.83	105334.67
"sp|O14757|CHK1_HUMAN"	"HUMAN"	0	0	0	0	0	0	0	0	0	0	0	0	0	0	0	0	0	0
"sp|O14773|TPP1_HUMAN"	"HUMAN"	162841.77	154744.42	149377.88	163232	163610.1	148480.58	147882	154658.3	160996.66	159349.84	164988.27	153900.73	163745.64	141217.25	156540.56	150072.81	160249.6	163368
"sp|O14776|TCRG1_HUMAN"	"HUMAN"	520568.47	1088113.2	865258.94	995441.4	917859.6	931440.6	928132.9	652975.6	646469.6	726710	915367.3	797828.1	951714.5	789736.7	813744.7	870479.7	544995.7	684806.6
"sp|O14777|NDC80_HUMAN"	"HUMAN"	116712.24	0	0	108087.48	0	0	0	0	0	113858.71	104951.63	0	127700.375	109650.09	93850.57	105050.72	141688.4	0
"sp|O14787|TNPO2_HUMAN"	"HUMAN"	182144.53	230701.62	319993.62	169367.55	181319.23	68805.4	214527.75	244575.34	168805.4	192059.2	87975.71	87710.09	191400.14	93337.77	95012.664	235304.88	199643.1	196648.5
"sp|O14802|RPC1_HUMAN"	"HUMAN"	136780.97	134956.44	158700.56	0	79719.29	81496.53	0	166311.56	77550.2	80495.734	89999.54	71307.92	158779.03	140961.23	77706	132176.53	74913.984	76098.01
"sp|O14818|PSA7_HUMAN"	"HUMAN"	7076923	7895601	7557848	7339354.5	7593065	6830810.5	7624657	6843930.5	7044432.5	7175008.5	7079913	7645564.5	7095570.5	7420894	6304632.5	6937926	7014374	7313183.5
"sp|O14828|SCAM3_HUMAN"	"HUMAN"	48117.242	0	48843.867	0	0	54426.29	0	0	0	0	0	57538.477	45205.168	0	0	0	0	0
"sp|O14880|MGST3_HUMAN"	"HUMAN"	122394.805	122216.2	186329.66	123395.22	109470.87	107324.55	140813.38	155925.14	106722.57	103574.86	141663.05	177561.5	130149.164	137858.48	102788.64	122443.47	162316.44	134989.8
"sp|O14908|GIPC1_HUMAN"	"HUMAN"	0	0	0	0	0	0	0	0	0	0	0	0	0	0	0	0	0	0
"sp|O14910|LIN7A_HUMAN"	"HUMAN"	0	0	0	0	0	0	0	0	0	0	0	0	0	0	0	0	0	0
"sp|O14925|TIM23_HUMAN"	"HUMAN"	422515.06	144286.66	351324.8	367418.75	381545.84	366936.28	393213.72	377027.5	405913.88	472160.97	386178.2	350932.66	384155.75	371107.3	412900.38	412402.38	399816.5	407280.56
"sp|O14929|HAT1_HUMAN"	"HUMAN"	2847243.5	2761157.5	3153479.5	2987765.8	3013486.2	2786036	2997829.2	3175717	2562720.2	2910579	3201908.5	2521941.5	3082740	3235594.8	2690098.8	2978108.2	3230267.5	3472065.8
"sp|O14949|QCR8_HUMAN"	"HUMAN"	129670.22	162691.27	250774.53	126984.92	163282.64	63188.4	80106.65	0	52480.707	119742.62	135290	55723.125	102717.98	232272.02	260220.6	143703.47	209616.78	0
"sp|O14950|ML12B_HUMAN"	"HUMAN"	1554575.4	2020534.8	1833261.1	1423190.9	1806071.8	1659512.4	1496778.2	1720249	1655216.4	1554982.4	1668798.9	1856519.2	1463276.5	1729312.5	1741880.5	1824716.8	1834618.2	1637510.1
"sp|O14957|QCR10_HUMAN"	"HUMAN"	222890.39	170780.06	194026.66	216324.72	197696.81	176398.12	224309.72	235050.58	184007.22	234939.55	207104.64	203621.86	0	211429.78	179776.81	187711.73	0	208647.77
"sp|O14964|HGS_HUMAN"	"HUMAN"	0	0	0	0	0	0	0	0	0	0	0	0	0	0	0	0	0	0
"sp|O14974|MYPT1_HUMAN"	"HUMAN"	41365.07	0	75767.125	126274.05	0	90796.15	0	75196.23	95024.94	64742.88	21042.361	0	46648.594	77947.9	0	0	0	0
"sp|O14976|GAK_HUMAN"	"HUMAN"	65336.715	73149.3	74085.4	80704.78	63602.93	74937.01	72301.766	77415.62	72029.01	75545.71	68917.64	72784.39	79915.75	70020.52	0	80171.234	79122.37	73778.3
"sp|O14979|HNRDL_HUMAN"	"HUMAN"	5033496	5306500.5	4924318.5	4624395.5	5175266.5	4846871.5	5454105	4326763	4943602.5	5656996	5056779	4827045.5	5492770	4961163.5	5083341	5209784	5327863.5	4772296.5
"sp|O14980|XPO1_HUMAN"	"HUMAN"	15064952	14026981	14396197	14861067	12631824	13141189	14616944	14531162	14249670	14510452	15478068	15308062	13955751	14952590	14870724	15998074	15075211	15884286
"sp|O15027|SC16A_HUMAN"	"HUMAN"	0	0	0	0	0	0	0	0	0	0	0	0	0	0	0	0	0	0
"sp|O15042|SR140_HUMAN"	"HUMAN"	433583.56	649987.75	429695.53	534062.9	531997.94	504852.88	448175.5	471665.2	548239.25	543557.94	651642.5	462691.16	475562.88	615528.1	485226.94	498425.7	429781.94	626105.3
"sp|O15067|PUR4_HUMAN"	"HUMAN"	2084983.8	1652676.4	2015358.8	2260106	1625443.4	1346545.1	1544053.6	1623369.2	1667789	2222301.8	2602529.2	2916612.8	3118427	2847768	2054155.1	2689491.5	2640366.5	2815064
"sp|O15084|ANR28_HUMAN"	"HUMAN"	0	0	50464.027	0	53981.71	51675.992	0	0	59149.12	48931.77	0	0	48057.29	0	0	0	0	0
"sp|O15116|LSM1_HUMAN"	"HUMAN"	465429.06	467608.9	598505.75	233039.05	343432.94	146167.9	208387.92	473948.62	369005.12	447547.25	603417.5	197077.38	448127.8	166721.12	512069.8	196232.8	469162.06	176703.3
"sp|O15127|SCAM2_HUMAN"	"HUMAN"	0	0	0	0	0	0	0	0	0	113422.78	168617.48	0	0	151595.06	0	0	150536.5	0
"sp|O15143|ARC1B_HUMAN"	"HUMAN"	683423.25	560409	570917.2	569170.2	0	238929.75	714693.4	623479	459357.72	584566.94	382191.97	437214.88	310211.2	517961.6	588678.06	54238.215	483695.88	125855.89
"sp|O15144|ARPC2_HUMAN"	"HUMAN"	311996.25	249621.5	461319.62	141858.28	514188.56	651695.1	592736.75	232433.31	264390.84	353442.28	133731.16	437282.97	457807.34	160258.56	481297.5	464019.9	98425.46	442017.94
"sp|O15145|ARPC3_HUMAN"	"HUMAN"	230442.03	157471.66	234871.69	213279.44	266423.28	164169.48	286284.28	245409.31	176586.88	205068.98	215462.7	284575.25	263041.1	311045.47	283113.53	214590.4	222684.45	215033.08
"sp|O15160|RPAC1_HUMAN"	"HUMAN"	838188.75	576533.2	850723.6	570626.25	635627.56	638221.4	778588.75	656028.6	812273.25	885639.06	713708.9	497226.44	824630.1	716940.3	791431	934703.56	958656	520673.2
"sp|O15164|TIF1A_HUMAN"	"HUMAN"	0	99440.945	0	0	85149.734	93319.82	0	0	0	0	0	0	0	0	0	0	0	0
"sp|O15212|PFD6_HUMAN"	"HUMAN"	2575891.5	2021942.5	1900778	2498353	2722865.2	1813771.9	2231816	2717939.5	1797809.4	1905050.4	1996849	2701539.5	2503134	2738859.2	1952127	2723296.5	2563734	3124028.2
"sp|O15226|NKRF_HUMAN"	"HUMAN"	286916.8	80014.336	95098.18	58941.566	82903.72	81241.125	103766.12	99225.73	80530.94	61611.094	0	87709.945	83741.76	0	138811.4	94699.336	58071.133	42677.98
"sp|O15235|RT12_HUMAN"	"HUMAN"	0	0	0	0	0	0	0	0	0	0	0	0	0	0	0	0	0	0
"sp|O15247|CLIC2_HUMAN"	"HUMAN"	942714	869301.7	937959.06	1040782.6	934157.3	841459.8	992652.94	1017788.7	885277.3	1060863.9	890230.6	1042922.6	1156448.8	911218	1025726.9	936879	1031547.56	828357.1
"sp|O15260|SURF4_HUMAN"	"HUMAN"	266622.2	229821.72	171500.34	284272.28	92516.78	232435.45	295477.25	254249.33	124590.92	257227.53	95354.195	114206.28	245538.78	233698.66	151186.33	201540.12	240070.1	134859.36
"sp|O15269|SPTC1_HUMAN"	"HUMAN"	81445.14	79917.555	0	67891.34	0	85845.24	0	57320.08	0	0	0	0	0	0	0	0	0	0
"sp|O15294|OGT1_HUMAN"	"HUMAN"	406127.3	376695.1	320842.38	466504.1	503123.72	442118.75	378834.75	447892.47	518449.75	417887.66	504183	563213	520915.7	81836.77	74865.35	537876.5	559001.3	566232.5
"sp|O15347|HMGB3_HUMAN"	"HUMAN"	184150.05	294333.12	0	0	250935.84	209042.38	0	0	237790.48	185631.84	303261.4	0	0	194639	298371.8	0	0	0
"sp|O15355|PPM1G_HUMAN"	"HUMAN"	1889226.5	1931508.5	1537694.2	1916615.9	2005474.5	1918356.9	1851518.5	2068735	2002070.8	2548070.2	2307574.8	2246244	2637871.5	2797995.2	2530895	2384742.2	2538631	2881873
"sp|O15371|EIF3D_HUMAN"	"HUMAN"	1316381.9	1296189.4	1178479	1443242.9	1023633.06	1180556	1277677.1	993758.25	1248869.4	1333585.5	1460797.8	1344748.2	1126455.2	1450345.2	1050457.4	1332149.1	1589287.5	1466670.2
"sp|O15372|EIF3H_HUMAN"	"HUMAN"	1723592.2	1431665.8	2082797.6	1403180.5	2092177.2	1674817.9	1606292.4	2086061.6	1511952.2	1696371.1	1763779.1	2077419.5	1745039.5	1524686	1995158.8	1985548.6	1327689.1	1794647.8
"sp|O15382|BCAT2_HUMAN"	"HUMAN"	0	0	0	0	0	0	0	0	0	0	0	0	0	0	0	0	0	0
"sp|O15392|BIRC5_HUMAN"	"HUMAN"	123727.76	0	169918.66	0	194782.06	146368.75	0	176782.58	124862.76	176962.02	115675.555	0	153289.58	144050.8	149384.77	0	142280.14	0
"sp|O15397|IPO8_HUMAN"	"HUMAN"	0	45745.42	0	0	0	0	0	40823.676	0	49715.836	0	0	37302.594	45305.254	0	39705.3	45260.613	0
"sp|O15400|STX7_HUMAN"	"HUMAN"	121574.06	67926.31	0	80072.984	0	94257.06	78160.664	0	112156.08	0	0	0	136424.19	0	0	0	0	0
"sp|O15479|MAGB2_HUMAN"	"HUMAN"	1686986.4	1722949.4	1936886.6	1775744.1	1719850.8	1445660.5	1636624.5	1554851.2	1582526.2	1719221	1798610.4	1614896.9	1712375.6	1533076.2	1575283.9	1661989.6	1324057.9	1431161.8
"sp|O15498|YKT6_HUMAN"	"HUMAN"	50551.777	0	0	0	0	0	0	0	0	0	0	0	0	0	0	0	0	0
"sp|O15504|NUP42_HUMAN"	"HUMAN"	81254.555	72722.9	0	66678.43	72636.45	75052.98	78180.164	68012.52	74971.84	83005.07	0	74711.77	78023.1	76878.375	0	74309.41	0	88158.09
"sp|O15511|ARPC5_HUMAN"	"HUMAN"	351283.06	395512.25	563576.9	325491.8	453769	337878.97	0	0	458085.16	0	460779.44	411630.06	287106.72	400652.22	0	0	0	351217.97
"sp|O15514|RPB4_HUMAN"	"HUMAN"	0	0	0	0	0	0	0	0	0	53267.645	0	0	57822.438	44001.867	34286	0	0	0
"sp|O15530|PDPK1_HUMAN"	"HUMAN"	0	0	0	0	0	0	0	0	0	0	0	0	0	0	0	0	0	0
"sp|O43143|DHX15_HUMAN"	"HUMAN"	4513724.5	4906630.5	3703886.5	4602060.5	4736963.5	4158782	4047363.5	4043808.2	3547458.5	4007761.5	4655296	4159422.2	3818292	4335655	4084422.2	4381059	3612587.5	4169572.2
"sp|O43148|MCES_HUMAN"	"HUMAN"	806016.7	970463.1	517134.75	589909.8	719906.94	586880.7	525440.6	506035.5	449152.6	0	0	0	0	324868.62	86613.31	0	0	0
"sp|O43156|TTI1_HUMAN"	"HUMAN"	141882.69	140213.45	114885.39	84757.664	145078.47	67459.44	139432.3	45872.66	86753.82	98648.914	75797.78	89763.93	106899.6	83114.46	0	92340.93	77980.555	86555.266
"sp|O43172|PRP4_HUMAN"	"HUMAN"	549894.6	686299.25	308879.97	812823.25	599561.1	881217.5	573781.5	822311.7	529010.6	497348.97	524639.4	553400	662619.25	416324.62	518950.8	290544.88	508429.53	400692.75
"sp|O43175|SERA_HUMAN"	"HUMAN"	3892442.2	3642888.8	6243329.5	4389398	4003440	4005361.8	4090547	5100302.5	5185752.5	4545507.5	4606192.5	4314804.5	4873603.5	4190110.8	4001564	4823001	4339258.5	4357425
"sp|O43242|PSMD3_HUMAN"	"HUMAN"	3224183.5	3962328.5	2916223.2	3506351.2	3164255.5	2979753.2	3304474.8	3347808.8	2982686	3841901	4398937	3789224.2	3989240.8	3851483.8	3732579.8	3799740.5	3257655	2877034.2
"sp|O43252|PAPS1_HUMAN"	"HUMAN"	140889.9	138903.56	131456.53	254486.64	195386.67	136388.95	356762.1	135673.2	204762.48	286953.47	138536.58	201806.38	353577.94	135413.64	127870.766	207283.23	202103.45	215092.23
"sp|O43264|ZW10_HUMAN"	"HUMAN"	600439.8	550981.5	457897.25	704221.6	465291.5	402029.66	598648.06	567296.8	448828.38	607777.2	560242.5	492593.12	597744.1	421831.5	537507.9	828739.25	622158.94	358172.56
"sp|O43290|SNUT1_HUMAN"	"HUMAN"	0	0	0	0	0	228504.36	0	0	183774.14	46524.2	0	90477.234	55127.543	203960.38	55212.688	0	184665.89	152136.12
"sp|O43324|MCA3_HUMAN"	"HUMAN"	1502535.4	1939922.2	1862198.6	1730242.2	1495045.2	1321629	1595357	1731005.5	1808980.6	1356265	1530528.1	1809803.9	1626465.8	1540020.8	1234718.6	1835959.5	1383991.9	1448075.4
"sp|O43390|HNRPR_HUMAN"	"HUMAN"	6127212.5	6788915.5	6558727	5907797.5	6387691.5	6104679.5	7062309.5	6480172.5	6353163.5	7433160.5	7155534.5	7447308	6547639.5	7959939.5	6380583	7906162.5	7287394	6847976.5
"sp|O43395|PRPF3_HUMAN"	"HUMAN"	157501.1	265742.03	339887.53	214582	302250.12	213035.14	226900.8	164339.83	229138.61	422876.94	353062.8	372149.75	379174.56	112490.11	146720.69	359729.88	401550.47	574878.94
"sp|O43396|TXNL1_HUMAN"	"HUMAN"	1007421.3	755077.75	1124699.2	1119901.1	1393925.1	1377515	1039153.25	1376842.8	965196.75	1052085.4	822765.2	877993.1	983267.5	458749.5	900237.25	776523.9	1212430	717398.9
"sp|O43399|TPD54_HUMAN"	"HUMAN"	1193694.8	1184277	911783.9	879632.44	884063	687385.9	763036.56	678860.06	1110296.2	803978.2	797297.25	734107.56	623426.06	673625.56	1241469	850411.25	840804.44	737338.6
"sp|O43447|PPIH_HUMAN"	"HUMAN"	914389.8	933350.9	1637117.6	963117.2	1634747.5	988304.4	1367464.5	1791834.6	1086396.1	1777492.5	2010003.2	1632224	1575157.2	1569221.5	1938588.4	1554009.6	1783782	1512286.2
"sp|O43488|ARK72_HUMAN"	"HUMAN"	364444.25	371716.72	401144.3	409360.97	386817.4	388741.2	386838.28	467843.2	397146.56	401282.53	430254.97	402037.6	426930.5	438339.03	396067.62	437949.5	488107.1	411315.06
"sp|O43491|E41L2_HUMAN"	"HUMAN"	0	0	0	0	0	0	0	0	0	0	0	0	0	0	0	0	0	0
"sp|O43504|LTOR5_HUMAN"	"HUMAN"	209071.28	154226.53	156545.48	213206.89	185835.38	166704.47	179340.2	148608.69	142317.08	245459.56	171814.53	151998.98	223765.27	169226.27	108769.33	218978.06	156779.22	165975.55
"sp|O43583|DENR_HUMAN"	"HUMAN"	573199.4	332253.94	387188.56	363169.12	164069.61	320485.9	325918.8	313332.97	410489.4	202508.5	335172.66	313559.44	560593.06	452343.53	605802.75	591860.25	183899.39	443206.3
"sp|O43592|XPOT_HUMAN"	"HUMAN"	848007.8	879454.3	692984.94	939494.6	953650.44	910663.5	929746.5	730156.6	773317.9	869662.6	825850.94	674881.25	790627.9	654537.44	872436.9	626142.8	539987.56	663640.44
"sp|O43598|DNPH1_HUMAN"	"HUMAN"	314977.25	585907.56	278705.72	321319.8	285831.38	469581.06	362195.25	273218.2	272150.8	284073.75	0	293559.28	353992.53	261703.62	0	321383.1	302303.4	291719.2
"sp|O43615|TIM44_HUMAN"	"HUMAN"	1725776	1704326.8	1841726	1758020.1	1793265.1	1786748.9	1948579.4	1691831.8	1862356	1813191.2	1799837.9	1782397.4	1967618.9	1828339.4	1910728.5	1600873.9	2035079	1872640.8
"sp|O43617|TPPC3_HUMAN"	"HUMAN"	338191.88	298522.94	350857.7	375769.88	356175.38	297386.8	376601.4	302135.34	130652.74	367086.2	325176.5	282407.16	354658.7	259853.48	293554.38	366386.62	339183.53	346241
"sp|O43663|PRC1_HUMAN"	"HUMAN"	0	30557.055	51190.457	0	0	49218.426	0	0	0	38505.586	0	50452.168	9379.62	0	0	0	0	0
"sp|O43665|RGS10_HUMAN"	"HUMAN"	159095.83	185149.02	313725.2	275884.62	147781.7	290867.12	213644.3	271077.4	186379.89	382864.28	411417.4	199999.55	326611.16	360098.44	232264.89	216795.38	369716.4	371049.34
"sp|O43670|ZN207_HUMAN"	"HUMAN"	1042354.5	1201205.6	1122142.8	674246.44	882669.44	1025117.4	944346.3	1096621.4	1102356.2	930684.75	1175850.4	1154547.8	1065629	1235464.1	1321271.9	1345290.1	1040770.8	1246421.6
"sp|O43674|NDUB5_HUMAN"	"HUMAN"	48841.258	54622.84	53083.74	57433.336	43187.137	61759.664	61365.027	49839.605	53954.363	61415.363	62392.08	65942.77	65308.508	67429.484	69855.09	57803.37	63485.168	0
"sp|O43678|NDUA2_HUMAN"	"HUMAN"	101295.5	86005.21	0	103747.28	0	94459.74	102583.34	0	0	109482.68	91835.54	0	121011.86	81217.12	182536.06	93668.305	59186.8	81480.29
"sp|O43681|GET3_HUMAN"	"HUMAN"	708556.1	356821	618035	694965.8	318631.8	131238.44	772934.6	357892.94	321353.75	951731	909602.6	1042656	1079276	1084715.8	830325.25	866816	1062776	820255.4
"sp|O43684|BUB3_HUMAN"	"HUMAN"	1811127.8	1904416	2315877.2	1833123.5	1850687.6	1955352.4	1825908.9	2033735	2021318.8	1948889.9	1772076.8	1890912.4	1910080.6	1646469.1	1576386.6	2122842.5	1466539.5	1778565.5
"sp|O43707|ACTN4_HUMAN"	"HUMAN"	23879254	24107884	24563308	23978514	23283960	21265980	24357126	22733478	22467526	23883360	25304872	24573246	23776880	25005320	22296416	25490472	23747900	24524644
"sp|O43719|HTSF1_HUMAN"	"HUMAN"	312131.75	315701.3	369576.8	216481.53	295976.9	245218.48	344241.88	336297.44	279131.97	283023.62	163641.12	341349.88	365669.25	263917.7	201896.56	277748.44	327692.6	307568.2
"sp|O43747|AP1G1_HUMAN"	"HUMAN"	437425.56	197130.98	285220.1	380930.72	353588.22	285627.25	467922.38	359008.25	0	314746.38	375876.78	322449.3	439492.34	333790.5	337908.6	347780.2	326197.38	310255.9
"sp|O43765|SGTA_HUMAN"	"HUMAN"	1206718.5	1340771.4	1361633.5	1147870.2	1279939.6	1382427.9	1372071.8	1493236.5	1370488.4	1274564.2	1618651	1622476.6	1115051.2	1737520.1	1431922	1525029.4	1548429.9	1665834.5
"sp|O43768|ENSA_HUMAN"	"HUMAN"	584534.06	634540.1	299979.88	659891.8	559201.1	392214.75	514619.66	448958.97	484251.6	424572.44	662020.4	607729.6	344866.84	702728	534484.44	862312.75	571163	885739.25
"sp|O43776|SYNC_HUMAN"	"HUMAN"	4927638.5	4560588.5	4849716.5	5367986	4843891	4630773.5	5099389	4987153.5	5224230.5	4925102.5	4901308	4601437.5	4938543.5	4728789	4399135.5	4638966	4330478.5	4659119
"sp|O43809|CPSF5_HUMAN"	"HUMAN"	1108485.9	1130945.4	1195789.9	1134066.2	1189109.5	1114911.8	1180650.8	1081930.8	1189323.9	1116799.1	1219144.6	1311166.6	1428483.2	948877.5	913837.94	1036673.5	958417.1	1321002.8
"sp|O43813|LANC1_HUMAN"	"HUMAN"	153584.9	162363.4	156975.4	187779.12	173936.38	106766.45	215223.77	168791.61	139445.27	159572.67	148575.67	190726.66	188626.08	226209.94	207475.83	195105.12	211179.47	189453
"sp|O43815|STRN_HUMAN"	"HUMAN"	473289.62	540030.3	542779.56	494956.5	520016.62	624721.1	432245.94	486638.84	0	398201.3	310080.12	0	0	0	0	0	0	0
"sp|O43818|U3IP2_HUMAN"	"HUMAN"	348684.03	318768.62	316741.78	412990	347971.12	386196.34	380441.78	374120.44	306033.4	370026.62	327655.72	419873.56	467099.44	436913	396199.6	387526.88	365059.2	348980.94
"sp|O43837|IDH3B_HUMAN"	"HUMAN"	0	0	0	43731.926	0	0	55887.33	0	0	148616.75	106496.875	0	126483.79	122328.39	0	135230.98	0	87248.234
"sp|O43847|NRDC_HUMAN"	"HUMAN"	2119816.8	1416819.6	1596429	1726653.6	1932255.2	1388949.2	1921431.8	1765868.4	1606936.5	1783042.9	1406437.8	1231269.5	1470515	1514498.2	1502348.5	873771.2	1413123.8	1280670
"sp|O43852|CALU_HUMAN"	"HUMAN"	3220433.8	3487482	3598661.8	3272331.5	3414569.8	3086183	3600759	3349970.2	3114484.5	3939679	3532267.2	3797871.5	3860064.8	3198877.2	3008894.8	3592932.5	3508565	3093360.2
"sp|O43865|SAHH2_HUMAN"	"HUMAN"	0	0	0	0	0	0	0	0	0	0	0	0	0	0	0	0	0	0
"sp|O43913|ORC5_HUMAN"	"HUMAN"	154784.33	0	175214.27	186818.44	0	157240.2	122258.445	190753.7	0	137441.61	0	0	0	0	0	0	0	0
"sp|O43920|NDUS5_HUMAN"	"HUMAN"	192581.84	124640.62	0	94270.36	132737.38	0	194409.97	108293.41	136186.1	116029.15	124205.95	112380.63	133715.06	0	0	117331.91	159597.61	131511.77
"sp|O60216|RAD21_HUMAN"	"HUMAN"	402104.72	235596.9	186335.33	689644.4	218117.27	871962.3	304231.22	297370.78	471477.72	344765	541928.7	442551.72	408338.4	69441.76	444023.06	71742.75	0	0
"sp|O60220|TIM8A_HUMAN"	"HUMAN"	242055.95	0	0	336824.3	217485.23	274774.16	230945.03	199598.44	522950.62	497200.25	444533.5	441449.38	192919.88	252997.58	248352.31	466282.66	0	396247.7
"sp|O60232|ZNRD2_HUMAN"	"HUMAN"	162732.47	67946.01	85688.84	173632.4	127426.72	128695.67	62403.07	78864.06	145313.11	80480.72	78882.42	207800.22	113747.97	154757.1	0	146481.28	131552.11	134806.39
"sp|O60234|GMFG_HUMAN"	"HUMAN"	108747.97	94656.51	0	141560.4	155436.38	0	158244.4	143284.06	0	0	0	0	151923.31	0	0	0	0	0
"sp|O60256|KPRB_HUMAN"	"HUMAN"	551687.94	473198	382785.2	430358	673950.25	671520.7	609273.8	491365.6	349109.25	470257.6	536011.75	644215.1	398277.1	525376	521826.75	383833.88	596871.2	273321.38
"sp|O60264|SMCA5_HUMAN"	"HUMAN"	891138.06	795978.4	790665.25	617633.3	841770.5	1033913.25	584646	920786.8	586481.25	692211	256378.9	854122.1	629330.1	639043.75	696702.06	645209.25	745343.06	1128244.6
"sp|O60271|JIP4_HUMAN"	"HUMAN"	93964.75	0	79178.05	92286.38	73331.11	0	93937.16	151879.55	67580.81	92421.25	70504.61	78658.83	90734.78	182289.25	121255.87	219978.28	69511.03	70560.53
"sp|O60287|NPA1P_HUMAN"	"HUMAN"	62180.258	0	28153.1	95309.125	75329.516	0	84867.766	0	0	304660.8	52019.69	84634.3	118022.41	47360.848	43394.14	120355.766	202619.88	37998.504
"sp|O60306|AQR_HUMAN"	"HUMAN"	211640.5	206652.16	152197.56	71522.07	222739.56	133751	78953.945	146597.36	85899.77	64524.105	61873.574	0	86674.734	76216.29	0	80424.75	0	0
"sp|O60313|OPA1_HUMAN"	"HUMAN"	232076.84	128997.484	2179641.8	1552467.2	237281.47	230015	109691.43	104788.22	112792.36	68744.336	1224298.8	0	229726.72	0	1606512.6	1207773.6	0	38715.406
"sp|O60341|KDM1A_HUMAN"	"HUMAN"	1881329.5	2164681	2242893.8	2060010.2	2126628.5	1601838.8	1979706.4	1713189.8	1853740.6	2440158.5	2488020.2	2625848	2598853.2	1724957.5	2545918.2	2102097.8	2353985.5	2234357
"sp|O60361|NDK8_HUMAN"	"HUMAN"	338414.5	282482.8	361176.78	0	404920.84	318497.78	302982.53	442040.1	314804.53	281158.4	0	0	246159.66	0	291386.1	0	165886.86	152518.14
"sp|O60493|SNX3_HUMAN"	"HUMAN"	1090961.4	1107819.8	1195357.6	1021775	1132662.8	1086067.2	1013248.25	1073943.2	1023050.6	1183370.9	1186452	1088532.6	1294495.9	1254399.6	1228304	1206501.4	1258753.1	1024753.06
"sp|O60506|HNRPQ_HUMAN"	"HUMAN"	15320506	15378128	16590362	16365049	15354480	15279057	15159827	16396434	15243669	15914476	15991217	16569009	16006377	16110893	15439300	16545809	16261481	15859759
"sp|O60547|GMDS_HUMAN"	"HUMAN"	0	0	0	0	0	0	0	0	0	0	0	0	0	0	0	0	0	0
"sp|O60563|CCNT1_HUMAN"	"HUMAN"	0	0	0	0	0	0	0	0	0	0	0	0	0	0	0	0	0	0
"sp|O60566|BUB1B_HUMAN"	"HUMAN"	0	0	0	0	0	0	0	0	0	0	0	0	0	0	0	0	0	0
"sp|O60610|DIAP1_HUMAN"	"HUMAN"	5491803.5	4991056.5	4957975	5108833	4268545	4929654	5184185.5	4815512.5	4052236	7446694.5	6860934	7285565.5	7184964.5	7180316	6805706	5711823.5	6955337	6790697.5
"sp|O60664|PLIN3_HUMAN"	"HUMAN"	2225339.8	2345928	2078114	3943192.8	2174240.8	3967044.2	1709068.5	1872819	1721295.6	2441237.2	2220673.8	1888770.6	2237287	2134090.5	2229206.8	2337049	1947890.1	2144234.5
"sp|O60678|ANM3_HUMAN"	"HUMAN"	359664.47	437795.88	558388.75	509828.6	582181.2	518004.94	552983.7	329004.9	521882.72	373006.9	513712.62	549949.2	473949.8	614052.5	547535.4	618122.56	602282.5	532646.06
"sp|O60684|IMA7_HUMAN"	"HUMAN"	563962.75	742560.2	666782.75	909608.5	715018.4	760493.3	739211.25	694670.7	420905.22	938664.06	752691.94	861091.5	836464.56	733182.94	884243.6	665035.1	860559.6	1000276.9
"sp|O60701|UGDH_HUMAN"	"HUMAN"	0	0	0	0	0	0	0	0	0	0	0	0	0	0	0	0	0	0
"sp|O60716|CTND1_HUMAN"	"HUMAN"	197099.19	234740.19	79250.484	63813.89	89487.08	114018.86	199888.06	237538.69	0	192072.83	78278.8	229816.73	166122.06	240270.9	137665.38	0	81166.44	102756.03
"sp|O60732|MAGC1_HUMAN"	"HUMAN"	375401.22	603833.75	464159.8	581222.25	565407.25	508134.84	580158.3	596005.9	623928.5	375084.6	466202.53	499628.22	400306.2	479526.03	550331.3	432990.78	517103.44	546829
"sp|O60739|EIF1B_HUMAN"	"HUMAN"	226241.89	228111.5	212768.83	230385.4	241133.06	218131.52	227150.78	200004.55	206595.03	217828.02	213589.33	197906.92	237920.12	218380.52	198192.28	234098	219868.84	231475.31
"sp|O60749|SNX2_HUMAN"	"HUMAN"	0	135692.98	85466.984	128221.78	183431.31	249886	67737.89	94789.32	97483.65	237844.3	106741.68	223633.73	104407.086	121238.51	76175.34	247664.05	104757.19	251120.75
"sp|O60763|USO1_HUMAN"	"HUMAN"	1698668.5	1202800.5	1233992.6	1351928.5	1234649.4	1182199.1	987582.94	818054.6	1386624.1	1378126.4	1192941.1	1399983	1300988	962056.3	1398156.4	1458024.2	1532300.1	717193
"sp|O60814|H2B1K_HUMAN"	"HUMAN"	153967980	139592480	140763400	158272210	140653520	141279420	164627070	138177390	142906030	159493420	141316210	138077920	156283100	144993650	137604480	144013140	138038850	149641620
"sp|O60828|PQBP1_HUMAN"	"HUMAN"	91550.81	142883.28	132785.67	104962.16	126881.28	120657.8	95110.19	127890.07	136681.81	110240.01	144700.31	131964.27	87671.695	134208	126860.92	121197.5	0	124303.67
"sp|O60830|TI17B_HUMAN"	"HUMAN"	289526.3	0	404840.8	0	0	0	0	378320.56	0	0	0	0	0	0	0	0	0	0
"sp|O60832|DKC1_HUMAN"	"HUMAN"	1078306	939566.6	1502413.4	1414505.9	1179375.2	1591045.2	1755724.9	1522856.4	1149061.9	1841794.2	1378621.1	1461565.9	1645227.5	1139569.8	1381426.2	1298417	1379846.4	1402369.6
"sp|O60841|IF2P_HUMAN"	"HUMAN"	6473039	4910183	6348468	6633228.5	5404807	6137957	6514086	5559820.5	6524731.5	6412716	6322918	6576209.5	6915379	6147161	6429602	6326644.5	5987798	6119646
"sp|O60869|EDF1_HUMAN"	"HUMAN"	374636.94	402095.3	511278.94	343310.03	394941.5	352147.4	327649.88	429140.1	467522.5	401606.88	525731.06	561367.8	399682.3	544556.3	570760.75	354111.4	504533.22	329758.62
"sp|O60884|DNJA2_HUMAN"	"HUMAN"	2468482.8	2463954.8	2415347.8	2261246.8	2526069.2	2380659.8	2943730.8	2207475	2126824	2577818.8	2433349.5	2590101.2	3253151.8	2459864.5	2724013	2486739.8	2411819.8	2846818.5
"sp|O60885|BRD4_HUMAN"	"HUMAN"	0	202532.88	0	0	203514.78	0	224758.05	175046.7	216436.83	120455.05	0	0	0	203092.02	0	0	150159.02	146773.92
"sp|O60888|CUTA_HUMAN"	"HUMAN"	2900051.5	3488403.2	3211370.2	3127610	2967832	2871485.5	3210204.5	3212651.5	3074352.2	3546305.8	3690952	4058093	3782913.5	3895907.8	3828252	3726727.5	4288705	3869755.2
"sp|O60907|TBL1X_HUMAN"	"HUMAN"	0	0	0	143008.47	0	0	175249.44	0	0	189286.58	161899.11	115896.52	187862.98	139844.05	137339.38	174080.36	0	0
"sp|O60925|PFD1_HUMAN"	"HUMAN"	296988.2	257606.69	119993.125	326377.2	283450.7	265220.6	335360.62	61023.457	186820.97	479590.38	511904.7	490550.97	528755.5	532984.6	494481.25	502615.3	431819.38	500931.6
"sp|O60934|NBN_HUMAN"	"HUMAN"	0	0	0	0	0	0	0	0	0	0	0	0	0	0	0	0	0	0
"sp|O75027|ABCB7_HUMAN"	"HUMAN"	169352	0	131170.8	138314.73	148626.28	112497.266	161235.16	99001.945	177709.11	135080.36	0	125964.39	193809.58	0	130347.67	0	182001.16	139492.6
"sp|O75081|MTG16_HUMAN"	"HUMAN"	0	0	0	0	0	0	0	0	0	0	0	398587.53	254015.55	224352.92	0	309261.8	337361.84	217410.95
"sp|O75083|WDR1_HUMAN"	"HUMAN"	3995946.2	3876815.2	4068218.8	4121830.2	3939155.2	3705019.8	3821476	3501562.8	3914074.2	3988145	4200440.5	4236327.5	4227560	4148987.8	4130792.8	4311519	3691337	4059300.5
"sp|O75116|ROCK2_HUMAN"	"HUMAN"	0	300736.8	209180.38	0	286092.12	305140.72	0	349634.9	179026.45	0	0	83697.79	263965.88	546978.56	81949.31	0	108130.42	0
"sp|O75122|CLAP2_HUMAN"	"HUMAN"	247743.78	213673.78	145264.36	239760.31	260038.3	244079.94	257197.78	115506.945	116684.46	229227.84	111682.21	209984.53	292558.44	258062.03	263166.56	117253	281231.06	214193.81
"sp|O75131|CPNE3_HUMAN"	"HUMAN"	437500.1	122091.93	0	119105.164	132381.48	159781.78	126568.29	0	85311.5	126226.26	0	121802.84	136841.03	306198.16	139834.6	0	133110.98	0
"sp|O75150|BRE1B_HUMAN"	"HUMAN"	122116.65	0	120813.18	0	482960.25	0	0	0	130447.08	0	180241.4	0	0	188111.39	0	0	147254.02	215452.94
"sp|O75152|ZC11A_HUMAN"	"HUMAN"	0	0	0	0	0	0	0	0	0	983445.5	0	0	0	0	0	0	0	0
"sp|O75153|CLU_HUMAN"	"HUMAN"	680984.94	529095.7	455044.6	359300.97	495076.2	587504.2	357273.8	344294.16	337939.84	337449.66	296071.38	415052.2	539845.25	214893.19	341269.25	388888.8	383162.1	386473.7
"sp|O75157|T22D2_HUMAN"	"HUMAN"	0	0	0	0	82330.54	0	0	0	0	0	0	0	0	0	0	0	0	0
"sp|O75175|CNOT3_HUMAN"	"HUMAN"	0	0	0	0	0	0	0	0	0	0	0	0	0	0	0	0	0	0
"sp|O75179|ANR17_HUMAN"	"HUMAN"	280247.75	753869.25	1009769	914693.25	654436.2	730716.3	861063.6	0	452397.25	314763.66	622944.1	982262.4	797390.94	466562.56	975437.5	400210.44	325606.53	308815.2
"sp|O75190|DNJB6_HUMAN"	"HUMAN"	193597.5	0	0	174470	106562.06	142825.34	204712.25	0	0	229075.83	264489.88	264633.84	196656.08	201256.78	200578.36	219066.73	252326.27	61554.777
"sp|O75223|GGCT_HUMAN"	"HUMAN"	317649.16	367986.56	358076.3	301240.38	314435.2	249727.95	344476.3	377804.97	309627.2	365368.2	363839.97	226862.81	360781.66	242453.19	239385.61	282446.8	228772.62	239826.28
"sp|O75251|NDUS7_HUMAN"	"HUMAN"	77329.45	0	0	0	0	0	0	0	0	71003.87	0	0	0	0	0	0	0	0
"sp|O75306|NDUS2_HUMAN"	"HUMAN"	257362.25	243587.94	392974.16	257580.66	259670.67	410892.38	256018.03	389123.56	2109559	253458.88	262056.47	282333.34	256011.27	265276.94	325413.38	231596.5	317358.28	305321.25
"sp|O75312|ZPR1_HUMAN"	"HUMAN"	650264.06	579268.75	632110.9	515683.88	519544.56	432762.75	648514.8	491994.25	695508.75	622642.25	428565.88	552379.56	512986.8	550269.9	591847.8	452083	546128.44	499859.03
"sp|O75319|DUS11_HUMAN"	"HUMAN"	0	0	0	0	0	0	0	0	0	0	0	0	0	0	0	0	0	0
"sp|O75323|NIPS2_HUMAN"	"HUMAN"	0	0	0	0	0	0	0	0	0	0	0	0	0	0	0	0	0	0
"sp|O75340|PDCD6_HUMAN"	"HUMAN"	1387855.8	1392497.8	727030.06	1363669	1342286.4	1374278.8	1494807.1	1166595.1	1278513.8	1299184	748027.7	1332987.2	1363720	1477458.6	1087101.9	1441252.5	475537.88	1348496
"sp|O75347|TBCA_HUMAN"	"HUMAN"	1560463.6	1675932.4	1366862.9	1036536.25	1510164.2	1624436.9	1289675.8	1609933.4	1673552.2	1334214.5	1831022.9	1396452.2	989993.5	1823579	1560851	1654202	1338400.9	1474782.2
"sp|O75348|VATG1_HUMAN"	"HUMAN"	533248.9	762919.75	486099.56	739308.1	521112.3	477391.72	481308.38	439743.38	668942.4	618602.4	454047.12	611682.4	679902.4	659167.5	621546.56	674197.25	574514.1	361561.8
"sp|O75351|VPS4B_HUMAN"	"HUMAN"	270285.8	174789.19	241100.72	298741.22	232196	253089	267881.47	177660.17	200655.56	253182.9	260174.12	249951.25	271403.72	255417.25	211756.39	250126	218465.08	166320.08
"sp|O75367|H2AY_HUMAN"	"HUMAN"	1512933.5	1373405.8	1350085	1177964.6	1223200.4	1195912.6	1333751.1	1307509.6	1213319.4	1267281.8	1246605.1	1119691.9	1312652	1151487.1	1238657.1	1290787.9	1263267.5	1126777
"sp|O75368|SH3L1_HUMAN"	"HUMAN"	737363.5	937580.94	909347.3	703638.8	182427.84	678488.4	1081056.9	587382.75	463891.62	615255.94	982152.5	583002.6	1021644.6	1182083.4	1088071.1	888430.25	1087027.5	1036600.3
"sp|O75369|FLNB_HUMAN"	"HUMAN"	1393671.1	1349595.2	1758764.5	1399448.6	1874084.8	1921493.1	1189581.9	1452814.2	1276096	1597165.8	1853175.1	1929530.1	835708.25	1937222.1	2649780.2	2108028.5	918849.5	1490994.1
"sp|O75390|CISY_HUMAN"	"HUMAN"	5900066	5692840.5	5561223	6103795	5834272.5	5710697	6398669.5	5936550	5499981	6048933	5299934.5	5888635	5930068.5	6018444	6423533	5995277.5	6216235.5	6346229
"sp|O75396|SC22B_HUMAN"	"HUMAN"	0	0	0	35206.02	0	0	0	0	0	0	0	0	0	0	0	0	0	0
"sp|O75400|PR40A_HUMAN"	"HUMAN"	2053528.9	2356846.2	2144524.5	2455243.8	2220600	2094659.5	2245585.8	2128586.5	2222780.8	2017010.2	1926246.6	2398139	2091773.2	2199083.8	2005298.1	1779636.1	2500294.5	2397282.2
"sp|O75419|CDC45_HUMAN"	"HUMAN"	34649.273	0	110966.21	0	0	0	0	0	0	0	131964.05	0	107551.19	0	57635.527	113575.91	0	0
"sp|O75431|MTX2_HUMAN"	"HUMAN"	315534.72	254266.78	269572.75	319243.6	262642.6	250846.03	331824.16	238322.47	280149.03	312170.75	302611.16	243150.56	302631.56	300443.16	289967.75	275827.9	306653.8	261554.5
"sp|O75436|VP26A_HUMAN"	"HUMAN"	243157.45	397432.3	287125.6	200320.34	265974.56	267896.03	107220.25	94945.09	259649	349333.06	102093.51	113621.02	262516.3	373741.84	0	493763.7	223700.06	290328.34
"sp|O75438|NDUB1_HUMAN"	"HUMAN"	0	0	0	0	0	0	0	0	0	0	0	0	0	0	0	0	0	0
"sp|O75439|MPPB_HUMAN"	"HUMAN"	760531.75	397821.84	725206.1	527164.5	669841.9	599009.44	640843.1	518277.88	587218.1	482469.62	498417.75	482406.7	488349.56	742547.2	533102.56	655034.3	423434.75	626717.4
"sp|O75459|PAGE1_HUMAN"	"HUMAN"	0	0	0	43313.547	0	0	49013.207	0	0	58046.668	0	92183.24	60295.13	80874.72	90091.91	0	0	0
"sp|O75475|PSIP1_HUMAN"	"HUMAN"	475320.06	818433.9	1002454.06	855558.4	616576.3	196093.58	584677.4	904921.6	498357.97	809541.75	562219	899409.9	789245.5	1100558.2	886132	208747.9	941965.7	847222.56
"sp|O75489|NDUS3_HUMAN"	"HUMAN"	1195303.4	1033205.4	1208598.1	1437167.5	1049508.8	1093113.5	1463667.2	955927.5	778138.25	983177.3	1171860.8	1104556.2	1076815.6	965736.5	1079887.6	829740.6	1056412	1094530.4
"sp|O75494|SRS10_HUMAN"	"HUMAN"	3052764.8	3256349	1803740.6	1837384.1	1930220.5	1148058.8	2568245	2569459.8	2871891.2	1349049	1217257.4	1115487.5	2433607.5	2309020.2	1029549.4	2125131.5	3170803.5	2766088.5
"sp|O75496|GEMI_HUMAN"	"HUMAN"	0	0	0	0	0	38172.977	0	0	0	0	0	0	0	0	0	0	0	0
"sp|O75506|HSBP1_HUMAN"	"HUMAN"	0	0	98426.414	0	0	123776.625	120082.234	96502.766	131118.67	0	134564.12	0	117012.25	0	0	127777.7	0	133726.52
"sp|O75521|ECI2_HUMAN"	"HUMAN"	470371.7	523851.2	527081.7	556315.94	603905.56	550134.06	400691.44	492108.44	509069.06	638862.5	468236.2	359978.38	471154.3	459315.12	196788.75	306635.7	256243.1	422083.78
"sp|O75530|EED_HUMAN"	"HUMAN"	0	0	0	0	0	0	0	0	0	0	0	0	38575.5	0	38152.035	0	0	0
"sp|O75531|BAF_HUMAN"	"HUMAN"	2697898	2783426.8	3278240.5	2649683.5	2881844.5	2744480.2	2940365.2	3274479	2735392.2	2671291.8	2777387.2	3115686.2	2851859	2927899	2912328	2918426.2	3183690	2791444
"sp|O75533|SF3B1_HUMAN"	"HUMAN"	5051798.5	5624883	5901892.5	5365337	3872222.5	4082907	4992681.5	4092252.5	5851720	5086770	5143946.5	5678813	5238467	5660219.5	4993340.5	5684007.5	5249799.5	5456757.5
"sp|O75534|CSDE1_HUMAN"	"HUMAN"	3493969	3195370.2	3965724.5	4072875.5	3676430.2	3283148	3326370.2	3457413	3101835.2	3751738.5	3857255	3612516.5	3569163.5	3714661	3592589.8	3619276	3445954.8	4048896
"sp|O75569|PRKRA_HUMAN"	"HUMAN"	249178.3	265327.47	293482.12	230000.69	186706.66	280982.2	190287.3	196930.9	236852.28	230738.88	203332.31	182598.6	188511.7	287186.3	187578.75	190777.31	210986.06	204331.64
"sp|O75600|KBL_HUMAN"	"HUMAN"	0	0	0	0	0	0	0	0	0	0	0	0	0	0	0	0	0	0
"sp|O75607|NPM3_HUMAN"	"HUMAN"	1324276.9	1238707	1287542.4	1302769.9	1230907.5	1293756.5	1284880.9	1263682.2	1255707.4	1462093.2	1261276.1	1389587.9	1394578.8	1286930	1171174.9	1210447.2	1312526.8	1324545.8
"sp|O75608|LYPA1_HUMAN"	"HUMAN"	1784739	1064796.8	1028423.25	1328950.4	1179084.2	1201609.1	1637132.2	1230624.5	1259113.9	1603474.6	1255214.5	1232332.5	1589781.5	1397886.9	1389117.8	1392094.8	1392784.2	1221703.9
"sp|O75616|ERAL1_HUMAN"	"HUMAN"	0	0	0	0	0	0	0	0	0	0	0	0	0	0	0	0	0	0
"sp|O75629|CREG1_HUMAN"	"HUMAN"	326435.7	257679.23	294470.22	341873.47	269840.5	290364.78	388367.9	230932.42	279152.84	350752.25	295106.9	262045.03	368975.06	289892.75	291416.34	272362.06	303722.88	268148.7
"sp|O75643|U520_HUMAN"	"HUMAN"	16216295	15718319	16172200	14882652	15242973	14626416	16936682	14740718	15044662	16110148	15450583	15339266	16093305	13931920	16753084	14813248	15855667	14207927
"sp|O75663|TIPRL_HUMAN"	"HUMAN"	900672.2	849304	910722.44	833780.6	788640.8	783393.25	861325.9	817151.44	507367.88	829419.6	958494.6	947428.3	957815.4	629564.3	851017.3	843036.25	904970.44	545880
"sp|O75683|SURF6_HUMAN"	"HUMAN"	0	342957.44	244746.5	127202.46	52188.74	278611.22	199112.78	86711.63	463337.66	187830.67	296125.53	373449.2	308221.78	423613	514856.38	340847.8	519608.34	61404.246
"sp|O75694|NU155_HUMAN"	"HUMAN"	2090664.8	2276367.8	2441463	1985012.8	1835530.4	2373750.2	1985178.8	1939556.1	1530338.2	2174319.8	2222073	1996973	2196637	2259194.2	2781005.2	2257868	2257451	2443984.8
"sp|O75794|CD123_HUMAN"	"HUMAN"	183221.1	160277.22	90321.21	170152.19	140900.42	159727.62	184001.75	151006.2	162800.12	91436.14	109677.09	103572.09	104338.25	103094.17	89520.28	95148.32	97423.34	108527.92
"sp|O75818|RPP40_HUMAN"	"HUMAN"	113025.06	101472.27	94684.04	118559.25	95344.914	104623.57	110397.74	148757.34	90802.97	102709.28	101567.766	102008.23	134569.14	99823.34	102302.81	85473.52	105965.25	109726.35
"sp|O75821|EIF3G_HUMAN"	"HUMAN"	2547742.5	3206606	2964285.5	3000911	3157056	2592407	2122906	2651829.5	2847985.5	2610680.2	3136604	3123255.5	2370086.2	2814048.8	3111468.2	2975539	3270791	2767349.2
"sp|O75822|EIF3J_HUMAN"	"HUMAN"	1723554.5	1843736.5	1942171.4	1689703.8	2104093	1991035.5	1783898	1813600.6	1992255	1417480.4	1648469.4	1735536.5	1256314.1	1713392	1776247.1	1549841.4	1625985.5	1739221.8
"sp|O75832|PSD10_HUMAN"	"HUMAN"	249448.48	0	0	26420.688	0	32002.424	0	0	0	292351.2	0	188725.58	161893.72	315599.8	182645.12	131876.64	0	0
"sp|O75874|IDHC_HUMAN"	"HUMAN"	1964552.8	1963507.6	2185080.2	2773408.5	2060767.6	1693279.8	2269114	1969214.4	2263087.5	2225085.8	2029647.9	2212669.5	2209970.2	2047390.4	2141234.2	1999334.4	1682050.6	2104834
"sp|O75934|SPF27_HUMAN"	"HUMAN"	472419.38	0	290248.6	158867.78	189474.27	143594.06	298538.62	0	0	145087.45	151334.9	0	145120	142052.45	137087.19	138033.16	124961.79	109599.71
"sp|O75937|DNJC8_HUMAN"	"HUMAN"	1371586.1	1343362.5	1149356.9	1398849.8	1261822.4	1214099.8	1406951.5	1286448.5	1050404.5	1524217	1434868	1497271.5	1525223.4	1386564.8	1288133.9	1257856	1298382.2	1529612.2
"sp|O75940|SPF30_HUMAN"	"HUMAN"	0	0	0	0	0	0	0	0	0	0	0	0	0	0	0	0	0	0
"sp|O75947|ATP5H_HUMAN"	"HUMAN"	1315817.8	1663933	1315580.6	1407299	1571438.1	1278357.1	1470261	1608013.2	1257559	1612790.5	1832567	1568538.5	1706509.2	1513315	1640080.1	1643191.8	1495168.2	1494566.2
"sp|O75955|FLOT1_HUMAN"	"HUMAN"	267320.38	232783.5	410734.5	0	269686.9	367867.25	269213.03	359379.28	410244.06	553016.44	165797.11	509042.06	522176.44	331852.9	499713.47	502385.8	568493.75	362604.94
"sp|O75964|ATP5L_HUMAN"	"HUMAN"	421181.22	468713.4	481950.84	457012.47	416936.5	382764.62	433552.5	431355.2	426349.38	478220.3	442121.8	482018.44	449877.38	502616.53	447004.94	447142.62	439119.12	476842.88
"sp|O76003|GLRX3_HUMAN"	"HUMAN"	3055610.2	3060867	3261532.8	3255381.5	3025832.5	3256285.5	2784044.2	3012610	3284975	2822278	2941768	3326334.5	2497090.2	2879573	2721885	3513758.8	3010866.5	2985339
"sp|O76021|RL1D1_HUMAN"	"HUMAN"	3505219.8	3638262.2	3274121.2	2876390	3230301.5	3131254.2	3582818.5	3144940	3280516.8	3445655.8	3649189.5	3561666	3660595.5	3269292.2	3651752.5	3212803.2	3478602.8	3336817.2
"sp|O76031|CLPX_HUMAN"	"HUMAN"	0	56957.58	48133.918	74669.664	41333.254	0	27202.012	48578.816	44260.46	68846.09	0	42239.785	0	0	0	37117.86	47517.113	0
"sp|O76070|SYUG_HUMAN"	"HUMAN"	638196.2	816013.25	1072774	835825.2	978156.9	989119.5	790611.6	742526.06	1260597.2	1212361	1333112.5	1472718	1062118.6	1548468.6	1227930.6	608634.6	644385.7	768163.56
"sp|O76071|CIAO1_HUMAN"	"HUMAN"	65961.88	0	0	71516.04	58464.125	60485.617	54587.92	50276.848	52843.797	0	0	0	0	0	0	0	0	0
"sp|O76094|SRP72_HUMAN"	"HUMAN"	2263124	1863701	1815433.9	1671875	1913159	1791975.1	1615327.9	2156723.8	1631968.2	2021635.5	1850699.2	1440116.5	1905059.2	1918578.1	2238552.5	2231507	2170679.5	2011276.5
"sp|O94776|MTA2_HUMAN"	"HUMAN"	3131086.8	1558160	1701444.5	1750079.2	2126615.5	1494678.1	3237953	2266209.8	1670276.4	2854284.2	2685087	2382954	1817862.5	2520518.2	1966353.5	2292470.5	1986781.5	1455248.1
"sp|O94788|AL1A2_HUMAN"	"HUMAN"	6684462	7323204.5	7369124.5	7496945.5	7286689	6691646.5	6536515.5	7537290.5	6823052	6446921	6478454.5	6512359.5	6232858	6498452	6586099	6553054	6915508.5	6434219.5
"sp|O94817|ATG12_HUMAN"	"HUMAN"	0	0	0	67416.16	0	0	81460.46	0	0	0	0	0	0	0	0	0	0	0
"sp|O94822|LTN1_HUMAN"	"HUMAN"	0	0	0	0	0	0	0	0	188140.53	145472.94	0	0	0	142294.58	0	0	123003.56	0
"sp|O94826|TOM70_HUMAN"	"HUMAN"	824366.1	830457.5	813135.8	923045.75	847255.7	684260.2	955174.75	745513.25	551327.75	796060.6	687786.3	725893.7	911240.7	753749	771563.5	699878.25	367610.03	700802.5
"sp|O94842|TOX4_HUMAN"	"HUMAN"	0	0	0	0	0	0	0	0	0	0	0	0	0	0	0	0	0	0
"sp|O94874|UFL1_HUMAN"	"HUMAN"	81770.55	65609.35	0	80612.64	84291.93	0	69917.7	66204.32	74396.52	69867.74	0	180840.81	69728.43	0	0	0	68373.13	56856.426
"sp|O94888|UBXN7_HUMAN"	"HUMAN"	161026.86	157549.86	180011.36	205051.44	142217.27	153575.8	161741.73	126875.164	130710.08	132116.78	167946.23	207685.31	171562.53	136390.48	143703.02	154284.75	155554.69	161142.84
"sp|O94903|PLPHP_HUMAN"	"HUMAN"	0	202993.73	192203.25	0	167533.77	143157.06	0	162635.5	132238.19	105127.24	123081.82	161035.47	96158.1	115502.38	117717.74	173380.83	199637.7	0
"sp|O94906|PRP6_HUMAN"	"HUMAN"	702938.1	1327658.6	1308192.5	1060550	1114962.1	1151647	884345.6	1026902.4	1312305	460054.88	724716.9	970902.5	604329.4	1105931.9	770290.4	648768.94	726273.25	559948.3
"sp|O94913|PCF11_HUMAN"	"HUMAN"	0	0	0	0	0	0	0	0	0	103376.92	148046.58	0	0	0	0	121304.516	0	0
"sp|O94925|GLSK_HUMAN"	"HUMAN"	511057.88	562560.6	564098.75	591895.1	487629.3	439786.5	585886.6	343913.5	332115	479980.12	380010.03	379920.72	481854.38	281187.5	308150.22	302260.06	249755.83	380857.62
"sp|O94973|AP2A2_HUMAN"	"HUMAN"	94351.58	87826.22	90384.05	106033.72	84766.484	85677.086	97240.12	82412.1	0	90757.65	0	103442.21	0	98621.64	103167.96	0	105906.6	110096.79
"sp|O94979|SC31A_HUMAN"	"HUMAN"	2510402.2	1704374	1312166.1	2603706.2	1581241.8	1464216	2072545.1	1307183.5	1570445.1	1858421.8	2846169.2	2236723.5	2217148.2	2652915.5	2707755	2671629	1455451.2	2279573.5
"sp|O94992|HEXI1_HUMAN"	"HUMAN"	0	0	0	0	0	0	0	0	0	0	126736.77	0	73697.43	0	0	0	0	0
"sp|O95071|UBR5_HUMAN"	"HUMAN"	498812.6	0	116744.53	260954.9	573735	260140.03	91983.13	68722.45	230018.02	112249.984	0	0	65251.28	0	82503.27	110701.29	0	0
"sp|O95104|SCAF4_HUMAN"	"HUMAN"	340572.8	167175.97	419632.62	200404.53	346163	340244.44	312265.56	289612.38	208709.47	408489.56	413695.78	311682.7	271419.62	204250.81	366168.38	245728.7	378273.28	273982.12
"sp|O95139|NDUB6_HUMAN"	"HUMAN"	279882.88	276325.25	369212.25	316690.38	292078.4	303607.84	322841.94	324389.72	247307.95	350356.38	237396.27	375888.4	322882.8	288186.56	313027.72	0	330788.44	270437.94
"sp|O95140|MFN2_HUMAN"	"HUMAN"	2643671.2	2608981.5	2826448.8	2632601.2	2713814.8	3002620.5	2608435.2	2672979.2	0	2492593.8	2586764	2627804.5	2481327	2987966.2	2918696.5	2642125.8	2776730.2	2743180.8
"sp|O95155|UBE4B_HUMAN"	"HUMAN"	61237.465	62094.277	60548.97	58571.727	57354.734	61742.27	64289.91	62640.156	59371.1	63187.312	64078.04	40150.793	61514.65	64464.47	65160.867	61699.48	58661.39	54984.938
"sp|O95163|ELP1_HUMAN"	"HUMAN"	0	0	0	97995.14	0	0	90909.555	0	0	356773.8	0	97666.29	100239.86	80275.164	0	0	0	0
"sp|O95197|RTN3_HUMAN"	"HUMAN"	169382.9	116462.695	106500.67	128481.66	200387.06	201454.81	133934.28	191080.88	124896.58	86817.875	110184.84	136492.58	78889.1	122509.54	100770.65	0	0	114955.414
"sp|O95202|LETM1_HUMAN"	"HUMAN"	1008389	475210.4	1181966	728705.56	423081.62	1101630.9	649440	995223.3	498149.03	1354712.9	666364.44	1476916.2	1739232.5	1428144	817920.3	1126738.5	1017483.9	991133.3
"sp|O95218|ZRAB2_HUMAN"	"HUMAN"	114206.01	138797.22	194939.53	145737.1	118473.266	134496.3	186002.06	147430.4	133931.64	204304.25	205478.7	164102.03	164597.5	225300.9	204228.44	194098.34	264161.5	148947.52
"sp|O95232|LC7L3_HUMAN"	"HUMAN"	2171856.2	2285694.2	2215527	2071858.4	2154245	2443465.8	1988973	2258433.8	1935719.9	2138150.8	2277881.2	2346431.8	2056273.1	2224813.5	2277548.2	1970254	2140926.5	2049579.6
"sp|O95239|KIF4A_HUMAN"	"HUMAN"	89080.5	0	147239.39	0	0	197781.08	0	183372.77	0	0	78710.64	122559.414	74158.65	84245.78	0	0	0	74568.32
"sp|O95299|NDUAA_HUMAN"	"HUMAN"	275476.66	106811.6	120125.98	135554.05	121150.9	116304.336	212767.55	210029.7	129730.67	274950.16	287032.78	124194.125	290892.72	211829.4	0	250819.28	129781.305	138589.53
"sp|O95319|CELF2_HUMAN"	"HUMAN"	148395.62	199625.5	178430.67	166784.16	201681.69	174278.8	145269.64	213023.92	191524.62	166635.5	243514.44	149944.06	182552.38	206088.42	244638.17	186591.89	231624.45	180465.88
"sp|O95336|6PGL_HUMAN"	"HUMAN"	601012.1	325403.2	264084.88	411672.66	412179.7	230585.94	322428.12	179194.67	382323	618809	545891.06	423296.84	654217.1	283966.5	267625.8	303145.84	249919.78	336139.62
"sp|O95347|SMC2_HUMAN"	"HUMAN"	657042.2	464749.22	913777.8	585917.6	567796.06	566722.6	602459.25	851656	823644.44	521140.88	156088.19	681290.2	508495.47	240855.94	468534.38	601914.1	664122.5	237238.47
"sp|O95352|ATG7_HUMAN"	"HUMAN"	118019.57	98382.82	233484.19	222207.94	114689.42	166450.2	131658.31	194438.38	76188.664	218678.12	84109.07	95985.03	208924.94	85658.35	109566.88	87357.38	121942.15	109402.72
"sp|O95365|ZBT7A_HUMAN"	"HUMAN"	0	0	0	0	0	0	0	0	0	0	0	0	0	0	0	0	0	0
"sp|O95372|LYPA2_HUMAN"	"HUMAN"	147222.39	81734.47	137580.89	139151.33	154148.34	224310.88	0	103992.93	254721.84	0	48482.555	157806.19	43108.332	142290.38	145345.28	176876.3	154990.08	179950.25
"sp|O95373|IPO7_HUMAN"	"HUMAN"	3997171.8	3747062	3409870.5	4122822.2	3714304.2	3624944	4465533.5	3684017.2	4024762.2	4185322.8	4043222.5	4065674.2	4747508.5	4138904	4196457.5	4478762	3968466	4566127.5
"sp|O95394|AGM1_HUMAN"	"HUMAN"	482685.97	487912.44	229229.75	480015.62	234884.22	228628	439302.25	303301.03	224036.42	457268.53	423136.9	499080.56	508839.1	471866.16	501123.3	461441.66	479783.28	454063
"sp|O95400|CD2B2_HUMAN"	"HUMAN"	64620.25	0	101924.43	95521.63	86546.984	0	0	104993.73	102225.68	69183.164	90029.23	0	72104.64	108999.73	108417.44	0	109036.6	89114.805
"sp|O95433|AHSA1_HUMAN"	"HUMAN"	3340585	4272524.5	3134511.5	3552003.8	3173217.5	2960441.8	3377619.5	2503377	2859966.5	3288337.2	2284815.5	3068971.8	3639012.8	3027930	3039692.2	3305641	2366260.8	2886396.8
"sp|O95453|PARN_HUMAN"	"HUMAN"	0	136351.08	234649.52	0	147408.94	81662.195	0	259015.72	0	0	0	0	0	0	104523.1	127942.78	0	0
"sp|O95456|PSMG1_HUMAN"	"HUMAN"	665494.2	961869	1004714.6	749565.3	936319	750623.5	783526.3	584300.9	973409.25	1028682.8	800847.9	1084133.9	887964.25	1136911.1	719282	597011	591840.75	822905.4
"sp|O95478|NSA2_HUMAN"	"HUMAN"	108303.09	105911.8	162487	128173.01	123923.74	112766.02	118870.914	141810.17	113763.1	0	152754.48	145608.33	135970.12	162362.34	175923.02	135546.89	117745.98	124736.66
"sp|O95486|SC24A_HUMAN"	"HUMAN"	121639.984	112354.984	434581.53	123914.18	0	104128.44	120462.22	75967.47	94256.625	101171.61	114075.555	115137.79	110277.71	101435.45	102318.9	98754.555	0	97073.91
"sp|O95487|SC24B_HUMAN"	"HUMAN"	0	0	0	0	0	0	0	0	0	0	0	0	0	0	0	0	0	0
"sp|O95563|MPC2_HUMAN"	"HUMAN"	420189.28	352832.22	287389.12	343420.2	337040.8	237029.25	359490.25	271110.1	253118.97	326806.7	148985.95	310118.22	362818.78	165688.27	244205.4	320352.28	337751.7	220575.36
"sp|O95602|RPA1_HUMAN"	"HUMAN"	90369.734	0	0	0	0	91449.62	73457.49	0	55754.4	70862.02	90602.16	154242.06	0	59998.535	0	117292.17	0	0
"sp|O95630|STABP_HUMAN"	"HUMAN"	84146.555	124419.85	163836.5	124872.84	130417.805	142187.6	106720.41	0	121147.47	92130.99	0	0	101789.26	0	0	0	0	0
"sp|O95639|CPSF4_HUMAN"	"HUMAN"	219612.03	181240.66	193399.73	98553.26	179822.16	154485.83	248889.05	147564.08	195736.34	206605.58	98410.484	168222.61	273037.03	204224.16	189352.9	172273.77	180634.12	184233.95
"sp|O95671|ASML_HUMAN"	"HUMAN"	0	0	65969.4	59215.168	83885.35	0	107016.79	53174.06	0	58083.312	71046.19	0	109036.875	77529.99	0	66675.914	0	90925.54
"sp|O95684|CEP43_HUMAN"	"HUMAN"	0	0	0	0	0	0	0	0	0	0	0	0	0	0	0	0	0	0
"sp|O95721|SNP29_HUMAN"	"HUMAN"	712666.06	700834.2	797714.06	715196.25	803187.7	755818.44	700153.9	815757.56	811109.06	601268.5	578530.4	796110.8	661411.5	793711.3	683730.9	685625.75	671260.44	629679.75
"sp|O95747|OXSR1_HUMAN"	"HUMAN"	884136.25	921602.7	868713.44	1386543.2	711997.7	836706.8	1253129.9	673742.75	931469.4	641008.8	1207584.9	1603375.2	1296914.8	1388575.6	775409.1	1060323.4	1496827.4	1224728.2
"sp|O95749|GGPPS_HUMAN"	"HUMAN"	0	0	0	0	0	0	0	0	0	0	0	0	0	0	0	0	0	0
"sp|O95757|HS74L_HUMAN"	"HUMAN"	500773.47	542195.2	586808.3	851694.4	547107.25	253338.42	504342.53	441126.62	44564.914	685359.75	196480.78	355368.88	595539	466753.6	420553.28	135009.72	36313.242	460146.38
"sp|O95758|PTBP3_HUMAN"	"HUMAN"	383648.28	73044.25	450665.38	368279.44	265110.8	403456.22	416297.9	268492	247861.19	418433.84	448135.56	632923	536266.25	489413.12	619036.5	529937.5	204517	484452.7
"sp|O95777|LSM8_HUMAN"	"HUMAN"	1658880.8	1583598.5	1895109.8	1695098.4	1362257.6	1828148.9	1757312.4	1633922.2	1689201.4	1306186.5	1743574.2	1793276.6	1335905.5	1761380.8	1400786	1832050.5	1325804.9	1713530.2
"sp|O95782|AP2A1_HUMAN"	"HUMAN"	2727594.8	2482433.2	2799191.2	2671670.2	2667262	1802202.4	2681778.2	2693382.8	2599787.2	3159257.5	2949948.5	2852280.8	3039655.8	2885407.5	3250932.5	2770002.5	2718964.2	3030991.2
"sp|O95793|STAU1_HUMAN"	"HUMAN"	301260.12	151021.42	482959.72	350725.2	340556.8	433875.62	613390.25	909049.25	470310.16	681496.3	450459.06	790106.2	466502.5	552464.8	573027.75	508667.34	659228.5	565756
"sp|O95801|TTC4_HUMAN"	"HUMAN"	277981.22	323402.5	602106.56	331037.62	491172.97	669975.8	209818.8	615171.3	478653.38	510121.53	117393.23	242905.58	131513.6	123671.766	0	218167.27	0	0
"sp|O95810|CAVN2_HUMAN"	"HUMAN"	668547	556142.3	616037.2	551797.5	627316.75	619388.7	536417.1	508493.75	595443.56	630719.6	502921.7	523708.06	595457.4	499197.3	529522.56	621555.06	574644.9	591045
"sp|O95816|BAG2_HUMAN"	"HUMAN"	1845795.9	1826323.6	2005119.2	1764319.1	1887180.1	2005138.9	2025621.2	1831598.2	1909667.1	1548521.8	1568999.2	1725109.2	1617682.5	1949661.2	1867498.1	1674678.9	1402575.9	1859848.6
"sp|O95817|BAG3_HUMAN"	"HUMAN"	0	0	0	0	0	0	0	0	0	0	0	0	0	0	0	0	0	0
"sp|O95831|AIFM1_HUMAN"	"HUMAN"	2672790.8	3143705	2923234.8	2786958.2	2964717.2	2888161.8	3175360.5	2701257.5	2525993.8	2818035	2845110	3093210	2828877.5	2667988.2	3102308	2944618.8	3155159.5	3001812
"sp|O95861|BPNT1_HUMAN"	"HUMAN"	688375.25	480437.38	919573.75	491404.62	864875.94	1349466.1	1120278.8	1306007.5	953477.06	554546.6	605202.06	901451.4	457740.78	266894.38	828857.06	288764.3	966067.1	431365.94
"sp|O95881|TXD12_HUMAN"	"HUMAN"	133229.77	188543.11	89668.34	201001.11	148538.95	179161.55	157600.89	162535.36	186303.86	148544.67	148042.4	142892.34	169852.47	158528.7	146345.56	166530.81	105193.41	192978.06
"sp|O95905|ECD_HUMAN"	"HUMAN"	94492.28	67028.65	0	0	75548.9	92506.75	106901.99	76815.08	57233.625	101620.23	109144.87	105458.62	96800.21	105813.734	71016.31	96230.664	0	108893.54
"sp|O95926|SYF2_HUMAN"	"HUMAN"	0	0	0	0	0	0	0	0	0	0	0	0	0	0	0	0	0	0
"sp|O95983|MBD3_HUMAN"	"HUMAN"	642914.06	420879.62	495614.56	617621.06	616626.7	582691.7	649582.7	616115.4	501514.12	620538.6	500696.72	605612.1	669186.3	621159.1	607865.4	591133.56	640756.9	510076.7
"sp|O95989|NUDT3_HUMAN"	"HUMAN"	306380.06	332823.34	165151.7	0	0	278274.5	263157.28	0	248118.53	296234.6	0	0	198037.23	0	0	0	0	0
"sp|O95999|BCL10_HUMAN"	"HUMAN"	0	0	0	0	0	0	0	0	0	0	0	0	0	0	0	0	0	0
"sp|O96000|NDUBA_HUMAN"	"HUMAN"	573159.9	697612	1140359.2	358290.25	680604.1	823469.75	756372	1153809	816823.5	435247.2	789337.7	866025.6	892267.6	713398.6	768377.1	829578.2	341619.28	648160.4
"sp|O96008|TOM40_HUMAN"	"HUMAN"	536201.1	433960.5	464193.75	274206.66	684090	351208.7	228290.16	557950	501987.75	514371	490374.06	594616.5	521311.2	536229.8	539465.06	441928.97	720794.25	417930
"sp|O96019|ACL6A_HUMAN"	"HUMAN"	3751184	3195497.2	2991766.2	3228941	2366732.5	2754918	3004135.2	2497535	2721673.5	3115131	3412570.5	2867181.5	3198877	2929575	3209702.2	2560636.5	2570249.2	2363343.8
"sp|P00338|LDHA_HUMAN"	"HUMAN"	48622416	53141720	51011104	48555524	49220350	50381384	49303056	50078510	51326840	46469964	51216584	49670500	45615704	51163070	49668596	48234996	51035190	50349744
"sp|P00367|DHE3_HUMAN"	"HUMAN"	1313769.4	1973428.9	1618065.9	1159355.4	1540641.9	1730690	1100419.2	1423620.5	947571.2	1575109.2	1518140	1404584.9	1287042	1018371.75	1706310.5	1046994.56	1427702.1	1149850.9
"sp|P00374|DYR_HUMAN"	"HUMAN"	227476	0	114449.13	0	0	410018.72	73269.695	96694.04	107210.34	254743.12	350286.78	438689.25	153104.33	0	289718.25	0	332999.53	135345.42
"sp|P00390|GSHR_HUMAN"	"HUMAN"	1709756	1684169	2175119.2	1626379.8	1613163.1	1760340	1891947.1	1661369.8	2087605.6	1788331	2323501	2319458.5	1809351.5	2252872	2617046.5	1955104.9	2202282.2	1972393.6
"sp|P00403|COX2_HUMAN"	"HUMAN"	880875	711089.5	967874.5	925183.56	807988.25	769022.06	949155.75	791312.94	758794.25	850848.56	917757.6	908950.6	999256.9	851298	756504.06	788472.94	829312.25	842707.56
"sp|P00414|COX3_HUMAN"	"HUMAN"	0	54860.953	65932.67	66522.33	52885.727	82308.17	81698.76	85185.53	72627.26	64507	0	0	63615.656	0	0	0	0	0
"sp|P00441|SODC_HUMAN"	"HUMAN"	6708198.5	6549381	7508313.5	6627179.5	6436156.5	6256670	6822046.5	7223097	6723826	6451218.5	6714228	7824021.5	7089369.5	6832660	7061677.5	7359091.5	9196796	6685532
"sp|P00491|PNPH_HUMAN"	"HUMAN"	5755230.5	6531664	6358156.5	5558084	5462801	5731533	6515710.5	6316994.5	5944071	6294736.5	6678982	6568597.5	6477522	6261556.5	6416932	6481943.5	6434734	5737175
"sp|P00492|HPRT_HUMAN"	"HUMAN"	3534195	3445571.5	3625482.5	3465859.2	3437719.5	3354361	3465229.2	3251111.5	3128324	4827356.5	4523488	2674867.5	4793744	2755690.8	2808413.8	4495002.5	4703684	2896383
"sp|P00505|AATM_HUMAN"	"HUMAN"	1673415	1538394.6	1821431.2	1462926.5	1502767.6	2034862.6	1534425.8	1463854	1475321.6	1754758	1433510	1821008.1	1419045	1570596.9	1733990.4	1528632.9	1538354.6	1660389.1
"sp|P00558|PGK1_HUMAN"	"HUMAN"	31105748	31983816	31269662	28957876	31168400	30743966	30938384	31238496	31084544	31148508	32444220	31706128	31026496	32220780	31569712	33078980	32086022	33287052
"sp|P00568|KAD1_HUMAN"	"HUMAN"	709432.5	473145.12	567229.4	639573.5	797393.56	409910.62	642794.06	548578.4	427549.2	602780.9	533532.25	659439.2	859552.2	512789.88	690323.3	615245.6	808580.5	704029.7
"sp|P00734|THRB_HUMAN"	"HUMAN"	864500.1	658301.1	360040.1	686558.94	865712.5	716106.7	755544.9	656857.94	851091.9	679831.5	647131.4	870794.75	1012502.06	848931.9	836900	685978.25	1182094.2	911997.5
"sp|P00846|ATP6_HUMAN"	"HUMAN"	0	0	0	0	0	0	0	0	0	0	0	0	0	0	0	112768.29	0	0
"sp|P01008|ANT3_HUMAN"	"HUMAN"	109407.875	76352.4	0	78972.51	46912.4	46200.305	78456.79	78064.984	0	90128.57	0	0	0	0	0	0	0	0
"sp|P02008|HBAZ_HUMAN"	"HUMAN"	15234056	16902388	16878832	15524962	16677325	16348222	15169630	15887950	16524818	14296285	17166052	16111976	13192349	17424010	15081184	17044808	15241141	16002757
"sp|P02042|HBD_HUMAN"	"HUMAN"	350210.3	574840	580127.6	375993.34	521384.16	476003.8	386876.12	493227.3	562116.1	387881.03	574291.9	553009.4	363603.28	548808.6	516116.62	550564.75	552232.6	562361.7
"sp|P02100|HBE_HUMAN"	"HUMAN"	6050390.5	7303116.5	8171150	6120995	7157315	7446756	6044573.5	7192382.5	6658308.5	6125508	6961903.5	7303966	6004341.5	7173617	7011908	6824766.5	7927858	6751232
"sp|P02545|LMNA_HUMAN"	"HUMAN"	11795866	16302254	16362877	12119402	13732410	14439066	12236601	13955807	14319642	12843225	15583044	15375599	12042678	15874931	15818821	15734431	15048466	14898518
"sp|P02549|SPTA1_HUMAN"	"HUMAN"	763877.56	836192.5	756551.44	809483.3	605314.5	790171.25	696211.1	564019.4	575811.44	669597.7	526632.75	549409.56	520737.06	488897.5	481392.56	530223.1	787363.2	566537.8
"sp|P02647|APOA1_HUMAN"	"HUMAN"	553760.6	643374.94	755928.6	561247.44	598342.75	589867.5	599897.06	790622.06	543519.94	484566.72	521748.56	615032.2	462205.72	594823.56	651218.75	550667.56	827113.25	536099.4
"sp|P02655|APOC2_HUMAN"	"HUMAN"	52919.04	0	0	0	0	0	49344.992	67475.68	0	47508.117	44212.44	79213.77	62134.086	68073.62	39338.246	94631.95	0	104268.39
"sp|P02765|FETUA_HUMAN"	"HUMAN"	258565.6	301169.5	315844.53	218372.56	222782.88	217870.6	208540.42	274110.4	312970.25	175149.22	206003.1	289145.7	168196	248551.61	273826.16	151916.61	206341.27	306401.94
"sp|P02786|TFR1_HUMAN"	"HUMAN"	20916558	21881582	22775618	21332106	21576136	21627856	21185782	22016580	20582044	18855364	22832664	22859886	20330228	21197008	20665282	22253404	24131320	21152986
"sp|P02788|TRFL_HUMAN"	"HUMAN"	188602.72	0	0	224308.23	0	0	0	0	0	0	0	0	0	0	0	0	0	0
"sp|P03905|NU4M_HUMAN"	"HUMAN"	52672.83	0	0	0	0	0	120371.98	0	0	99507.44	0	44237.613	45781.22	0	0	42878.54	46441.027	52451.84
"sp|P03928|ATP8_HUMAN"	"HUMAN"	53415.754	89368.86	91189.61	0	67554.93	93024.15	0	108919.14	79234.19	0	107763.48	71378.766	61606.56	76610.94	0	65148.625	0	91536.58
"sp|P04004|VTNC_HUMAN"	"HUMAN"	306432.38	329647.12	450019.2	402649.4	350571.56	328468.34	366151.1	378811.78	331518.03	369625.72	326646.75	395330.16	412864.25	373632.72	343071.75	307362	402804.16	297661.44
"sp|P04040|CATA_HUMAN"	"HUMAN"	1914113.1	1910229.5	2291174.8	2687253.8	2276844.8	2275337	2256776.2	2139333	2385166.2	2303046.2	2740882	2212977.5	3043083.5	2531965.5	2308388.8	2652641.5	2248855.8	2863486.2
"sp|P04075|ALDOA_HUMAN"	"HUMAN"	53155930	56744988	54905510	52034132	53729676	53866160	51201444	51988890	54582930	51167012	55980310	57603544	50886056	54505520	54869332	56515932	58231184	59054212
"sp|P04080|CYTB_HUMAN"	"HUMAN"	1399814.6	1795179.4	1750013.5	1557409.4	1729125.8	1611259.5	1444670.4	1603226.9	1526346	1703789.4	1925582.6	1595185.6	1356645.5	1696292	1561791	1839683	1615421.5	1614702
"sp|P04083|ANXA1_HUMAN"	"HUMAN"	31201262	35278400	35261852	31125030	35482812	33816756	32645054	35299320	33675440	32852278	35822016	35015284	32070106	34682896	34985924	35116036	35808348	34436504
"sp|P04181|OAT_HUMAN"	"HUMAN"	3499626	3881408.5	4283743	3937856.8	3831955.8	3838832.5	3962095	4250642	3809412.2	3671154.2	3877489.5	3879292.8	3803818.2	4088676	3835001.8	3814316.8	4230286.5	3920401.8
"sp|P04183|KITH_HUMAN"	"HUMAN"	1886995.4	2222577.2	1947751.4	2129519.5	2034037.5	1900325.8	2298769.5	1984439.8	1552014.6	2112138.2	2169732.5	2184762	2278228.5	2185475.2	1952504.2	2405729.8	2390572.5	2245701
"sp|P04406|G3P_HUMAN"	"HUMAN"	87101950	86737780	90606140	88578090	86852776	83834980	89173590	88798320	85240696	86844690	86743180	90344870	87221320	84925560	88276350	92505930	90097110	86297336
"sp|P04632|CPNS1_HUMAN"	"HUMAN"	758697.75	973958.1	815560	759151.2	792136.5	828482.9	800205.75	751099.75	860201.06	1016698.06	957345.7	736521.56	660966.7	727289.94	758777.25	975803.06	1019181.25	859716.06
"sp|P04792|HSPB1_HUMAN"	"HUMAN"	5835740.5	5201918	5159805.5	5670973	5482280.5	5399620	5780060	5606293	5391301.5	5998960	5370677	5598306	5909255.5	5601439.5	5590460.5	5992035.5	5863517.5	5874421
"sp|P04818|TYSY_HUMAN"	"HUMAN"	1269732.4	1599909.8	1232574.6	1322674.8	1236094	1224522.6	1475052.8	1334404.6	1216788.6	1588237.9	1494853.8	1503148.8	1657167.4	1530865.8	1617963.2	1698230.8	1731282.2	1817419
"sp|P04843|RPN1_HUMAN"	"HUMAN"	191313.44	175126.67	111673.28	0	0	0	0	0	0	0	0	0	202643.19	169694.58	0	0	0	0
"sp|P04844|RPN2_HUMAN"	"HUMAN"	0	0	0	59267.266	0	0	47924.01	0	0	0	0	51176.02	0	0	33842.953	0	0	0
"sp|P04908|H2A1B_HUMAN"	"HUMAN"	116977260	120585304	119559320	115087610	123805550	117606030	121225416	119278980	113694430	117594020	121344290	114595550	118261880	119634600	116955384	121558580	116334696	119100296
"sp|P05023|AT1A1_HUMAN"	"HUMAN"	2297858.8	2191247.5	3026399	2400586.2	2303305	2163984.8	2246982	2590938.2	2170345	2083509	2442943.8	2181500.5	1883131.4	2211677.5	2212582.5	2679656.2	2156309.5	1805520.8
"sp|P05091|ALDH2_HUMAN"	"HUMAN"	197140.97	302008.97	249166.1	186437.47	303830.12	110236.08	266103.97	181630.27	329384.7	192257.53	289546.28	43707.637	157119.39	285650.94	332102.38	0	181445.53	214747.86
"sp|P05114|HMGN1_HUMAN"	"HUMAN"	749220.6	1000050.94	1094154.9	931257	1062018.4	1067519.4	920143.06	1059457.2	1044371.94	904074.1	895270.75	1115796.2	677285.25	931379.44	1040169.56	859381.8	982530.75	1044791.75
"sp|P05141|ADT2_HUMAN"	"HUMAN"	8420465	8900977	10677579	9340798	9689822	9480558	9430593	9721145	9335972	9034278	10092352	10363375	8598256	9810914	9860473	9999480	10820698	10057086
"sp|P05161|ISG15_HUMAN"	"HUMAN"	0	0	0	0	0	0	0	0	0	238901.56	0	0	0	0	0	0	0	0
"sp|P05198|IF2A_HUMAN"	"HUMAN"	3770706	4269669	4487386.5	3819100.8	4105820.5	4133427	3964088.8	4029213.8	4066055.8	3941720.8	4374610	3753483.2	4077191.5	3940205.8	4727225	4831540	4847995.5	4439407
"sp|P05204|HMGN2_HUMAN"	"HUMAN"	863864.4	1026930.25	957584.75	763798.25	987403.75	959186.94	819933.5	945266.9	1010550.06	845595.5	1032598.1	1073058.2	841458.2	990417.75	963199.8	862588.3	1037943.5	1166191.1
"sp|P05386|RLA1_HUMAN"	"HUMAN"	9107462	6785912.5	7639448.5	8681464	7514937	7046884.5	9239968	7000105.5	7095166	8285761.5	7127992	7280334.5	9026533	7119985.5	7356151.5	7256893	6837110.5	7490974
"sp|P05387|RLA2_HUMAN"	"HUMAN"	12227493	14146083	14636830	12588477	14434860	13228988	12578596	14674676	13373588	12143478	13065528	12775067	11575620	12582251	12360427	12610102	13764619	12409923
"sp|P05388|RLA0_HUMAN"	"HUMAN"	18733554	18594716	23168634	18100722	20155448	18969012	19434584	21256192	18824526	18642180	20103908	21968050	17593080	19281968	21204586	20546682	23426546	19761082
"sp|P05423|RPC4_HUMAN"	"HUMAN"	74657.766	0	79497.44	74719.82	0	67434.47	73260.67	67948.67	0	68669.66	0	50628.68	92581.22	0	0	70644.93	71184.086	0
"sp|P05455|LA_HUMAN"	"HUMAN"	23863670	22352484	24175380	22767078	22349384	21961580	22522664	21806082	22715918	22767012	22458538	24370824	23399970	23141312	22691708	23178570	24214838	22891772
"sp|P05771|KPCB_HUMAN"	"HUMAN"	681169.25	866399.94	1310244.1	1136950.8	862869.9	1016544.7	1519355.9	1125893.4	1013211.7	1039696.5	765492.06	924992.9	950197.75	891542.1	976133.6	1238151.9	942512.3	656548.75
"sp|P05783|K1C18_HUMAN"	"HUMAN"	5543280.5	6507332	6530699.5	5360497	6445400	6494978	5968111.5	5874124.5	7013642	5177190.5	6242575.5	6359385.5	5322471	6196900.5	6354421	6560245	6998454.5	6547150.5
"sp|P05787|K2C8_HUMAN"	"HUMAN"	10370819	13889224	14604901	10742492	13396000	13367957	11967374	12714290	13404170	11957080	12971528	12455870	11015081	12092396	13885345	13877688	13280413	13761464
"sp|P05937|CALB1_HUMAN"	"HUMAN"	198455.38	413033.62	216655.95	204449.08	216880.02	232139.47	219747.42	214369.45	209427.25	612367.5	485041.44	310012.6	521276.3	565236.3	263038.56	514732.94	206231.67	457857.2
"sp|P06132|DCUP_HUMAN"	"HUMAN"	2843931	2682434.2	2962958.5	2864526.8	2718878	2654213	2758357	2498384.5	2706889.8	3109029.5	3032950.8	2823004.5	3203657.5	3006070.2	3054848.8	2966822	3002436.2	2941219
"sp|P06241|FYN_HUMAN"	"HUMAN"	0	55983.418	62166.047	42473.9	0	0	64081.633	0	68740.57	0	65598.28	56795.293	0	66820.766	0	68491.52	79560.44	0
"sp|P06454|PTMA_HUMAN"	"HUMAN"	3801805.8	3630873.2	4276966.5	3985989.2	3538074.8	3965518	4080375.5	3874119.5	4171308	4153893.5	4036120	4292447	4216623	4106381.8	4628844.5	4401817.5	4211720.5	4891144.5
"sp|P06493|CDK1_HUMAN"	"HUMAN"	3773178	4043042.2	3985517.5	3721864.5	3723402.8	3795008.5	3587682.8	3591405	3554444.8	3424829.8	3785661	3780321	3499954.8	3581995.5	3805853.2	4319851	3843688.8	4231800.5
"sp|P06576|ATPB_HUMAN"	"HUMAN"	29908904	30739452	30972624	31665220	31757498	29595502	31160298	30644180	29217108	30795012	30736212	30950076	31097108	29916848	29585134	30738346	32233532	30322554
"sp|P06703|S10A6_HUMAN"	"HUMAN"	148597.95	0	0	0	0	275442.9	0	0	0	218631.39	109187.016	0	0	120742.15	154427.31	0	0	174848.23
"sp|P06730|IF4E_HUMAN"	"HUMAN"	769079.56	1010239.44	948327.7	767053.9	920424.4	952698.5	769441.3	937378.25	857209.3	811141.8	1017990.6	893221	802686.1	919897.44	892129.7	914765.75	832697	960255.9
"sp|P06733|ENOA_HUMAN"	"HUMAN"	151554240	164470450	168719740	153814580	156017650	155677870	156447300	170012560	153389230	150046190	167463570	158951600	151067060	156260600	163666260	166180640	176256510	161866540
"sp|P06744|G6PI_HUMAN"	"HUMAN"	17436872	18052970	17876532	17092260	18645840	18570850	17100540	18368100	18765142	17544660	18383194	18367964	17120054	18217292	18346194	17924122	19330422	18414288
"sp|P06748|NPM_HUMAN"	"HUMAN"	57114484	60487436	63580030	59237064	60849690	60039140	60981120	64650440	58795756	54254676	60785484	63423716	55641936	59479470	59679510	57955910	61647810	61921150
"sp|P06753|TPM3_HUMAN"	"HUMAN"	5681078	5615027	5172419.5	5206340	5760445	4592015	5549326	4874671.5	4639549.5	5890999	5371320.5	5143672	5522093	4998788.5	4909763	6318208	5126983	5032010
"sp|P06865|HEXA_HUMAN"	"HUMAN"	108511.87	142957.2	211819.98	160065.67	165600.22	162407.05	0	27235.676	152592.11	0	0	0	0	0	0	0	0	0
"sp|P07108|ACBP_HUMAN"	"HUMAN"	640103	513162.6	567446.4	337381.62	605180.9	496195.56	632516	534096	296460.12	668319.94	591963.56	484972.8	664654.3	466072.44	280758.53	376132.6	297124.6	504399.2
"sp|P07195|LDHB_HUMAN"	"HUMAN"	27341036	29305322	28803780	27326180	29314186	27737910	27820874	28489356	28132682	27008030	29200834	27901300	26826960	28172888	28007052	28165310	27981200	28659672
"sp|P07237|PDIA1_HUMAN"	"HUMAN"	7037949	8001927	8227423	7754511.5	8601257	8782800	6895148	7635052	8074868	7289664.5	8148566	8275666	7112385.5	8315973.5	8738525	8037097.5	7137463	7679054.5
"sp|P07339|CATD_HUMAN"	"HUMAN"	800581.25	463298.4	784569	621618.56	903638.4	512005.38	405935.62	489717.8	852864.5	360411.78	341517.16	339781.16	526416.06	435717.25	439213.2	510769.84	367849.97	247352.27
"sp|P07355|ANXA2_HUMAN"	"HUMAN"	15431323	17336428	18314964	15707391	16810334	17482004	16628364	17552054	16992212	15175879	17497920	18839356	15893682	17687014	16316843	17210362	19755256	17261270
"sp|P07384|CAN1_HUMAN"	"HUMAN"	3242018.8	3539860	3239661.5	3546644.2	2915911.5	2702599.2	3542266.8	2916375	3306979.5	3899826	3493752	3769556.2	3913940.5	3283278.5	3615058.5	3509623.2	3288190	2926189
"sp|P07437|TBB5_HUMAN"	"HUMAN"	169874380	174853250	189005200	172117730	176475150	173625400	176627940	189837470	173786180	167772690	172089860	184665660	175382180	175471140	178335140	177914140	194542880	176772030
"sp|P07602|SAP_HUMAN"	"HUMAN"	1884853.2	2141908	1888790.5	1964613.5	1842564.6	1895361.8	1369112.1	1821380.8	2053717.8	1644837.1	1538798.5	2095336	1635811.1	2004364.8	1915840.8	1591872.8	1912869	1712820
"sp|P07686|HEXB_HUMAN"	"HUMAN"	77689.266	68398.46	71088.54	470859.25	219841.4	67951.85	465391.62	0	232533.81	268915.72	416194.78	475974.38	205939.36	528191.56	444210.5	330236.5	77145.38	529291
"sp|P07711|CATL1_HUMAN"	"HUMAN"	107088.95	0	0	93918.36	0	0	85101.79	0	0	84759.54	0	0	102178.94	86798.97	0	90707.766	0	0
"sp|P07737|PROF1_HUMAN"	"HUMAN"	33604348	36148380	37506276	33647176	35618200	35628200	34967188	36990116	33241510	33273600	34628756	38909972	31737034	35012124	33914452	35055796	40878400	33808780
"sp|P07741|APT_HUMAN"	"HUMAN"	3525786.2	2994695.2	3369691	3067046.5	3692011.8	3045628	3069716.8	3247373.2	3267697.5	3445694.5	3587818.5	3366259.2	3809240	3106753.5	3105041.2	3407564	4279718.5	3514215
"sp|P07814|SYEP_HUMAN"	"HUMAN"	13930585	14692862	14927061	14221221	14773516	14888275	12932310	14183735	13561682	14179072	14595160	15088679	14459411	14920076	14544814	15381386	15034462	14511551
"sp|P07900|HS90A_HUMAN"	"HUMAN"	41827744	43878240	43916096	42827216	42693296	42568984	42496370	43743964	41142150	40307760	40385800	39145476	39620864	39135892	42418264	43629616	45710140	43671412
"sp|P07910|HNRPC_HUMAN"	"HUMAN"	29822090	30068712	30831646	29443518	30842770	30215618	28816504	29706734	30479752	28866190	31001680	30408510	28732258	30710794	31390964	28268160	31388800	31455292
"sp|P07919|QCR6_HUMAN"	"HUMAN"	1084948	1139260.4	1081233	1185109	1052299.2	1085794.5	1156175.9	1090800.8	1187895.5	1219427.4	1163204	1222448.5	1098894.1	1237064.9	1246317.9	1075728	1136801.8	1292317.4
"sp|P07954|FUMH_HUMAN"	"HUMAN"	9560952	9917494	9640269	10560366	9179336	10125347	10494532	9780590	9967901	10503800	8836381	10327020	9770634	9301769	10147743	10283794	10466357	10037453
"sp|P07996|TSP1_HUMAN"	"HUMAN"	0	0	0	62443.117	0	0	0	0	0	0	0	0	0	0	0	0	0	0
"sp|P08195|4F2_HUMAN"	"HUMAN"	1947302.8	1336593.5	1625856.2	1937635.9	1523447.8	1485225.5	1662561.4	1683185.8	1613199.4	1837594	1387186.2	1836097.1	1921429.4	1514321.1	1429309.6	1553708.6	1484697.8	1340806.1
"sp|P08237|PFKAM_HUMAN"	"HUMAN"	0	0	0	0	0	155453.28	0	0	0	0	0	0	0	0	0	0	0	0
"sp|P08238|HS90B_HUMAN"	"HUMAN"	171216060	173223860	170719040	170395280	175640460	161810750	169888320	165065330	164504590	171158610	182035630	170479800	160828430	175329890	165536450	184111800	176907120	168049460
"sp|P08240|SRPRA_HUMAN"	"HUMAN"	0	212655.52	0	0	289593.56	0	121347.24	0	95144.95	192072.64	0	0	146131.17	0	0	0	0	0
"sp|P08243|ASNS_HUMAN"	"HUMAN"	10698539	10608571	10867611	10450599	10545583	11393820	11099307	10544941	11238837	10497925	11172270	10689221	10147540	11119501	10865381	10643115	11069508	10579829
"sp|P08397|HEM3_HUMAN"	"HUMAN"	5187779.5	5538554.5	4898548.5	4951433	4772948	5216690	5292773.5	5272798.5	5256586.5	5151262.5	5671834	5728682.5	5011795.5	5123265	5598734	5528951.5	5357102.5	5315471.5
"sp|P08559|ODPA_HUMAN"	"HUMAN"	411630.66	348592.75	78931	432755.53	202813.78	301682.6	316295.5	146369.78	366433.25	1101387.9	450765.66	477088.5	709889.9	166527.84	457058.5	512434.06	438712.38	815726.1
"sp|P08574|CY1_HUMAN"	"HUMAN"	1597372.1	1187942.2	1252065.1	1547328.2	1121133.6	1282020.8	1568867.6	1036682.8	1214771.5	1483154.5	1187738.1	1077459.4	1190148.9	1255752.2	1094810.4	868101.56	1180610	825405.75
"sp|P08575|PTPRC_HUMAN"	"HUMAN"	182474.69	331019.56	234420.69	282614.47	156157.95	244015.81	295994.62	235557.94	326755.03	299902.6	242559.08	0	265973.22	93610.35	416885.47	174962.45	221073.62	228260.45
"sp|P08579|RU2B_HUMAN"	"HUMAN"	251339.58	273871.56	346404.72	209881.08	172145.86	251676.81	285072.97	280457.25	295283.2	340239.97	256967.97	226643.94	486805.72	517097.56	430523.12	177500.33	335717.84	366557.47
"sp|P08621|RU17_HUMAN"	"HUMAN"	2469740.5	2892519	2542056.5	2428782.2	2590423.5	2568779	2303379.2	2492130.5	2470559.8	2178311.2	2582220.2	2633741.2	2193639.8	2442102.5	2648441.8	2835798.2	2656714.5	2555431.2
"sp|P08670|VIME_HUMAN"	"HUMAN"	23987262	25119360	24607856	24348700	25599554	24534076	23615510	24942840	24620042	23264328	25690762	25641490	23248924	24385212	24709476	26347464	25255032	26031612
"sp|P08708|RS17_HUMAN"	"HUMAN"	2938074.2	2904081.5	2855245.5	2715939.8	2791589.5	2775970.5	3011601.2	2886000.5	2569970	3019649	3489999.2	2696715.8	2351526.8	3082696.8	2680019	3331673	2987059	2596883.5
"sp|P08727|K1C19_HUMAN"	"HUMAN"	1532421.8	2465085	2232961.8	1671786.9	2390609.8	2099532	2029988.6	2729223.2	2305556.5	2010736.4	2858962	2499919.2	1983188	2210070.8	2823226.5	2359765	2756606.8	2844021.8
"sp|P08754|GNAI3_HUMAN"	"HUMAN"	551620.94	496134	411231.75	604108.4	534410.75	429652.6	510627.5	444951.25	412536.38	542353.9	446309	460169	505500.4	545916.56	300524.16	387652.78	442792.2	379101.47
"sp|P08758|ANXA5_HUMAN"	"HUMAN"	2718994.8	2508345.8	2409320	2660258.5	2530498	2391467.5	2738556.5	2553390.5	2400423.2	2559308	2449309.8	1728479.6	2819280.5	2571951	2480131.2	2378356.8	2455526.8	2674521
"sp|P08865|RSSA_HUMAN"	"HUMAN"	20029960	21956456	22705166	20968164	21519346	20789860	20990250	24763948	21570316	20527242	21275482	23006996	20074834	22165848	22646594	22053792	24599600	21857684
"sp|P09001|RM03_HUMAN"	"HUMAN"	0	0	0	0	0	0	0	0	0	0	0	0	0	0	0	0	0	0
"sp|P09012|SNRPA_HUMAN"	"HUMAN"	1687079.4	1681507.1	1705161.8	1718666.5	1826820.2	1793509.8	1560084.2	1654375.6	1823383.4	1774318.9	1596574.2	2016519	1949450	1793043.9	1865024.2	1763523.6	1719673.9	1831432.2
"sp|P09104|ENOG_HUMAN"	"HUMAN"	288835.78	266194.1	236662.62	277750.9	266095.06	228764.95	311428.72	263756.1	267167.4	219558.12	266904.44	193811.98	381001.06	400735.3	229448.47	263108.5	217347.27	245418.42
"sp|P09110|THIK_HUMAN"	"HUMAN"	136969.69	140113.17	126729.74	163236.12	123821.4	110997.39	160798.73	131842.19	133162.8	144412.44	140536.36	134248.27	138892.66	125135.9	142465.39	195875.8	143072.08	142036.33
"sp|P09211|GSTP1_HUMAN"	"HUMAN"	26629230	27488618	29782972	27545656	28273472	27230458	28071812	30451438	28303208	26616350	28164092	26882720	26742798	27731982	27725754	28366504	27527262	28567502
"sp|P09234|RU1C_HUMAN"	"HUMAN"	1210985.1	1065505.8	1072759.2	1124639.8	1031340.4	934030.7	1128447.8	991943.94	881996.56	1117442.1	1104001.5	1029791.44	1200202.6	973161.56	1037403.94	1102251.5	896302.6	1024337.3
"sp|P09382|LEG1_HUMAN"	"HUMAN"	4422431.5	5004513.5	4655478.5	4761423	5070562.5	4754616	4628777.5	4915097	4614337.5	4678714.5	4788918	4836397.5	4517564	4734404	4861344	5127436	5270960	5062829
"sp|P09417|DHPR_HUMAN"	"HUMAN"	0	0	0	0	0	0	0	0	0	0	0	0	0	0	0	0	0	0
"sp|P09429|HMGB1_HUMAN"	"HUMAN"	3209738.5	4457535	4704594.5	3263788.2	4090901.5	4310327	3081525.2	4065726.5	4496458.5	3309617	4669598.5	4234228	3144905.2	4394082.5	4288443.5	4806551	4486493.5	4911699
"sp|P09493|TPM1_HUMAN"	"HUMAN"	0	0	0	0	0	103716.48	0	0	0	0	0	0	0	0	0	0	0	0
"sp|P09496|CLCA_HUMAN"	"HUMAN"	926222.8	1118368	1196574.2	845340.4	1116127.8	1201013.1	843200.2	1161499	1201401.8	886812.2	1239569.5	1222961	920118.25	1126454.2	1106176.9	931360.06	1096828.4	1080649.2
"sp|P09497|CLCB_HUMAN"	"HUMAN"	212448.23	144326.62	0	133519.2	0	0	255291.45	0	442351.94	179873.22	137478.33	157189.66	96965.07	0	175805.39	143709.14	0	123055.93
"sp|P09525|ANXA4_HUMAN"	"HUMAN"	0	0	0	0	0	0	0	0	0	0	0	0	0	0	0	0	0	0
"sp|P09543|CN37_HUMAN"	"HUMAN"	135539.11	0	0	162693.25	0	0	165219.92	0	0	154802.69	149704.28	143928.31	178605.84	148899.2	152469.75	133038.75	145491.95	156202.73
"sp|P09622|DLDH_HUMAN"	"HUMAN"	4742255.5	4896345	5385641.5	5039846	4893735.5	4629603	5051647.5	5466723	4724368	4781949	4984510.5	5102587.5	4925090	4630197.5	5415625.5	5247612.5	4808984.5	4641363
"sp|P09651|ROA1_HUMAN"	"HUMAN"	58677516	59817030	64865150	60815412	59695704	53355108	60906348	64824910	60073460	57577490	59836550	60172356	59439164	60098630	59581744	60803000	65857200	61353348
"sp|P09661|RU2A_HUMAN"	"HUMAN"	2294427.8	3076358	2597682.5	2287209.5	3173813.5	2592433.8	2698758	2450301	2872336.8	2974606.2	2827420	2310750.2	2340720.8	2635168	2295293.5	2659345	3244670.5	3129827
"sp|P09669|COX6C_HUMAN"	"HUMAN"	237405.88	82057.72	412715.03	221402.64	367323.44	322303.3	244344.22	263240.25	280033.34	64053.773	290669.44	388377.53	210259.98	333211.34	79862.46	160856.58	234993.06	171914.23
"sp|P09874|PARP1_HUMAN"	"HUMAN"	6030518	7476514	5997512	6302091	5827573.5	5845209	6625354	6131860	5726640	6359987.5	7479749.5	6712625	6744510	6727438.5	6421582	6058051.5	6078587	6442161
"sp|P09960|LKHA4_HUMAN"	"HUMAN"	235085.39	402155.12	481881.62	230918.25	290073.47	362839.1	265180.38	588082.8	474096.16	419361.75	235473.31	388748.7	388823.88	283083.28	453543.44	371710.3	522498.16	143104.92
"sp|P09972|ALDOC_HUMAN"	"HUMAN"	3803215.2	3575303.2	3719443.5	4016221.2	4241642	3133688	3348839	3505694	3753782.2	6854059	6903859.5	6299024.5	7027125	7072384	6607411	6560495	6584555	7206489.5
"sp|P0C025|NUD17_HUMAN"	"HUMAN"	0	0	0	0	0	0	0	0	0	0	0	0	0	0	0	0	0	0
"sp|P0C0S5|H2AZ_HUMAN"	"HUMAN"	2194100	2385556.5	2413086.2	2265667.8	2412480.2	2077153.2	2289053	1927221.2	2036737.8	2400066	2381569	2185372.2	2204364.5	2324945.5	2085552.6	2425648	2129518.2	2296665.5
"sp|P0C7M4|RHF2B_HUMAN"	"HUMAN"	144936.75	27733.885	125741.56	158254.73	131731.02	0	163560.44	105698.37	0	120535.22	130107.11	22985.912	141504.22	163214.05	164952.1	0	134010.7	141368.6
"sp|P0DMU9|CT45A_HUMAN"	"HUMAN"	0	0	0	0	0	0	0	0	0	0	103047.06	0	0	0	0	0	0	0
"sp|P0DMV8|HS71A_HUMAN"	"HUMAN"	50570160	53945320	52352204	51298960	52632044	50928704	48351148	52745824	50967108	47085060	48845184	48120292	47376070	47890590	46692980	48223748	49680096	48419630
"sp|P0DP23|CALM1_HUMAN"	"HUMAN"	4482910	4794069	5120440.5	4951097.5	4439342.5	4932217	4590508.5	4935272	5361351	4974584	5381419.5	5181362	4575894	4997308.5	5504347	5653944	5156010.5	4900683
"sp|P0DPH7|TBA3C_HUMAN"	"HUMAN"	0	0	25978.738	0	0	0	0	0	0	21957.75	0	0	0	0	0	0	42827.52	0
"sp|P10155|RO60_HUMAN"	"HUMAN"	1779169.9	1860739.2	1476541.1	1684136.2	1358151.1	1468460.5	1771418	1597264.5	1595232.8	1696103.1	1670574.4	1077779.4	1751273	1492586.2	1343862	1152257.5	1443702.1	1763820.9
"sp|P10176|COX8A_HUMAN"	"HUMAN"	0	0	76791.26	0	0	0	0	0	0	0	0	0	145273.92	0	0	0	168477.83	0
"sp|P10398|ARAF_HUMAN"	"HUMAN"	46192.93	47407.863	53633.406	0	38313.598	46938.234	43947.32	48994.77	43298.438	54466.168	0	47591.953	57009.746	58055.434	43945.336	51990.598	46990.35	49480.312
"sp|P10412|H14_HUMAN"	"HUMAN"	1475257.6	1908776.2	1557678.5	1355922.1	1745333.5	1617478.5	1260693	1672273.8	1568916.6	1368650.2	1541564.2	1706861.9	1299128.6	1761836.8	1511319.8	2028870.6	1795628	1604250.9
"sp|P10515|ODP2_HUMAN"	"HUMAN"	5259073.5	6055841	6511994	5322095	5295989.5	5130866.5	5512481	6166372	5720718.5	4901728.5	5437095	4562458.5	5702530	5638937.5	5632541.5	5846394.5	5625575	6322523
"sp|P10599|THIO_HUMAN"	"HUMAN"	5281681	5875845.5	5353426.5	5248548.5	5821703.5	4995409.5	5370717.5	5550464.5	4734553.5	5685417	5810427	5334843.5	5391507	5331149	4984070	6480467.5	5785954.5	4873964.5
"sp|P10606|COX5B_HUMAN"	"HUMAN"	995023.6	1275682.2	970303	455963.62	935281.75	1044488	860365.6	961211.94	874805.6	1120447.2	1108400.6	980652	900072.9	1113562.8	1029740.1	1120349	668569.6	923430.2
"sp|P10644|KAP0_HUMAN"	"HUMAN"	276246.1	174599.83	0	225032.02	113195.32	73196.1	212344.56	206605.83	78122.695	201666.58	284694.34	77884.72	210537.05	250386.42	238412.06	0	112509.336	0
"sp|P10746|HEM4_HUMAN"	"HUMAN"	0	0	0	0	0	0	0	0	0	0	0	0	0	0	0	0	0	0
"sp|P10768|ESTD_HUMAN"	"HUMAN"	3022420	3267466.2	3394952	3135357.2	2792545.2	3159859	2998713.5	3414218.5	3284872.5	2594559.2	3414073	3262576.5	3120009	3210203.5	3048264.5	3110315.5	3124840.5	3330714.8
"sp|P10809|CH60_HUMAN"	"HUMAN"	36993772	39978910	40710180	36909176	39704670	40040092	37579404	37748490	39298016	37099436	39842364	39460944	36180636	39568376	39205510	39656160	40356860	40066684
"sp|P11021|BIP_HUMAN"	"HUMAN"	9507381	9447224	9201460	10073041	9834859	8681664	9686176	9703849	9628746	9278336	9676319	9667677	9600441	9126659	9720893	9315374	9589754	9798228
"sp|P11142|HSP7C_HUMAN"	"HUMAN"	119046104	128754110	124695050	117477600	126554184	119901290	117271100	121300600	122761080	112651840	118502230	114379704	108860970	116628950	112239520	117566300	117033240	116298630
"sp|P11166|GTR1_HUMAN"	"HUMAN"	143307.92	133496.38	187697.28	0	133747.22	158298.61	137279.83	113452.24	125441.17	127926.586	123829.05	163348.83	135075.05	124032.22	139065.7	113020.51	153840.23	94271.92
"sp|P11171|EPB41_HUMAN"	"HUMAN"	531413.9	830135.25	620996.9	769569	731537.25	736076.7	778624.1	788316.5	836227.8	807918	1034421.44	946061.2	1278211.9	934338.25	1031722.2	932854.75	896183.5	992533.5
"sp|P11172|UMPS_HUMAN"	"HUMAN"	901190.7	685683.4	694406.8	514707.7	658054.4	792907.3	730431.06	683645.56	787221.2	843014.56	455412.88	601620.8	931790.6	766353	541216.1	434830.94	454217.8	598253.3
"sp|P11177|ODPB_HUMAN"	"HUMAN"	553186.3	270993.2	692275.4	433206.88	608597.6	342156.1	691857.6	522903	700531.25	825186.75	385474.3	509288.12	789446.6	423066.94	325082.78	496669.06	507487.6	236158.22
"sp|P11182|ODB2_HUMAN"	"HUMAN"	0	0	0	0	0	0	0	0	0	0	0	0	0	0	0	0	52857.973	0
"sp|P11216|PYGB_HUMAN"	"HUMAN"	0	0	0	0	0	0	0	0	0	0	0	0	0	0	0	0	0	0
"sp|P11233|RALA_HUMAN"	"HUMAN"	0	0	0	0	0	0	0	0	0	0	0	0	0	0	0	0	0	0
"sp|P11277|SPTB1_HUMAN"	"HUMAN"	74747.234	0	202930.22	0	0	156387.14	164356.8	198099.48	0	0	207579.77	0	0	251524.84	185882.28	173625.67	245139.17	215896.73
"sp|P11279|LAMP1_HUMAN"	"HUMAN"	293357.56	160288.77	378516.1	165506.27	197609.95	232925.05	104343.266	151630.98	218505	107370.36	154014.98	117329.35	83425.03	161560.97	205154.19	209642.61	174073.42	134575.69
"sp|P11310|ACADM_HUMAN"	"HUMAN"	1021507.44	1311983.5	562577.6	873100.75	1569790.2	892671.25	837434.56	818464.3	836745.25	812151.25	937394.2	1060135.5	794963.56	910230.5	705309.06	883883.06	844595.75	758186.6
"sp|P11387|TOP1_HUMAN"	"HUMAN"	327634.56	0	0	326805.94	0	0	400723.3	0	0	0	335707.03	139278.58	393518.44	205070.3	262245.66	342852.97	347739.7	449265.06
"sp|P11413|G6PD_HUMAN"	"HUMAN"	9493887	9571178	10396915	9928912	9545815	9283787	9353420	9227962	9179024	9399328	10106046	10149323	9667050	10278102	9818316	10069593	10306654	9866944
"sp|P11441|UBL4A_HUMAN"	"HUMAN"	0	180019.8	0	100632.695	157663.25	147101.86	93073.06	128151.08	88264.12	0	102295.19	0	0	59669.758	0	0	0	0
"sp|P11498|PYC_HUMAN"	"HUMAN"	41586.21	42602.53	42070.52	53525.773	41676.742	48064.875	47396.742	0	41198.504	0	48304.742	0	46531.816	39739.812	38096.395	33694.68	0	43369.473
"sp|P11586|C1TC_HUMAN"	"HUMAN"	3656840.5	3210919.8	3852101.5	4059382.2	4137212.5	3557637.8	4156789	3329782.5	3456161.5	4208921.5	3336701	3870869	4108387.8	3896492.2	3591680.5	4040008.2	4034767.2	3726421
"sp|P11717|MPRI_HUMAN"	"HUMAN"	70369.99	83782.67	0	72710.805	63332.91	0	81958.13	233485.55	47298.63	0	177034.67	75869.24	665221.2	227437.55	655983.8	0	647041.9	74292.44
"sp|P11766|ADHX_HUMAN"	"HUMAN"	3903097.5	3948644.2	3498491.5	3942002	3998645.8	3980534.8	3550627.2	3761687.2	3879839.5	3949629.5	3937340.8	3814369	3924457.2	3887180.2	3730010.2	4534143.5	3954955	3950182
"sp|P11908|PRPS2_HUMAN"	"HUMAN"	197480.56	113067.305	87528.734	134977.25	124777.18	324533.62	136526.64	174093.36	88660.836	164579.36	151710.28	107623.38	0	127734.13	73338.36	104566.555	0	75418.914
"sp|P11940|PABP1_HUMAN"	"HUMAN"	14396054	16064928	15563118	14595678	14966987	14477211	14274886	14036474	14599660	14885223	15578416	14757570	14156108	14896668	14762139	15139663	15403872	14429832
"sp|P12004|PCNA_HUMAN"	"HUMAN"	6389569.5	8090216	8392033	8032452.5	7087465.5	7049081	5083792.5	7337057	7446418	7632961	8128662	7770963	6406722	7930309.5	6580867	7923938	5599851	7592027
"sp|P12074|CX6A1_HUMAN"	"HUMAN"	390139.3	376659.7	371163.1	396657.56	322019.6	312874.22	397717.9	298878.78	354295.88	355032.12	347756.72	341779.3	368903.7	342598.8	356712.6	355332.03	363848	343346.16
"sp|P12081|HARS1_HUMAN"	"HUMAN"	3025526.5	2353360.2	2238470.5	2318696	2685059.2	2854647.5	2291669	3912444.8	2464358.8	2842054	3911007.8	3540858.2	4172381.8	4060680.5	2893020.8	3083664.5	2454140	3776934
"sp|P12235|ADT1_HUMAN"	"HUMAN"	379717.1	286757.94	344546.62	360766.88	314269.78	0	395890.6	352893.47	282940.25	404563.22	0	0	416270.72	0	0	0	0	0
"sp|P12236|ADT3_HUMAN"	"HUMAN"	844971.06	883718.9	882500.44	892680.7	837111.4	879122.3	817453.5	867401.6	825195.5	804294.2	801792.1	812823.44	764743.2	1105843.8	913474.2	842260.8	770308.06	1079644.5
"sp|P12259|FA5_HUMAN"	"HUMAN"	620164.1	572404.94	611709.5	659974.6	654805.5	798336.5	382635.1	627837.4	687042.9	641772.06	615035.8	581435.1	755167.5	644986.94	663231.75	416361.34	596156.3	646380.8
"sp|P12268|IMDH2_HUMAN"	"HUMAN"	9441462	9135022	9045576	9299660	9345055	8563050	8792262	8972698	8896081	9673494	9279723	9082555	9450814	9379884	9323269	8841806	8316574	9399140
"sp|P12270|TPR_HUMAN"	"HUMAN"	6276247	6584924.5	6092920	6112693.5	6268162.5	6409866.5	6760177.5	6258879.5	6159022.5	6765092.5	7268314.5	7927009	7578162	6409223	7477633	7154778.5	8168362.5	6725580
"sp|P12277|KCRB_HUMAN"	"HUMAN"	24382420	23659002	22910684	24344570	23330072	22945704	24144064	22991086	22911486	22897640	23642564	22062576	23963492	21804450	22044352	23109938	22433008	22437482
"sp|P12429|ANXA3_HUMAN"	"HUMAN"	0	222832.95	235386.8	197143.58	245070.22	158279.4	219124.67	279992.94	145754.75	0	0	0	0	0	0	0	0	0
"sp|P12532|KCRU_HUMAN"	"HUMAN"	469306.06	446594.34	424918.25	461603.22	425283.12	456349.88	442923.6	435979.34	468852.6	384024.44	577330.25	420054.5	671053	556738.25	441889.47	438376.34	489443.88	476817.5
"sp|P12814|ACTN1_HUMAN"	"HUMAN"	1694781	1496434	1532130.9	1657864.5	1413619.6	1709256	1677796.6	1503051.1	1419997.8	1766272.5	1181135.8	1286144.1	1822110.5	1464015.4	1512603.9	1042265.3	1451324.6	1107597.1
"sp|P12829|MYL4_HUMAN"	"HUMAN"	2827022.8	3078328	3052576	3458655.5	3120561.8	2941491	2733757.2	3090614.8	2900832.8	3285019.2	3804406.5	3459020.5	3211867.8	3561166.8	3021998.5	3116375.8	3630755.2	3285904.5
"sp|P12956|XRCC6_HUMAN"	"HUMAN"	13387448	13501524	13616034	13279431	13202263	12760385	13798106	13465045	12830161	13282577	13386990	13442659	14039035	13441920	12808813	13951302	13458665	13710947
"sp|P13010|XRCC5_HUMAN"	"HUMAN"	12746281	12047799	12343922	12342243	12139975	10942219	13087283	12438754	11641850	11190056	10569891	10779970	11826646	10665764	10134913	10479927	11024008	10879158
"sp|P13073|COX41_HUMAN"	"HUMAN"	1148884.1	1403502.2	1271087.1	928432.06	1273432.4	1173667.4	1166997	1196335.2	1194436.9	993102	1312474.9	1290961.5	991650.9	1276585.8	1015939.9	1164806.4	1012686.8	1358022.6
"sp|P13284|GILT_HUMAN"	"HUMAN"	222543.86	0	0	0	0	0	274760.44	0	0	145041.2	63090.082	0	132967.4	0	0	0	0	0
"sp|P13473|LAMP2_HUMAN"	"HUMAN"	510429.88	439234.12	446455.12	502719.56	458669.06	427374.5	433836.5	515984.5	431870.5	505762.12	461332.34	392208	417401.7	433159.34	400359.25	415926.72	396955.5	510171.66
"sp|P13489|RINI_HUMAN"	"HUMAN"	5371271	5973274	6062196.5	5717896	6123661.5	5521019.5	5824121	6068001	5908445.5	5809053.5	4884091	4679276.5	5658007	5439864.5	5335185	5069641.5	5799081	5021041
"sp|P13639|EF2_HUMAN"	"HUMAN"	84087560	87547940	86250230	84090264	88025540	80506040	84926050	85368470	81961980	84412140	87436740	84161340	83397490	84914060	83208760	88330930	87943960	86419970
"sp|P13645|K1C10_HUMAN"	"HUMAN"	102253.14	119983.414	0	114206.88	114288.53	105408.1	0	0	0	157486.97	106936.18	210221.78	145102.89	110144.484	0	102904.586	223322.83	127857.96
"sp|P13667|PDIA4_HUMAN"	"HUMAN"	3393969.5	4132985.5	3758876.2	3542643.8	3133349.5	3685418	3021873	3254380.8	3386320.2	3420947.5	3779941	3537553.5	3490882	2859285.2	3271160.5	3444907.8	3371961.2	3453164.8
"sp|P13693|TCTP_HUMAN"	"HUMAN"	2108486	2360415	1807020.1	2446566.8	1837980.4	2213515	2405785	2179010.8	2347712.8	2224858.8	1963039.8	1935961.2	2094750.8	2071848	2048772.2	2253488.8	1945094.6	1988627.5
"sp|P13796|PLSL_HUMAN"	"HUMAN"	14486555	15777890	14966922	15580595	14434031	14492464	16278869	15184957	15281194	15165752	16181732	15518102	15122934	15644445	15008342	16463722	16886986	15281624
"sp|P13798|ACPH_HUMAN"	"HUMAN"	629431.44	555900.6	508383.3	732900.94	604876.7	629387.6	642045.75	460242.03	486300.53	598851.7	564921.94	408337.22	343057.62	134288.02	486097.62	288447.25	498942.5	455651.75
"sp|P13804|ETFA_HUMAN"	"HUMAN"	4764313	4706020.5	4912826.5	4810335	4869726	4901323.5	4672540	4387041.5	4005576.5	4731482.5	5594378.5	4907616	4510296	4633162.5	4823467.5	4459889	5399373.5	4691214
"sp|P13807|GYS1_HUMAN"	"HUMAN"	0	0	0	0	0	0	0	0	0	0	0	0	0	0	0	0	0	0
"sp|P13861|KAP2_HUMAN"	"HUMAN"	596703	465032.6	484990.75	506558.34	433126.25	544081.56	716262.7	501463.22	482139.2	523979.44	615485.1	510874.78	1711113.5	1276592	471932.16	172134.28	453498	1528822.9
"sp|P13984|T2FB_HUMAN"	"HUMAN"	41176.35	39163.598	51176.03	156784.98	0	41902.45	183624	0	0	154949.75	169411	191171.98	194525.02	43542.305	47738.516	0	170456.06	0
"sp|P13987|CD59_HUMAN"	"HUMAN"	0	0	0	0	0	0	0	0	0	0	0	0	0	0	0	0	0	0
"sp|P13995|MTDC_HUMAN"	"HUMAN"	481481.03	762588	545927.7	544421.25	787144.25	453007.75	594740.7	508728.75	394843	440403.94	395484.9	389752.7	674249.06	222162.16	202035.25	223816.55	491516.56	207648.28
"sp|P14174|MIF_HUMAN"	"HUMAN"	4561594.5	3989846	3948312.5	4535430	4003482.8	3774978	4324647	3772549.8	3841735	4432990.5	4012440.8	3854323	4492096	3698292.5	3732014.8	4107910.2	3818670.2	3759788
"sp|P14314|GLU2B_HUMAN"	"HUMAN"	1639606.8	1977718.4	1892396.8	1596705.4	1961915.5	1931158	1686543.8	1727498.2	1628962.8	1651200.6	1941873.5	1558840	1546860.4	1626484	1774664	1901430.4	1631858.1	1849525.4
"sp|P14317|HCLS1_HUMAN"	"HUMAN"	0	0	0	0	0	0	0	0	0	0	0	0	0	0	0	0	0	0
"sp|P14324|FPPS_HUMAN"	"HUMAN"	2011303.9	2097916	2391498.8	1773642.8	2465877	1849122.6	2244064.5	2133948.5	1904705.2	1985941.5	1737015.2	2015428.6	1897841	1591470.6	1788096.5	2197964.5	1771709.6	1930360.9
"sp|P14373|TRI27_HUMAN"	"HUMAN"	0	0	0	0	0	0	0	0	0	0	0	0	0	0	0	0	0	0
"sp|P14406|CX7A2_HUMAN"	"HUMAN"	361521.75	399632.34	381988.38	333263.22	605072.56	398723.2	362182.97	332582.97	382145.22	333283	422051.38	320541.2	337654	451629.8	384353.75	431276.53	378691.9	483826.47
"sp|P14550|AK1A1_HUMAN"	"HUMAN"	498466.38	353973.7	439485.3	582588.44	417717.53	381845.75	432169.78	461931.38	434181.4	407243.2	284684.8	295066.7	348781.12	435890.75	319560.75	381203.16	497170.78	512481.4
"sp|P14618|KPYM_HUMAN"	"HUMAN"	32235298	34780570	35293664	32971074	34547120	32172444	32449788	32817464	33315974	29655994	32596952	31383744	29504300	31893624	32893450	32848688	36416572	34105932
"sp|P14625|ENPL_HUMAN"	"HUMAN"	7566368	7443508	6843930	8005314.5	7164505.5	8263836	7716050.5	7592125.5	7288390.5	8280433.5	8034065.5	8065071.5	8577237	8012850	7672112	7858738	7970874.5	7854887.5
"sp|P14635|CCNB1_HUMAN"	"HUMAN"	233253.83	174497.64	246658.42	197747.92	245337.69	248302.86	256367.19	150330.69	206323.55	243687.62	157526.6	192409.33	237189	171184.73	183823.6	260799.77	318888.9	0
"sp|P14678|RSMB_HUMAN"	"HUMAN"	4357210	4433641.5	4161094.5	4248844	4407257.5	4434691.5	4415905.5	3956492	4137881.2	4265302.5	4554895.5	4308423.5	4028280.8	4243134	4282559.5	4078813	4002665	4024917.5
"sp|P14735|IDE_HUMAN"	"HUMAN"	635323.25	507842.78	354783.72	587420.7	612746.4	568240.56	661670.94	732663.6	535299.2	509923.62	473990.25	641765.9	498324.2	578864.4	618332.5	453758.03	502909.53	499098.84
"sp|P14854|CX6B1_HUMAN"	"HUMAN"	1727637.2	1936004.9	1727199.8	1998096.5	1906340.5	1692358.9	2007248	1948524.8	1491085	2012679.9	1940758.4	1876812	1912883.5	1948646.2	1801420.2	2231798.5	1893205.9	1841657.6
"sp|P14866|HNRPL_HUMAN"	"HUMAN"	11001131	11725422	11402028	11119830	12374410	11202769	10931964	11526250	11349767	10965605	11466591	11617802	11137786	11391752	11176363	11823868	11068582	11322064
"sp|P14868|SYDC_HUMAN"	"HUMAN"	4556562	5239798	4440316.5	4477714.5	4636473.5	4415185	4628202	4352222.5	5020940.5	4994724	5967742	4913228.5	4522612	5227833.5	4762744	5584207	4544455.5	5786654.5
"sp|P14927|QCR7_HUMAN"	"HUMAN"	491768.16	452090.7	485252	519493.3	485045.88	511500.8	462876.12	513867.12	415152.16	488178	450058.25	540289.06	420658.75	553793.94	571880.06	608391.5	523236.1	573720.9
"sp|P15104|GLNA_HUMAN"	"HUMAN"	296230.12	293705.25	360437.25	336628.84	291199.47	323739.03	298191	186473.22	354225.7	424844.06	488967.8	353018.8	360748.3	520834.62	201079.64	309998	180982.47	501687.56
"sp|P15153|RAC2_HUMAN"	"HUMAN"	87823.79	75490.82	0	111812.805	92438.48	94646.36	91592.68	79184.73	0	96214.26	0	71590.13	94982.86	0	99812.99	89210.4	108563.71	0
"sp|P15170|ERF3A_HUMAN"	"HUMAN"	3437197	4212767	3964183	5030529.5	3876202.5	4087141.2	3397362.5	3705448.8	3840096	3569487.2	3818053.5	4026078	3542999.5	3945507	3292368.5	3878439.8	3890920.8	3842011.2
"sp|P15311|EZRI_HUMAN"	"HUMAN"	5983962.5	6572119	6361899.5	6324518.5	6501999.5	6348260	5792204.5	6242115.5	6095978	5975822.5	6242614	6299673	6409161	6452345.5	6258060.5	6012893.5	5884303	6388363
"sp|P15374|UCHL3_HUMAN"	"HUMAN"	807383.44	727947.2	1615145.1	1456677.6	390994.12	735516.25	1324113	109337.97	689424.2	865426.75	780567.25	616321.25	864170.9	943585.4	1436519.2	1082504.6	1040789.25	1279001.4
"sp|P15531|NDKA_HUMAN"	"HUMAN"	15822410	17912102	17890976	16053509	18148044	16367127	16120510	16146756	16230231	15997825	17140804	17007132	14707185	16767263	15295429	18163144	15963057	16737342
"sp|P15559|NQO1_HUMAN"	"HUMAN"	317376.75	221159.73	181557.28	320179.56	197043.06	155983.47	193532.84	178135.53	173339.03	303244.44	213250.88	225059.28	222998.69	207431.64	199772.27	222994.11	166552.11	0
"sp|P15586|GNS_HUMAN"	"HUMAN"	95688.21	0	97548.39	0	0	0	0	0	0	0	0	0	0	0	0	0	0	0
"sp|P15880|RS2_HUMAN"	"HUMAN"	11268411	12015324	11024271	11587966	11251121	10397608	12135815	10773313	10669325	11977071	11942968	11671623	11614923	11571285	11576244	12117767	11634058	11555910
"sp|P15927|RFA2_HUMAN"	"HUMAN"	1183912.8	1326039.8	1267371.5	1040974	1366370.4	1415207.9	1158353.5	1276672.2	1291770.9	1405553.2	1579699.8	1483623.8	1138387.5	1582948.5	1407357.6	1560634.6	1476885.2	1358491.5
"sp|P15954|COX7C_HUMAN"	"HUMAN"	89808.87	518588.5	595603.7	78201.2	104423.91	95600.93	87018.94	81975.66	104315.016	89207.5	116343.6	116991.35	83349.77	130801.64	102790.4	99615.984	103728.125	124871.84
"sp|P15976|GATA1_HUMAN"	"HUMAN"	0	0	0	0	0	0	0	0	0	0	0	0	0	0	0	0	0	0
"sp|P16083|NQO2_HUMAN"	"HUMAN"	0	0	164422.84	0	129676.234	89826.4	0	153713.6	125222.68	141025.9	0	137588.92	161956.8	150554.44	0	0	89675.51	0
"sp|P16150|LEUK_HUMAN"	"HUMAN"	0	0	0	0	0	0	0	0	0	0	0	0	0	0	0	0	0	0
"sp|P16152|CBR1_HUMAN"	"HUMAN"	294731.8	306728.97	0	377429.2	252873.72	317526.94	261519.23	290460.62	346057.88	336843.78	395384.56	364594.1	374388.78	354470.47	293556.16	487986.84	0	61540.21
"sp|P16157|ANK1_HUMAN"	"HUMAN"	1142422.6	902224.25	800038.9	837993.9	774963.9	889259.56	1012902.06	1055494.6	671791.94	1060657.6	1150894.8	1064252.8	1513367.9	1108708.8	1134942.4	639546.6	1049030.8	835444.1
"sp|P16220|CREB1_HUMAN"	"HUMAN"	133469.03	154530.27	376059.62	70447.766	139584.47	168873.03	307814.94	311080.4	356660.38	0	114590.68	148523.52	145383.1	251119.9	297463.7	0	208645.22	0
"sp|P16278|BGAL_HUMAN"	"HUMAN"	144494.08	0	0	76918.266	0	114063.305	0	47676.004	0	44064.11	0	0	262784.5	286950.22	0	0	369597.03	89227.42
"sp|P16930|FAAA_HUMAN"	"HUMAN"	2067256.2	2001265	2121976.5	2096740.1	1942114.9	2052796.1	2129791.8	2037978.6	2026071.6	1888015.9	2265345	2302027.5	2027098	1897313.8	2259977.8	2051265.2	2140890	2081689.5
"sp|P16949|STMN1_HUMAN"	"HUMAN"	14028358	14327764	14910700	13406961	15330256	14623711	13764001	14182314	15548758	15071539	16113574	15412976	14663899	15461005	16128036	16179126	16216886	15993661
"sp|P16989|YBOX3_HUMAN"	"HUMAN"	0	0	0	0	0	0	0	0	0	0	0	0	0	0	0	0	0	0
"sp|P17096|HMGA1_HUMAN"	"HUMAN"	2538594	3637822.2	3811794.5	2810441.8	3533814	3612523.5	2511749.8	3504823.8	3610660.8	2348815.5	3106458	3080988	2175046.5	3165373.5	2765702.2	3609166.5	2966572.2	3355748
"sp|P17174|AATC_HUMAN"	"HUMAN"	7306995	3318268.2	7120424	3334783.2	3142780.5	3172889.5	3217257	3174215	6575659	5232996	5216752	5221444.5	2856706	5190767	4872417.5	4847260	3065767.8	2587106.5
"sp|P17480|UBF1_HUMAN"	"HUMAN"	586264.5	856041.56	441804.3	701643.5	590128	475730.44	804686.6	695800.75	815105.5	634380.4	520986.28	242474.22	632392.3	419983.88	569154.3	254940.98	553358	513488.28
"sp|P17612|KAPCA_HUMAN"	"HUMAN"	291466.88	0	119621.69	253545.81	131733.52	122723.734	130753.2	169750	121123.234	250262.22	150926.23	224813.03	373914.25	153709.28	249067.56	217025.03	207590.14	69351.78
"sp|P17655|CAN2_HUMAN"	"HUMAN"	510495.3	784704.44	687336.1	485456.6	636985.75	622715.3	475847.44	614219.5	628851.3	689311.1	540108.5	657164.2	619040.2	517825.12	553809.25	562702.9	720350.2	845337.1
"sp|P17706|PTN2_HUMAN"	"HUMAN"	0	0	0	0	0	0	0	0	0	0	0	0	0	0	0	0	0	0
"sp|P17812|PYRG1_HUMAN"	"HUMAN"	2463485	2889249	2795609.5	3640361.8	2662007	3510453.5	3258713.8	2588481.2	2523051.8	2836966.8	2822959.8	2626656.5	3071623.2	2463030.5	2390574.2	2523688.2	3553705.8	2792951.5
"sp|P17844|DDX5_HUMAN"	"HUMAN"	24042466	25361408	24596612	23350960	24075248	22502462	23359828	23102396	22335312	24125498	25423726	24154498	23494086	23939528	23995038	25821106	24932292	23554710
"sp|P17858|PFKAL_HUMAN"	"HUMAN"	464690.06	246796.44	167466.7	469988.3	442526.06	249240.56	486296	0	0	461012.2	557305.5	229046.64	541866.1	437756.06	392154.5	438441	248921.6	452785.62
"sp|P17980|PRS6A_HUMAN"	"HUMAN"	5193808.5	5150752	4789475.5	5423625	4630310.5	4654489	5546723.5	5399845	5179837	5520324.5	5214864	5282606	5545694.5	5532221	5246509.5	5395474.5	5889363.5	5624360.5
"sp|P17987|TCPA_HUMAN"	"HUMAN"	23289612	24957728	24898482	23897370	25136176	22549676	23160874	24293644	23207686	23193180	24491552	23768774	23010750	23610694	23124924	25207868	24585150	23827844
"sp|P18031|PTN1_HUMAN"	"HUMAN"	514749.97	453003.66	762163.25	818027.25	607840.5	660662.4	793846.94	840942.7	359234.34	1040711.56	901436.06	1162038.6	1028286.94	638760.56	674592.4	844835.4	1028680.4	784739.94
"sp|P18074|ERCC2_HUMAN"	"HUMAN"	0	0	0	0	0	0	0	0	0	0	0	0	0	0	0	0	0	0
"sp|P18077|RL35A_HUMAN"	"HUMAN"	2328119.8	2537412.8	2655485.2	2033787.5	2344129.8	2388182.5	2153311.5	2376824.2	2608298	2038040.6	2657947.2	2402438.5	2039012.5	2600860.2	2569016.8	2601108	2458009	2790334.5
"sp|P18085|ARF4_HUMAN"	"HUMAN"	486240.5	507568.53	518657.75	492435.6	520578.38	454796.12	565362.1	435322.06	521187.94	476336.97	536055.3	505132.88	428677.4	498180.44	583460.7	451868.8	557527	493355.78
"sp|P18124|RL7_HUMAN"	"HUMAN"	9250905	10007398	9331329	9108160	9476409	9384698	9474958	9416219	8829897	9231206	9549993	9590869	9274655	9692228	9426703	10249797	10491906	9755429
"sp|P18206|VINC_HUMAN"	"HUMAN"	15317328	21766460	22890492	19856498	22288204	20407972	19912378	21892110	21775272	16695479	17449576	18166296	16457629	18578332	19484716	19835178	16473631	19462636
"sp|P18583|SON_HUMAN"	"HUMAN"	2071097.4	1821352	1435288.2	1773661.5	1866323.6	1750050.4	1947542.6	1812839.9	1873209	2052114	1598064.6	1654247.8	2565554	1644423.1	1344358.1	1887359	1780810.5	1651006.8
"sp|P18621|RL17_HUMAN"	"HUMAN"	3831963.5	2718214.5	3788409	3442233	3033099.8	3469042.5	2751192.5	3311542	3595186.8	2739804.5	3563733.2	3907752.2	2926456.5	3864062.2	3417260.2	3741267	3500869.2	4047504.5
"sp|P18669|PGAM1_HUMAN"	"HUMAN"	9519145	9240188	9519838	9648656	9187737	9412916	9311925	8737359	8569958	9554500	8984349	9060979	9807641	9041269	8558373	8975997	9197816	8867294
"sp|P18754|RCC1_HUMAN"	"HUMAN"	4958540.5	6106075.5	5700829	5584563.5	4274027	4684150	5770160.5	5626747.5	5098640.5	5542888	6245637.5	5811685	5450313	5805188.5	4205723.5	6519422	6173458.5	5664568
"sp|P18858|DNLI1_HUMAN"	"HUMAN"	517984.34	375957.38	572494.7	607500.2	512557.2	503273.3	732756.75	464439	368674.8	840912.75	455724.9	403372.2	658112.1	469034.8	558606.1	481752	501206.4	414730.03
"sp|P18859|ATP5J_HUMAN"	"HUMAN"	739682.94	1061980.4	1086696.9	670284.5	1033462.5	950463.56	733416.25	991899.4	867161.3	615368.3	763273.9	556644.2	606143.56	703802.94	651029.06	792713.5	713320.94	700881.25
"sp|P18887|XRCC1_HUMAN"	"HUMAN"	0	0	0	0	0	0	0	0	0	0	0	0	0	0	0	0	0	0
"sp|P19174|PLCG1_HUMAN"	"HUMAN"	0	365110.56	395511.25	416355.75	0	99824.89	0	464247.72	175438	0	0	0	101614.7	275557.78	0	77403.03	315885.6	315858.94
"sp|P19338|NUCL_HUMAN"	"HUMAN"	22658282	26738668	29455146	23061042	26021570	25125194	23322844	24908012	25905890	23381204	27090348	26028362	22646870	25710312	26203142	26899298	27580016	26695918
"sp|P19367|HXK1_HUMAN"	"HUMAN"	810285.2	736253.2	898541.06	829137.4	940699.44	849938.75	730414.06	982656.5	808797.9	756133.25	834556.75	842288.8	637759.5	761480	997568.6	534813.9	1090731.1	668245.9
"sp|P19387|RPB3_HUMAN"	"HUMAN"	372189.44	404234.6	389595.44	335341.5	359931.4	231280.77	246955.6	381288.84	380971.03	335540.12	369177.3	540194.6	359652.97	434261.4	237269.39	253949.75	422445.12	393389.25
"sp|P19388|RPAB1_HUMAN"	"HUMAN"	1429256.1	1635573.6	1485543.4	1064195.5	1568472.8	1518648.9	1180159.9	1533646.2	1416141.5	1550927.5	1838651.8	1722370	1537522.5	1254794.4	1585554.8	1077403.2	1728485.8	1638858
"sp|P19404|NDUV2_HUMAN"	"HUMAN"	173253.27	0	94046.62	0	187902.84	162593.75	0	191164.28	70975.99	71939.9	73224.055	0	0	31744.61	76216.82	0	154269.48	70534.37
"sp|P19525|E2AK2_HUMAN"	"HUMAN"	109010.47	110907.625	93765.92	89747.47	91487.45	88496.945	111008.8	0	91454.46	88404.09	112367.02	0	97380.766	0	0	0	71798.31	0
"sp|P19623|SPEE_HUMAN"	"HUMAN"	3609010	3583510.8	3524627.5	3940558	3293579	3532355	3938296.8	3466966.2	3144191.2	3677180.8	4194128	3527790.5	4257943	4169274	3771560.8	4254477	4020960.2	4118281.5
"sp|P19784|CSK22_HUMAN"	"HUMAN"	117408.53	120565.74	106994.234	89982.56	113646.83	98039.734	104377.38	102328.51	114625.04	92225.64	98784.06	124901.81	101565.25	133839.62	82549.01	152021.9	181352.44	118751.875
"sp|P20042|IF2B_HUMAN"	"HUMAN"	5363955.5	2209299.8	1960692.4	5610390	1997595	2139017	3135732	3136039.2	1991557.1	2549620.2	2755205	2215352.2	2395849.5	2576866.2	3126363	2461217.2	2903298.5	2106235.8
"sp|P20073|ANXA7_HUMAN"	"HUMAN"	1959102.1	2748832.8	2495737.5	2018232.1	2724158.8	2018940.4	1849365.1	1894542.4	2660989.8	2059933.5	1702248.5	1918253.2	1870201.6	2025809.9	2092604	2267698.5	2151490.2	1895537.5
"sp|P20290|BTF3_HUMAN"	"HUMAN"	1716422.1	1827390.9	1815360.2	1541095.2	1750967	1736339.6	2112632	2010585.4	1617837.5	1587049.9	1830565.8	2299948	1640214.5	1703792.2	1934297.6	1800890.5	2444203.5	2035957.9
"sp|P20339|RAB5A_HUMAN"	"HUMAN"	0	0	0	0	17758.521	0	0	0	0	0	0	49528.7	73821.72	61996.957	0	0	0	0
"sp|P20340|RAB6A_HUMAN"	"HUMAN"	0	381431.3	0	356850.44	286893.7	354382.75	339236.84	330994.03	319976.25	435341.47	488660.94	499259.3	217324.02	247355.69	426818.94	274488.3	609207.9	255504.8
"sp|P20618|PSB1_HUMAN"	"HUMAN"	2736828	3007905.5	2728981.2	2722021.8	2776479.2	2944421.5	2339788	2497537.5	2451012	2497761.5	3131320	2994301.8	2375004.2	3216382	2400083	3271701	2684140.5	3217609.5
"sp|P20645|MPRD_HUMAN"	"HUMAN"	60794.746	0	0	72367.98	0	0	58248.83	0	0	0	71054.875	92356.82	0	82436.055	68281.85	0	86221.66	94615.484
"sp|P20674|COX5A_HUMAN"	"HUMAN"	2553258.8	2820136.5	2571792.5	2713834.5	2730661.2	2646909.2	2734179	2793302.5	2753922.8	2605074.2	2742486.5	2615438.5	2642298.8	4821453.5	2739955	2826480.8	2660569.8	2795922
"sp|P20700|LMNB1_HUMAN"	"HUMAN"	12526922	14109487	14033208	12849006	12972146	13090565	12894432	13251643	13144183	11850976	12629210	12446622	11547659	13057382	13129001	11504484	13430238	13756252
"sp|P20810|ICAL_HUMAN"	"HUMAN"	353061.88	270462.7	437386.8	242062.28	396812.2	455491.88	362796.16	423913.84	458764	298248.9	292546.56	363396.22	344219.75	402379.7	346834.6	341551.22	607218.8	341249.66
"sp|P20839|IMDH1_HUMAN"	"HUMAN"	621994.9	645166.94	400059.5	669875.8	686814.25	620195.8	700993.44	673299.4	674314	874343.1	451949.28	459206.38	440259.5	753472.1	781980.4	718624.75	454267.72	188413
"sp|P20962|PTMS_HUMAN"	"HUMAN"	320329.25	126464.805	404456.38	374848.06	624831.9	127173.41	298612.84	525986.56	409521.7	399280.4	382270.56	328467.88	292094.9	518110.4	371180	466690.66	113661.05	372000.75
"sp|P21127|CD11B_HUMAN"	"HUMAN"	287198.38	523591.5	642822.75	762651	357768.28	455250.06	924887	804749.7	549065.4	661787.5	284390.9	600470.75	522962.78	285759.9	674684.75	77302.88	925118.75	394642.34
"sp|P21281|VATB2_HUMAN"	"HUMAN"	1807555.4	1713433.2	1560387	1760803.1	1761445.1	1462439.6	1647772.9	1766735.4	1752286.9	1867996.5	1555418	1725529.5	2093044	1690948.2	1819630.4	1319249.6	1821938.9	1811290.9
"sp|P21283|VATC1_HUMAN"	"HUMAN"	383189.12	406093.88	351186.56	170851.81	417384.44	387607.4	441535.78	218630.52	353958.25	324093.7	301115.6	336427.8	397671.78	360218.56	262764.53	236917.97	380221.8	259931.8
"sp|P21291|CSRP1_HUMAN"	"HUMAN"	0	0	0	0	0	0	0	0	0	0	0	0	0	0	0	0	0	0
"sp|P21333|FLNA_HUMAN"	"HUMAN"	18403378	19772360	19408738	18196580	20306854	18375366	19246152	17374592	18503724	18033020	19678246	19232710	18607842	20055240	18619116	20640964	19389126	19893980
"sp|P21399|ACOHC_HUMAN"	"HUMAN"	682801.1	357072.75	332699.38	501049.28	681688.56	227611.88	965940.6	460974.44	149720.45	449279.34	671435.44	331609.94	926089.4	629175.1	766696.1	166734.77	661931.9	705226.9
"sp|P21796|VDAC1_HUMAN"	"HUMAN"	4495316.5	4480109	4192554.2	4057814.2	3677627.2	4213506.5	4433096	4010358.5	4020987.5	4068927	4197475	3953021	4122747	4456480	4263885.5	4482143	3957990.8	4157278.5
"sp|P21912|SDHB_HUMAN"	"HUMAN"	1568666.2	1663758	1756055.8	1591593.5	1741826.5	1203615.6	1372505.6	1994853	1325043.4	1485358.2	1377027.2	1359228.9	1108365.2	1522771.6	1632770.5	1314265.5	1404656.6	1342332.6
"sp|P21964|COMT_HUMAN"	"HUMAN"	3009174.5	2759490	3064013.5	2882906.5	2839331.2	3044082	3000765.2	2892746.5	2683456.2	2786354.8	2900351.2	3009656.2	2990596.8	2842822.2	2900939.2	2952895.8	2799733.2	2924959
"sp|P21980|TGM2_HUMAN"	"HUMAN"	1736044.5	1908904.2	1708911.8	2138746	1478639.5	1337667.4	2167850.5	1630828	1848075.8	2708311.5	2368306.2	1954372.2	2349947	2122796.2	2348905.8	1911018.6	2058647.8	2212559.2
"sp|P22059|OSBP1_HUMAN"	"HUMAN"	230152.78	259783.75	225672.7	297074.38	199155.12	228881.47	234256.39	252293.8	205542.56	351367.62	305290.2	286401.16	308269.97	201777.66	272990.7	238806.94	331714.2	261453.9
"sp|P22061|PIMT_HUMAN"	"HUMAN"	4625268.5	4665390	4528696	5050230.5	4791588	4822826	5178180	4692005	4793094.5	4594587	4395494.5	3831486.2	4585152	4358188	5014265	4662691.5	4687484	4449889.5
"sp|P22087|FBRL_HUMAN"	"HUMAN"	4985786	5291121	5381297.5	5271480.5	5840721.5	4981281	5463301.5	5305965.5	5479271	5358285	6248248	6049152	5588689	5880136	5523208.5	5942149	5810514	5895207
"sp|P22102|PUR2_HUMAN"	"HUMAN"	21983410	22157394	22914764	22040554	22571046	21419034	22297260	22784654	21786192	21926334	22452028	23188722	21736500	20585878	22765838	22338106	23416172	23133340
"sp|P22234|PUR6_HUMAN"	"HUMAN"	11620484	13337276	13169950	11588378	12733098	11862319	12137274	14097691	11907787	11761168	13381727	12382305	11837929	12862459	12977318	14429578	14281465	13077035
"sp|P22307|SCP2_HUMAN"	"HUMAN"	0	85686.766	113793.78	54097.953	180952.25	0	96090.66	141459.53	0	69832.39	111173.18	0	101701.5	0	0	0	0	102314.305
"sp|P22314|UBA1_HUMAN"	"HUMAN"	7608657.5	8022278.5	8287560	8069446.5	7905649.5	7513825	8457238	8172552.5	7495865.5	7552955	7602450.5	7648830.5	8178586.5	7941339	7793163.5	7703082	6953686	6854232.5
"sp|P22392|NDKB_HUMAN"	"HUMAN"	11247226	11332217	13814360	11352390	11988311	11828455	12258649	11825699	11432822	10834526	11560662	12073971	11725595	11740232	11560188	11507899	13248773	11472689
"sp|P22570|ADRO_HUMAN"	"HUMAN"	338177.38	302362.5	449181	117732.62	517544.56	489886.53	344611.7	520149.06	223469.72	497233.62	310892.3	445781.66	207401.1	438260.12	463401.62	0	377987.56	458679.7
"sp|P22626|ROA2_HUMAN"	"HUMAN"	39282670	43051940	47227396	38878896	42967196	42331084	40264304	44481560	42884890	40106108	45693070	46428380	40786588	44356070	44205236	47572536	49343090	45305868
"sp|P22681|CBL_HUMAN"	"HUMAN"	301104.12	296757.34	0	0	295283.56	291089.2	303787.34	343860.25	330895.28	0	0	0	227992.16	0	0	0	0	0
"sp|P22695|QCR2_HUMAN"	"HUMAN"	2417807.5	2086434	2069094.9	2469024	2172834	1934548.2	2768407.8	2028674.8	1907023.9	2438683	2105657.8	2149071	2043185.4	2355822.2	2447446.5	2748905.5	2338012.5	1923987.5
"sp|P22830|HEMH_HUMAN"	"HUMAN"	79170.75	272905	202776.28	89133.87	224084.36	205638.83	80372.08	163217.56	38763.227	261964.95	58943.258	73228.29	306530.8	69508.77	124795.7	0	145217.72	0
"sp|P23193|TCEA1_HUMAN"	"HUMAN"	963500.7	828106.7	735109.9	944788.2	821456.4	1245882.8	840957.1	886726.1	832646.9	1099263.9	910034.44	1184897.9	1239386.1	1026481.25	1218303.4	1473958.5	1135764.2	1315546
"sp|P23246|SFPQ_HUMAN"	"HUMAN"	13155575	16487790	16934464	13463669	16149946	15982593	13603097	16546972	15782566	13349172	16398714	16447872	13082946	15907303	16406484	16261304	16971676	16906840
"sp|P23258|TBG1_HUMAN"	"HUMAN"	0	261436.72	138871.58	189811.44	186160.75	138463.33	214530.52	164225.72	165770.73	90298.79	258557.42	192852.39	183916.97	112983.39	78967.83	279308	91351.93	0
"sp|P23284|PPIB_HUMAN"	"HUMAN"	6349765	6605979.5	6545047	5525182	6041321	6615812	5830469.5	6565659	6191345	5506005.5	6264402	5681511	5363321	6293423	5336472.5	6260179	5826148.5	6223728
"sp|P23381|SYWC_HUMAN"	"HUMAN"	9070528	9312503	8493335	8269526.5	8803230	8249126.5	8769020	9307350	8182718.5	9411536	9471674	9288533	9320188	8948841	9248510	8975826	9813192	9679350
"sp|P23396|RS3_HUMAN"	"HUMAN"	15651563	16931758	15958016	15396154	16234880	15543912	15662371	15475088	15678588	15643145	16210910	15656277	14793631	15692445	15096182	17143170	15355536	16037378
"sp|P23434|GCSH_HUMAN"	"HUMAN"	199056.92	205600.81	210874.33	212097.45	171655.81	231644.94	200489.77	274399	226772.14	215127.58	224654.86	256178.02	246633.94	241359.39	233106.4	255433.39	288447.28	251647.69
"sp|P23526|SAHH_HUMAN"	"HUMAN"	8684199	10739892	10889645	9151592	11309720	9824261	9235706	9452886	10748634	9466179	10230701	10203941	9339233	10660179	10326633	10973740	11201219	11140307
"sp|P23528|COF1_HUMAN"	"HUMAN"	24533102	26113686	26901354	24996064	26231180	24625824	24855860	27148488	25936106	24943370	25889840	26404512	24816168	25874450	26192946	26845010	28148888	26738318
"sp|P23588|IF4B_HUMAN"	"HUMAN"	3183570.5	3295729.2	3055366.2	2599998.2	3145209.5	3321477.8	2823693	3107523.8	3462923.5	3214134.2	3248924.8	3485564.2	3088840.8	3252201.5	3684096.2	3426136	3158933	3942876.8
"sp|P23763|VAMP1_HUMAN"	"HUMAN"	0	0	0	54356.9	86162.7	0	78134.336	0	0	0	0	0	0	0	0	0	0	0
"sp|P23786|CPT2_HUMAN"	"HUMAN"	0	0	0	0	0	0	0	0	0	0	0	0	0	0	0	0	0	0
"sp|P23919|KTHY_HUMAN"	"HUMAN"	151396.81	85927.37	127129.39	87235.16	0	79257.98	102030.164	92330.75	0	309707.94	150025.72	195109.69	111159.76	90154.48	92055.79	190679.97	99354.25	0
"sp|P23921|RIR1_HUMAN"	"HUMAN"	2689992.5	2750306.8	3183860.5	2680122.8	3040202	2175233	3155600.8	2658745	2905407.8	2924147.5	2567239	2612147.2	2871847.2	2717201.2	3329575.2	2788803.5	2800983.8	2478163
"sp|P24311|COX7B_HUMAN"	"HUMAN"	46621.67	0	0	53016.848	36197.562	0	46193.582	37622.94	0	0	189922.44	133422.33	171237.45	124916.09	53926.965	154078.78	0	112202.336
"sp|P24534|EF1B_HUMAN"	"HUMAN"	9531650	10318819	9447065	9397400	9804061	9462458	9223516	9279245	9101495	9054344	9281927	8920244	9527660	9675359	9290608	9497768	9746168	9480674
"sp|P24539|AT5F1_HUMAN"	"HUMAN"	503785	710488.4	273562.2	411368.56	1059142.2	253068.86	537698.4	675594.4	592465.2	649128.5	1092305.1	981242.5	443274.5	895797.44	294619.78	598187.1	118239.27	1159382.5
"sp|P24666|PPAC_HUMAN"	"HUMAN"	1539004.8	1636079.2	1124222.5	1468456.8	1206074.9	1175547.8	1456437.8	893257.8	1245130.4	1646866.5	1380142.2	1431022.1	1259872.4	1340391.8	1468347.8	1860893.8	874075.3	1462627.9
"sp|P24752|THIL_HUMAN"	"HUMAN"	2123238.2	2408917	2062782.2	2098478.8	2085918.8	1921617	2049249.5	1869374.6	2025416.2	2151066.2	2412870.8	2597372	2099696	2505861.5	2038155.8	2540229.8	2095335.8	2207786
"sp|P24928|RPB1_HUMAN"	"HUMAN"	234443.33	392952.88	374121.06	201800.69	167104.52	263639.34	239621.48	210400.77	313814.3	107749.695	80304.93	94706.16	93301.49	103531.234	295229.22	91119.97	70596.04	272854.06
"sp|P24941|CDK2_HUMAN"	"HUMAN"	488751.06	463664.38	586398.56	555494.1	473807.3	622208.75	571974.4	495411.12	440344.8	666680.8	486490.25	760519.9	552704.7	542290.5	735331.8	577016.06	820801.75	650718.9
"sp|P25098|ARBK1_HUMAN"	"HUMAN"	0	0	0	0	0	0	0	0	0	0	0	0	0	0	0	0	0	0
"sp|P25205|MCM3_HUMAN"	"HUMAN"	8788076	9016482	9211085	9023418	8886717	9197944	9070260	8781781	8538280	9165016	10282681	9412603	9732001	9595142	9596944	9862072	9622481	9644273
"sp|P25325|THTM_HUMAN"	"HUMAN"	224460.39	74701.07	170742.89	254679.75	90863.414	211270.89	249766.33	289892.3	116422.61	151629.61	225006.84	80940.31	125979.195	106587.73	117717.6	240187	221523.44	118948.16
"sp|P25398|RS12_HUMAN"	"HUMAN"	7258561	7629800	6648523.5	7272957.5	6918000	6447725	7232831	6669746	6268746	7265787	7255736	6730021.5	7425094.5	6894349.5	6703181	7303488.5	6837033	6635348.5
"sp|P25490|TYY1_HUMAN"	"HUMAN"	0	0	0	0	0	0	23016.201	0	0	21291.74	0	26133.643	0	0	0	0	0	0
"sp|P25685|DNJB1_HUMAN"	"HUMAN"	1560135.4	853652.6	977320.06	1588498.6	431097.84	692803.94	1638067.8	680799	769992.6	1591203.5	1527405.9	933464.2	1764627.5	1412322.6	1241472.9	1456603.8	1296791.8	1355553.6
"sp|P25705|ATPA_HUMAN"	"HUMAN"	20644830	21921214	21069932	20812914	22427862	20441258	21596184	20147432	19977382	20402218	21623106	21425464	19726794	21196278	20419548	22168270	20655638	20567584
"sp|P25786|PSA1_HUMAN"	"HUMAN"	7037679	8148923.5	7849457.5	7224175.5	7542099	7049045	7141023	7191704.5	7129583	7331363.5	8108442.5	7370064.5	6915404.5	7105616.5	6627965	7395411	7526421.5	7597389
"sp|P25787|PSA2_HUMAN"	"HUMAN"	3828423	3690806.2	3675426.2	3879957.5	4045622.2	3713661.2	4027592.5	3758923.2	3781719	3891823.2	3990438	3926518.8	3962466.8	4018347.2	3679829.5	3684028	3886522	4027008.2
"sp|P25788|PSA3_HUMAN"	"HUMAN"	2553968	2598108	2918288.5	2807453	2775397.5	2796421.2	2474841	2628858.5	2918590.8	2788132	2815164.8	2931301.5	2521216.5	2822334	2867617.2	3104108.8	2831522.8	2917428
"sp|P25789|PSA4_HUMAN"	"HUMAN"	2580458.8	3114356	3096113.8	2475417.2	3035468.8	2834145.5	2990277.2	3117595	3320202.8	2594728.5	3474130.8	3195269.2	2625667.5	2946360	2960111	3046456	3769189	3158219.8
"sp|P25815|S100P_HUMAN"	"HUMAN"	271244.6	213231.38	205052.4	409476.34	301657.78	246768.31	252562.88	333494.2	160498.94	265633.22	196464.6	209827.33	281157.25	258691.97	235838.1	207299.52	236152.9	175276
"sp|P26038|MOES_HUMAN"	"HUMAN"	16643165	17312058	17896308	15935910	19246614	18191174	16963958	17660982	18294258	15773983	18183936	18364850	16613347	17993594	17536702	16907548	18557188	16681327
"sp|P26196|DDX6_HUMAN"	"HUMAN"	916690.7	909947.44	1552175.5	1071483.8	1766868.5	1460955.1	1152687	1480599.1	1461734.2	1102617.9	1005735.1	1304800.6	1268685.2	1393718	1253889	1359539.5	1939640.6	1168002.8
"sp|P26358|DNMT1_HUMAN"	"HUMAN"	106168.26	90668.79	140690.75	90869.375	123669.94	111231.086	0	150516.67	117106.46	88922.22	114994.234	112362.75	84472.76	119255.92	120877.586	94677.98	116902.34	118628.14
"sp|P26368|U2AF2_HUMAN"	"HUMAN"	6134242	5931883.5	6093464.5	6213092.5	6189732	6029634.5	6771917.5	6219759	5985150.5	6351179	6272649	6143752	6632161	6042439	5996433.5	6601550	7000033	6230074.5
"sp|P26373|RL13_HUMAN"	"HUMAN"	4537135.5	5177255.5	5250668	4511484.5	5009701.5	5397260.5	4580823.5	5192019.5	5160181.5	4600083.5	5040406	4990776.5	4418801	5012185.5	4904798.5	4828207	5098722.5	5118053.5
"sp|P26583|HMGB2_HUMAN"	"HUMAN"	2119748.2	3083164.8	3026281.2	2433106.5	3033858.2	2809671.5	2086814.2	2690805.8	2942435.8	2640895.8	3329906.8	3458761	2446424.5	3263021.5	3194403	3138804	3129508.5	3004663.2
"sp|P26599|PTBP1_HUMAN"	"HUMAN"	21987862	22280074	23403274	21673916	21463270	21175414	21847282	22097486	21361724	21708038	22740698	22524158	22397926	21726652	21083394	22056206	23985276	21217300
"sp|P26639|SYTC_HUMAN"	"HUMAN"	12266697	13321037	13496652	13131374	12228640	12988103	12988283	11896109	13126415	11700894	12666896	13383806	13521848	12931634	12220212	13475373	12849344	12724301
"sp|P26640|SYVC_HUMAN"	"HUMAN"	5669540	6210944	5531642.5	5802102.5	6237070	5980066.5	5420893	6027621	5966870.5	6686954.5	6631624.5	5721458.5	6546025	7059296	6391291	5359905	5557864.5	5518745
"sp|P26641|EF1G_HUMAN"	"HUMAN"	20044940	20875458	21431518	19924390	20403482	19545712	20231744	20244376	19902128	21822620	20210980	21494054	21264920	20242302	20722804	20492430	21508016	20604152
"sp|P26885|FKBP2_HUMAN"	"HUMAN"	488450.9	406421.8	411541.84	532313.4	463409.94	453054.47	585608.75	508936.8	353522.9	500957.62	430916.72	468688.28	554851.4	463520.5	452143.44	467932.12	512197.2	402951.3
"sp|P27144|KAD4_HUMAN"	"HUMAN"	0	0	0	0	0	0	0	52003.824	0	0	0	0	0	0	0	0	0	0
"sp|P27348|1433T_HUMAN"	"HUMAN"	5756998.5	5130620	5668112.5	5453155.5	5551884.5	5293872.5	5763587	5564412.5	5127064.5	5450645	4871921	5416914	5668683.5	5395136.5	5268910.5	5107252.5	5318676.5	5627537.5
"sp|P27482|CALL3_HUMAN"	"HUMAN"	0	0	0	0	0	0	0	0	0	0	0	0	0	0	0	320374.9	0	0
"sp|P27635|RL10_HUMAN"	"HUMAN"	4760274	5116499.5	5300747	4708281.5	5108701	4635524	4881191	5182630	5006098	4616490.5	5036225	5533163	4943827	4673912	5248405	4394539.5	5379845	5122580
"sp|P27694|RFA1_HUMAN"	"HUMAN"	1898382	2901397	2805632.8	2851387.8	2005167.4	1898893.9	2513055.5	2189448.5	2592189.2	2557506.8	2525678.2	3292196	2900096.2	2313806.5	3190871.2	2583550.5	2506377	1737224.5
"sp|P27695|APEX1_HUMAN"	"HUMAN"	2202838.2	2187504.2	2155853.8	2337515.2	2350421.2	2177691.5	2226970.2	2302687.2	2308990.2	2676474.2	2181283.8	2103890	2280704	2513371	2469176.8	2739692.2	2304909.8	2265032.8
"sp|P27707|DCK_HUMAN"	"HUMAN"	464874.88	327742.3	69661.47	507930.7	326528.4	78248.914	59176.855	59056.44	0	318945.66	0	0	80663.59	0	49709.453	77374.81	0	97932.56
"sp|P27708|PYR1_HUMAN"	"HUMAN"	4246208	3727152.8	3956533.2	4125018.8	3391656	3563589	4063089.2	4008517.8	3945340	3992136.5	3859185.2	3982891	4194491.5	3432077.5	4224622	3602559.5	3767495	3246812.5
"sp|P27797|CALR_HUMAN"	"HUMAN"	8385954.5	9073015	10290641	8337144	8939467	8871554	8847370	9631435	9083843	8834180	9081250	8148157	8335427	8417943	9474887	9200828	9914153	7725862.5
"sp|P27816|MAP4_HUMAN"	"HUMAN"	3512579	3414180.2	3387255.5	3488282.2	3256520.8	3241020.8	3636896.2	3277912.5	3028596.5	4082532.5	3865620.5	3164208.8	3852085.5	3516422.5	3248361.8	3093368	3439058.5	3605439
"sp|P27824|CALX_HUMAN"	"HUMAN"	628055.4	551344.6	521718.47	683571.6	802612.9	685816.5	539981.06	727067.5	385219.3	498022.47	684711.4	573767.6	732012.75	750950.56	820897	408602.88	800947.25	828961.8
"sp|P28066|PSA5_HUMAN"	"HUMAN"	7606277	8010786.5	8201025.5	7945062.5	7347591	6500435	7513775	7723603.5	7778926	7760906.5	8046365	8001289	7756125	7894613	7820069.5	8062011.5	8039857	6404530.5
"sp|P28070|PSB4_HUMAN"	"HUMAN"	3215517.2	3499435.5	3001891	1805890.2	2669520.8	2085485.1	2832483	2808606.5	2067264.2	2855044	2357418.5	2204138	2076212	2087383.2	2259785.8	2701079	2359857	1494785.9
"sp|P28072|PSB6_HUMAN"	"HUMAN"	1928113.6	1946887	1925415.8	1978475.4	2011148.4	1890745.1	1917266.8	1750904.1	1992280.9	1919479	2001685	1902930.2	1930057.8	2018716	2011263	2022581.4	1876958	2069490
"sp|P28074|PSB5_HUMAN"	"HUMAN"	1554470.5	1813004	1910140.5	1519638.2	1954563	1848671.8	1394838.4	1572666	1390609.1	1614835	1995644	1921248.8	1446512.5	1354297.2	1783334.6	1304306.2	1504782.8	1467086.8
"sp|P28331|NDUS1_HUMAN"	"HUMAN"	386369.94	658217.75	363050.94	395561.84	659549.6	696948.7	317897.75	387838.1	349360.03	586007.2	627085.7	489925.72	623514.6	321482.72	697355.56	483030.5	440056.94	756258.7
"sp|P28340|DPOD1_HUMAN"	"HUMAN"	271519	153446.3	239890.72	140989.56	130070.77	222273.11	146162.81	272199	118016.234	134601.88	146471.84	131683.98	157010.3	133525.34	0	437201.38	152815.2	137198.56
"sp|P28482|MK01_HUMAN"	"HUMAN"	5456433	5930052	5358221	5072838	5524054	4146028	5552248.5	4623261	5122110.5	5127215.5	6317695	5986134.5	4473427	5591492.5	4656347	5711921.5	5578653	5605594
"sp|P28838|AMPL_HUMAN"	"HUMAN"	3717269.2	3715275.8	3755526.5	3146313.8	3483987.5	3948265.5	3818162.2	3270986.2	4039996.5	3121735	3297458.8	3879484.2	3292522.2	3308087.5	3509675.2	3386835.2	3493044.2	3451413.5
"sp|P29083|T2EA_HUMAN"	"HUMAN"	65972.76	0	104556.22	77035.98	71466.375	84282.76	99243.67	0	66948.805	99079.805	0	0	112567.41	0	0	0	0	0
"sp|P29084|T2EB_HUMAN"	"HUMAN"	125368.74	105015.86	0	136200.56	132272.31	108454.9	0	0	0	124237.18	0	0	120328.08	0	0	0	0	0
"sp|P29144|TPP2_HUMAN"	"HUMAN"	529679.7	297360	292411.5	136778.4	100793.26	357460.94	274813.2	134293.97	274555.56	273230.1	283792.22	102079.22	308642.94	393102.03	347826.5	235540.1	293307.62	165594.25
"sp|P29218|IMPA1_HUMAN"	"HUMAN"	0	185547.12	0	0	0	0	211785.34	0	0	143727.06	0	0	0	217303.25	0	0	243035.97	202401.88
"sp|P29401|TKT_HUMAN"	"HUMAN"	14434385	14377191	16227950	14140818	15381510	14852634	14941669	14406430	15849374	13583479	15435182	15522493	14528265	14232198	14294022	14089961	16307202	15395431
"sp|P29590|PML_HUMAN"	"HUMAN"	488088.22	442191.38	390117.7	404288.62	456770.25	0	503951.47	331508.03	431893.66	561239.56	533475.3	0	324618.62	0	0	0	0	0
"sp|P29692|EF1D_HUMAN"	"HUMAN"	10389990	12187116	12221346	10428163	11832630	11286683	10217919	11576524	11297354	10761119	12278947	11651483	9785125	10713155	11388497	12466727	11868320	10522950
"sp|P30038|AL4A1_HUMAN"	"HUMAN"	0	0	95101.305	125828.875	74656.766	107079.6	0	110827.01	0	0	0	0	0	0	0	0	0	0
"sp|P30040|ERP29_HUMAN"	"HUMAN"	1687466.2	1623454.9	2009461.4	1725146.6	1932886.5	1665283.1	1794056.8	1845657.6	1859441.4	1499164	1494472.9	1949250.9	1874454.2	1808471.2	1626465.4	1462265.4	1742106.9	1534807
"sp|P30041|PRDX6_HUMAN"	"HUMAN"	25740702	27028206	26866984	26342014	26993550	25126758	27222136	27463492	24585670	26260208	26487432	26468546	26864998	26387450	25880280	26695278	28131788	25035434
"sp|P30043|BLVRB_HUMAN"	"HUMAN"	12551123	13271315	14255469	12836026	13451416	13546190	12495952	12582104	13018541	12228275	13048744	13668796	12088382	12785019	13529230	12733273	14865056	13252062
"sp|P30044|PRDX5_HUMAN"	"HUMAN"	2354515	2993381.5	2585203.8	3153298.5	2556887.5	3217597.8	2945513.8	3198572.2	3262212.8	3201885	2835969.5	3354443.2	3481984	2911206	2928828.8	2371327.8	2290629.2	3203920.8
"sp|P30046|DOPD_HUMAN"	"HUMAN"	1363428.9	1215288.8	1141435	1420710.5	1120472	1126417.5	1219768.5	1177220.5	1248469.8	1259804.8	1271928.6	1053752.1	1382834.8	1209306.4	995173.25	1390534.8	1125953.6	1210171.4
"sp|P30048|PRDX3_HUMAN"	"HUMAN"	3531131	3522333.8	3679936	3488017	3556894	3522795.8	3604970.5	4119026.8	3702951	3640529.2	4124186	3993688.8	3734450.5	3814279.5	3879466.8	3891693	4315054.5	3729687.5
"sp|P30049|ATPD_HUMAN"	"HUMAN"	572388.75	1094569	834587.06	582677.5	806908.3	811431.06	577839.6	858856.25	833801.06	796413.6	1006734.8	1093226.9	797008.5	1033709.1	1026335.9	1438936.4	1001243.6	1161646.1
"sp|P30050|RL12_HUMAN"	"HUMAN"	9649370	10077039	9877614	9656173	9484128	9152473	9540196	8794226	9552868	9814523	11196300	10009636	9070737	10708053	10041428	10927468	10086136	10638589
"sp|P30084|ECHM_HUMAN"	"HUMAN"	1377244.4	1689803.4	1325143.2	1516276	1226273.6	1423026.5	1563172.5	1601991.5	1587119.2	1629033.8	1629636.2	1643723.2	1633151.4	1701090.8	1613630.8	1788275.2	1531722.8	1809652.9
"sp|P30085|KCY_HUMAN"	"HUMAN"	4647263.5	4937483.5	4816131	4850410	5040407	4677023.5	4895046.5	4932502.5	4626359	4644004	4935518	4988432.5	4600554	5014838.5	4768449.5	4811299.5	5108169	4790198
"sp|P30086|PEBP1_HUMAN"	"HUMAN"	5885350.5	5778835	5620463.5	5767781	5814950.5	5321460	5983681	5466557	5821448.5	5840753	5676790	5309191	5775965	5692282.5	5162665.5	5621680	5297519	5379376.5
"sp|P30101|PDIA3_HUMAN"	"HUMAN"	10423851	11068838	12766445	10021952	11093040	11622317	9975310	13200685	11411918	10485360	11245971	12756828	11106784	11935303	10823121	10468423	11947745	11180151
"sp|P30153|2AAA_HUMAN"	"HUMAN"	9136134	11006667	9763396	9409376	10292348	9699908	9120976	9938242	9307646	9477862	10533590	9516209	9558654	10363267	10285803	9464398	10173558	10384846
"sp|P30154|2AAB_HUMAN"	"HUMAN"	476151.3	453778.06	503156.8	367851.97	452525.72	452562.44	335045.12	585887.7	351971.2	427181.9	466535.28	507574.9	381629.06	500353	337689.06	346698.03	595662.1	549344.5
"sp|P30260|CDC27_HUMAN"	"HUMAN"	0	76788.82	0	82668.38	0	72005.35	87980.03	100606.664	167903.69	75761.44	78630.77	0	189439.66	0	160831.48	83237.54	0	0
"sp|P30405|PPIF_HUMAN"	"HUMAN"	1196058.8	882312.25	859129.06	967554.5	888827.6	803526.9	1000507.94	860310.1	867403.75	1088248	1313659.4	1361713.9	1368330.4	1182934.8	1383395.9	1443294.5	1043616.8	1320976.6
"sp|P30419|NMT1_HUMAN"	"HUMAN"	1553030.5	1261063.9	1182118	1257901.4	1083321.4	1077904.9	977735.06	828901.94	1160448.2	1065192.4	974008.94	1113218	1473394.9	1228860.9	1199455.2	1165567.5	948398.56	1068552.2
"sp|P30520|PURA2_HUMAN"	"HUMAN"	2507845.2	2820360	2957264.5	2117098.2	2514692.5	2042046	2592150.2	2557820.8	1367961.1	2748999.5	2718533.2	2800720	2542484.5	2437860.2	2572303.5	2213142.2	2747686.8	2277446
"sp|P30533|AMRP_HUMAN"	"HUMAN"	0	0	0	0	0	0	0	0	0	0	0	0	0	0	0	0	0	0
"sp|P30566|PUR8_HUMAN"	"HUMAN"	1697545.5	1422591.1	1671829.4	1731999.2	1574808.9	1395092.4	1807006.8	1249334.6	1477422.2	1413819.9	1554116.6	1417736.2	1796495.9	1576646.6	1370956.8	1533172.4	1621211.8	1549678.6
"sp|P30613|KPYR_HUMAN"	"HUMAN"	2560875.2	2792024.2	3138529	2758877	2922467.5	2951287.8	2982513.8	3213276.5	3086686	3250438.2	3264533.5	3296725.8	3312129	3578210.8	3283424	3848681.2	3924421.5	3641225.5
"sp|P30626|SORCN_HUMAN"	"HUMAN"	543989.3	735165.25	977580.2	846816.8	575916.6	769691.6	646598.8	598779.3	761306.56	724502.25	575465.44	730349.1	669551.4	919701.94	967403.56	1029862.56	571669.4	506468.06
"sp|P30740|ILEU_HUMAN"	"HUMAN"	1227858.4	958528	1408652.9	1267798.5	1675137.5	1250360.6	1403744.6	1658313.2	1309426.1	1536722.2	1071359.6	1103276.5	410751.3	1051957.8	815642.9	396434.12	459286.34	971625.56
"sp|P30837|AL1B1_HUMAN"	"HUMAN"	184327.53	511131.75	475056.28	159900.2	448342.47	497500.88	171126.1	172306.11	160286.98	165896.42	310479.75	298884.12	480685.75	322882.8	292976.88	164572.3	279573.06	292823.62
"sp|P30876|RPB2_HUMAN"	"HUMAN"	428138.38	172520.58	294783.88	394012.06	396133.8	313103.56	428954.38	214612.66	331044.94	221784.02	104701.54	202119.56	106370.5	0	92215.72	103045.08	119529.234	85118.65
"sp|P31040|SDHA_HUMAN"	"HUMAN"	2000348.4	2730499.8	2735763.2	2322927.8	2335807.5	2313494.8	2362847.8	2876263	2532357.5	2256444.5	2304122.8	2455090.8	2431107.2	2281820.5	2087517.2	2769166.2	2709129.5	2834647.8
"sp|P31150|GDIA_HUMAN"	"HUMAN"	119317.28	121767.59	115004.305	150601.72	0	113860.31	157633.7	119695.195	86175.36	0	0	0	133693.67	0	130501.3	115571.734	0	0
"sp|P31153|METK2_HUMAN"	"HUMAN"	3194556	3994887.2	3672831	2148668	3321749.2	3100367.5	3993881.5	3544897.5	3252244	2211464.5	2174123.8	2023619.2	2022875.9	2099535	2178298.8	2286330.8	2207566.2	2270090.2
"sp|P31323|KAP3_HUMAN"	"HUMAN"	1047223.4	735936.6	1061253	1029877.5	1155506.9	918028	1145021.9	1110105.2	810038.4	1091575.2	697292.3	717457.5	1090936	739390.3	754300.4	885993.8	901026.56	856122.25
"sp|P31350|RIR2_HUMAN"	"HUMAN"	1290451.9	1296402.2	1471787	1381932	1298754.4	1322426.4	1427990.4	1676892.5	1357434.6	1313710.2	1159429.2	1516736.6	1401005.1	1338472.1	1318976.9	1316612.4	1630683.2	1281368.4
"sp|P31483|TIA1_HUMAN"	"HUMAN"	0	0	0	0	0	0	0	0	0	0	0	0	0	0	0	0	0	0
"sp|P31689|DNJA1_HUMAN"	"HUMAN"	4013672	3771585.8	3767622.8	3696932.5	3461746.2	3883014	4137458	3615966.5	3492943.2	4168461.2	4233001	4177298.5	4483468.5	3907620	3546753.5	4280147.5	4330094.5	3755402.5
"sp|P31930|QCR1_HUMAN"	"HUMAN"	2421205.2	2046736.5	2353310.5	2747358.2	2537875	2770458	2590639.2	2632068.2	2352832	2898304.2	2749509	2816397.8	2621054.5	2827961	2548628	2504833.5	2785219.2	2566755.2
"sp|P31937|3HIDH_HUMAN"	"HUMAN"	0	0	0	0	0	0	0	0	0	0	0	0	0	0	102322.58	0	0	0
"sp|P31939|PUR9_HUMAN"	"HUMAN"	13023652	11725803	12329086	13302657	11907456	11694320	11843054	12452554	11128690	12016818	11779260	11799266	11997650	11622421	11049685	11816986	11457816	11975845
"sp|P31941|ABC3A_HUMAN"	"HUMAN"	196831.97	0	230401.92	286085.06	155829.45	140297.47	177219.38	0	245540.83	112849.836	130696.63	139847.14	0	177857.75	237189.66	0	340202.25	100605.164
"sp|P31942|HNRH3_HUMAN"	"HUMAN"	3969346	4261835	4457615	4123216.5	4376502.5	4251955	4054203.8	4221092.5	4243642.5	3818560.5	4584279	4495986	4111112	4611938	4223570	4550615.5	4497873	4397804
"sp|P31943|HNRH1_HUMAN"	"HUMAN"	7831773	8655778	7956060	7507011	8511710	8130928	7814326	7941396.5	8617276	8057833.5	9096693	8759197	7746587	8776350	9102447	9414551	8710204	9466437
"sp|P31946|1433B_HUMAN"	"HUMAN"	6377917	6290425	6275559	6423060.5	6374636	5899337	6280157.5	5995246.5	5932311	6418050	6544654	6244182.5	6509237	6286742.5	6008838.5	6047515.5	6255675	6433996
"sp|P31948|STIP1_HUMAN"	"HUMAN"	17116052	19270610	19761792	16561556	18496644	18331954	17494358	18851158	19530328	16672120	18537654	19749286	17157992	18886562	19164088	18028560	19956168	19552540
"sp|P31949|S10AB_HUMAN"	"HUMAN"	3237739.5	3450422.5	3471940.2	3332101.8	3502477.2	3150422.2	3541943	3899132	3415203.8	3220504.8	3515487.8	3710154.5	3473298	3365477	3541392.5	3902185.8	3810161.2	3863053.2
"sp|P32119|PRDX2_HUMAN"	"HUMAN"	10719477	11001800	11527967	10650360	11125631	10292840	11062035	10695828	10764861	10587007	11203501	10626865	10606950	10996833	10933943	11038880	11313228	11443980
"sp|P32321|DCTD_HUMAN"	"HUMAN"	207326.48	175293.4	0	0	247444.89	52989.61	127414.25	261267.34	42422.55	127209.35	0	0	80338.875	131345.77	223034.22	226667.69	111482.72	237701.42
"sp|P32322|P5CR1_HUMAN"	"HUMAN"	1176276.5	1255758.2	924568.1	875864.9	917888.5	1314851.9	882772.8	1052063	992493.44	1159537.9	916675.8	954796.1	883966.75	1329781.2	1078395.8	1012513.1	1157153.2	716612.44
"sp|P32780|TF2H1_HUMAN"	"HUMAN"	122401.19	117430.55	0	132713.88	106437.05	111064.92	98494.98	109103.95	54402.758	128940.29	0	0	120100.07	107728.63	108976.914	98252.195	120403.836	121200.086
"sp|P32929|CGL_HUMAN"	"HUMAN"	1000695.06	907646.2	944133.3	863129.75	836191.06	810856.3	1017672.56	1042714.8	1210389.1	1183785.5	1106111.4	1358697.8	1081979.4	978448.25	1071885.2	1049486.9	1165848.6	1093977.2
"sp|P32969|RL9_HUMAN"	"HUMAN"	7518274.5	7692525.5	7782922	8094029.5	7738313	7911757.5	7630478.5	7617525	8091674	7491354.5	7843539.5	8337981	7900810	8022588	7726714.5	7595604	8302224	8250417
"sp|P33176|KINH_HUMAN"	"HUMAN"	1193419.1	988386.4	850635.9	1056751	918186.6	1019416.75	1115272.1	758857.2	1020633.94	1161561.9	796758.7	1111689.5	1175648.4	797023.7	1226521.2	862652.44	1137127.2	911968.94
"sp|P33240|CSTF2_HUMAN"	"HUMAN"	1054763.5	1683346.2	2100313.8	1585520	1763439.8	1791190.4	1822509.4	1683393	753518.9	1011606.06	1489875.4	1654447.4	1975575.1	2158332	1577269.8	1666344	2599609.8	2115911.5
"sp|P33316|DUT_HUMAN"	"HUMAN"	5715815.5	5918000	5889264	5927897	5785337	5629689	5604260	5803459	5968314.5	5833088	5782579.5	6196190	5655410	5969390	6233416	5643329.5	6227556	6039938
"sp|P33991|MCM4_HUMAN"	"HUMAN"	9732335	10073636	9413716	9336225	9079353	9219839	10208721	9573493	9387744	9062896	9614275	9914750	9755777	10119640	9202032	9788376	9637915	9302342
"sp|P33992|MCM5_HUMAN"	"HUMAN"	3936475.2	4765941	4670146.5	4262117	5171697	4030498.8	4143285.2	3792632	4483572	5719280	5159723	4427598.5	4953700	5251399	5010788	4968343.5	5531496	5105554.5
"sp|P33993|MCM7_HUMAN"	"HUMAN"	7853664.5	7060744	8467673	7181139.5	7985373.5	7044251.5	7608782.5	7783950.5	7361304	9146572	8420520	8966151	8241633.5	8375848	8834005	9835137	9322076	9523026
"sp|P34897|GLYM_HUMAN"	"HUMAN"	5848896.5	6572289.5	7148098	5989603	6156759	6038718.5	5976859.5	6698588.5	6041481.5	6476935	6302545.5	6881018	5750660.5	6302310.5	7033599	7308598	7193983	6971324
"sp|P34913|HYES_HUMAN"	"HUMAN"	0	0	0	0	0	0	0	0	0	0	0	0	0	0	0	0	0	0
"sp|P34932|HSP74_HUMAN"	"HUMAN"	12698542	13847810	13271926	12836680	12723575	12090555	12752367	12929172	14019488	13580538	14424416	13955484	13924110	13299480	14174203	15125375	14075524	14399655
"sp|P34949|MPI_HUMAN"	"HUMAN"	0	0	0	0	0	0	0	0	0	0	0	0	0	0	0	0	0	0
"sp|P35219|CAH8_HUMAN"	"HUMAN"	333106.44	540272.4	514905.12	650237.6	482115	423291	650762.5	314373.44	465557.3	627235.56	163247.31	641644.94	486662.8	454949.94	339867.38	359171.25	313978.28	511509.5
"sp|P35232|PHB1_HUMAN"	"HUMAN"	12764165	11774714	11845067	13163160	12239022	11832787	13109351	11582398	11599523	12012320	11634114	11593276	12283231	11945576	11638656	11994260	11646138	11107293
"sp|P35237|SPB6_HUMAN"	"HUMAN"	1710009.8	1627909.1	1615920.6	1635815.6	1431630.2	1281697.2	1682611.6	1441583.2	1476399.1	1573023.8	1696898	1366879	1742236.5	1752020.5	1656585.8	1614719.5	1712069.5	1646817.8
"sp|P35241|RADI_HUMAN"	"HUMAN"	913850.6	1259550.9	1115875.1	997724.56	926737.5	962921.7	935670.1	1097194	1052027.4	1186998.9	819845.9	1342092	1026974.75	926999.1	660344.6	843074.75	890923.94	1152096
"sp|P35244|RFA3_HUMAN"	"HUMAN"	2041609	1517345.6	1866728.2	1745392.2	1625424.2	1705410.5	2037262.6	1945867.8	1629256.9	1554522	1730233.2	1918374.9	1996225	1793298.6	1978884.9	2002240.9	1581248.6	1774840
"sp|P35249|RFC4_HUMAN"	"HUMAN"	1617294.5	1441688.5	1298455.1	1269237.1	1348713.6	1557139.2	1379194.5	1251483.8	1233454.5	1375472.6	1366069.2	1454751.2	1507526.8	1653139.8	1235996.1	1354868.6	1546397.8	1491269.2
"sp|P35250|RFC2_HUMAN"	"HUMAN"	773508.56	847719.8	818377.8	697253.06	646466.7	714343.7	765377.94	774640	701968.75	667261.94	618094.06	714447.2	1035028.1	763980.44	461494.2	1086866.5	871023.75	748263
"sp|P35268|RL22_HUMAN"	"HUMAN"	5877551.5	6085239.5	5451905	5994693	5812875.5	5354069	5870687	5424994.5	5415136	6040160	6117704.5	5912684.5	5956591.5	5976955.5	5431823.5	6183447	5703993.5	5583334.5
"sp|P35269|T2FA_HUMAN"	"HUMAN"	324697.94	154581.22	437462.7	338240.7	177759.84	97266.41	448095.2	343751.75	130183.39	437282.9	237181.64	350148.44	336739.75	290084.56	328388.8	213216.23	322778.5	228879.08
"sp|P35270|SPRE_HUMAN"	"HUMAN"	90460.086	0	0	78522.055	0	0	70222.984	0	0	87621.32	79476.02	66049.086	78186.66	74566.44	0	86345.97	61431.805	73380.6
"sp|P35520|CBS_HUMAN"	"HUMAN"	3139292.8	3200586.2	3181222	2913556.8	3428402.8	3111842.2	3056552.5	3493186.5	3665450.8	3031307	3842460.8	3465492.8	3285456.5	3722210.5	3195445	3864070	2840307	3246540.8
"sp|P35573|GDE_HUMAN"	"HUMAN"	426682.5	232317.69	538723.25	383624.22	463912.88	473858.22	468239.2	423004.44	477302.4	215459.92	209905.67	229107.4	235249.56	131289.62	196525.8	93246.59	194058.19	218805.28
"sp|P35579|MYH9_HUMAN"	"HUMAN"	8782913	9570363	8801990	7752627	9651587	8416374	8658018	8052764	10036198	8925611	10995528	8968717	8121785	9923218	9157776	8871371	7762731.5	8677271
"sp|P35580|MYH10_HUMAN"	"HUMAN"	3628626	5084481.5	5071803	4797939	3710344.2	4472360.5	4534561	5452779	4387130.5	5292329	4408120	4783964	5064284	5733565	5320890	4589955	4202398.5	4423186.5
"sp|P35606|COPB2_HUMAN"	"HUMAN"	1447759.6	923787	1441954.6	1161409.6	1325598.8	1410145.1	1400936.8	1327585.2	1072582.1	1142694.1	1375500.4	1284537.8	1419990.8	1084845.8	1146030	1426992.2	1543356.8	1133555
"sp|P35611|ADDA_HUMAN"	"HUMAN"	387051.66	196135.25	402797	181637.22	294228.12	253758.92	262348.25	398994.56	172336.97	171985.23	239198.16	252030.5	171841.84	117019.79	86798.445	108965.54	0	94952.484
"sp|P35613|BASI_HUMAN"	"HUMAN"	978171.25	692973.44	607345.9	916655.2	729781.5	519133	712269.75	606911.5	1074441.6	1064816.8	1088619.2	774075.3	705284.9	434337.28	957476.44	748191.75	282695.75	429907
"sp|P35637|FUS_HUMAN"	"HUMAN"	6276692	5835807	5569023.5	6281718	5714102	5170563	5471139	5648535	5374338.5	5546754.5	5757883	5368348.5	5472634.5	5503520	5329685	5771289.5	5529888	5819899.5
"sp|P35658|NU214_HUMAN"	"HUMAN"	2974346.5	3292593.2	3039347	2850911.8	2600314.8	3227730.8	2702137.5	3218799.8	2709070	2969144.5	3138987.5	3082230.5	2915856.2	3265532.8	3136145.5	2466021.8	3179766.5	2881743.8
"sp|P35659|DEK_HUMAN"	"HUMAN"	2470447.8	2890590.5	2898622.5	2473982.5	2981431.2	2969481	2668019	2953627	2758786	2498426.5	2572745.5	2380672.8	2706081.8	2928208.2	2800801	2500354.2	2939152	2923709.2
"sp|P35749|MYH11_HUMAN"	"HUMAN"	0	0	0	0	184147.69	0	0	0	0	219285.31	0	269098.28	0	0	0	0	0	0
"sp|P35998|PRS7_HUMAN"	"HUMAN"	9521835	8804428	9389256	9307948	9260439	8585198	9548161	8708896	9035266	8486625	8372265.5	8568049	5328363.5	8229597.5	8522397	8565920	7744323.5	9207720
"sp|P36405|ARL3_HUMAN"	"HUMAN"	0	0	0	0	0	0	0	0	0	0	0	0	0	0	0	0	0	0
"sp|P36507|MP2K2_HUMAN"	"HUMAN"	0	418524.4	0	0	0	69748.4	0	0	291839.4	0	102112.9	87876.664	0	0	80325.734	0	0	0
"sp|P36542|ATPG_HUMAN"	"HUMAN"	1906861.2	2190526.8	2125895.2	2198517.2	2026684.8	2328903.5	2128531.5	2228570.5	2198528.8	2014912.6	2329466	2251547.2	2184501.8	2221865.8	2133069.8	2069613	2004292.2	2329463.8
"sp|P36543|VATE1_HUMAN"	"HUMAN"	397662.1	601183.8	470682.6	537448.5	714607.2	378172.7	593547.9	593620.8	492055.2	514804.12	510814.3	596728.94	596971.7	533380.4	577206.2	699444.56	556956.4	888031
"sp|P36551|HEM6_HUMAN"	"HUMAN"	747068	476060.9	713904.44	861603.5	621995.8	716130.6	712141.06	621593.06	715934	614153.2	663083.5	807187.8	665573.25	535359.06	623478.4	605028	714074.06	646816.75
"sp|P36578|RL4_HUMAN"	"HUMAN"	15399054	15816621	15219532	15220383	15718859	15528508	15234104	15260040	15908154	14936510	16353152	15477063	14988546	15807702	15894318	16176574	15301658	16231226
"sp|P36639|8ODP_HUMAN"	"HUMAN"	62747.906	62875.348	53639.55	68462.93	0	56595.54	78079.95	71291.85	75989.25	77739.76	0	53441.777	72083.2	0	0	0	79749.625	0
"sp|P36776|LONM_HUMAN"	"HUMAN"	5803986	5690973.5	6462761.5	5100136	6376348.5	6392269.5	6039649.5	6140137	5750816.5	5487994	5743667	6415462.5	4997771.5	5912915	5915300.5	5180980.5	5051471	4962749.5
"sp|P36873|PP1G_HUMAN"	"HUMAN"	518278.03	435332.25	405183.06	529540.3	383963.38	399056.8	521950.88	402714.62	419139.3	544472.3	529889.7	408945.5	609872.25	519063.16	526185.25	642687.94	516203.56	541178.8
"sp|P36915|GNL1_HUMAN"	"HUMAN"	138170.2	312823.88	145239.2	143217.16	189232.12	130295.914	402080.56	303493.2	0	381586.06	158283.92	0	181435.12	377743.5	50882.38	200508	328929.94	364112.38
"sp|P36954|RPB9_HUMAN"	"HUMAN"	385008.66	288094.6	302615.28	367263.12	273367.62	242126.44	356681.56	275630.53	274461.12	294389.94	0	268669.53	378218.75	279561.03	317760.28	293870.72	304691.4	267310.1
"sp|P36957|ODO2_HUMAN"	"HUMAN"	360852.16	53065.566	0	42887.66	0	0	68454.06	0	0	63581.223	60921.37	0	68234.7	0	0	48400.81	0	0
"sp|P36959|GMPR1_HUMAN"	"HUMAN"	144395.17	133607.3	135255.97	136119.7	130816.06	125335.164	127425.03	124421.69	127485.87	135893.33	143862.34	139809.2	136917.95	141209.47	136401.89	125519.58	144437.73	123752.37
"sp|P36969|GPX4_HUMAN"	"HUMAN"	0	0	78796.94	0	0	63119.332	0	64231.184	0	0	0	0	0	0	0	0	0	0
"sp|P37108|SRP14_HUMAN"	"HUMAN"	2378060.5	2612558.8	3108207	2412742.8	2716734.8	2511893.5	2498128.8	2934000.8	2560534.2	2347288	2713888	3063863	2600242.8	2623136.8	2879981	2527168.8	3351921.8	2568485.8
"sp|P37198|NUP62_HUMAN"	"HUMAN"	1278439.1	1369529.6	1372957	1100191.2	1296399.9	1235416.2	1577766	1139483.8	1108442.4	1501882	1601303.8	1637424.5	1421000.1	1497808.5	1457210.8	1402746.5	1232750.1	1416248.2
"sp|P37235|HPCL1_HUMAN"	"HUMAN"	226137.12	225099.61	619724.44	342286.2	549167.2	430059.94	518742.06	361792.3	498736.22	230360.61	361232.25	526530.3	207863.7	432323.56	513035.4	433042.88	323137.62	231022.06
"sp|P37802|TAGL2_HUMAN"	"HUMAN"	21438844	22463324	21699936	22140552	21876876	21454032	21639182	22033302	22146566	21590918	23307918	22682988	21474556	21784952	22669818	22216870	23678218	23786712
"sp|P37837|TALDO_HUMAN"	"HUMAN"	11181173	12032437	12467340	11438180	12102039	11225884	11338305	10982541	11784838	10652520	11400713	11029883	9737355	11097623	10745730	12243147	11036048	11051434
"sp|P38117|ETFB_HUMAN"	"HUMAN"	2672183.8	3264716.2	2713749.2	2680790.2	2961766	2711990.5	2413752.8	2732264	2574934.8	2701019.2	3203380	2831871.5	2676901	2849266	3038617.2	3027752.2	2771838.5	2652186.2
"sp|P38159|RBMX_HUMAN"	"HUMAN"	7997286.5	7323637.5	7350447.5	8127010.5	7489037	7545973	7535074.5	7358420	8182548	7816395.5	8330168	7797592.5	8222021.5	8294588.5	7681225	8436090	8225035.5	8205882.5
"sp|P38432|COIL_HUMAN"	"HUMAN"	641808.56	583551.6	588339	627091.8	513194.44	493991.75	687768.9	449149.62	313175.44	607621.56	567904.44	679170.5	754982.8	629373	650184.6	427314.44	635877.5	555240.44
"sp|P38606|VATA_HUMAN"	"HUMAN"	1908794.4	2017212.5	1960566	1843378.5	1870984.1	1648903.6	2282737	1790214.5	1867985.1	2191395.8	2183331.5	2134199.5	2052500.1	2317334.5	2163554.5	1999925.1	2120701	2169646.5
"sp|P38646|GRP75_HUMAN"	"HUMAN"	25060252	24986606	27061204	25435508	27011636	26037836	25812002	27248180	25303270	25257988	26840418	28653436	25762938	25458752	25688014	26591556	27383800	26663800
"sp|P38919|IF4A3_HUMAN"	"HUMAN"	6207105.5	7696637	7244343	6989443	7015306	6285037	6747148	7231167.5	6873931	6677944	7778058	5834290.5	6119495	6985594.5	6377874	7086554	7006184	6895363
"sp|P39019|RS19_HUMAN"	"HUMAN"	4891137.5	5424422.5	5391641	4952086	5714586.5	5074753	4839573	5178640.5	5394781	4685593	5508670	5752555	4948773.5	5652836	5426922.5	5907259	5638262.5	5288882
"sp|P39023|RL3_HUMAN"	"HUMAN"	9521589	10856744	10935114	9981026	9935664	9551688	9713967	10009894	10232000	9834461	10813266	10402669	10223632	10404380	10433568	10895867	10951769	10909808
"sp|P39656|OST48_HUMAN"	"HUMAN"	0	0	0	0	0	0	0	0	0	0	0	0	0	0	0	0	0	0
"sp|P39687|AN32A_HUMAN"	"HUMAN"	10900361	13574622	12474612	10548438	12715256	12272588	11217049	12012666	12138854	11076914	13017228	12379803	10600929	12499573	12663595	12990970	12563335	13043396
"sp|P39748|FEN1_HUMAN"	"HUMAN"	3981720	3772055	3377209.5	3715949	3913567	3093701.2	3868252.2	3106487.5	3164754	3774661.2	3956174.5	3826477	3901455.5	3672369.5	3147789	3981452.5	3803354.8	3638394.5
"sp|P40222|TXLNA_HUMAN"	"HUMAN"	0	214759.69	0	0	288258.3	194973.92	192358.53	396038.12	137323.88	287589.7	83042.34	216677.78	131532.58	0	337615.44	138932.92	213542.58	322572.34
"sp|P40227|TCPZ_HUMAN"	"HUMAN"	14291241	16091865	15835797	14469355	15444006	15050818	13879437	15324004	16251177	14386600	15710732	15236222	14059500	15675619	15854697	15805201	16043230	16075933
"sp|P40261|NNMT_HUMAN"	"HUMAN"	0	0	0	0	0	0	0	0	0	0	0	0	0	0	0	0	0	0
"sp|P40429|RL13A_HUMAN"	"HUMAN"	4794213.5	5403488	5146321	4809677.5	5387252	4716467.5	5035769	5149138.5	4799825.5	5162142	5832515	5165608.5	4697286.5	5267799	4759448	5600714.5	4913961	4923215.5
"sp|P40616|ARL1_HUMAN"	"HUMAN"	156051.94	123155.53	139297.25	176175.3	132398.94	138379.62	156418.64	142330.2	133612.53	161137.38	109558.39	125041.04	134466.75	154987.72	127134.83	119665.164	114617.96	138546.78
"sp|P40763|STAT3_HUMAN"	"HUMAN"	889787.9	697731.9	457537.53	432128.3	537954.56	286504.28	424548.5	490105.7	839544.6	629892.2	330227.12	447144.03	475082.22	429018.44	690427.9	245633.03	661866.4	438854.8
"sp|P40855|PEX19_HUMAN"	"HUMAN"	94154.19	209877.5	0	141445.83	190120.14	56625.516	56321.176	73134.055	81795.6	77279.27	75778.53	69590.65	82939.43	65218.31	52750.355	0	94918.14	67574.98
"sp|P40925|MDHC_HUMAN"	"HUMAN"	4791658	6081266.5	6197839.5	5292643.5	6077341	5876394	5206377	5917145	5836839	5546279.5	6803709.5	6001479.5	5102034	6373027	6294057	6492857.5	6139565.5	6123183.5
"sp|P40926|MDHM_HUMAN"	"HUMAN"	42758136	44744136	45479716	42685060	44945200	44441756	43250268	44264468	45698292	43787092	44713308	44757612	43022536	44954290	44467836	45575284	47137628	46132330
"sp|P40937|RFC5_HUMAN"	"HUMAN"	528966.3	373655.34	644493.25	860464.6	576531.75	812046.4	274487.2	215525.92	627820.25	505520.88	547705.25	665546.5	446818.34	207155.16	561294.75	381952.12	373273.12	437503.75
"sp|P40938|RFC3_HUMAN"	"HUMAN"	294300.5	328389.88	260848.75	98966.95	251104.02	311365.1	390788.88	302560.8	313929.6	313406.2	314822.4	381305.38	224653.52	192195.44	366254.47	300842.62	305977.47	253563.4
"sp|P40939|ECHA_HUMAN"	"HUMAN"	7960257.5	7975795.5	8478399	8161723	8235139.5	7795882	8132379.5	7992671	7722165.5	7293309.5	7635764	7894693.5	7777781.5	7503535	8072132	8045153	8305738.5	7732896
"sp|P41091|IF2G_HUMAN"	"HUMAN"	5019036	6514559.5	5762400	5489705.5	5727033	4911467	5600531	6074564	5613540.5	5071244	5751413	6165810.5	5412629.5	5534785	5372660.5	5810438.5	5889079.5	5839937.5
"sp|P41214|EIF2D_HUMAN"	"HUMAN"	0	0	87546.79	128571.336	96642.234	92544.14	116628.74	0	0	119538.164	108435.65	0	130210.02	0	99744.82	0	92551.055	111276.945
"sp|P41223|BUD31_HUMAN"	"HUMAN"	463884.44	466268.38	564151.7	495643.22	386426.1	260804.64	512306.72	644548.3	488808.84	467499.6	577719.56	451194.38	385786.25	387864.2	481087.9	463142.56	705204.25	334504.4
"sp|P41227|NAA10_HUMAN"	"HUMAN"	716745.3	974287.6	841965	671068.56	694861.4	990750.5	766838.5	1019694.25	894854.5	614194.1	790638.25	1056980.1	705560.4	929616.7	950906.94	663512	738588.25	677725.75
"sp|P41240|CSK_HUMAN"	"HUMAN"	153852.83	147031.27	157444.4	178530.83	163608.64	143788.36	257907.47	211092.97	144676.14	185046.69	166251.22	188409.73	208162	205918.1	169498.69	192291.48	179434	156869.39
"sp|P41250|GARS_HUMAN"	"HUMAN"	8467404	8147782	9218969	8669427	11298067	10756166	9075394	7870460.5	11298879	12286622	11359972	8137798.5	12039651	11057795	8200021	7955470.5	8712406	11507329
"sp|P41252|SYIC_HUMAN"	"HUMAN"	7358331	6931339.5	7110206	7549293	7118280.5	7565034.5	7704995	7733833	6192648	7661091	7754747	7530349	6997796	6454924.5	7472626.5	7441636.5	7938321.5	6615534.5
"sp|P41567|EIF1_HUMAN"	"HUMAN"	2695660.2	2774806.8	2540062	2608102.8	2675311.5	2694034.8	2736405.8	2825956.2	2362720.2	3452484	3552448.8	3544973	3250461	3393964.8	3133204.8	3616244.2	3396051.8	3153891
"sp|P42126|ECI1_HUMAN"	"HUMAN"	2158294.5	2233909.8	2457086.5	2303521.2	2103253.5	2412644	2612695.2	2762239.2	2269169.8	2866824	2794257.8	2174372.2	1666333.5	2735056	3004214	2820799.8	2668584.8	2843503.8
"sp|P42166|LAP2A_HUMAN"	"HUMAN"	3432316.5	2881198	3298808.8	3680167.2	3438575.8	2959000.8	3603163.8	3158958.8	3581162.5	3087011.5	3265148.8	3006210.8	2750530.8	3268833.2	3611113	3208863	3375748.2	3423781.5
"sp|P42167|LAP2B_HUMAN"	"HUMAN"	0	78441.336	0	0	0	0	0	0	0	118901.57	91774.06	0	75274.55	83877.74	84645.44	0	96947.93	0
"sp|P42224|STAT1_HUMAN"	"HUMAN"	219503.03	259555.89	269420.38	245354.67	0	305124.16	215154.73	232488.75	282758.38	209893.34	235202.22	233576.78	271396.12	274138.16	279581	243444.12	292373.56	255586.45
"sp|P42229|STA5A_HUMAN"	"HUMAN"	3503991.5	3376372.8	3482598.2	3477758.5	3416978	3477143.5	3686942.8	3566335	3243795	3337464.8	3166402	3249794.8	3863767	3273627.2	3429579.5	2816362	3593393.5	3462210.5
"sp|P42285|MTREX_HUMAN"	"HUMAN"	3359723.8	3856245.2	3209677.5	3731260.8	3058551.5	2909956.2	3628823	3967413	3002827.5	3632332.8	3191294	3196267.5	3785347.8	3747825	3334507.2	4147520.5	3886206.5	3589314
"sp|P42345|MTOR_HUMAN"	"HUMAN"	0	0	0	0	209428.4	0	25439.418	0	0	0	0	0	0	0	0	0	0	0
"sp|P42356|PI4KA_HUMAN"	"HUMAN"	0	0	0	0	0	126661.41	0	0	317940.12	0	0	0	0	0	0	0	0	0
"sp|P42566|EPS15_HUMAN"	"HUMAN"	0	0	0	66810.44	0	0	0	0	0	0	0	0	0	0	0	0	0	0
"sp|P42574|CASP3_HUMAN"	"HUMAN"	0	58762.04	0	47289.67	83336.22	0	0	0	0	55383.273	64687.35	36142.98	0	72382.56	45050.062	0	52233.773	0
"sp|P42575|CASP2_HUMAN"	"HUMAN"	0	0	0	0	0	0	0	0	0	0	0	0	0	0	0	0	0	0
"sp|P42677|RS27_HUMAN"	"HUMAN"	558644.2	784630.4	827119.5	535003.06	850171.2	831015.7	568246.7	833547	890327.2	537562.44	824535.7	802298.5	542512.2	894920.1	842873.75	1294990.1	751047.8	1005745.3
"sp|P42704|LPPRC_HUMAN"	"HUMAN"	17411252	17314616	17520722	18120174	17403712	17594870	18048336	18864850	17664098	17164562	17852860	17522984	18123074	18127104	17853760	17915172	19538198	18434466
"sp|P42766|RL35_HUMAN"	"HUMAN"	484904.7	834985.9	879368	491801.47	763942	797785.4	508373.06	763205.4	822527.56	495856.66	777117.9	746681.9	510745.97	802230.7	782747.9	849701	759670.9	908796.9
"sp|P43034|LIS1_HUMAN"	"HUMAN"	0	68293.86	0	0	0	0	0	0	73237.914	0	0	57297.855	0	0	84494.2	0	0	90402.98
"sp|P43121|MUC18_HUMAN"	"HUMAN"	0	16294.573	0	0	0	0	0	0	0	0	0	0	0	0	0	0	0	0
"sp|P43243|MATR3_HUMAN"	"HUMAN"	12557356	13467407	13885074	11809807	13448234	12330111	13035565	13230628	12141009	13078522	13556683	13968072	12557027	14348615	13510186	14494792	14040083	13333330
"sp|P43246|MSH2_HUMAN"	"HUMAN"	1378410.1	1293002.2	1938282.8	1374507.8	1544827	1650600.8	1211689.1	1655024.1	1503214.4	1196628.8	1557181	1693657.8	1577357.2	1482743.1	1239004.5	1235279.6	1447157.9	1493383.1
"sp|P43304|GPDM_HUMAN"	"HUMAN"	317751.56	214253.44	265349.3	335279.06	296359.8	270904.56	349613.3	57282.68	349202.78	76997.18	0	75346.41	79772.836	66143.18	0	62698.367	77244.29	0
"sp|P43366|MAGB1_HUMAN"	"HUMAN"	89191.72	147157.77	95949.984	0	104378.914	126072.695	101967.555	85869.68	108274.234	143164.06	152138.69	34242.88	25353.498	133671.6	113803.625	153021.62	0	118444.6
"sp|P43487|RANG_HUMAN"	"HUMAN"	14326906	14029310	14177300	14603548	14407269	14906510	14507218	13679509	13672074	14870063	12990721	12855926	14403118	12688255	13030524	13518460	12883207	12896184
"sp|P43490|NAMPT_HUMAN"	"HUMAN"	5789064.5	5523349	5667056.5	5724261	5207885	5380921	6117643.5	5466147	5108725	6158472	5050596	4324541	6162174	6216194	5160282	4611238	5950809.5	5107248
"sp|P43686|PRS6B_HUMAN"	"HUMAN"	4260947.5	4404337	3751225	4602060.5	3670268	4214807	3971725.2	3860575.5	3900637	4286058.5	4397495.5	4489261.5	4345372	4308689.5	4726123.5	4675194.5	4906735.5	4966064
"sp|P43897|EFTS_HUMAN"	"HUMAN"	164213.64	322152.3	317939.4	199958.31	112580.24	86657.09	190838.31	114365.75	279702.3	148952.27	212287.4	275532.06	300429.84	293353.16	220525.97	211874	97417.51	201325.81
"sp|P45880|VDAC2_HUMAN"	"HUMAN"	7119570.5	7099710.5	6627887.5	7098008.5	7233151	6223634	6645718	6392550	6395012	7190935	7280147	6726259.5	6725137.5	6555473	6393715.5	7801898	6921571.5	6502101
"sp|P45973|CBX5_HUMAN"	"HUMAN"	559882.5	1263515	645467.6	974674.2	1011982.4	1063683.1	200791.14	516599.4	232502.75	416656.47	791530.25	1441657.6	571525.56	784626.75	775560.7	584809.5	534754.5	921952.25
"sp|P45974|UBP5_HUMAN"	"HUMAN"	2648906.2	2421500.8	3022023.8	2829327.5	2359205.2	2514189.2	3208046.2	2378105	1987613.5	2819554.5	2990337.8	2620723.8	3101937.2	3018891.2	2918533.2	2782469.5	2804403.5	2705004.5
"sp|P45983|MK08_HUMAN"	"HUMAN"	40656.363	0	55661.492	52790.67	0	64175.01	0	0	46663.227	52890.03	0	44076.99	43396.05	0	0	0	0	55065.92
"sp|P46060|RAGP1_HUMAN"	"HUMAN"	2164806.5	4175467.5	2374022	3681953.5	2445256.8	2451400.8	1826574.1	3138110.8	2064276.9	2783997	2256201	3434991.5	2732657	2979834	3976804.2	4035574	2154830.5	3783562.2
"sp|P46063|RECQ1_HUMAN"	"HUMAN"	77942.56	0	0	0	1288939.8	0	96721.625	0	1193976.4	0	1305507.9	0	39334.508	0	0	0	0	0
"sp|P46087|NOP2_HUMAN"	"HUMAN"	363705.03	0	60178.617	66621.51	0	0	0	0	0	377328.8	285492.94	442524.62	168327.25	274462.03	0	193811.11	0	355585.72
"sp|P46108|CRK_HUMAN"	"HUMAN"	160997.38	94810.53	0	140147.52	136224.66	118414.96	149447.33	68494.85	101055.62	121682.35	129608.6	119398.92	176347.19	139370.28	0	71188.336	0	156005.61
"sp|P46109|CRKL_HUMAN"	"HUMAN"	6887058	6975932	6025043	7223213	6435541.5	6565228.5	7274249	6170691.5	5821880	6995281	7079353	6122640.5	6637790.5	6821880	6418465.5	6807103.5	7405577.5	6754142.5
"sp|P46379|BAG6_HUMAN"	"HUMAN"	1004210.94	864686.56	947783.9	1026937.1	1040725.6	974273.4	945802.2	1139489.9	975357.6	1116095.4	1257625	1227681.4	1236923.8	1163203.5	1341795.4	1266998.1	1050817.8	989455.25
"sp|P46459|NSF_HUMAN"	"HUMAN"	833629	773143.6	370453.47	792267.4	740678.4	348286.62	1047844.06	416755.16	269199	1087679.8	482905	826754.8	1069491.9	821010.2	801343.44	690953.8	454604.47	479187.06
"sp|P46736|BRCC3_HUMAN"	"HUMAN"	0	0	0	0	0	0	0	0	0	0	0	0	0	0	0	0	0	0
"sp|P46776|RL27A_HUMAN"	"HUMAN"	3721536	4111252.5	2366881	2353583.2	3828745	3321403	2249815.5	3299958.2	2210047	3834725	3747087	3330229	2130791	3262656.5	3221343.5	4158534	3576443.5	3324271
"sp|P46777|RL5_HUMAN"	"HUMAN"	5958094	7542197.5	8325671	6173705	7743550.5	7306591	6235820.5	7058298	7855229	6775328	7609120	7432676	6038856	7878211.5	7415008	7574634	8126236	8166577
"sp|P46778|RL21_HUMAN"	"HUMAN"	2782289	3521787.5	3490565	2779271.8	3405461	3113079.2	2837811	2962362.2	3130945.8	3030528.2	3452343.5	3249259.2	2799188.8	3655206.8	3409698.5	3476014.2	3320544	3529293.8
"sp|P46779|RL28_HUMAN"	"HUMAN"	1612725.5	2090466.5	2136711.5	2013671.9	2218301.8	1712763.6	1722843.4	1523971.8	1922841.2	2091208.8	2086668.1	2145074.8	1748417.5	1883939.4	1864417.9	1982026.1	2406522.5	2360228.2
"sp|P46781|RS9_HUMAN"	"HUMAN"	6193027	8119197	7227929	7230293.5	7248844.5	6334778.5	7186988	6478605	6663250	6574992.5	6228150.5	7002443	6118332.5	6922182	7088645	8025494.5	7062265.5	7184088
"sp|P46782|RS5_HUMAN"	"HUMAN"	8638984	8324827	7470238	8843866	8278408.5	8107003	8945847	8789114	8697101	8727296	8442151	8771556	9444071	7908888	8701260	7997930	9079922	8438454
"sp|P46783|RS10_HUMAN"	"HUMAN"	7423699.5	7877487.5	9214019	7246064.5	8077018	7974901	7827445	9018941	7975821	7581901.5	8499649	8602005	7816645	8472954	8085420.5	8746928	9544338	8619452
"sp|P46821|MAP1B_HUMAN"	"HUMAN"	301282.75	112295.41	123596.266	263293.4	111090.79	104510.59	227482.78	231852.92	110055.24	444016.44	109998.98	493864.62	476698.62	121544.27	336151.3	202189.88	278546.38	215078.86
"sp|P46926|GNPI1_HUMAN"	"HUMAN"	213289	368492.8	503254.1	226409.73	537417	476473.5	273418.8	470774.12	209057.39	587881.7	350096.53	395470.25	537371.4	449364.25	358358.38	466631.94	391941	387848.16
"sp|P46940|IQGA1_HUMAN"	"HUMAN"	1925563.9	1547777.8	1056796.4	1671302.4	1434970.6	1104047.5	2068943.4	1142331.1	1122368.4	1334042.9	983891.6	1419193.2	1962000	1300985.1	1071128.8	1196887.2	1795850.9	1095005.2
"sp|P46976|GLYG_HUMAN"	"HUMAN"	0	0	0	0	0	0	0	0	0	0	0	0	0	0	0	0	0	0
"sp|P47755|CAZA2_HUMAN"	"HUMAN"	495293.8	498456.8	610886.6	511674.8	555643.56	640638.5	486282.8	511272.25	543487.1	512476.97	497127.06	532976.25	553036.25	540076.7	563182.06	505639.56	546530.75	554384.4
"sp|P47756|CAPZB_HUMAN"	"HUMAN"	3588102.5	3825795	4235198.5	3426847	4300102	4182177.2	3351795.2	3958692	4104198	3418704.2	4041876	3871081.2	2978917	3629427	3730017.5	3839493.8	3864311.8	3781444.5
"sp|P47813|IF1AX_HUMAN"	"HUMAN"	1919362.2	1885408.4	1981800.6	1978201	1978571	1681930.1	1984305.2	1965415.4	1964869.1	2002506.1	2144675.2	2040557.2	1876803.4	1996360.5	1927707.8	2157766.8	2034398.9	2093992.9
"sp|P47897|SYQ_HUMAN"	"HUMAN"	1693717.6	1923644.8	2025309.8	2048800.2	1629536.1	2062010.1	1825550.9	2098610.2	1818089.4	2294559	2345292	2293784.2	2344815.8	1880667.4	2287730	2498746.5	2080529.1	2614629.2
"sp|P47914|RL29_HUMAN"	"HUMAN"	193460.9	212615.4	244299.75	179455.19	275810.38	273398.9	192417.45	217844.77	215699.58	146886.28	148051.14	142929.38	146961.95	159136.2	126819.625	57897.188	197801.92	229354.44
"sp|P47985|UCRI_HUMAN"	"HUMAN"	1494169.5	1331870.1	1213681.6	1354058.5	1469744.6	1565164	1326728.5	1530297.1	1557222.8	1381037	1326801.5	1397827.2	1243367.4	1483763.4	1070932.2	1523636	1225576.4	1623160.2
"sp|P48047|ATPO_HUMAN"	"HUMAN"	2502247	2576460.5	3007411	2405965.2	2764896.2	2490852	2626307	2503553.5	2463619	2545077.8	3064708	2898816	2583552.5	3044689.8	2804971	3122257.2	2857824	2846435.8
"sp|P48059|LIMS1_HUMAN"	"HUMAN"	133724.3	0	183454.86	0	91193.96	134509.75	0	120320.73	0	149482.84	0	0	0	0	0	0	0	0
"sp|P48147|PPCE_HUMAN"	"HUMAN"	1026454.1	810294.1	972182.9	1182335.8	623652.9	472889.2	1050155.5	898394.9	681041	1568503.5	281566.8	789506.44	1009323.9	742401.4	434767.3	303407.3	1068544.1	485993.8
"sp|P48200|IREB2_HUMAN"	"HUMAN"	135067.34	114618.016	119159.7	136530.75	128655.07	108878.65	118398.3	126859.836	0	131582.12	0	104199.516	131431.64	0	121536.664	0	113181.45	112631.984
"sp|P48426|PI42A_HUMAN"	"HUMAN"	62387.43	57826.77	52475.86	67548.4	60551.965	68298.42	77025.64	70105.26	59631.13	68854.22	76264.8	61655.47	71385.664	66791.445	61257.16	60447.586	71462.11	116666.79
"sp|P48444|COPD_HUMAN"	"HUMAN"	1649067.4	1741038.5	1786643.8	1739941.2	1841229.9	1705433.9	1773465.2	1997508.1	1906941.4	1613421.5	1869019.2	2247298.5	2080792.4	1906558.2	1985132	2185065.8	2160737	2054739.5
"sp|P48449|LSS_HUMAN"	"HUMAN"	819890.1	688223.44	803819.9	812311.25	746898.7	621211.5	671418.06	637940.3	758798.9	573023.6	711941.5	0	697201.3	750037.5	628386.94	0	758478.56	705276.44
"sp|P48507|GSH0_HUMAN"	"HUMAN"	273866.6	152170.05	152817.2	99869.54	102586.82	122973.86	159822.94	0	69722.14	245880.55	0	0	205769.92	0	63737.168	114615.19	94783.79	109144.22
"sp|P48509|CD151_HUMAN"	"HUMAN"	0	0	0	0	0	0	0	0	0	0	0	0	126873.65	0	0	0	0	0
"sp|P48556|PSMD8_HUMAN"	"HUMAN"	594839.94	595201.25	869577.94	739402.9	661579.75	830845.4	439432.78	509542.8	346388.22	609860.75	793371.9	521025.97	490126	487842.72	593899.7	279335.94	666611.75	393271.88
"sp|P48634|PRC2A_HUMAN"	"HUMAN"	54378.465	0	0	0	0	0	139409.73	0	67806.414	188539.89	184036.22	0	0	0	0	0	0	0
"sp|P48637|GSHB_HUMAN"	"HUMAN"	290446.56	89949.125	139054.75	311750.22	98558.89	220681.34	208965.83	77975.086	153197	181720.2	88410.664	386170.8	500177.12	403718.9	465704.2	89230.23	257889.48	384730.56
"sp|P48643|TCPE_HUMAN"	"HUMAN"	28852332	28244776	29783630	28328992	29825060	27710564	29191128	29047082	27080804	29023788	28987104	29024006	28649936	29485400	28425238	29193332	30438768	29197050
"sp|P48729|KC1A_HUMAN"	"HUMAN"	118115.63	298424.12	305985.8	99491.22	297170.88	391775.97	397167.12	304533.3	307153.78	104020.4	107067.516	95792.98	109420.27	361418.88	100155.734	294034.66	331750.62	421300.28
"sp|P48735|IDHP_HUMAN"	"HUMAN"	424882.03	509479.38	493725.38	299279.56	440614.84	598239.94	618940.75	327287.75	538365.1	457922.2	468090.3	650270.1	600713.3	340966.1	1250764.2	447104	479664.8	572109.3
"sp|P48739|PIPNB_HUMAN"	"HUMAN"	0	0	0	0	0	0	0	0	0	0	0	0	0	0	0	0	0	0
"sp|P49006|MRP_HUMAN"	"HUMAN"	468127.6	466252.56	545458.2	471619.8	498180.78	551087.75	512501.06	549384.25	534024	436093.62	572840.4	542731.5	485418.2	593667.75	491946.9	527740.06	572805.3	607185.8
"sp|P49189|AL9A1_HUMAN"	"HUMAN"	266005.78	117244.28	271878.66	1115620.6	282774.88	1404347.8	166251.78	310583.8	1319034	1049118	37456.53	0	69034.055	231261.25	105646.03	89923.78	1263308.2	0
"sp|P49207|RL34_HUMAN"	"HUMAN"	1921283.1	2291696.8	2535159	1896621.4	2397619.8	2287666.5	1769409.5	2125004.8	2262907.5	1663562.5	2028420.2	2049437	1447795.1	2026885.9	1710627.2	1987787.9	2110753.8	2134706.2
"sp|P49247|RPIA_HUMAN"	"HUMAN"	290179.75	247828.47	281750.34	428197.16	245838.5	389585.8	316801.3	365254.56	355630.06	393399.8	408075.12	365744.84	440280.2	273148.62	419858.16	221093.05	832035.06	747754.75
"sp|P49321|NASP_HUMAN"	"HUMAN"	9307605	11270969	11146274	8890260	11000265	10472700	8438981	10265024	10638831	8805965	11953654	11176544	8967313	9947541	10702716	11274199	10573790	10910076
"sp|P49327|FAS_HUMAN"	"HUMAN"	31141498	32140056	32084034	31683146	31950440	30902226	33084608	30478454	31649858	31449842	33429728	32821686	33987836	32032612	32880730	33988012	31392618	32883288
"sp|P49354|FNTA_HUMAN"	"HUMAN"	56619.754	0	0	0	325687	329756.12	0	245978.55	0	126425.234	0	234597.4	316138.44	238868.89	0	0	109532.25	185953.06
"sp|P49366|DHYS_HUMAN"	"HUMAN"	156883.44	102648.29	92687.84	105429.28	105031.1	144590.6	136848	103192.43	96610.664	102340.16	107820.15	102756.54	120874.125	87151.516	87787.37	0	102818.414	112109.164
"sp|P49368|TCPG_HUMAN"	"HUMAN"	27764132	28318304	26561138	27509258	26254576	24846382	25850626	25884412	26263708	26523152	24581894	26829176	26637270	25755030	26008456	27080648	26652822	25574546
"sp|P49406|RM19_HUMAN"	"HUMAN"	0	0	0	0	0	0	0	0	0	0	0	0	0	0	0	0	0	0
"sp|P49407|ARRB1_HUMAN"	"HUMAN"	141168.62	0	97510.055	117770.93	103656.56	94827.055	119387.336	116487.08	113164.1	116851.63	881748.44	112226.13	132357.11	0	109613.57	104285.13	111597.93	106939.336
"sp|P49411|EFTU_HUMAN"	"HUMAN"	12864476	14287822	14543796	13052510	13835851	13613065	13270867	13337925	13718134	12609263	13517131	13404873	10910187	13611922	13895651	13886269	14504428	14154761
"sp|P49458|SRP09_HUMAN"	"HUMAN"	3244744.2	3037217	2800342	3180918.5	3651147.5	2827617.2	2992873.5	3081240.5	2730524	3164936	3611990	3377885	2868831	3467004.2	3278598.2	3390923	2710358.5	3229316.5
"sp|P49585|PCY1A_HUMAN"	"HUMAN"	101815.09	83474.31	84568.88	93492.86	92810.26	80186.83	82090.766	86868.5	78184.29	92820	94499.3	90994.72	97160.67	0	103100.78	91610.74	108431.52	95290.086
"sp|P49588|SYAC_HUMAN"	"HUMAN"	9576835	9498082	9698889	10713220	10321212	10078234	10443997	10061340	9525904	9560313	10620921	9348844	10350336	10227551	10388173	9743001	9585940	9889915
"sp|P49589|SYCC_HUMAN"	"HUMAN"	962305.5	1241485.2	1081668.2	1077838.6	934214	1585230.9	858518.25	1323853.1	1087407.5	1172636	1029312.9	1157586	913491.4	907222.6	1438552.5	795706.4	1004762.9	849715.75
"sp|P49591|SYSC_HUMAN"	"HUMAN"	5949663.5	5297768.5	5532556.5	5929268.5	5329968.5	5234305	6356023.5	5272039	5142231.5	5732951.5	4975934.5	4768799.5	5477868.5	5160551.5	5030731	5160182.5	4975311	4898589.5
"sp|P49593|PPM1F_HUMAN"	"HUMAN"	1514801.2	1027446.6	1978516	1782313.6	1544168	1640719.1	1545386.6	1384406.4	1299196.2	1522361.2	1433778.6	1205941.4	1820835.4	1191734.4	1201503.1	1345213.5	1022563.7	1159312.4
"sp|P49642|PRI1_HUMAN"	"HUMAN"	148952.05	0	0	161962.67	0	0	174578.78	0	0	303855.8	0	77854.164	158807	150645.44	195938.7	342100.8	0	0
"sp|P49643|PRI2_HUMAN"	"HUMAN"	157998.16	95713.99	115460.14	193507.1	187625.78	116712.234	141703.81	114691.84	102426.664	146669.94	108116.695	104116.266	147628.44	105720.93	160569.92	104163.71	103217.55	121378.42
"sp|P49720|PSB3_HUMAN"	"HUMAN"	3527969.8	3683857	3787994	3623229.8	3504396.2	3980793.5	3767408.2	3791538.2	3568818.2	3541120.8	4111099.8	3930212	3812130.5	3863627	3824705.5	3247278.8	3826219.2	3742419.5
"sp|P49721|PSB2_HUMAN"	"HUMAN"	2973367.8	2710407.5	2969409	3043466.2	2941931	3148900	3366509.2	2882660.2	2689612.8	3018450	3020048.5	2583344.2	3197592	2982826.2	2883330	3095086.8	2642188.5	2909112.5
"sp|P49736|MCM2_HUMAN"	"HUMAN"	6319931	6793796.5	7111484.5	6533213.5	5995279	6431123.5	6368865	7085254.5	5737375	5748454	6137721.5	6593920	5909064	6162120.5	5772074.5	7038892	6422123	6139929
"sp|P49748|ACADV_HUMAN"	"HUMAN"	527784.8	197203.06	0	267436.7	233196.14	178979.95	271454.84	0	292447.2	417167.7	201094.62	468042.3	450472.03	518253.75	343530.84	224790.36	265442.66	385027.9
"sp|P49750|YLPM1_HUMAN"	"HUMAN"	356908.5	363724.9	77338.41	306811.9	345554.38	307711.6	391984.16	385626.56	78034.945	305226.66	260815.45	330482.25	363782	240659.48	344759.94	240896.81	376383.88	293942.7
"sp|P49755|TMEDA_HUMAN"	"HUMAN"	0	0	0	0	0	0	75133.125	0	0	0	0	0	0	0	0	0	0	0
"sp|P49756|RBM25_HUMAN"	"HUMAN"	492947	802174.3	623989.44	496269.03	543569	513685.72	599653.2	551822.7	582320.5	548286.5	736930.7	670366.06	712317.9	753151	662195.06	470137.7	575865.56	598501.1
"sp|P49770|EI2BB_HUMAN"	"HUMAN"	295493.72	238367.4	271881.38	367634.8	421198.78	248055.25	295567.62	0	391219.66	320008.16	239190.12	464505.2	421162.4	275215.12	423233	270390.1	375730.12	386592.3
"sp|P49773|HINT1_HUMAN"	"HUMAN"	4369724	4463741.5	4830043.5	4251324	4767236	4472977	4246183.5	4461344.5	4942208	4228797	5059616.5	4950501	4394091	4003548.2	4958409.5	5371432.5	5411343.5	5228156
"sp|P49790|NU153_HUMAN"	"HUMAN"	206405.48	144996.55	80664.73	215513.28	58641.39	193576	348926.12	149082.77	201066.56	218486.81	125871.33	285862.94	191529.6	207443.62	179208.22	129248.9	263194.53	110809.67
"sp|P49792|RBP2_HUMAN"	"HUMAN"	1885817.2	1159301.5	1351912	1659770	1373857	1272332.8	1729421.4	1823063.8	1213079.6	2274207.2	2129978.2	1767816.2	1443013.9	1685747.6	1320875.9	1451172.8	1431965.9	1449676.1
"sp|P49821|NDUV1_HUMAN"	"HUMAN"	193828.9	146141	139422.92	292239.72	164584.2	218950.4	0	359497.94	132926.48	368262.38	0	0	393430.97	0	0	0	0	0
"sp|P49903|SPS1_HUMAN"	"HUMAN"	346564.38	371495.53	502033.94	486089.5	431713.06	263547.97	394706.06	380962.38	331009.56	180914.1	148952.67	219523.16	233394.53	214050.92	170442.48	260145.22	266920.16	278072.12
"sp|P49915|GUAA_HUMAN"	"HUMAN"	10124798	10993123	10389178	10332145	10741338	10484413	10524557	9961650	10379232	9983185	11243175	9857496	10343223	10326544	10294419	10450667	10293386	10061903
"sp|P49916|DNLI3_HUMAN"	"HUMAN"	75051.71	70982.02	0	0	73210.96	63714.637	106955.125	0	74509.83	92977.88	93563.97	78585.266	0	85985.41	0	0	69149.07	0
"sp|P49959|MRE11_HUMAN"	"HUMAN"	805327.2	1285097.5	1002241.56	887591.8	821386.1	811021	1027061.9	959848.94	653544.2	736209.3	750411.56	882987.56	894480.25	665533.4	682834.8	634929.94	631072.8	1154463.2
"sp|P50213|IDH3A_HUMAN"	"HUMAN"	630557.5	528881.25	748709.1	584066.2	608423.44	676606.75	734780.3	573746.1	521890.5	940801.4	853528.44	476466.16	858601.7	760834.8	628135.2	486300.94	645164.8	611941.3
"sp|P50336|PPOX_HUMAN"	"HUMAN"	75538.234	0	0	69775.44	0	0	69674.03	0	0	75455.36	0	57110.75	84060.27	0	0	0	0	0
"sp|P50395|GDIB_HUMAN"	"HUMAN"	15318782	16942782	18543686	16601677	15412590	15716074	16668968	16903028	16183146	16883694	17308160	16756569	16831246	16746484	18033738	17600458	18236784	15739625
"sp|P50402|EMD_HUMAN"	"HUMAN"	0	0	0	0	0	0	0	0	0	0	0	0	0	0	0	0	0	0
"sp|P50453|SPB9_HUMAN"	"HUMAN"	723135.2	485918.34	376079.22	561141.06	372958.7	407834.97	449162.8	446543.6	462809.4	769567.44	451098.75	233812.81	1062191.2	537499.8	524640.3	424317.3	474825.62	367747.62
"sp|P50454|SERPH_HUMAN"	"HUMAN"	3939833.5	3872356.8	4661696.5	4273618.5	4078019.5	3851890.5	3805341	4103555.2	3900254	3623584.5	3144444.8	4278621.5	3407310.2	3792406.5	4157909	3834691.2	3882017.8	3818180.8
"sp|P50479|PDLI4_HUMAN"	"HUMAN"	0	0	0	0	0	0	0	0	0	0	259943.67	325084.12	0	0	154185.52	353795.2	0	0
"sp|P50502|F10A1_HUMAN"	"HUMAN"	3410850.8	4006920	3168209	3156995.8	3802260.8	3514128.8	3381478	3315861.8	2903184	3772042.5	3551910.8	3556436	3409200.5	3900619	3527903	3455660.5	3295294	3095340.2
"sp|P50552|VASP_HUMAN"	"HUMAN"	2128009.8	2181354.8	2256525.8	2138786	2110913.2	1946733.6	2179835.5	2349586.8	2099044.8	2149099	2351798.8	2231036.5	2286140.2	2316953	2194549.8	2480987	2328128.8	2221600.5
"sp|P50570|DYN2_HUMAN"	"HUMAN"	1862342.9	2116675.5	1549118.2	1652655	1464161	1119605.6	1829807.6	1225454.8	1482747.2	1640337.8	1782911	2058506.1	2156861.5	1724647.5	2254151	2182294.5	1596397.6	2370805.8
"sp|P50579|MAP2_HUMAN"	"HUMAN"	1618952.5	1708218.4	2069873.5	1899489.5	1816150.2	1818489.2	1733299.8	1845567.8	1586731.8	1338673.5	1432004.4	1807550.4	1371608.8	1651005	1768477.8	1927334.9	1967475.6	1583884.5
"sp|P50748|KNTC1_HUMAN"	"HUMAN"	0	0	54082.145	0	0	33840.336	0	0	0	0	0	41753.82	47539	0	0	0	0	0
"sp|P50750|CDK9_HUMAN"	"HUMAN"	0	0	0	0	0	0	0	0	0	0	0	0	0	0	0	430450.56	0	0
"sp|P50851|LRBA_HUMAN"	"HUMAN"	325822.2	380576.4	271614.97	296169.53	306937.62	349684.84	382074.12	360011.4	317320.75	319346.25	255958.02	244073.39	0	0	0	370355.5	312743.62	237476.6
"sp|P50897|PPT1_HUMAN"	"HUMAN"	371880.44	396969.2	407237.38	344558.5	332737.56	269011.62	402648.22	454021.62	350951.9	351570.44	340243.44	507345.5	342814.34	251316.19	77928.46	161521.66	406805	333624.16
"sp|P50914|RL14_HUMAN"	"HUMAN"	1362821.4	1497627.9	1475493.6	1316537.8	1433738.6	1459824.8	1362365.6	1523985.4	1593886.5	1369168	1533739.8	1564847.9	1365991.5	1537595	1527310.1	1681647.1	1619934.9	1626820.8
"sp|P50990|TCPQ_HUMAN"	"HUMAN"	31497208	35238230	33574000	30695352	34965244	31423806	32924402	31899830	33073524	31286726	33918576	32117560	30668710	32077648	30691674	33812868	32686322	31809694
"sp|P50991|TCPD_HUMAN"	"HUMAN"	19556972	21988774	22949652	19418374	22384980	20409946	19596768	19814950	19945538	20041712	22818794	21903700	18167090	20998474	19996878	22767720	21663354	21131708
"sp|P50995|ANX11_HUMAN"	"HUMAN"	1194109.1	1148574.4	2904640.2	2269104.5	2305851.8	1771208.5	2323019	2338723.2	1977719	2158352.5	2305307	2555865	2481696.8	2193724	1994932.5	2840171.5	1823334.2	2470944.8
"sp|P51003|PAPOA_HUMAN"	"HUMAN"	0	0	0	0	0	0	0	0	0	0	0	0	0	0	0	0	0	0
"sp|P51114|FXR1_HUMAN"	"HUMAN"	304527.34	340783.44	422149.62	311449.6	180220.03	518943.06	290581.3	342426.9	388542.8	316029.62	361492.2	383866.44	334098.8	468207.2	346491.75	388835.88	359845.5	442841.6
"sp|P51116|FXR2_HUMAN"	"HUMAN"	0	0	227501.9	137222.3	226329.3	102886.51	101752.79	190217.47	218051	0	210474.36	221080.16	98180.49	156723.58	206244.98	210709.9	154988.89	193807.89
"sp|P51148|RAB5C_HUMAN"	"HUMAN"	653417.4	595971.3	565497.75	729655.1	851466.7	554843.94	619947.25	621637	586097.6	708641.4	561017.94	512071.22	718827.25	570436.1	600344.94	597845.9	460682.97	568738.75
"sp|P51149|RAB7A_HUMAN"	"HUMAN"	3107461.8	2890939.8	3128696.5	3360573.8	3103832.2	2993702.5	3030707.5	3135131	2933832	3198072.8	3401796	3595316	3008231.8	3290075	3022679.2	3327394	3272372	3231258.8
"sp|P51159|RB27A_HUMAN"	"HUMAN"	0	0	0	0	0	0	0	0	0	167458.33	107420.1	173794.05	128023.58	129972.42	145045.19	115749.99	230045.14	154623.64
"sp|P51397|DAP1_HUMAN"	"HUMAN"	93474.445	78266.86	115849.984	76579.234	82896.29	0	0	115269.016	111765.83	111719.53	122107.055	131466.05	98375.93	50566.42	0	0	86347.234	102312.96
"sp|P51398|RT29_HUMAN"	"HUMAN"	632698.4	635360.5	590345.25	778462.44	458863.03	519939.03	701072.4	477761.62	517922.62	707755.7	835264.75	588395.25	507281	703887.5	741824.5	898469.3	306808.84	714595.3
"sp|P51532|SMCA4_HUMAN"	"HUMAN"	549273.1	406171.44	216396.34	227554.72	560314	260225.75	718014.44	416993.6	601800.1	278918.12	466399	660693.4	470902.6	223236.75	247029.5	549679.75	244864.03	414925.56
"sp|P51571|SSRD_HUMAN"	"HUMAN"	295626.47	270665.62	272090.72	280681.72	260530.6	245331.33	321247.1	269242.38	113425.25	309456.7	317531.12	276947.25	329720.38	294884.7	281497.12	339806.12	341001.2	339741.16
"sp|P51572|BAP31_HUMAN"	"HUMAN"	79899.836	189293.75	223612.14	222241.42	173899.44	108256.78	93873.34	215050.5	142654.73	137250.25	126441.95	233580.17	133050.45	243404.52	217365.22	116715.266	157560.95	237784.69
"sp|P51580|TPMT_HUMAN"	"HUMAN"	49460.305	151072.72	0	0	148736.72	169866.9	136151.98	95415.305	149032.75	221190.9	259450.55	240156.44	172745.1	286664	221266.03	156751.72	187576.62	0
"sp|P51610|HCFC1_HUMAN"	"HUMAN"	1274941	1194252.4	1410081.2	1483206.4	1092832.1	829298.6	1189372.1	907108.75	886299.9	1667602.8	1336978.4	1613009.2	2255650.2	1300602.2	1485262.6	1294229.2	1522867.1	1322227.5
"sp|P51659|DHB4_HUMAN"	"HUMAN"	1923696.2	1869990.4	1177965.6	1392262.1	1947419.5	1983763.6	2041102.8	1943864.6	1119737	1542569.2	1263651.9	1530194.2	1602157.6	1429794	1709315.8	1241712.9	1442931.2	517628.22
"sp|P51665|PSMD7_HUMAN"	"HUMAN"	2861356.2	2401099.5	2771565.5	2909911	2813205.5	2805992	2979350.8	2409962.5	2824524	3139972.8	2878358.2	2188446.2	3123042.5	3044076	2212047.2	3044774.5	2497340	2956762.2
"sp|P51692|STA5B_HUMAN"	"HUMAN"	393600.1	423558.12	547084.1	437140	447091.2	459779.03	456211.8	516793.2	478144.06	471009.22	393291.88	603456.9	487859.38	427028.88	510042.2	512886.75	683799.3	402109.53
"sp|P51809|VAMP7_HUMAN"	"HUMAN"	98275.164	0	0	84902.375	0	0	105014.87	0	0	0	84618.08	96638.484	0	0	0	89392.53	0	0
"sp|P51812|KS6A3_HUMAN"	"HUMAN"	443028.22	313346.2	385196.7	454027	382502.47	125876.29	424990.62	299075.25	308170.94	316845.62	206095.78	129845.49	362250.94	130572.88	138542.16	168833.22	126508.14	224831.36
"sp|P51858|HDGF_HUMAN"	"HUMAN"	3238594	3049028.2	3969985.2	2528706	3628943.8	2764711.8	2496673.2	3278278.2	3353917	2940082	3346492.2	3341545.5	2838686.8	3492665	3190100.8	3244717.8	3780991.2	3514932
"sp|P51948|MAT1_HUMAN"	"HUMAN"	113572.29	91390.586	93619.016	98614.35	103326.44	0	114304.76	96544.39	90234.26	105201.97	115208.516	100494.44	102730.89	118291.97	106704.91	100104.64	112975.02	115171.81
"sp|P51965|UB2E1_HUMAN"	"HUMAN"	0	0	0	0	0	0	0	0	0	0	0	0	0	0	0	0	0	0
"sp|P51970|NDUA8_HUMAN"	"HUMAN"	555472.1	457119.7	527797.25	481145.94	537008.06	528338.25	526476.6	625100.75	403452.44	383597.56	492486.75	533605.5	394029.66	409130.12	379528.38	405859.53	494611.78	497521.03
"sp|P51991|ROA3_HUMAN"	"HUMAN"	15292648	17088738	17644320	15233446	16772332	16236032	15817019	18213158	16762343	15893738	16989376	17447526	15825166	16655246	17964894	17342498	18178650	16484214
"sp|P52209|6PGD_HUMAN"	"HUMAN"	15555642	15099557	16928206	16155365	16521644	15939708	15428993	15952187	15665329	15227051	15210810	16293874	15226256	15009572	15473901	15369678	16664235	15072484
"sp|P52272|HNRPM_HUMAN"	"HUMAN"	21095378	22812860	23706256	21139678	22407030	21240032	22912476	22585828	21483206	20868300	24621158	24682518	22511276	23285452	23749938	23680368	23524870	23933546
"sp|P52292|IMA1_HUMAN"	"HUMAN"	7907985.5	8503514	9173714	8136263	8405533	8172899	8107423.5	9025619	8327205	7859354.5	8676771	8709755	8105111.5	8087266.5	8350529.5	8266163.5	8660212	8056116.5
"sp|P52294|IMA5_HUMAN"	"HUMAN"	188436.84	166675.22	166087.19	181485.1	162515.3	165906.95	173971.72	155884.48	169899.28	182314.56	178888.39	160220.16	203335.58	170424.23	174427.75	167752.1	173513.44	171874.27
"sp|P52298|NCBP2_HUMAN"	"HUMAN"	0	0	0	0	0	0	0	0	0	0	0	0	0	0	0	0	0	0
"sp|P52306|GDS1_HUMAN"	"HUMAN"	0	0	0	0	0	0	141939.95	0	0	0	0	0	0	0	0	0	0	0
"sp|P52434|RPAB3_HUMAN"	"HUMAN"	379528.3	528048.2	346832.84	465323.38	382083.22	422067.2	567637.3	514315.06	378964.25	374164.75	520992.94	461200.7	480369.8	397987.53	326345.6	398582.5	552409.3	278673.62
"sp|P52565|GDIR1_HUMAN"	"HUMAN"	2819155.5	3131904.2	3030524.8	2726719.2	2868971.5	2722693.8	2656235.2	2619822.8	2823594.8	2802144.5	3115596.5	2940917	2490971.2	3036402.2	2689718.8	2858282.8	2847477.2	2830332
"sp|P52566|GDIR2_HUMAN"	"HUMAN"	174830	158503.97	191730.31	154940.77	199099.28	140674.77	197200.73	119641.6	119760.96	191418.97	215010.58	80001.63	194792.03	185437.75	185553.7	162824.12	205936.34	294768.75
"sp|P52594|AGFG1_HUMAN"	"HUMAN"	0	0	0	0	0	0	0	0	0	93426.57	0	0	0	0	0	0	0	0
"sp|P52597|HNRPF_HUMAN"	"HUMAN"	12707893	12688976	13318916	12948523	12590031	11795490	13642023	13515193	12115874	12578909	13094450	13147839	13103011	13097686	12616195	13328769	13083627	13379952
"sp|P52630|STAT2_HUMAN"	"HUMAN"	30865.965	35339.445	0	0	0	0	0	0	0	0	0	0	0	0	0	0	0	0
"sp|P52655|TF2AA_HUMAN"	"HUMAN"	164156.62	0	0	166518.42	0	0	151659.55	0	0	135394.78	188328.16	0	161157.62	211999.86	183527.62	170572.72	143007.75	181348.47
"sp|P52701|MSH6_HUMAN"	"HUMAN"	2275810.5	1911522.1	3527006.8	2651131.8	3204790.8	2777594.5	2013801.6	2727781	2987661.5	2296587.5	1759259	1949110.2	1974617.5	2195478.5	2103511.5	1367311.6	2033050.9	2046062.8
"sp|P52732|KIF11_HUMAN"	"HUMAN"	735893.7	777625.5	712044.5	753344	752452.1	435326.25	849870	734885.4	650330	848770.94	626119	782813.75	866112.75	775929.5	816366.5	781821.75	837993.1	466313.97
"sp|P52756|RBM5_HUMAN"	"HUMAN"	0	0	0	0	0	0	0	0	0	0	0	0	0	0	0	0	0	0
"sp|P52758|RIDA_HUMAN"	"HUMAN"	174514.11	321210.56	0	0	232023.44	0	167221.77	0	0	0	0	282203.3	0	359847.94	361159.62	0	534291.9	0
"sp|P52788|SPSY_HUMAN"	"HUMAN"	1972846.5	1959315.5	1957249.6	1939805.9	1964110.2	1842995.8	1904484.1	1825771.9	1808664.8	1532107.1	1830006.6	1909809.5	2145050.8	1979635.5	1851316.9	1647018.6	2065357.5	1885528.2
"sp|P52789|HXK2_HUMAN"	"HUMAN"	1585143.9	1233956.9	1726449.8	2315910.5	2016027	1773216.8	1753888.8	1801501.6	1305017.4	1310830.2	1691748	1973960.8	1863110	1753576.8	1074949.4	1513554.1	1479895.6	2072042.6
"sp|P52815|RM12_HUMAN"	"HUMAN"	626174.9	694246.3	679936.06	654825.4	707097.9	736156.4	672456.6	594844	604049.7	800720.9	578530.7	608418	642846.75	649348.4	592519	580829	638707.06	641225.75
"sp|P52888|THOP1_HUMAN"	"HUMAN"	712419.75	986590.1	822971.75	639449.56	475042.8	830044.44	570077.5	749215.5	631699.75	571933.1	630046.06	473633.94	699736.6	470432.75	767506.25	374578.06	628267	816062.3
"sp|P52907|CAZA1_HUMAN"	"HUMAN"	4725764.5	2796359	4872012	3980357.2	4625721.5	4470940	3342616.2	4579008	4423306	3510532.5	3225780.8	3196834.5	3970707.8	4274604.5	4194759	3912790.5	3277320	3742158
"sp|P52948|NUP98_HUMAN"	"HUMAN"	600582.06	531194.94	420570.4	880578.1	164736.25	583463.9	835893.9	421054.7	529513.3	749476.6	524282.06	749705.5	684125.75	362739.44	471748.34	501050.44	584546.6	768422.8
"sp|P53004|BIEA_HUMAN"	"HUMAN"	1034093.6	1066119.4	962105.06	1034371.1	841234.4	884093.9	671665.2	952730.75	948906.6	1060282.5	1285598.2	1115705.2	1066576.5	1196943.6	912741.6	1115238.8	1141681.6	1405700.2
"sp|P53007|TXTP_HUMAN"	"HUMAN"	1013568.3	1103963.5	1076091.4	976969.9	1316638.5	921036.06	978577.94	959009.9	1027835.4	993007.25	1434983.6	1332707.8	1147661.9	1495120	1097944.9	1323456.4	796345.06	1094940.1
"sp|P53041|PPP5_HUMAN"	"HUMAN"	0	255482.94	180503.84	81513.89	293622.97	51606.41	311278.8	109073.12	0	332251.25	439728.3	255404.2	307420	634972.9	314768	583263.7	274432.25	278059.03
"sp|P53350|PLK1_HUMAN"	"HUMAN"	54747.92	73175.5	0	0	67895.62	76483.17	0	74591.19	87882.04	293119.28	200503.64	0	0	65528.68	0	0	0	0
"sp|P53384|NUBP1_HUMAN"	"HUMAN"	337131.06	421854.4	220454.58	353616.2	368102.62	269806.6	376585.34	309147.56	292715.25	268356.7	337131.12	388908.7	416314.06	217980.42	239791.73	120913.58	200601.83	395899.2
"sp|P53396|ACLY_HUMAN"	"HUMAN"	13039674	14087089	16027455	13752897	13427074	13516239	13580146	14961531	13602531	13808387	13891703	14287908	14485578	14715801	14390925	14142705	14975922	14218959
"sp|P53582|MAP11_HUMAN"	"HUMAN"	162690.64	266851.44	402460.06	214251.8	254770.02	232290.25	409233.72	143878.88	309113.1	291352.62	437192.4	296278.25	97521.25	488936.47	207501.27	160034.77	637256.6	469801.7
"sp|P53597|SUCA_HUMAN"	"HUMAN"	82923.81	100258.49	0	0	108697.16	0	205036.1	0	0	178666.17	0	171655.45	116779.43	142379.92	157170.88	0	156729.6	0
"sp|P53602|MVD1_HUMAN"	"HUMAN"	36304.49	31729.666	0	0	38615.88	0	42226.082	0	0	0	0	0	0	0	0	0	0	0
"sp|P53618|COPB_HUMAN"	"HUMAN"	3551003	2454381.5	3297449.5	3586648.2	3343917.5	3035594.8	2908213	3875603	3243304.8	3600462	2990029	3622921	4131630.5	3221437.8	3555750.2	3545492.8	3865968.8	3082602
"sp|P53621|COPA_HUMAN"	"HUMAN"	2689437.8	1449522.8	2054066.4	1757380.5	2831378	1647854.5	2521451	1712042.9	1480632.5	3097931.5	1632770	1653497.2	3150671.5	1615949.1	2061628.8	2012425.1	1754337.4	1509969.6
"sp|P53634|CATC_HUMAN"	"HUMAN"	461143.97	293665.34	296127.9	335834.62	277539.62	467775.34	334246.72	288241.28	278361.12	549919.75	316659.5	456421.25	582409.25	304222.03	565958.75	268185.06	504537.7	601169.3
"sp|P53680|AP2S1_HUMAN"	"HUMAN"	84281.04	537172.9	0	249416.1	389908.88	504706.44	0	380597.34	0	284434.25	0	583556.06	237571.77	0	351487.53	107013.88	387157.47	460489.97
"sp|P53701|CCHL_HUMAN"	"HUMAN"	65593.44	140610.22	117366.18	66440.5	106052.484	83957.45	0	145006.16	70971.12	65239.883	61340.883	0	65431.45	59577.938	0	65844.74	0	47656.508
"sp|P53803|RPAB4_HUMAN"	"HUMAN"	94759.17	113561.2	115378.87	91513.85	101218.05	106984.65	92891.26	89149.086	102404.945	101347.2	0	124859.28	77644.945	106983.375	117321.195	124370.35	122258.945	88513.97
"sp|P53985|MOT1_HUMAN"	"HUMAN"	57715.332	89905.07	41179.15	58658.586	80238.03	0	67452.46	126571.72	37640.355	50015.785	102027.914	97330.43	48153.637	86047.07	56906.56	135818.6	0	173848.47
"sp|P53990|IST1_HUMAN"	"HUMAN"	187285.72	0	0	0	0	0	0	0	0	165009.27	176608.8	324386.22	236718.64	283782.94	0	199066.08	0	0
"sp|P53992|SC24C_HUMAN"	"HUMAN"	1410751.9	1486417.1	1487171.1	1469034.2	1394140.8	1599139.6	1511220.6	1554944.8	1477586	1577171.5	1466995.9	1410342.2	1534170.9	1501325.2	1510388	1412624.8	1621327.4	1439481.8
"sp|P53999|TCP4_HUMAN"	"HUMAN"	5149599.5	6183948.5	5958194.5	5034568.5	5465321	5682759	5050639	5590604.5	5698696	5113156	5778130.5	5289755.5	4736593.5	5546560	5579037.5	5829428	5572848	5752919
"sp|P54105|ICLN_HUMAN"	"HUMAN"	1500694.8	1324534.5	1019631.7	1418606.8	1232147	872062.8	1225072.4	1083295.2	1051474.2	1395882.4	1023868.25	1071915.2	1279495.1	1288300.6	919385	1262335.5	1231438.5	949122.5
"sp|P54132|BLM_HUMAN"	"HUMAN"	0	0	0	0	0	0	0	0	0	0	0	33114.605	0	0	0	0	0	0
"sp|P54136|SYRC_HUMAN"	"HUMAN"	5421146.5	4752941.5	6164708.5	5113947.5	5380403	5833803	5923980	5851823	5712213.5	4893257	5272348.5	6252277.5	5974400.5	5013267.5	5438682	5003270.5	5167636	5197411.5
"sp|P54577|SYYC_HUMAN"	"HUMAN"	8474517	8115973.5	9178773	8329694	9271345	8601564	8515951	8156063.5	8584216	8820440	9569741	9211334	8255921	9013050	8933273	10057025	8191618.5	9375799
"sp|P54578|UBP14_HUMAN"	"HUMAN"	7370944	7293690	7144662	7553871.5	7155605	5498900.5	7480049.5	6925659.5	7271653.5	7295047	7566022	6813865	7595020.5	7445334	7563040.5	7455653.5	7450696	7346349.5
"sp|P54619|AAKG1_HUMAN"	"HUMAN"	0	0	0	0	0	0	0	0	0	0	0	0	0	0	0	0	0	0
"sp|P54687|BCAT1_HUMAN"	"HUMAN"	1916627.4	2110888.5	1930164.4	2827126	1709547	1977444.6	2236812.5	2003277.5	1850123.6	1930161.1	2039394.1	2025171.2	2207970.2	2062565.2	1881686.4	2178819	2397587.8	2408663.5
"sp|P54709|AT1B3_HUMAN"	"HUMAN"	520122.62	1300928.5	1186022.9	461060.94	1087566.5	518981.38	386421.28	1059316.9	1101934	1085526.1	1621931.2	458966.25	571202.75	1356182.4	1228683.4	477916.88	609361.3	1216981.6
"sp|P54725|RD23A_HUMAN"	"HUMAN"	134397.11	171818.9	213083.52	126892.89	156632.69	151224.36	168311.66	160998.47	185947.56	154967.66	183789.47	155783.39	116342.44	175686.39	151263.42	175960.31	184647.38	149616.36
"sp|P54727|RD23B_HUMAN"	"HUMAN"	3219478	3944962	3363862.2	3264803.8	3679593.8	3447713.2	3331355.5	3194750.2	3768823.2	3683051.2	4196440.5	3808014	3739034.2	4076472	4324264	3611454.8	4014545	3333584.5
"sp|P54819|KAD2_HUMAN"	"HUMAN"	9114847	10645989	10774783	9414465	10311308	9280029	9753454	10430956	10070664	9309447	9744594	10029630	8899936	9817225	10155091	10382537	10240452	9830140
"sp|P54886|P5CS_HUMAN"	"HUMAN"	1347428.8	630350.3	688848.5	738181.06	846692.56	698754.9	1013151.2	741327.2	813475.44	769241.4	746592.4	653875.1	1044632.25	842505.9	601482.75	819153.4	798645.3	378329.5
"sp|P54920|SNAA_HUMAN"	"HUMAN"	1143815.2	848973.4	826934.2	1340441.4	742558.6	1184813.2	1019503.4	1115781	1370149.6	961756.1	666031.44	627036.56	596054.94	830410	1028029.6	864103.9	1193783	1174218.2
"sp|P55010|IF5_HUMAN"	"HUMAN"	2503109.8	2163242.5	2916054	2365387.2	2314746	2340487.5	2813197	2504008.8	2337806.2	2623206	2493391.8	2397526	2557929	2575689.5	2220177	2007048	2150067	2420952.5
"sp|P55036|PSMD4_HUMAN"	"HUMAN"	1292743.5	1082003.4	1072927.1	775172.6	1324809.8	1433886	953251.06	1069470.5	1114146.8	1333822.2	1403277.9	1068189	1339513.9	1537825.8	1656992.5	1377295.8	1293018.8	1578563.2
"sp|P55060|XPO2_HUMAN"	"HUMAN"	8943137	9278911	8893731	8701962	10150631	9100653	10317653	9096646	8335788.5	9184182	9588223	8896883	10387498	9707021	9626320	9608398	9633550	8968882
"sp|P55072|TERA_HUMAN"	"HUMAN"	24148174	25017656	24547542	25344980	24309266	22380330	25617688	24320546	23110152	23974518	25305516	25307246	25898162	24958892	23108690	24383120	25681400	25033610
"sp|P55081|MFAP1_HUMAN"	"HUMAN"	78331.64	230644.06	73704.19	35054.12	63398.875	130197.3	0	364829.4	77839.13	36430.797	0	0	45516.637	132118.1	66639.58	47696.97	0	0
"sp|P55084|ECHB_HUMAN"	"HUMAN"	2171199.8	2091586.5	1977791.1	1719276.1	2322906.2	1790821.2	1997141.5	1732299.9	1540542	2169862	2246550	2159405	2066764	1951608.5	1743794.9	1669742.9	2239261.2	1892376.5
"sp|P55145|MANF_HUMAN"	"HUMAN"	114677.336	106437.96	120988.15	109848.98	142627.14	90769.08	159773.92	0	0	102970.58	0	72782.22	105185.555	144718.84	0	0	0	143784.12
"sp|P55196|AFAD_HUMAN"	"HUMAN"	47853.383	0	0	0	0	0	0	0	0	229248.92	304993.3	298562.62	200538.16	268984.25	290063.06	267212.53	344266.72	273940.03
"sp|P55209|NP1L1_HUMAN"	"HUMAN"	9777718	9495275	9484251	9576385	9526094	9571378	9889270	10254448	9670359	9558479	9884493	9748023	9560223	9993537	9874598	10192081	10744095	10146554
"sp|P55212|CASP6_HUMAN"	"HUMAN"	42579.92	0	0	0	0	0	41646.887	0	0	96101.63	0	0	0	0	0	0	0	72841.336
"sp|P55263|ADK_HUMAN"	"HUMAN"	1616507	1520734	1466035	1538413.4	1574442.8	1429453.2	1501872.4	1470189.2	1402574.8	1579670.8	1646394.6	1430137.8	1523329.5	1452734.2	1557298.8	1608989.4	1440385.9	1594919.5
"sp|P55265|DSRAD_HUMAN"	"HUMAN"	1177461.1	329015.88	943280.9	1397293.5	1124884.2	1027697.25	1242302.2	480070.38	970566.6	983383.4	336311.38	474660.66	577571.1	465845.5	392661.8	190764.19	345447.5	426851.3
"sp|P55735|SEC13_HUMAN"	"HUMAN"	1553329.1	1535030.4	1376867	1844613	1450723	1498308.1	1424741	1528898.8	1498968.4	1713685.6	1619870.8	1823278.5	1754026.9	1775751.6	1805230.2	2153076.2	1657755.4	1850512.2
"sp|P55769|NH2L1_HUMAN"	"HUMAN"	2065579.4	2503939.5	2359550.2	2519013	2014172.6	2052918.9	2360652	2649843.5	2233663.2	2484891.8	3048874.8	2852763	2456303.8	2893049	2637693	3067095	2778625.8	2928503.5
"sp|P55786|PSA_HUMAN"	"HUMAN"	2404824.2	2403422.2	2596058.2	2411432.8	2484655	2222518.5	2771301.2	2479767	2492143	2904711.2	2709157	5051767	2820986.5	2595477.8	2494181.2	2550537.2	2677585	2586190.2
"sp|P55795|HNRH2_HUMAN"	"HUMAN"	536096.1	372184.38	436859.2	535023.1	446291.12	451185.66	578509.56	464183.53	444278.8	538131.1	470539	485294.94	550653.2	457691.03	444715.62	419655.47	480577.3	533274.06
"sp|P55809|SCOT1_HUMAN"	"HUMAN"	170186.97	166640.6	201266.45	190318.7	161034.62	161481.23	194010.03	202365.75	184899.56	183099.33	311211	168644.77	491605.56	438606.2	290687.06	191807.12	178155.94	163408.52
"sp|P55854|SUMO3_HUMAN"	"HUMAN"	685372.4	1073684.2	1164716	697381.7	1048763.2	1018679.8	746331.56	952184.25	1125089.4	714023.1	1061593.2	1102535	780274.25	1117287.8	1021760.25	991117.4	1061120.5	1106699.4
"sp|P55884|EIF3B_HUMAN"	"HUMAN"	5555770.5	5756943.5	6091650	5773614.5	5875841.5	5167403	5903780	5053401.5	5519610.5	6551823	6806896.5	5596920	6493298	6864489	5695903.5	6641105.5	6275441	6576726.5
"sp|P55957|BID_HUMAN"	"HUMAN"	517543.3	478539.4	572754.4	329286.3	97460.56	459375.06	485824.6	266346.5	452069.38	532568.4	731443.1	776508.56	527441.5	483107.16	485600.22	493775.7	576796.7	454727.75
"sp|P56134|ATPK_HUMAN"	"HUMAN"	858210.6	769885.5	1059655.2	895592.44	803654.6	988248.4	933448.25	940293.5	899588.4	807039.1	867538.94	1053751.2	936778.06	908732	776777.25	848673.2	1108632.4	902479.75
"sp|P56182|RRP1_HUMAN"	"HUMAN"	211086.12	443745.38	744154.25	76531.14	635199.8	442429.44	0	804212	407838.8	732048.3	895561.94	803057.06	724182.06	705596.8	867114.44	191668.8	486754.72	869377.5
"sp|P56192|SYMC_HUMAN"	"HUMAN"	5797069	6295766	7564074.5	6340638	6398959	6131005	6849629.5	8374893.5	6718863.5	7154884.5	7179155.5	7320203	7687881	7449978.5	7648645.5	7316250.5	7846861	7712140
"sp|P56211|ARP19_HUMAN"	"HUMAN"	0	0	0	0	0	0	0	0	0	0	0	0	0	0	0	0	0	0
"sp|P56282|DPOE2_HUMAN"	"HUMAN"	62903.35	67190.06	73588.016	0	50239.555	0	0	0	0	0	102416.234	82783.3	0	0	85702.46	0	0	102561.82
"sp|P56378|ATP68_HUMAN"	"HUMAN"	193933.47	239830.8	228716.75	184540.03	249836.5	254531.94	179944.4	161583.45	207032.92	189628.17	222463.05	251270.77	182544.92	256695.66	271225.34	262989.84	233025.56	70218.266
"sp|P56381|ATP5E_HUMAN"	"HUMAN"	184537.31	224649.38	278554.7	207853.4	197424.12	229517.34	176208.62	198171.6	231567.83	183592.78	73494.14	224312.81	175737.22	79363.86	236160.78	272550.34	193016.84	144112
"sp|P56385|ATP5I_HUMAN"	"HUMAN"	953025.4	827012.7	1138105.1	803397.1	876229.75	1201161.6	863518.4	869114	898452.44	1041080.1	992147.3	1165996.6	808018.1	1327054.6	1093170.4	819732.8	1044997.5	1144531.8
"sp|P56537|IF6_HUMAN"	"HUMAN"	4008668.5	4546246	4517059	3216781.8	4174141	4253670.5	3864190.2	4368048.5	3771124.8	3905477	4186112	4240852.5	3882122.5	4426205	4522833.5	3788812	4384703	4417068
"sp|P56556|NDUA6_HUMAN"	"HUMAN"	154011.64	187855.81	179930.38	134503.9	325016.34	181273.61	135538.81	123593.51	144223.17	154712.45	373280.5	350398.75	345995.47	379651.56	405770.9	138331.73	364785.94	179151.03
"sp|P57076|CF298_HUMAN"	"HUMAN"	376363.94	506110.06	517399.44	545616.25	422790.94	508893.75	484106.97	504475.8	377774.22	882210.1	393678.25	493681.1	653556.1	511083.06	436858.97	400246.5	580451.1	467786.3
"sp|P57081|WDR4_HUMAN"	"HUMAN"	138543.33	133458.39	105430.16	176632.86	166011.02	115831.664	174821.34	0	104065.336	113701.81	0	0	97976.68	0	139650.39	164562.08	114724.016	113021.625
"sp|P57678|GEMI4_HUMAN"	"HUMAN"	87414.85	0	0	88828.555	0	0	162437.94	0	0	138024.38	82922.52	80063.16	97107.6	0	80720.01	0	83413.15	82278.89
"sp|P57721|PCBP3_HUMAN"	"HUMAN"	602459.1	673715.25	537795.7	760975.6	755180.75	674796.3	628239.2	622712.06	667306.06	649046.3	420655.5	482574.38	567146.06	572567.94	385428.3	651396.6	560639.6	483768.25
"sp|P57737|CORO7_HUMAN"	"HUMAN"	354071.88	213814.56	228956.81	329898.16	134387.92	174998.66	278592.75	296472.03	129246.92	474502.16	249004.89	478524.3	271965.8	148534.3	358366.47	218538.48	596743.4	200394.39
"sp|P57740|NU107_HUMAN"	"HUMAN"	660509.5	581300.2	653435.1	578518.4	545672.3	443820.47	368998.84	368734.72	492126.1	638213	552859.5	558409.44	612256.4	556027.4	441624.28	627186.9	426794.38	617000.7
"sp|P58107|EPIPL_HUMAN"	"HUMAN"	1033759.4	629929.56	1000821.1	1290075.8	994887.9	578362.25	973902.56	1243472.2	1475541.5	1049140.8	1032900.4	1195601.8	1106959.6	963155.8	796401.94	791923.2	821692.06	748153.56
"sp|P58546|MTPN_HUMAN"	"HUMAN"	2473479	2476577.5	2122426.5	2325376.2	2323080.5	1981510.2	2412647.2	1963717.8	1860268.2	2552543.2	2285352.5	2315731.8	2479940.2	2125543	1993342.2	2387554.8	2187614	2029056.6
"sp|P59510|ATS20_HUMAN"	"HUMAN"	0	28762.752	24231.338	30428.133	0	0	0	27092.447	25473.004	0	0	0	25252.799	0	0	0	39007.344	41768.668
"sp|P59998|ARPC4_HUMAN"	"HUMAN"	175070.23	121827.39	126766.76	379225.06	266613	236161.23	263742.34	139329.08	133501.42	298014.44	262270.06	359061.7	282078.56	153339.45	245827.27	256548.34	138926.22	147920.94
"sp|P60033|CD81_HUMAN"	"HUMAN"	0	242190.47	460287.06	0	0	0	0	188395.92	0	162119.53	373166.3	256483.23	193010.05	0	0	225795.47	0	180932.14
"sp|P60059|SC61G_HUMAN"	"HUMAN"	118065.984	114492.45	171679.53	103973.65	116872.57	87757.44	125547.164	129051.625	100477.43	109270.95	109490.43	118742.71	132660.1	124104.63	142077.77	99989.914	157187.58	106483.37
"sp|P60174|TPIS_HUMAN"	"HUMAN"	25618226	27117638	28139464	26139054	26893186	27330600	26074396	27223726	26836992	26044452	26348288	26815732	25773838	26675516	26645514	26603342	27312492	26915702
"sp|P60228|EIF3E_HUMAN"	"HUMAN"	2665386.8	2639699	1929300.5	2246452.5	2559349.8	2657609	2453630.8	2768017	2247645	2904452	2630599.5	2505973.5	2583541.8	3046071	2952479.2	2774032.5	2689590	3093191.5
"sp|P60510|PP4C_HUMAN"	"HUMAN"	232036.42	0	187421.75	136811.86	231988.08	180693.08	0	206736.89	205695.53	204798.72	172938.77	202706.5	218321.78	197225.39	188920.95	212584.25	0	201289.69
"sp|P60520|GBRL2_HUMAN"	"HUMAN"	300641.16	108171.44	135057.22	176204.2	130331.375	144703.5	141694.61	275996.8	362005.38	154204.97	32512.646	157022.81	162812.8	0	154457.08	171807.64	374439.34	152356.56
"sp|P60604|UB2G2_HUMAN"	"HUMAN"	208530.55	0	213810.19	0	180709.75	154402.48	84871.37	249924.84	150655.72	0	111529.3	0	82687.83	0	0	0	142859.12	148941.27
"sp|P60660|MYL6_HUMAN"	"HUMAN"	939622.4	1026257.25	1038823.44	1031556.9	976806.94	978478.3	942172.56	928442.8	1047234.4	998955.9	993527.5	1121682.5	787277.44	1149502.9	854978.75	696996.7	727821.94	836510.6
"sp|P60709|ACTB_HUMAN"	"HUMAN"	140748350	143869780	142157300	141268130	140982300	136078990	139612720	136372800	135275460	144809950	143408590	139581950	142563260	138829920	142703490	146797920	141166190	143278580
"sp|P60842|IF4A1_HUMAN"	"HUMAN"	17485282	20469142	20867094	18418412	19933972	18661568	18327426	19645644	18864814	18808394	19744138	19589128	17558248	19339824	19686430	20917630	21280024	19109740
"sp|P60866|RS20_HUMAN"	"HUMAN"	2667377.5	3252962.8	2815332.2	2520708	3222241.5	2796282.5	2468479	2702508.8	2672690.8	3040779	2937863.8	2954856	2535534.2	2920291.8	2495133.5	4206202	2709536.2	2667296.5
"sp|P60891|PRPS1_HUMAN"	"HUMAN"	2125409.2	2336612.8	2357569.8	2259896	2320767.8	2388121.2	1947775.9	2601161.5	2387815	1895398.9	2254367.2	1929058.8	2098155.5	2186951.2	2102600	2242753.5	2396929	2084752.8
"sp|P60900|PSA6_HUMAN"	"HUMAN"	3783142.2	4072691	3571993.5	4548085.5	3502507.5	4571641.5	4340009.5	4680849	4365830.5	4309187	4740716.5	4643682	3979993.5	4591150	4406618.5	5023839.5	3612352	4848034
"sp|P60953|CDC42_HUMAN"	"HUMAN"	2016078.6	2100291.8	1932311	1959449.2	929972.9	2093059.5	2460796.8	2271525	906888.7	1856806.6	2004240	2246031.8	1933319.4	2052100.1	2462465	925788.75	2058007	2163834.8
"sp|P60981|DEST_HUMAN"	"HUMAN"	845070.25	918849.6	1070744.2	1186441.8	1018823.9	1035650.06	1260731.2	814352.56	864734.5	1366697.8	1278369.8	1403299.2	747732.3	1031744.06	1160594	1040569.9	1167684.4	814405.2
"sp|P60983|GMFB_HUMAN"	"HUMAN"	0	232802.38	0	0	157928.12	133598.89	393525.56	4054532.8	0	0	0	0	101204.08	0	712573.56	604312.6	1591482.1	319060.84
"sp|P61006|RAB8A_HUMAN"	"HUMAN"	235875.23	139809.48	137522.22	0	110411.484	0	162045.19	0	132195.1	0	0	0	0	0	153077.47	0	141801.95	115161.62
"sp|P61011|SRP54_HUMAN"	"HUMAN"	908260.06	835792.25	1196850.1	867817.9	832927.7	782698	747537.2	587381.25	530909.5	1011717.6	878238.4	1197821	984540.1	762075.7	872093.25	873999.06	1079538.1	841512.4
"sp|P61019|RAB2A_HUMAN"	"HUMAN"	0	0	305234.3	0	231549.78	0	401393.53	0	0	32209.107	0	0	0	0	0	0	0	0
"sp|P61024|CKS1_HUMAN"	"HUMAN"	294136.5	370418.2	438405	277377.22	416977.56	418714	306545.12	400685.8	385112.47	220909.38	295006.94	290813.44	198489.52	296049.3	296189.5	230811.25	121900.13	433178.16
"sp|P61026|RAB10_HUMAN"	"HUMAN"	1259061	983923.2	1052470.2	1187879.5	1035406.94	904028.4	1251551.1	1088765.4	1082412.5	1239156.4	976858.75	1103797.2	1106078.4	1051119.4	1005155.6	974952.2	912121.5	985267.1
"sp|P61077|UB2D3_HUMAN"	"HUMAN"	0	0	224414.81	0	0	0	0	288174.44	0	219319.58	353323.44	270576.56	218361.52	276349.75	253846.97	0	0	254624.56
"sp|P61081|UBC12_HUMAN"	"HUMAN"	571277.75	502900.72	682600.1	748563.25	775621.56	674649.3	750029.5	736302.75	740959.1	642596.94	715839.8	747422.06	852376.2	679669.4	636197.06	682897.25	718446.44	699688.8
"sp|P61086|UBE2K_HUMAN"	"HUMAN"	1322763.5	1318229.6	1249295.2	1417714.5	1271278.8	1245018.8	1229856.1	1180864.1	1283157.8	1245002.4	1223679.5	1348015.1	1179815.4	1497968.8	1411086.4	1531240.8	1401117.6	1196177.2
"sp|P61088|UBE2N_HUMAN"	"HUMAN"	5937286	5834593.5	6243524.5	6393895	6865087	6631269.5	6022758	6756112	5721661.5	6129954	5878684.5	5816977	5801822.5	6463991.5	5971302	5896746.5	6434221.5	6333714
"sp|P61106|RAB14_HUMAN"	"HUMAN"	453554.56	185851.66	558816.25	188190.3	697306	525248.94	195153.66	349109.94	385044.22	352514.06	211550.7	390250.3	444011.7	186296.1	366534.28	460808.62	279463.78	307970.97
"sp|P61158|ARP3_HUMAN"	"HUMAN"	1388114.4	1423270.2	1797877	1515774.2	1335190.5	1317465.5	1504841.9	1702403.8	1105013	2542960	2221737.5	1323370.2	1647739.9	1541021.4	1130654.5	1410089.1	1440369.5	1073885.5
"sp|P61160|ARP2_HUMAN"	"HUMAN"	926724.94	833157.1	780336.5	987863.9	746180.5	692938.6	969222.1	707429.6	736694.3	960243.7	638706.7	781220.3	950460.2	799033.3	562864.94	613910.56	770983.5	765470.6
"sp|P61163|ACTZ_HUMAN"	"HUMAN"	1111170.9	1123813	985403	1032916.7	668399.94	964517.06	1215181.2	779167.5	1094211.2	1306245.5	926904.56	893397.5	818274.94	1441940.2	1165573.4	1163195.1	787654.75	1341703.6
"sp|P61201|CSN2_HUMAN"	"HUMAN"	616010.2	424985.1	682599.7	615830.1	563415.06	664397	453697	661421.44	612331.9	455680.12	463964.56	670789.94	470965.75	644313.06	589147.5	489149.88	382651.1	362311.78
"sp|P61204|ARF3_HUMAN"	"HUMAN"	5507277	5205935.5	4986026.5	5473499.5	5035351	5292873	5747446	5203120.5	5043472	5451778.5	5235926	4920990.5	5316062	5452770	4939050	5390504.5	5103144	5159066.5
"sp|P61221|ABCE1_HUMAN"	"HUMAN"	4948599.5	5392280.5	5361076	5235480.5	5505057	5435353.5	4832233.5	5111382	5049227	5188375	5374321.5	5030094.5	5325794.5	4856072.5	5100238	5515839	5267257	4964033.5
"sp|P61224|RAP1B_HUMAN"	"HUMAN"	2228203.8	2278039.2	2437572.8	2243586.2	2330674.2	2102741.2	2275175.8	2283845.2	2099465.2	2310709.5	2405941	2301324.8	2158791.2	2234969	2071052	2323194.8	2309986.2	2122613.8
"sp|P61225|RAP2B_HUMAN"	"HUMAN"	187612.34	172460.48	225433.25	210131.44	210444.56	229458.02	210181.31	208484.86	192711.02	179430.47	219860.7	205847.66	214420.81	193073.56	211170.7	200636.6	206361.9	214716.67
"sp|P61247|RS3A_HUMAN"	"HUMAN"	8470332	9263519	10852530	8540322	9163522	8821988	8746408	9096612	8413338	9050881	9319482	10097156	8864219	9669659	9106276	8714310	10340236	8545341
"sp|P61254|RL26_HUMAN"	"HUMAN"	2097401.2	2945963	2881700.5	2394563.5	2948011	2721590.2	2248469.5	2665068.8	2881675	2149986.2	2555040.2	2545577	1995459.5	2449540.2	2525313.8	2818503.2	2572221.5	2427639
"sp|P61289|PSME3_HUMAN"	"HUMAN"	4988950	4642523	4978073	4808839	4490302.5	4335895.5	5105465.5	4746300	5129110.5	6200082.5	5169859.5	5819974	5215654.5	5702503	5062630	5467285.5	5774863	5780220.5
"sp|P61313|RL15_HUMAN"	"HUMAN"	6157722	6662620.5	7016056	5866471.5	6975101	6750377.5	6464362.5	6537539.5	6720702.5	6413561.5	6980286.5	6761989.5	6125600.5	6607174.5	6811746.5	7026840.5	6713044.5	7158912.5
"sp|P61326|MGN_HUMAN"	"HUMAN"	2283410.8	2509150.2	2678198.2	2326396.8	2343216	2496088.5	2090109.8	2144861	2721691.2	2664408	3003068.5	2582483.5	2228449.2	2616999	2570959.5	2432274	3137616.8	2892805.2
"sp|P61353|RL27_HUMAN"	"HUMAN"	3131705	3797711.8	3620067	3167391.5	3948240.8	3347501	2960194.2	3319962.8	3446159	3482171.5	3869312.8	3570866	2933282.2	3665007.5	3450834.5	3715784.2	3602910.5	3750950
"sp|P61421|VA0D1_HUMAN"	"HUMAN"	353981.47	299377.53	286393.88	0	0	371439.72	274212.53	281346.56	0	343710.84	326460.94	0	270924.8	331718.62	430656.72	0	385601.3	0
"sp|P61513|RL37A_HUMAN"	"HUMAN"	696431.1	590924.25	927861.3	769789.5	863715.3	721526.75	888959.25	771780.9	650302.4	705663.2	791318.3	777541.94	776745.9	808649.5	736642.9	924670.44	651893.8	918868.9
"sp|P61586|RHOA_HUMAN"	"HUMAN"	1044545.75	998231.6	1404339.6	1405692.9	954095.25	965274.25	1334580.6	1004966.56	934662.9	1389245.2	1485492.8	1410526.4	1353916.4	1624425.1	1561397	1326986.5	1235134.1	1430556.1
"sp|P61599|NAA20_HUMAN"	"HUMAN"	0	0	0	0	0	0	0	0	0	0	158425.89	0	0	0	0	0	0	0
"sp|P61604|CH10_HUMAN"	"HUMAN"	6393878	8461073	8057000	6357278.5	7668588	7507669	6169679	7957781.5	7655553	6688515.5	8195050.5	7538615.5	5761388.5	7734691.5	7730660	7272525	7502788.5	7744256.5
"sp|P61758|PFD3_HUMAN"	"HUMAN"	2685536.5	2550901.5	2564337	2727094.2	3194956.5	2438448.2	2938645.8	2539120	2360856	2564434.2	2744991	2700751.8	3027596.2	3048053.2	2246579.5	2662141.8	2372860.8	2776184.5
"sp|P61769|B2MG_HUMAN"	"HUMAN"	233408.4	209752.28	192581.86	213412.28	227515.48	161700	255644.11	204674.75	213004.61	245295.19	249423.5	213955.86	279573.2	231387.69	185416.52	225289	173813.92	0
"sp|P61916|NPC2_HUMAN"	"HUMAN"	0	0	82735.22	96792.625	79267.6	0	0	0	78981.07	124030.95	0	0	129688.555	87548.99	73900.93	0	76382.95	98595.67
"sp|P61923|COPZ1_HUMAN"	"HUMAN"	535069.7	470854.7	598310.44	615648.9	592343.75	569135.5	691059.2	587051.94	478674.94	621477.7	584920.25	721993.5	739108	546579	532589.5	604210.06	513310.25	569342.9
"sp|P61927|RL37_HUMAN"	"HUMAN"	0	0	277819.78	0	0	0	153168.62	0	0	0	0	0	0	257491.2	0	0	0	258237.61
"sp|P61956|SUMO2_HUMAN"	"HUMAN"	335608	300148.47	289841.03	305973.7	273299.34	301670.72	319088.22	310598.12	292279.3	283713.72	287004.47	287892.94	314425.25	323238.66	302823.94	306637.72	298545.66	348740.28
"sp|P61960|UFM1_HUMAN"	"HUMAN"	325873.1	100398.43	430097.22	263350.3	311128.28	417453.16	384373.3	365696.25	393736.94	199347.89	254799.98	379614.75	366560.97	322272.3	425067.38	392372.88	351499.44	401864.28
"sp|P61962|DCAF7_HUMAN"	"HUMAN"	174497.67	0	0	351442.12	0	0	180069.89	0	0	356155.28	352603.62	0	346352.2	335075.62	327950.88	0	198470.7	240534.7
"sp|P61964|WDR5_HUMAN"	"HUMAN"	0	0	0	0	0	0	0	0	0	0	0	0	0	681121.06	0	705377.9	0	0
"sp|P61970|NTF2_HUMAN"	"HUMAN"	873545.75	943472.6	1259304.5	910689.9	987112.6	1088112.8	922780.7	1015383.8	992145	939276.4	926425.1	1146415.8	896138.1	985741.7	645660.1	1016636.7	1056671.2	912886.25
"sp|P61978|HNRPK_HUMAN"	"HUMAN"	29726160	33687588	35332456	28895216	31986626	30446888	29292108	34394204	31925260	29404696	33946580	34968904	30215270	32743744	32781278	33376936	34257604	33503882
"sp|P61981|1433G_HUMAN"	"HUMAN"	7838016.5	8449239	9566024	8051208.5	9013450	9481035	8433952	8407006	8508104	7789969.5	8954458	9278139	8376172	9550135	8952847	8200472.5	9871398	8887319
"sp|P62072|TIM10_HUMAN"	"HUMAN"	302140.12	283498.62	381567.88	213495.44	386309.22	383854.12	272806.06	317576.22	357321.12	263078.06	77511.375	195771.72	318839.78	243211.16	312868.72	0	191903.97	78298.87
"sp|P62081|RS7_HUMAN"	"HUMAN"	19900516	19352428	21026068	19774562	19884962	18353276	22506660	18963340	20498148	19761214	20884686	20060868	21606894	20623666	20727168	20224486	19392616	21392730
"sp|P62136|PP1A_HUMAN"	"HUMAN"	5181274	4904636	4932351.5	5352668	4575526	4901181.5	5244352.5	4991468.5	4599372	5278489	4682811	5255942	5246276.5	4872685.5	4968067.5	4932488.5	5054084.5	4888912.5
"sp|P62140|PP1B_HUMAN"	"HUMAN"	221319.16	187022.97	0	0	192519.97	180898.31	278867.84	179294.47	75987.72	235851.34	89769.77	96669.81	239380.42	42573.285	91543.79	0	0	0
"sp|P62191|PRS4_HUMAN"	"HUMAN"	4058024.2	3933056.2	3627690.2	4453093	3793368	3463459	3842599.8	3054985.8	3689975.2	5359735	4196875.5	3883660.5	4656262.5	3995261.2	3821061.2	4871678.5	3536906.5	4096601.5
"sp|P62195|PRS8_HUMAN"	"HUMAN"	4553107	4419541.5	4890017.5	4962931	4776082.5	4805975.5	4908236.5	4478570	5687433	5416634.5	5311572	4883809.5	5579928	5376463.5	4972645	4823536	5213686	5043305.5
"sp|P62241|RS8_HUMAN"	"HUMAN"	7613442	7907028	7289212.5	7383291.5	7987554.5	7264111.5	7333208.5	7079098	6895841.5	7974871.5	8246994.5	7396266	7572777	7364348	7076291.5	6698040	7203467	7191220.5
"sp|P62244|RS15A_HUMAN"	"HUMAN"	4599541.5	4647857	4702312.5	4414130	4554607	4230828.5	4361630	4167758.8	4209256	4348622	4545100.5	4313384.5	4318812.5	4355386.5	3989155.2	4632438	4530777	4228018.5
"sp|P62249|RS16_HUMAN"	"HUMAN"	4507612	5081512	5599392	4336079.5	5415600	4510818.5	4599969	5327059	5263401.5	4730265	4989940.5	5349952.5	4398712.5	4870294.5	5146441	5352736.5	5641229	5193617.5
"sp|P62253|UB2G1_HUMAN"	"HUMAN"	143676.48	68437.375	96319.84	58237.688	0	0	108669.91	271765	205717.55	0	0	0	0	0	0	0	0	0
"sp|P62258|1433E_HUMAN"	"HUMAN"	33739480	35340130	41715550	34738424	37242428	37125932	36643068	37261116	35594310	33872324	34360740	38081828	34443316	35275028	32811864	34272924	37786190	34980210
"sp|P62263|RS14_HUMAN"	"HUMAN"	5283275	5716164.5	5575662	4917937	5635511	5018555.5	4106243.2	5195702	4813168.5	4697774.5	5017113	4807512	4412745	5244552.5	4669366.5	4586197.5	4184486	4679817
"sp|P62266|RS23_HUMAN"	"HUMAN"	2422697.5	2442200	2380603.5	2547812	2555878	2568071.8	2410232.5	2442599.2	2621119.2	2557396	2532115.2	2564944.2	2517913.8	2414276.2	2617555	2590903	2475114.8	2647909.5
"sp|P62269|RS18_HUMAN"	"HUMAN"	4907330.5	6582135	5917748.5	4803268	5905120.5	5448924	5142918	5871997.5	6049423.5	4723919	5936960	5685170.5	4619795.5	5862993	5970205	4977389	5518873.5	6033248.5
"sp|P62273|RS29_HUMAN"	"HUMAN"	434981.78	662729.75	659404.75	438833.25	625033.9	668090.75	432168.38	635934.9	765580.2	400230.06	628887.9	665219.75	375284.53	597202.75	593491.4	705210.1	656320.6	675262.5
"sp|P62277|RS13_HUMAN"	"HUMAN"	4229435	4540994	5745822.5	4394050.5	4797377.5	4895052	4362626	4696409	4526900	4423204.5	4702894.5	5166527	4539063	4376397.5	4736953	4633368	5301788	4929257
"sp|P62280|RS11_HUMAN"	"HUMAN"	3755598.5	4465370	3949994.2	3891103.8	4188469.2	3982366.5	3688619	4008972.5	4136813.2	5161081.5	6066050	6112814	4830616.5	5822178.5	5818593.5	6094756	6216341	6280006
"sp|P62304|RUXE_HUMAN"	"HUMAN"	2794968.2	2771191.2	3345180.8	2936217	2947421.2	2804659	2919857.2	2888144.5	2753079.8	2842153.2	2811816	3299162.2	3003483.2	2764672.2	2719522.5	2742077	3072423.5	2909987
"sp|P62306|RUXF_HUMAN"	"HUMAN"	1539401.2	1679260.6	2024915.1	1648574.4	1813358.5	1884513.9	1360573.4	1796855.5	1826440.4	1611618	1976123.1	1751947.5	1481113.6	1874314	1851169.5	1824249.2	1883003.9	2048294.5
"sp|P62310|LSM3_HUMAN"	"HUMAN"	922141.75	912317.8	856614	960573.75	857870.8	789600.75	987294.5	867760.4	854252.5	944760.3	924278.2	814586.1	1009508.44	844044.4	837797.4	908553.3	862716.44	802896.94
"sp|P62312|LSM6_HUMAN"	"HUMAN"	354560.3	461606.44	313731	293311.78	440032	456299.3	267434.12	473908.6	408193.94	295915.38	428716	403502.7	287701.4	392313.5	212127.12	419234.25	420426.3	432226.62
"sp|P62314|SMD1_HUMAN"	"HUMAN"	2041927.8	2449548.2	2285062.2	2082970.4	2354218	1363020.4	1784727.8	1809758.9	2052345	2029469.5	1959446.8	1938543.6	2108955.5	1849160.8	1792875.5	1979944.2	1477019	1774132.9
"sp|P62316|SMD2_HUMAN"	"HUMAN"	6065508.5	6635722	6598674	5634865	6572447	6354764.5	5778352.5	6422503	6371507.5	6320852.5	6952821	6857140.5	5393541	6923413	6679328.5	6904558.5	6480004.5	6999048.5
"sp|P62318|SMD3_HUMAN"	"HUMAN"	3146093	3558807.5	4220764.5	3197072.8	3527924.8	3568936.5	3226598.2	3620782.8	3538356.2	3233032.2	3469344	4084604.8	3414496	3514076.5	3392077.8	3373290.5	3965936	3568701
"sp|P62328|TYB4_HUMAN"	"HUMAN"	3820003.2	4750102.5	5510960	3359996.8	5124962	4973498	3663790	4998998	5197859	3779701.2	5215226	5653970	3574827	5683027	4861550	6659925.5	5533576	6572563.5
"sp|P62333|PRS10_HUMAN"	"HUMAN"	5117363	5618213	6030747.5	5272415.5	4973683.5	5106564.5	5241745.5	5869220	4646976	5343193.5	5274281	5882790.5	4882956	5440216	5842879.5	5690660.5	5576033.5	5520136.5
"sp|P62424|RL7A_HUMAN"	"HUMAN"	4545158.5	5568855	5623965	4545205	5546272	5685505	4242361	5054609	5684412.5	4704254.5	5298190	5159519.5	4144688.8	5420871	4876607	5793366	5880419	5715661
"sp|P62491|RB11A_HUMAN"	"HUMAN"	2226036	2525322.8	2408408.8	2258285.2	2546433.2	1838822.6	1916360.1	1878413.9	2063437.9	1795343.9	2321549.5	1821838.4	1515650.6	2663243.2	2380515.8	2008433.1	2432009	2345575.8
"sp|P62495|ERF1_HUMAN"	"HUMAN"	7379376	7160033	7650926.5	7419745.5	7184359	6471135.5	7576866.5	7394850	7025693	7237725	6812105.5	7754423.5	7259325	7185616	7647163	6877629	6821857.5	6654445
"sp|P62633|CNBP_HUMAN"	"HUMAN"	1571719.5	1816829	1773843.2	1591891.1	1784845.4	2055445.8	1578132.4	1625380.5	1894281	1440614.5	1672681.1	1693400.9	1417452.2	1685824.2	1744485	1851656.9	1368173.6	1785918.8
"sp|P62701|RS4X_HUMAN"	"HUMAN"	15286559	15650987	15860821	14573668	15364095	15186761	14721014	14774547	14708057	14658443	14942934	15033729	14358393	14439078	13922290	15003231	14194968	14841191
"sp|P62750|RL23A_HUMAN"	"HUMAN"	5558631.5	6713501	7140735	5242720	6893460	6876266	5469653	6637207	6564481	5421450.5	7080996.5	6728817	5218590	6192398	6165949	6480906	6298121	6117796
"sp|P62753|RS6_HUMAN"	"HUMAN"	4038472.5	3519628	3572910	4049335.2	3678869	3570651.8	4112561.5	3739708	3223638	3844887.5	3531303.2	3105698.5	3975706.5	3494605.2	3545901	3122408.5	3782639	3524680.8
"sp|P62805|H4_HUMAN"	"HUMAN"	1910119.2	2140926.5	2478299.5	1941314.1	2337114.2	2314725	1806555.2	1983913.8	2309245.8	1830941.8	2100013	2291412	1898204.1	2076048.2	1776364.8	2416259.8	1842810.1	1942649.8
"sp|P62820|RAB1A_HUMAN"	"HUMAN"	2157733.2	1965551.2	2345369.5	1985077.9	2326768.5	2126329.8	1795165.8	1754436.2	2066607.2	1804184.5	1847814.2	2014490.9	2171743.5	1733485.4	2217632.5	1675779.1	1931308.8	1713842.6
"sp|P62826|RAN_HUMAN"	"HUMAN"	18545302	20486508	20860306	19096140	20241830	19022776	18308222	21088474	20080274	17883274	19720518	20517942	16801678	19459088	20058662	19897366	19784246	18915678
"sp|P62829|RL23_HUMAN"	"HUMAN"	6831877	7356796.5	7444857.5	6897671.5	7064608.5	7125557.5	6613784.5	7280356.5	7312816.5	6496175.5	6873251.5	6964013.5	6431543.5	6872419.5	7581820	7027194	7255672	7005343
"sp|P62834|RAP1A_HUMAN"	"HUMAN"	0	0	0	0	0	0	0	0	0	102886.11	0	0	92436.48	114160.75	0	0	0	134652.33
"sp|P62837|UB2D2_HUMAN"	"HUMAN"	1093887.8	1167941.9	613937.1	1019259.75	1029326.1	795857.3	790310.9	878213.4	645723.9	1079949.6	696936.9	1036324.9	1086221	773946.5	626358.1	758835.56	1048821	717211.6
"sp|P62841|RS15_HUMAN"	"HUMAN"	3913664.5	3923229.8	3770152	3589877	4121237.5	3978942.2	4149942	3839580.8	3364364.5	3601739.5	3853904.2	4087550.5	3760853.8	4156775.2	3985049.8	3908407.2	4189586	4059211
"sp|P62847|RS24_HUMAN"	"HUMAN"	4752285	4681291.5	4391011	4851960	4615198.5	4426932	4814913.5	4332844	4336759.5	4403329.5	4339764	4491016.5	4765473.5	3800210.8	4540410	4916548.5	4012831.5	3737896
"sp|P62851|RS25_HUMAN"	"HUMAN"	4158984.2	4339224.5	4180002	4115604.8	4987244	4043294.5	4661005.5	3707557.5	3936039	4204388	4579951	4329048	3907468.8	4211968	4350402	4551372	4409960.5	4556932
"sp|P62854|RS26_HUMAN"	"HUMAN"	3904959.5	4663896	4921339.5	4185977	4539050	4835959.5	4362425.5	5007172	4691525	3895712.8	4532156	4398267	3859761.5	4555086	4991303	6036681	6457079.5	4290943
"sp|P62857|RS28_HUMAN"	"HUMAN"	4995100	5396953.5	5527247.5	4954001	5306058.5	5740759.5	5086809.5	5286955.5	5980786.5	4990983	5531422	5506942	4725222.5	5618329	5864387	5816238.5	5519712.5	5956513
"sp|P62861|RS30_HUMAN"	"HUMAN"	1338963.5	1314720.1	1030533.25	1277991.5	1205956.2	1095420	1241553.6	1093759.9	1073377.2	1239818.2	1238742.9	1114018.1	1342888.9	1163777.6	1134456	1203756.5	1117495.2	1110653.8
"sp|P62873|GBB1_HUMAN"	"HUMAN"	154549.1	0	0	199543.39	0	152614.11	62851.105	0	0	0	0	0	0	0	0	0	0	0
"sp|P62875|RPAB5_HUMAN"	"HUMAN"	63749.473	0	0	59567.02	0	0	57776.676	51030.867	0	65519.28	0	0	74362.17	0	67898.7	0	0	0
"sp|P62877|RBX1_HUMAN"	"HUMAN"	126466.97	156108.67	152083.58	109879.98	132262.25	126436.64	113257.12	118507.96	130452.07	115212.3	138007.38	146392.42	122832	156980.64	143700.39	121838.4	141945.72	169298.84
"sp|P62879|GBB2_HUMAN"	"HUMAN"	933341.56	644178	1031312.5	1385067.2	815869.1	845168.44	987332.1	786452.7	708344.4	853201.8	1090631.2	1458289.2	986662.94	860787.44	794343.75	1031397.7	1573473.1	1702091.5
"sp|P62888|RL30_HUMAN"	"HUMAN"	6317117.5	6148118.5	6065875	6105570	6208710.5	6227928	5990168	6031296.5	6436653	6042184	6135425	6162908.5	6146227.5	6291327.5	6065093.5	6019758	6426163.5	6423630.5
"sp|P62899|RL31_HUMAN"	"HUMAN"	733174.9	1068654.8	1094748.1	733849.44	1064592.8	838898.6	765040	1030212.6	1105135	678265.3	1054184.2	1184134.5	814462.2	1139470.9	1189070.4	1148350.5	1138919.1	1138897
"sp|P62906|RL10A_HUMAN"	"HUMAN"	4719629	4920820	4829197	4833752	4635059.5	4463949.5	4769444	4816749	4644368.5	4932492.5	4078548.8	4018172.8	4690308	4123453.8	4085378.5	4348007.5	4170637.5	4216581.5
"sp|P62910|RL32_HUMAN"	"HUMAN"	3541338.8	4162395.5	4011313.5	3390840	3588900.5	3977907.5	3069683.2	3689258.8	3798486	3071749.2	3718501.8	3322762	2958195.2	3984570	3761930.5	4274018	3283287	4277620
"sp|P62913|RL11_HUMAN"	"HUMAN"	4875312.5	4788461	5276243.5	4851826.5	5894839	4622639	4782730	4528180.5	4410289	4776677	4840146	4986033	4813497.5	4346246.5	4432317	4937372.5	4912362	4580479
"sp|P62917|RL8_HUMAN"	"HUMAN"	1898042	1840080	2476562.8	1963305.5	2362461.5	2429043.8	1967170.5	2273840.2	2172321	1943574.4	2049232.9	2532854.5	1969163.4	2485534.5	2253709	2452634.2	2148002.2	2756640.8
"sp|P62937|PPIA_HUMAN"	"HUMAN"	51491788	48474964	46210364	53505876	49066576	45285100	51637924	47903330	47390850	52268044	46950990	45690516	50506150	47262684	43828428	48924340	46185356	45441932
"sp|P62942|FKB1A_HUMAN"	"HUMAN"	1669285.8	2176382.5	1916902.9	2481707.8	1992788	1468026.2	2458025.2	2182273.2	2069107.1	1724573.4	758071.75	1425994.5	2148584.8	755848.44	1962962.4	2266374.5	1389948	2294322
"sp|P62979|RS27A_HUMAN"	"HUMAN"	19404692	21666614	21603686	19255876	20830858	19931102	16227870	18397198	20261950	19134342	21567382	17723734	17465318	19760104	19566118	20474064	20021840	20240720
"sp|P62987|RL40_HUMAN"	"HUMAN"	99909.484	120380.05	137797.23	103816.28	119994.375	157446.89	101888.14	108237.76	114423.1	96684.9	130020.64	126154.305	104616.55	171082.25	175750.98	148164	115452.086	130127.05
"sp|P62993|GRB2_HUMAN"	"HUMAN"	1177172.8	1135989.5	1067455	954937.1	1058541	1327070.8	1042690.1	1362954.8	950834.3	1090602.1	1300301.1	1176747.4	1083214	1386457.6	841257.4	947163.8	967225.94	1105576.6
"sp|P62995|TRA2B_HUMAN"	"HUMAN"	3940514.5	4197167	4626554	3903853.2	3775115.5	3978022	3966941.2	4240133	3996151.2	3960428.8	4132648	4457605	3939206.5	4128400.8	4596840.5	4031993.8	4903718	4052918.2
"sp|P63000|RAC1_HUMAN"	"HUMAN"	111768.41	89738.086	103947.83	70172.56	100328.05	98165.25	59899.863	74890.2	83099.93	182472.89	208072.75	98206.984	280614.8	337383.4	243437.4	164205.72	230310.34	97703.64
"sp|P63010|AP2B1_HUMAN"	"HUMAN"	7055356	6674193	6649357.5	6893768	6680111	6214637	6990771	6854000	6320089	6987867.5	7375447.5	6272097	7462613.5	7039320	7310669	7075421	7164155.5	7049185.5
"sp|P63104|1433Z_HUMAN"	"HUMAN"	17574592	17866724	17635754	17525004	17652616	17441482	18442292	17290994	17707974	17696484	18143180	17716724	18113824	17701746	17808850	17912578	18124994	18853622
"sp|P63146|UBE2B_HUMAN"	"HUMAN"	0	0	0	0	0	0	0	0	0	0	0	0	0	0	0	0	0	0
"sp|P63151|2ABA_HUMAN"	"HUMAN"	811172.6	766918.94	748230.44	508274.94	734559.6	646694.2	868247.7	818787.1	774295.6	746932.06	836974.2	758178.75	830903.3	746951.9	748027.1	619857.6	857155.25	835372.94
"sp|P63165|SUMO1_HUMAN"	"HUMAN"	65992.9	0	235423	75692.98	160195.16	247141.53	311550.2	234895.52	259658.06	159684.14	103876.16	111781.695	77232.32	313249.75	159171.38	173414.77	200131.69	147592.75
"sp|P63167|DYL1_HUMAN"	"HUMAN"	302323.34	412054.5	402725.12	294222.97	399888	408697.88	269148.47	379674.34	416075.47	281012.22	342493.7	389736.56	255294.45	398849.97	395291.47	300368.8	380038.8	418881.88
"sp|P63172|DYLT1_HUMAN"	"HUMAN"	293946.97	226964.69	244873.7	271108.56	265031.3	260014.47	280098.38	257962.06	253788.17	280748.22	257858.72	275896.62	317391.78	211399.92	270552.12	245765.2	249036.75	275296.8
"sp|P63173|RL38_HUMAN"	"HUMAN"	2302090.8	2274631.2	2039739.9	2203594.2	2234071.8	2036961.8	2224305.8	1957929.2	1930651.4	2307407	2282679.8	2198224.5	1987051.1	2092574.2	2148615.5	1975348	2222179.2	1867433.5
"sp|P63208|SKP1_HUMAN"	"HUMAN"	1497314.1	1221900.8	1361709.9	1429766.8	1582658.5	1266046.5	1446895.8	1648392.1	1684359.5	1479415.5	2170792.2	2083007.8	1393252.8	1792887.2	1721992.5	1916544.5	1321400.9	2110859.5
"sp|P63220|RS21_HUMAN"	"HUMAN"	2580669.2	3579170.5	4218377.5	2444397.2	3195313.8	3588419.5	2433680.8	3551093.8	3745297	2682671.2	3443904.5	3829214	2646635.2	3919242.5	3879669.8	4242828.5	3915179.2	3654951.5
"sp|P63241|IF5A1_HUMAN"	"HUMAN"	13521661	15250261	14394845	13865999	14104871	13762295	13626694	13544102	13816281	13765320	13853974	13218648	12923963	13400773	13667918	14191565	14439151	14184388
"sp|P63244|RACK1_HUMAN"	"HUMAN"	17307560	20363360	21738496	17852766	20316100	18585166	18819046	21012940	18576012	18723000	20738430	20673692	17351842	20197168	18717220	21858420	21413348	19317422
"sp|P63261|ACTG_HUMAN"	"HUMAN"	1614035	1727375.5	1708455.6	1671164.8	1724554.8	1647916.2	1897382.2	1598915.8	1616997.9	1659142.2	1824375	1725876.1	1838827.1	1759181.4	1795223.9	1850093.1	1792245.6	1970306.1
"sp|P63279|UBC9_HUMAN"	"HUMAN"	3260624.8	2573448.8	2601035.8	3071963.8	2946006.2	2482147.2	3323316.2	2399226.2	2835367.8	3078261.5	3245861.8	2527242.8	2994670.2	2910338.5	2786566	2995220	2393408	2658746.5
"sp|P63313|TYB10_HUMAN"	"HUMAN"	1527307.2	1413173.5	1210271.2	1389111.1	1255157.5	1029435.7	1409100.5	1129040.8	1152427.6	1439479.8	1361984.9	1232021.9	1487801.1	1277579.2	1128116.9	1449447.5	1190147.9	1059872.2
"sp|P67775|PP2AA_HUMAN"	"HUMAN"	2239488.2	2353999.8	2035271.8	2460843	1940996.8	1763217.6	2359883.8	2252669.5	2165989.5	2497506.2	2410672.5	2249538.2	2615149.2	2317259.8	2432754.8	2865405	2474667.5	2146285.5
"sp|P67809|YBOX1_HUMAN"	"HUMAN"	5425227.5	6364533	7074306	5362181	6493065	6303910.5	5793496.5	6328576.5	6596131.5	5725032	6880841.5	7004032.5	5637406	6664956.5	6699055.5	7762816.5	6637920.5	7705351
"sp|P67870|CSK2B_HUMAN"	"HUMAN"	623635.3	876475.2	694356.6	608132.44	692210.94	675609.2	692103.56	408628.25	732481.5	845932.25	1030079.3	868255.25	754103.9	824128.1	654217.2	804688.9	744008.5	747560.9
"sp|P67936|TPM4_HUMAN"	"HUMAN"	454886.62	494213.25	484954.84	502407.6	354856.25	538546.5	676706.2	565536.4	257170.78	238838.98	149394.62	250633.86	231450	434811.7	781014.6	236333.61	286357.75	178920.05
"sp|P68036|UB2L3_HUMAN"	"HUMAN"	17169188	16800466	16479115	17571504	16672064	16479006	17542198	16636705	16893146	17293388	16787274	17064636	17984428	16865114	17306866	16741815	17272106	17459642
"sp|P68104|EF1A1_HUMAN"	"HUMAN"	166647300	181786800	182519950	167913040	173672780	172125380	168144340	178442110	175300340	165114240	159599580	167949700	155709680	163630720	162691780	156250560	170272260	169161810
"sp|P68133|ACTS_HUMAN"	"HUMAN"	19056530	18083772	18446782	18954118	18114714	16328330	18801168	17293228	17086828	18833596	20424216	19711056	17708266	18929386	19450764	20635718	19307176	18687178
"sp|P68366|TBA4A_HUMAN"	"HUMAN"	13693010	13669375	13543511	13450513	13762438	14850587	14151779	14003358	13641306	13915921	13814412	13802960	13699120	14494818	14571821	14435961	14211828	14172629
"sp|P68371|TBB4B_HUMAN"	"HUMAN"	13524645	13347072	14324220	13408563	13612299	13635147	14075123	14465873	13350807	14166002	14309097	15167811	14522824	13870694	14519821	14925682	15536325	14896784
"sp|P68400|CSK21_HUMAN"	"HUMAN"	2251515	2434422	2649201.5	2288412.2	2287469.8	2151596	1853402.9	1922306.2	2292611.5	1620533	1678920.2	1549037.6	1601160.8	1705006.4	1664046.2	1408800.6	1567660.6	1693012.9
"sp|P68402|PA1B2_HUMAN"	"HUMAN"	1396701.6	1289355.8	1330074.2	1467869.8	1301904.8	1204688.6	1554526	1570609	1260448.2	1281908	1174569	1159585.9	1468435.4	1398671	1273513.1	1285342.8	1661411.5	1345687.6
"sp|P69849|NOMO3_HUMAN"	"HUMAN"	0	0	0	0	0	0	0	0	0	0	0	0	0	0	0	0	0	0
"sp|P69891|HBG1_HUMAN"	"HUMAN"	0	422013.88	448936.4	0	0	0	277000.6	0	340595.84	350798.1	595880.75	402997.38	328401.9	506073.06	482432.34	492731.7	287103.53	430294.16
"sp|P69892|HBG2_HUMAN"	"HUMAN"	10876561	12701764	12251209	11372031	12775705	12295163	10918614	12452815	12425477	11571759	13113932	12822589	10788633	12869271	12427312	13153889	12778632	13116198
"sp|P69905|HBA_HUMAN"	"HUMAN"	5186623.5	4957790.5	4936524.5	5248258.5	5040147	4787934.5	5175161.5	4472025	4580125.5	5365775.5	5190236.5	4958213.5	5220921	5055252.5	4285627.5	5627947	4809032	5149772.5
"sp|P78316|NOP14_HUMAN"	"HUMAN"	0	0	0	0	0	0	0	0	0	0	0	0	0	0	0	0	0	0
"sp|P78318|IGBP1_HUMAN"	"HUMAN"	82755.52	0	38944.492	0	0	0	0	0	0	0	80151.805	0	0	0	0	59984.31	0	61484.93
"sp|P78332|RBM6_HUMAN"	"HUMAN"	0	0	0	103570.76	0	188243.38	0	0	210325.1	0	0	0	0	0	152085.53	0	157495.08	163327.97
"sp|P78344|IF4G2_HUMAN"	"HUMAN"	2006155.2	1942956.5	2179594.8	2574332	1831942.1	2474869	1740297.6	2153636.5	2191992	2315363.5	1691719.9	2048789.5	2124372	1702814.2	1599694.4	1498624.6	2044457.8	1992833.5
"sp|P78346|RPP30_HUMAN"	"HUMAN"	409230.7	242044.34	376336.97	421261.16	260552.64	362358.2	436437.25	154325.86	239456.56	329640	364077.62	214602.36	414618.88	232463.19	0	198805.39	337670.12	252281.16
"sp|P78347|GTF2I_HUMAN"	"HUMAN"	1488545.6	1607989.2	1513594.5	2099651.8	2116739.2	1475128.2	1604927.1	1844002.8	1317814.8	2111611.2	1887255.9	2159727	1491983	1323686.5	1273580.8	967490.56	1321789.6	1333266.2
"sp|P78362|SRPK2_HUMAN"	"HUMAN"	0	0	0	0	0	0	0	0	0	0	0	0	0	0	0	0	0	0
"sp|P78371|TCPB_HUMAN"	"HUMAN"	31437830	32961946	33819948	31940786	34276012	31725558	32339868	32470724	32935194	31435750	33730040	32965556	31581086	32623284	32139392	32398766	34767796	33921556
"sp|P78395|PRAME_HUMAN"	"HUMAN"	990535	875064.5	1101673.1	979278.75	937208.1	1111160.4	1010360.9	1036131.9	938712.4	955596.8	1116218.4	1121320	1072245.2	1135265.6	984833.94	1068956.6	1011199.6	1075223
"sp|P78406|RAE1L_HUMAN"	"HUMAN"	1410787.6	799934	1244080.9	1165818.2	1060541.5	1175312.1	852892.2	1046441.3	1228634.1	979403.9	1166998.6	1339545.8	1302442.9	1002436.1	991574.56	1389372.2	1145485	1358668.1
"sp|P78417|GSTO1_HUMAN"	"HUMAN"	6919477.5	8665307	8332224.5	7337227.5	8204077	7876415	6908478	7723647	8381243	7016150	8112138	7854169	6681337	8220509.5	8185966	7958171.5	8250126	8312394
"sp|P78527|PRKDC_HUMAN"	"HUMAN"	15533653	16931668	16437603	14989489	15183980	16255454	15701494	17480784	15834811	15846488	18166476	16884564	17376314	18186474	17805938	15451961	17414856	15987891
"sp|P78560|CRADD_HUMAN"	"HUMAN"	116467.97	0	0	113213.81	119346.914	0	68769.85	43864.195	0	62896.453	0	54915.51	68732.414	63698.03	65176.17	61459.223	63674.344	62738.973
"sp|P80217|IN35_HUMAN"	"HUMAN"	0	0	0	0	0	0	0	0	0	0	0	0	0	0	0	0	0	0
"sp|P80303|NUCB2_HUMAN"	"HUMAN"	132219.66	101755.24	113703.56	135112.45	95780.266	99016.16	129292.414	93643.17	111250.93	115845.01	0	0	123659.6	0	0	0	0	0
"sp|P82650|RT22_HUMAN"	"HUMAN"	857141.1	347804.06	515476.66	386766.16	327422.8	340249.6	373964.12	354370.75	276276.9	920814.8	855101.25	422365.78	892403.5	860305.7	704187.9	711571.06	698549.5	775659.75
"sp|P82663|RT25_HUMAN"	"HUMAN"	205917.64	171372.3	174325.83	222639.45	186030.45	134642.5	185983.67	189459.78	144458.88	192285.7	207459.81	203296.22	210079.88	182271.7	212074.31	0	180082.44	164728.05
"sp|P82673|RT35_HUMAN"	"HUMAN"	119457.34	60624.37	0	150589.89	61919.613	45160.64	82032.164	118861.086	121213.84	149584.06	61059.03	65623.766	169614.64	64684.332	143682.92	43178.89	41684.527	57166.73
"sp|P82675|RT05_HUMAN"	"HUMAN"	52919.066	0	0	0	80148.65	54465.176	0	41368.176	38880.707	114957.195	0	0	0	0	0	100281.52	0	0
"sp|P82909|KGD4_HUMAN"	"HUMAN"	0	0	0	0	0	511100.66	0	0	0	0	0	0	0	0	0	0	0	0
"sp|P82914|RT15_HUMAN"	"HUMAN"	0	0	0	0	0	0	0	0	0	0	0	0	0	0	0	0	0	0
"sp|P82921|RT21_HUMAN"	"HUMAN"	108389.234	94878.305	0	122523.48	0	0	113101.82	183741.03	0	83737.57	119266.69	0	89430.945	0	0	0	110812.91	124216.62
"sp|P82932|RT06_HUMAN"	"HUMAN"	0	0	43729.453	63664.24	0	0	0	0	0	40665.977	65827.086	0	0	0	47894.348	51478.285	0	41934.215
"sp|P82933|RT09_HUMAN"	"HUMAN"	190640.64	272202.8	184000.45	183450.22	168432.36	144986.05	216315.08	156434.55	200253.1	277558.2	258750.61	240138.66	262699.8	183565.33	0	247966.14	208255.64	246657.58
"sp|P82970|HMGN5_HUMAN"	"HUMAN"	62137.98	64336.71	63437.984	59021.418	39743.88	63401.387	51180.305	75687.41	58776.32	0	49097.91	0	0	0	0	38026.63	0	0
"sp|P82979|SARNP_HUMAN"	"HUMAN"	1241427.5	1422565.2	1288470.6	1223879.6	1054039.6	1337764.1	1394721.1	1123895.2	1006148.25	1310158.2	1416251.2	1532446.2	1231257.2	1535591.2	1360936.5	1691204.8	1476975.4	1383440.5
"sp|P83731|RL24_HUMAN"	"HUMAN"	2402049	2331695.5	2389941	2240345	2678696.2	2296008	2381920	2211335.2	2178124.8	2426847.5	2435427	2070835.6	2596833.5	2369103.2	2390591.5	2547710.8	2311180	2121314.5
"sp|P83876|TXN4A_HUMAN"	"HUMAN"	0	0	0	0	0	0	0	0	0	0	0	0	0	0	0	0	0	0
"sp|P83881|RL36A_HUMAN"	"HUMAN"	244058.44	229028.39	276571.28	210880.73	263159.4	244909.48	263884.75	259293.7	289347.38	225808.9	201350.95	226300.52	257022.88	241415.28	231177.03	236763.28	239248.97	233818.53
"sp|P83916|CBX1_HUMAN"	"HUMAN"	45986.484	154258.81	134487.94	81161.75	51399.234	0	74918.77	0	0	49310.34	259726.1	0	76356.93	125738.43	158674.48	457032.5	0	91681.336
"sp|P84085|ARF5_HUMAN"	"HUMAN"	265829.25	245664.78	257335.7	332782.12	260805.23	238970.92	330048.06	252429.8	255167.6	293636.2	179152.66	286212.8	366775.4	255994.9	267513.56	262155.88	264814.6	272457.1
"sp|P84090|ERH_HUMAN"	"HUMAN"	3194550.5	3194550.8	3027446.2	3110427.2	3211987	2815909.8	3139535.5	2601214	2967070.5	3090716.2	3124510	2827812.8	3000850.2	2896796.2	2697060.2	3038112.5	2875311.2	2740873.8
"sp|P84095|RHOG_HUMAN"	"HUMAN"	244643.83	234005.64	223305.84	288062.1	262475.94	103366.83	276391.72	227451.33	117424.65	259822.58	262677.47	202269.47	258722.97	257351.84	253010.52	248368.6	90046.54	154540.86
"sp|P84098|RL19_HUMAN"	"HUMAN"	1413386.8	1398472	1629626.4	1315592.1	1465082.4	1617873.4	1368313.5	1439014.5	1526009.2	1427726	1529821.2	1515223.8	1408642	1559006	1577926.2	1407651.9	1504240	1512860
"sp|P84101|SERF2_HUMAN"	"HUMAN"	63762.266	70854.65	0	70378.73	69592.58	54333.605	0	66983.59	0	0	0	0	0	0	0	0	0	0
"sp|P84103|SRSF3_HUMAN"	"HUMAN"	2572630.8	3223496	3328865.5	2988786	3065308	3012670.2	2846860.2	2936091.5	2551609.5	3199458.2	3805951.5	3398281	3099600.5	3468640.2	3407484.2	3114846.2	3507844	3772372.5
"sp|P84243|H33_HUMAN"	"HUMAN"	1280728	1620452.9	1754430.2	1155302.1	1548470.2	1082824.9	1128170.9	1405058.6	1313468.2	794065	1149288	816401.25	723055.1	1149829.8	915880.56	1072065.8	1064342.1	1200885.8
"sp|P98175|RBM10_HUMAN"	"HUMAN"	252030.22	0	247762.4	270544.12	258936.52	263672.94	238117.38	0	258714.12	245697.06	273857.5	0	283017.78	272689.4	247194.73	0	248907.33	267919.7
"sp|P98179|RBM3_HUMAN"	"HUMAN"	3885591.8	3537487	3472255.2	3762765.5	3656048.5	3508671.5	3833292.2	3330084.5	3785787.5	3529015.8	3775511.5	3649952.8	3669186.8	3827399.8	3741504.8	3744062	3782409.2	3731552
"sp|P99999|CYC_HUMAN"	"HUMAN"	6591895	6137131.5	6107609	6646289	6078522	5638660.5	6805104.5	5885295	5809166	6664604.5	6173317.5	6034109	6668143	6115822.5	5740246.5	5888204.5	6132667	5849086
"sp|Q00013|EM55_HUMAN"	"HUMAN"	4272540.5	4383736.5	3990348	4305362.5	4224762	4014680.5	4292381.5	4094966	3543093.8	4177354.8	4646554	4503730.5	4075110.8	4800359	3937226	3809997.5	4414543	4671181
"sp|Q00059|TFAM_HUMAN"	"HUMAN"	1055639.2	1352536.4	964040.56	925845	1114529.8	854827.44	1076295.1	745271.9	959838.4	726490.06	590859.9	688928.3	902114.9	867353.1	747179.56	828160.7	513359.5	825486.44
"sp|Q00325|S25A3_HUMAN"	"HUMAN"	2149791.2	1893796.6	2059644.2	1946757.1	2145832.8	1882628.8	1839718.6	1882513.2	1609298.4	2098421	2412485.2	2497958.2	1892420.2	2392944.2	1875262.9	2141953.8	1961426.1	1921598
"sp|Q00341|VIGLN_HUMAN"	"HUMAN"	721821.25	660788.6	641401.44	753012.2	568960.1	676524.25	690184.1	790907.75	523000.38	334242.16	457957.16	180535.78	307143.66	207500.53	297709.3	394190.06	207830.52	210909.72
"sp|Q00534|CDK6_HUMAN"	"HUMAN"	480671.84	214936.64	661250.4	207821.88	726034.5	349743.56	549451.9	267830.75	413450.38	535807.1	411443.25	534173.56	490220.9	300945.62	461455.75	257931.05	242041.73	343732.3
"sp|Q00535|CDK5_HUMAN"	"HUMAN"	127267.81	73612.15	0	44907.26	75897.21	0	159019.16	181021.22	62333.54	125762.266	57552.938	183596.1	127896.45	133596.36	148564.75	0	66212.29	63810.965
"sp|Q00577|PURA_HUMAN"	"HUMAN"	0	0	0	0	0	0	0	0	0	0	0	0	0	0	0	0	0	0
"sp|Q00610|CLH1_HUMAN"	"HUMAN"	30220274	28861004	28894570	30391602	27852290	26309650	30572446	28977032	27009296	29334482	29413132	29830498	32241544	29754702	29548030	30077262	30452004	29874336
"sp|Q00688|FKBP3_HUMAN"	"HUMAN"	738096.1	1110059.6	827568.5	743188.9	954649.1	831903.4	858623.06	659937.75	609240.75	981213.1	1034940.5	902006.94	768868.25	1002732.94	985550.6	904661.06	933731.44	852098.06
"sp|Q00796|DHSO_HUMAN"	"HUMAN"	220145.66	222851.03	204151.02	222176.69	226334.11	205438.66	373128.8	218297.5	218288.62	997080.75	219883.52	679967.06	580389.2	553747.5	222810.2	409841.7	765342.6	533287.7
"sp|Q00839|HNRPU_HUMAN"	"HUMAN"	26436390	28328810	27617434	27146014	27903498	29200052	26994284	27236158	27739692	27061860	28070636	29092228	26623498	28174422	27766676	30844620	27511376	28844834
"sp|Q01081|U2AF1_HUMAN"	"HUMAN"	1729446.8	1656294.8	2051878.2	1607120.2	1777642.1	1580620.1	1749031.2	2074214.2	1757498.9	1916849.5	2270368	1996562	2352615.8	1813929.5	2259379.2	2366939.8	2219531	2413244.2
"sp|Q01082|SPTB2_HUMAN"	"HUMAN"	0	0	190722.81	127279.44	0	148744.58	176745.6	58625.56	107812.6	113994.6	0	0	128247.664	0	0	0	0	0
"sp|Q01085|TIAR_HUMAN"	"HUMAN"	1031705.06	845522.7	1018171.6	990919	987473.9	1358428.9	792980.25	1007953.75	1065023.1	1013638.44	1058070.8	1692676.6	1239109.9	1641275.6	1545850.1	1529340.5	1874041.1	1028036.2
"sp|Q01105|SET_HUMAN"	"HUMAN"	19716952	19500236	20347690	19721882	19368040	18436382	19931544	18985034	18552866	20378822	20351886	20686328	20815904	19804226	19385806	20642598	20632064	19804770
"sp|Q01130|SRSF2_HUMAN"	"HUMAN"	3165565.2	3337018.8	3363536.5	3158612.2	3313610	2917741.8	3064313	2902862.2	3139110.5	2976689	3178215.8	3063470.8	2847704.8	3062172	2941004.8	3005794.2	3111814.2	2964949.2
"sp|Q01469|FABP5_HUMAN"	"HUMAN"	415324.72	391810.03	0	464404.25	398698.34	364036.62	441038.94	374529.6	398752.8	243827.72	250302.12	377845.56	247510.88	189791.5	203898.48	231461.06	146825.12	106120.83
"sp|Q01518|CAP1_HUMAN"	"HUMAN"	9499554	9549230	10969580	9588910	10071295	9743790	9759990	9790840	10544985	7851089.5	8945870	9054302	8154523	9072476	9051629	8741383	8776844	9566325
"sp|Q01581|HMCS1_HUMAN"	"HUMAN"	2827825	3073768.2	3216714	3086641	3436500	3185402.5	2818440	3215711.8	2708882.8	3126050.2	3406005.2	3633143	3149479.8	3564878.2	3410699	3532543.2	3525397.5	3327074.2
"sp|Q01650|LAT1_HUMAN"	"HUMAN"	0	0	0	0	0	0	0	0	0	0	0	0	0	0	0	0	0	0
"sp|Q01658|NC2B_HUMAN"	"HUMAN"	286583.94	236644.42	245874.45	260868.02	238532.42	231777.11	172839.9	199845.44	293220.1	268746.25	255082.98	258737.53	240225.3	267845.9	313907.8	286046.25	197969.92	257023.61
"sp|Q01780|EXOSX_HUMAN"	"HUMAN"	433165.38	366536.2	126929.38	521622.12	696196.44	466847.12	974766.9	523234.12	669499.4	69486.74	713769.2	87218.39	40782.906	155638.52	715641.2	834305.1	764205.25	583269.9
"sp|Q01813|PFKAP_HUMAN"	"HUMAN"	2302560.5	2592986	3078224.2	2118985.2	2128399.8	2439328.5	2385958	2891276	2209321.2	2049489.5	2317791	2474450.5	1906821.5	2081696.4	2654641.8	2492557	2562301.5	2264872.5
"sp|Q01844|EWS_HUMAN"	"HUMAN"	686444.5	1225219.8	841661	651454.25	887550	892803.7	769766	1056595.8	961275.5	943634.9	1271092.1	1068205.5	1014018.25	970142.25	1025957.8	1156221.5	1054774.2	927095
"sp|Q01970|PLCB3_HUMAN"	"HUMAN"	0	0	0	0	0	0	0	0	0	0	0	0	0	0	0	0	0	0
"sp|Q02218|ODO1_HUMAN"	"HUMAN"	829738.1	605149.5	274034.6	663249	435766.5	556840.7	344639.38	775032.6	544217.75	847379.5	313330.3	666503.2	468006.88	597350.4	709345.94	388254.16	681845	196819.38
"sp|Q02543|RL18A_HUMAN"	"HUMAN"	3662341	4194590.5	4336666	3529173.8	4032912.2	4094842	3500060.8	4067532.5	4081651	3864563.5	4480912.5	4175944.8	3788116.8	4403881	4404439.5	4369498.5	4461610.5	4429728
"sp|Q02750|MP2K1_HUMAN"	"HUMAN"	676637.3	914202.6	427834.5	905831.9	812558.1	717362.3	743751.4	694781.4	674093.1	757629.3	1016473.94	891774.06	867956.1	953839.44	1144746.6	683794.3	765882.1	1084036.2
"sp|Q02790|FKBP4_HUMAN"	"HUMAN"	4720821.5	5413375	5868533	5185330.5	5479868.5	5218390	4692709	5312998	5669753	5111577	5260620	5546624.5	5134134.5	5721115.5	5481382.5	5703933.5	5770281	5759889.5
"sp|Q02818|NUCB1_HUMAN"	"HUMAN"	0	0	0	0	0	0	0	0	0	0	0	0	0	0	0	0	0	0
"sp|Q02878|RL6_HUMAN"	"HUMAN"	12827826	14160743	14389513	12704032	14056902	14240306	12602654	13988656	13999982	12829393	14332052	14081830	12653181	14303452	13753838	13531799	14477980	14725666
"sp|Q02978|M2OM_HUMAN"	"HUMAN"	120774.875	80093.83	0	0	0	0	72462.664	154716.42	57335.664	129915.33	133454.62	91550.414	101962.42	91200.13	117144.65	97345.11	194967.58	127300.164
"sp|Q03154|ACY1_HUMAN"	"HUMAN"	576683	381157.88	564442.56	387016.4	107466.85	565087.25	575390.25	588499.1	409208.12	48408.81	168838.06	350873.06	290396.62	156249.64	96434.234	103586.03	255242.9	353697.1
"sp|Q03164|KMT2A_HUMAN"	"HUMAN"	0	0	0	31285.398	0	0	0	0	0	0	0	0	0	0	0	0	0	0
"sp|Q03252|LMNB2_HUMAN"	"HUMAN"	1315066.6	2431637.8	1898973.5	1490645.4	1639036.5	1936387.8	1627412.2	1128359	1488738.2	1888401.4	2187497	1658133.6	1908278.8	2125983	1725663.1	1795448	2081116.2	1854191.9
"sp|Q03701|CEBPZ_HUMAN"	"HUMAN"	414800.7	356699.75	332783.6	511402.94	498090.75	392376.38	596087.5	295664.8	488708.8	325427.47	267905.3	355964.66	463675.25	279870.3	266229.6	276394.66	400163	278691.12
"sp|Q04206|TF65_HUMAN"	"HUMAN"	0	0	0	0	0	0	0	0	0	0	0	0	0	0	81666.02	0	0	0
"sp|Q04323|UBXN1_HUMAN"	"HUMAN"	1107457.6	1394883	1284434	1441008.8	1533118.6	1617418.5	1422655.2	1307174.9	1354873.9	1312209.1	1661145.6	1334012.2	1371941.9	1335580.1	2363107.5	1273661	1262701.6	1243567.2
"sp|Q04637|IF4G1_HUMAN"	"HUMAN"	4569032.5	5947953.5	6710741	4539927	5991884.5	5245349.5	5845848	5439415.5	5829048.5	5213736	5376882	5637698.5	5538530	5398905.5	5180884.5	5834555.5	5262902	7168095.5
"sp|Q04760|LGUL_HUMAN"	"HUMAN"	6721202.5	6514266	7478492	6000716.5	6734509	5761346	5925540.5	5986981.5	5631226	6406058	6840480	6625411.5	6080618	6686240	6590647	6724926.5	6586000.5	6472191
"sp|Q04828|AK1C1_HUMAN"	"HUMAN"	1953385	2060520.6	1992515.4	2071296.4	1855384.8	1665124.9	2046883	1894038.1	1832652.8	1962605.4	2060122.5	1944881.9	2077291.6	2090999.9	1923591.5	1816159.5	2270741.8	1777089.1
"sp|Q04837|SSBP_HUMAN"	"HUMAN"	1833570.2	2063715.1	2287187.5	1704147.5	2027810.9	1992688.5	1935832	2600802.8	2189793	1962154	2504926.8	2426165.8	1795595.6	2306862.5	2231094.5	2290701.8	2470419.2	2256178.5
"sp|Q04917|1433F_HUMAN"	"HUMAN"	2647349.2	3130161.8	3556177	2715976.2	2911475.8	2504257.5	2982057.8	3223456.8	3126202.5	2971265	3329237.2	3277136.8	2958621.5	3260526.2	3182015	3226924.5	3223563	3412409.2
"sp|Q04941|PLP2_HUMAN"	"HUMAN"	97948.22	137396.38	92421.07	65938.16	106873.81	115047.65	92841.59	68102.22	103249.914	59350.906	101833.66	138828.83	70577.09	150380.61	91660.664	84353.18	0	180254.7
"sp|Q05048|CSTF1_HUMAN"	"HUMAN"	283270.28	103027.734	106061.13	265179.78	247916.19	210424	0	260371.72	254440.12	0	61776.633	127729.81	0	352822.66	152068.5	189513.03	122990.266	277650.5
"sp|Q05086|UBE3A_HUMAN"	"HUMAN"	130538.734	0	166234.4	187526.06	0	117637.555	65688.03	0	0	194957.1	177820.06	0	227665.02	162590.67	113790.47	114649.35	202659.25	130004.664
"sp|Q05209|PTN12_HUMAN"	"HUMAN"	123398.58	101035.22	120632.86	0	0	153900.1	123143.13	133804.25	121230.12	142917.28	0	122291.836	162793.81	117739.41	109846.01	113621.65	0	0
"sp|Q05519|SRS11_HUMAN"	"HUMAN"	1604704.2	1328787.2	1289332.5	1558829.2	1180743	1503007.4	1540526.8	1221051.2	1139935	1266329.9	1446643.8	1428247.1	1569146.2	1329506.5	1374697	1471489.4	1513582.9	1248168.9
"sp|Q05639|EF1A2_HUMAN"	"HUMAN"	270155.5	0	0	153012.58	181744.25	211416.03	151191.73	0	232274.19	260527.38	145002.36	394106.3	326951.44	261682.3	124519.58	153882.75	267345.97	147338.44
"sp|Q06124|PTN11_HUMAN"	"HUMAN"	0	121882.74	0	0	0	133712.11	68240.13	38013.22	122457.84	0	106293.51	0	0	0	168630.03	0	148757.73	0
"sp|Q06203|PUR1_HUMAN"	"HUMAN"	764137.4	656937.9	644053.75	792943.1	599432	642341.06	525398.3	602316.44	708684.06	529525.44	459348	256852.1	656689.8	559459.94	512047.75	335346.2	290310.53	357931.88
"sp|Q06210|GFPT1_HUMAN"	"HUMAN"	1782553.2	1083967.5	1745706.5	1702410.1	1364698	945334.7	1560687	1769087.2	1591437.6	1229284.4	1390587.4	1811353.2	1707677.4	1643045.4	1706753.4	1462802.5	1583460.2	1639788.4
"sp|Q06265|EXOS9_HUMAN"	"HUMAN"	934863.7	941918.25	875192.2	489205.38	757223	700120.6	780037.75	688139.75	766583.06	349549.97	831744.3	558026.2	562035.5	603490.75	521575.88	576167.2	681537.3	621415.9
"sp|Q06323|PSME1_HUMAN"	"HUMAN"	1797523.6	1407612.5	1243511.2	673926.56	1245557	620107.25	1296412.2	993704.5	1084731.2	1447058.2	1414759.9	2114292.8	1652197	1809820.5	865389.4	1567244.8	456339.3	471972.72
"sp|Q06830|PRDX1_HUMAN"	"HUMAN"	24356668	26763426	26725376	24092132	26436060	25636996	23901112	25034536	24889946	23967494	26548994	26732022	23024648	25816836	24692020	27687526	25403384	25667708
"sp|Q07020|RL18_HUMAN"	"HUMAN"	4565366.5	5579041.5	5378612	4551684	4827651	4810629.5	4490929	4445995	4887243	4628581.5	5352116.5	5491378.5	4629258.5	5350027	5499434.5	5291541.5	5281658	5592931.5
"sp|Q07021|C1QBP_HUMAN"	"HUMAN"	6709974.5	7170723	7959873	6721811.5	6971567	7127946	6767638.5	7832065.5	7336133.5	6524239.5	6994404	8112145	6933252.5	7170500	7476590	7347037.5	7858937	7671055
"sp|Q07666|KHDR1_HUMAN"	"HUMAN"	4920924.5	3458835.5	4516360	3874285.8	5096620.5	4568866	3882458	3348189.8	3551981.5	4919627	5172344	3834669.5	3799863	4794925	4885286.5	4816239.5	4710565.5	4555334.5
"sp|Q07817|B2CL1_HUMAN"	"HUMAN"	93482.16	108566.37	97394.49	63513.98	114626.06	112970.08	88117.38	111367.586	56138.27	0	84313.375	108648.234	103762.336	63625.715	0	88965.64	0	0
"sp|Q07864|DPOE1_HUMAN"	"HUMAN"	0	0	0	0	0	0	0	0	0	91256.29	0	0	0	0	0	93341.75	78522.13	0
"sp|Q07866|KLC1_HUMAN"	"HUMAN"	296891.75	186947.55	116047.85	335347.1	208453.4	70436.4	273146.06	216711.9	146773.06	228153.03	212081.22	223423.11	233287.5	270416.3	230949.5	231242.62	224372.4	195237
"sp|Q07955|SRSF1_HUMAN"	"HUMAN"	9784368	10017270	9886182	9859538	9815868	9399053	9827096	9827952	9812029	9985396	10363684	9873364	9764101	10278886	9840700	10609734	10874287	10404580
"sp|Q07960|RHG01_HUMAN"	"HUMAN"	562428.9	433615.44	426718.7	197001.92	89209.71	282014.3	467312.25	392201.9	259141.94	288421.75	382678.44	411737.62	148891.67	310593.56	288199.22	250603.23	445705.78	498349.12
"sp|Q08170|SRSF4_HUMAN"	"HUMAN"	320280.9	448885.84	395479.47	227679.81	0	330223.2	178792.56	265793.84	300689.62	375021.2	50729.387	229572	423680.62	395491.34	113790.86	98384.14	62808.09	0
"sp|Q08211|DHX9_HUMAN"	"HUMAN"	21760214	23725076	23334918	22418976	24068808	21653394	23546080	24045274	21801218	23426540	22926504	24104692	21630410	22911074	21328342	22701578	24711158	24003896
"sp|Q08257|QOR_HUMAN"	"HUMAN"	1445057.9	1182096	1391327.8	868211.2	1044194.1	1112049	1246505.1	1090789.5	1132452	870162.6	846737.6	1038346.25	1253503.6	1003223.2	1018555	770707.5	924386.5	941800.94
"sp|Q08378|GOGA3_HUMAN"	"HUMAN"	110715.22	0	0	108803.02	0	0	0	88736.03	91332.36	108288.945	0	0	0	0	0	0	0	0
"sp|Q08379|GOGA2_HUMAN"	"HUMAN"	193030.77	105703.18	110446.86	235110.14	242439.34	247884.22	125952.44	244203.4	107696.54	114872.08	108591.43	111965.055	103075.29	112717.28	122033.45	120330.08	142591.23	108625.91
"sp|Q08752|PPID_HUMAN"	"HUMAN"	1757620.2	1087300.5	1849465.1	1599215.8	2206018	1838922.4	1505388.8	1728730.5	2112650	1400300.6	1631705.8	2103286.2	1531287	1635020.5	1561515.2	1675711.1	1507482.5	1533898.5
"sp|Q08945|SSRP1_HUMAN"	"HUMAN"	2872555.5	2816799.5	2364897.8	2626093.5	3357534	2260630.2	2380600.2	2080111.8	2786287	3049725.8	2673410.2	2489745.8	2419960.2	3205131.5	2598087	2533980.8	2439709.8	2919606.8
"sp|Q08AM6|VAC14_HUMAN"	"HUMAN"	47218.977	45891.53	48941.56	48211.934	52417.055	43832.816	47697.566	47427.273	44995.387	44848.336	141603.48	48606.355	46893.72	138427.97	43222.016	47595.723	50979.785	123435.91
"sp|Q08J23|NSUN2_HUMAN"	"HUMAN"	3603801	3323632.8	3255252.8	3362652.2	3044525	3074920	3489476.5	3674183.2	3220585.2	3199591.8	3628090.8	3534452	3332071.8	3354710	3299720.8	2880461.5	3391588	2880732.5
"sp|Q09028|RBBP4_HUMAN"	"HUMAN"	4971156	4622485	4782360.5	4916665	4849148.5	3794250.8	5209966	4708292.5	4424122.5	5118986	4921861	4875829	5577008	5118571.5	4686689	5327617	4695792	4833015.5
"sp|Q09161|NCBP1_HUMAN"	"HUMAN"	1778278.1	967707.4	1597236.8	1610747.9	1498627	1524609.1	1486110.6	1479710.4	1187907	1866179.9	1625137.4	1178462	1681597.6	1289652.6	1593463.1	1639005.4	1512726.1	1268294.9
"sp|Q09666|AHNK_HUMAN"	"HUMAN"	2370409.2	2291675.8	2025368.4	2208158.8	1923786	1640680.6	2450928.5	1894356.6	2303470.2	2634956.8	1823191.9	2301851.5	1878428.1	2160018.8	2114080	1796882	1632678.1	2234788.8
"sp|Q0VDF9|HSP7E_HUMAN"	"HUMAN"	1216371.1	1338712	2806833	2039254.4	1018102.75	1024998.7	1317300	1539861.6	1217011.6	1311277	1076854.1	1152750.1	1009691.2	1090083.1	1305595.5	916850.9	1272143.5	605463.44
"sp|Q10471|GALT2_HUMAN"	"HUMAN"	85575.375	86773.484	97027.93	97240.08	0	0	124053.91	147122.73	68264.6	95296.25	0	0	0	0	0	0	96281.21	0
"sp|Q10567|AP1B1_HUMAN"	"HUMAN"	628235.06	365337.2	499875.4	1038914.2	473628.38	422377.94	1063275.2	1234038	338456.03	641264.9	398548.88	231258.89	1100382.2	758071.56	416336.06	742593	802400.6	346832.9
"sp|Q10570|CPSF1_HUMAN"	"HUMAN"	665913.7	412532.5	417570.03	636368.4	541191.94	588298.1	464964.7	582956.44	473239.62	618050.4	342902.44	585989.4	710513.56	586963	546774.4	615371.4	666926.56	607345.7
"sp|Q10713|MPPA_HUMAN"	"HUMAN"	672113.06	209607.11	402045.5	794342.3	450082.3	884153.3	1030185.2	539915.8	477532.5	931148.75	873182	692205.1	997678.56	1175052.6	850920.8	1098047.8	1301126.4	754561.7
"sp|Q12768|WASC5_HUMAN"	"HUMAN"	0	0	0	0	0	0	0	0	0	0	0	7662.674	0	0	0	0	0	0
"sp|Q12769|NU160_HUMAN"	"HUMAN"	1116211.8	1112475.6	1076437.5	1404626.5	1230737	987875.8	1260245.6	1024659.1	1159843.4	1372632	1411315.8	1144277.1	1591581.6	1092229	1323751.2	1419933.5	1062317.6	1167383.2
"sp|Q12788|TBL3_HUMAN"	"HUMAN"	633682.75	1004699.1	1235089.2	1095156.2	1107595.2	1300431.2	1219755.8	857174.7	869665.5	1096390.2	1142186.4	1238005.8	839963.4	868181	1005621.9	917098.06	1182779.2	1060207.8
"sp|Q12800|TFCP2_HUMAN"	"HUMAN"	133872.9	119630.66	110056.734	107019.63	135877.95	118227.68	135208.47	125288.68	120479.086	413180.3	125979.125	124805.945	143846.75	658106.9	225003.53	411220.97	580974.4	385325.03
"sp|Q12824|SNF5_HUMAN"	"HUMAN"	467844.94	447088.88	835938.2	821052.7	608019.9	900768.75	519156.66	788315.25	602086.9	746715.5	668202.75	600957.06	982694.2	639050.94	873406.06	566613.75	413299.2	563303.7
"sp|Q12834|CDC20_HUMAN"	"HUMAN"	0	0	0	0	0	0	0	0	0	0	0	0	0	0	0	0	0	0
"sp|Q12849|GRSF1_HUMAN"	"HUMAN"	693385.5	939704.9	803007.75	833151.94	465460.7	819683.3	477739.38	430401.3	738134.4	867472.75	447619.2	583185	843797.5	737796.6	738422.4	768836.1	688958.75	846684.1
"sp|Q12872|SFSWA_HUMAN"	"HUMAN"	0	0	0	0	0	0	0	0	0	0	0	0	0	0	0	0	0	0
"sp|Q12874|SF3A3_HUMAN"	"HUMAN"	3207557.8	3585446.2	3300686.8	3432268.5	3311685.8	3069383.5	3262308.5	3287620.5	3268906.8	3403091	3096080.5	3339703.8	3375341.5	3284773.2	3318836.8	3452389.8	3053207	3192227.5
"sp|Q12888|TP53B_HUMAN"	"HUMAN"	66776.78	0	0	0	0	0	93071.46	0	0	0	0	0	0	0	0	0	0	0
"sp|Q12904|AIMP1_HUMAN"	"HUMAN"	1206442.5	1315546.9	1474052.9	956626.6	2232576.5	966075.94	1524634.5	2066474.8	2256522	1165300.6	862544.9	695778.6	1285169.8	1049151.8	864418.7	1264043	1062627.6	1200775
"sp|Q12905|ILF2_HUMAN"	"HUMAN"	6994313.5	6846917	6949721	6792365	6804397.5	6599344	7194333	6860956	6149085.5	6959366.5	6679404.5	6891656.5	6536532	6835711.5	6573321.5	7003120.5	6947359	7244754
"sp|Q12906|ILF3_HUMAN"	"HUMAN"	13446252	14291269	13320762	12623450	13079753	15275270	13724720	14157710	13948047	12451825	14920957	14230814	13194742	14998052	14144774	15150645	14596727	14379166
"sp|Q12931|TRAP1_HUMAN"	"HUMAN"	5450417.5	5939452.5	5801489	5826304.5	6100683.5	5273541.5	5501820	4784358	4849246.5	5324292	5784755.5	6086819	6025423	6259625.5	5510388.5	6374067.5	6324188.5	5171000.5
"sp|Q12933|TRAF2_HUMAN"	"HUMAN"	0	73051.15	0	0	0	0	61310.605	0	0	0	0	0	0	0	0	0	0	0
"sp|Q12972|PP1R8_HUMAN"	"HUMAN"	627669.1	547063.1	88042.875	643977.8	370148.56	621801.9	704823.75	717789.2	616201.9	505419.25	416985.1	669571.9	333858.44	523063.38	576005.7	492899.25	674334.25	446920.5
"sp|Q12974|TP4A2_HUMAN"	"HUMAN"	96893.62	92632.22	0	88903.945	87277.79	88216.11	69384.97	79777.23	89841.81	88953.73	83413.39	81606.086	91292.8	90123.65	80021.09	0	100677.51	0
"sp|Q12996|CSTF3_HUMAN"	"HUMAN"	679318.4	610552.7	645105.6	660121.44	639003.25	595708.3	620800.1	607699.44	621552.3	648439.2	565002.5	425397.44	645155	618258.7	587660.8	532558.6	653258.25	614642.75
"sp|Q13011|ECH1_HUMAN"	"HUMAN"	233730.44	174280.6	246320.03	50980.07	185596.23	569884.7	227872.88	0	220756.02	232217.83	838128	678340.56	538956.2	807934.44	180084.78	680912.4	727745.8	804070.44
"sp|Q13015|AF1Q_HUMAN"	"HUMAN"	0	0	0	0	0	0	0	0	0	156969.67	0	0	0	0	0	0	0	0
"sp|Q13033|STRN3_HUMAN"	"HUMAN"	0	0	0	0	0	0	0	0	0	0	0	0	0	0	0	0	0	0
"sp|Q13042|CDC16_HUMAN"	"HUMAN"	0	0	0	0	0	0	0	128032.72	0	0	0	175311.05	90434.336	199917.42	172453.81	0	168701.03	181452.08
"sp|Q13043|STK4_HUMAN"	"HUMAN"	0	0	0	0	0	0	0	0	0	64219.7	0	0	71308.28	68269.195	0	73281.35	90017.67	72079.34
"sp|Q13045|FLII_HUMAN"	"HUMAN"	101528.66	85052.75	0	94093.86	0	0	189106.19	58014.797	89111.27	181874.56	87206.164	133634.19	116191.61	85659.99	133838.19	90500.04	78629.3	0
"sp|Q13057|COASY_HUMAN"	"HUMAN"	361482.2	365613.5	353326.12	390583.12	369013.5	334922.75	370357.06	391099.5	353475.8	687023.5	372687.2	728032.06	404401.2	124401.79	840770.8	643737.1	288292.75	603001.44
"sp|Q13084|RM28_HUMAN"	"HUMAN"	0	0	0	0	0	0	0	0	0	0	0	0	0	0	0	0	0	0
"sp|Q13085|ACACA_HUMAN"	"HUMAN"	790986.75	444599	660996.75	687183.44	823991.06	655759.44	971451.94	497385.94	867749.1	1492433	1001407.9	1222869.2	1475047.4	620741.1	1211952.8	934755.8	1201375.9	961026.44
"sp|Q13098|CSN1_HUMAN"	"HUMAN"	104754.3	0	0	135271.66	0	0	153403.95	0	0	132461.78	159756.44	674650.7	544202.25	175519.6	863437	469674.9	235257.39	202275.95
"sp|Q13111|CAF1A_HUMAN"	"HUMAN"	0	52134.184	0	0	0	0	0	0	0	0	0	0	69493.91	81507.27	0	65366.355	0	0
"sp|Q13112|CAF1B_HUMAN"	"HUMAN"	127413.6	146714.39	104735.26	98183.49	135385.3	151913.08	0	124217.234	138545.16	104137.21	117035.61	159384.62	140613.08	115152.81	146981.25	141172.62	190725.95	138198.83
"sp|Q13123|RED_HUMAN"	"HUMAN"	256254.12	236052.78	331579.12	0	352775.78	71482.06	424547.56	216942.12	187049.61	388729.75	264365.12	329354.25	251516.14	73050.88	276661.28	101984.38	204604.73	213956.98
"sp|Q13144|EI2BE_HUMAN"	"HUMAN"	395770.2	608505.5	55719.95	511481.03	62458.777	55805.605	444989.62	54083.867	0	378783.2	524268.75	497823.88	374447.62	595811.75	454476.12	405541.94	0	546681.44
"sp|Q13148|TADBP_HUMAN"	"HUMAN"	4161428	3815555.5	4623097.5	4162763.5	3849329.8	4044783.2	4336649	3506275.5	3705738	3932690	3804737.5	3656700	4045728	3981394.8	3998555.2	3639714.5	3741145.5	3896583.8
"sp|Q13151|ROA0_HUMAN"	"HUMAN"	2546248	2409925	2409537.8	2653259.8	2378776.5	2386616.2	2992727.8	2495604.5	2761116.5	2606214.2	2459159.8	2578476	2606057.5	2624676.2	2688610.8	2522086.8	2317666.2	3043377
"sp|Q13155|AIMP2_HUMAN"	"HUMAN"	1319564.4	934507	1165287	1315560.5	1325677.4	1199420.9	1399332.8	1134578.6	1017662.6	1527614.9	1488066.2	1630637	1353944	1123548.9	1019544.1	1870088	1314412.1	1580434
"sp|Q13158|FADD_HUMAN"	"HUMAN"	147356.12	123373.48	114840.47	133507.11	139832.38	118939.76	129144.414	139058.48	123115.66	136652.02	123116.51	124928.48	159775.42	147597.97	117371.05	148027.17	134473.27	130984.59
"sp|Q13162|PRDX4_HUMAN"	"HUMAN"	96506.484	45292.598	0	114779.86	0	46750.01	30534.05	0	80691.76	62970.305	212929.22	83445.59	63895.3	83136.4	92615.71	175540.56	90263.08	146729.31
"sp|Q13177|PAK2_HUMAN"	"HUMAN"	2987167.5	2966700	2580342.8	3267169.2	2589590	2374214.5	2620289	2524143	2110116.8	2874173.2	3021832.8	3037051	3149278.8	3112369.5	2918155	2173110.8	2052770.5	2609440.2
"sp|Q13185|CBX3_HUMAN"	"HUMAN"	7076399.5	7652518.5	4746630	7431969.5	8011374	7456736	6956674	9317069	7762689	6849744.5	4764783	8153878	6949809	8194322.5	8239893	8846150	6888276	8227288
"sp|Q13200|PSMD2_HUMAN"	"HUMAN"	7753334	7552737	7330811	7079210	6919193.5	6471028	8012714.5	6929417	6729044	7748749.5	7464218.5	7820768.5	7947833	7740122	7309221.5	7293961	7598267.5	7634654.5
"sp|Q13206|DDX10_HUMAN"	"HUMAN"	0	51627.055	122785.945	0	206261.66	88437.516	166520.78	156750.86	127595.91	88402.95	0	133495.27	198796.9	75428.375	116237.43	101475.79	309842.7	99901.5
"sp|Q13228|SBP1_HUMAN"	"HUMAN"	60851.336	0	0	0	0	0	0	0	0	50648.69	0	0	75244.34	0	64874.67	0	51109.184	0
"sp|Q13242|SRSF9_HUMAN"	"HUMAN"	1524298.5	1524252.2	972871	1594968.8	1334731.1	1479865.4	1504277.5	1332796.6	1432252.8	1599734.2	1310393.5	1543862.4	1408653	1537223.9	1180797.8	1505473.6	1462380.2	1011859.5
"sp|Q13243|SRSF5_HUMAN"	"HUMAN"	571504.94	525821.7	555689	353768.56	411595	557648.2	388818.5	373385.62	461179.7	611653.3	677569.1	525367.4	573137.1	678501.5	895083.3	647113.56	407370.2	598180.44
"sp|Q13247|SRSF6_HUMAN"	"HUMAN"	2176998.5	3148010	2434668.5	1682353.1	2639750.5	2452446	2056715.8	2305075.5	2157413.5	2306916.5	2669316.8	2856525.2	1925366.1	2954373.2	2823712.8	3078956.8	2579299	2703467.8
"sp|Q13257|MD2L1_HUMAN"	"HUMAN"	159524.34	92030.72	294506.62	242296.36	58389.84	92051.164	73590.47	322859.03	122581.43	202958.23	140842.25	141399.14	0	454216.44	397171.8	115718.75	336636.44	38490.508
"sp|Q13263|TIF1B_HUMAN"	"HUMAN"	12613483	12920104	12870404	12766503	12414646	12514725	13157607	12780056	12688086	12584298	12972774	12794250	12898211	12314183	13091743	13263318	12954053	13295582
"sp|Q13277|STX3_HUMAN"	"HUMAN"	0	0	0	0	0	0	0	0	0	0	0	23532.213	0	0	0	0	0	0
"sp|Q13283|G3BP1_HUMAN"	"HUMAN"	5003210.5	4795732.5	4709484	4172679.2	5189402.5	5151876	4556589	4907924	4581556	5018620	5054684	5157688	5088540	5227773	4917882.5	5081464	4413265.5	5495479
"sp|Q13310|PABP4_HUMAN"	"HUMAN"	2035532.9	2354220.5	2032451	1900939.4	2135969.8	2152454.8	1613509.9	1846659.9	1681256.4	2369315.8	2230910.5	2431809.8	2083496.2	1958115.5	1807371.2	2537154.5	2256664.2	2056683.9
"sp|Q13347|EIF3I_HUMAN"	"HUMAN"	4198255.5	3942809	4745910.5	4006791	3972990.2	3685291	3861845	4327325.5	4404834.5	4066877.8	4476993	4829904.5	4069838.8	4665705	4676371	4390259.5	5006864	4404444.5
"sp|Q13356|PPIL2_HUMAN"	"HUMAN"	153216.64	111058.86	367637.44	81046.96	64373.375	249326.97	229480.73	63959.92	311817.3	85680.03	344915.12	462341.22	108838.984	383614.56	357337.78	0	360917.16	359173.75
"sp|Q13362|2A5G_HUMAN"	"HUMAN"	305020	354077.7	220733.19	469998.88	458923.78	359295.03	267570.34	267436.22	80925.34	81318.766	79126.33	79102.336	94131.19	60794.83	61167.594	77726.62	0	68624.42
"sp|Q13363|CTBP1_HUMAN"	"HUMAN"	476051.38	315269.44	453140.25	423350.06	319309.47	403119.28	324692.7	478830.56	413031.56	280507.7	459890.97	296507.12	468257.5	458646.94	276542.2	259052.6	439386.56	264248.25
"sp|Q13404|UB2V1_HUMAN"	"HUMAN"	555522.8	571482.4	259980.14	368269.7	663937.44	478340.22	516365.34	301209.75	333946.38	372900.4	300430.06	390784.72	428911.4	460851.66	331392.75	531251.75	344265.4	240972.23
"sp|Q13405|RM49_HUMAN"	"HUMAN"	310665.66	193948.02	198661.02	222029.48	191208.03	197681.05	189078.27	202206.66	177942.28	276082.56	173970.83	197073.83	336572.9	200592.83	0	0	217718.58	0
"sp|Q13409|DC1I2_HUMAN"	"HUMAN"	160228.12	93999.8	272076.84	80578.836	166852.72	127278.92	247375.17	107185.83	178171.47	62286.113	136006.56	123321.04	95130.266	193933.47	190044.19	214774.86	74836.766	0
"sp|Q13416|ORC2_HUMAN"	"HUMAN"	89562.34	83533.33	0	0	0	0	84531.96	0	67138.484	87761.77	0	0	92468.54	85827.79	74251.43	102967.57	80560.53	62293.62
"sp|Q13418|ILK_HUMAN"	"HUMAN"	0	0	0	0	0	0	0	0	0	0	0	0	0	0	0	0	0	0
"sp|Q13423|NNTM_HUMAN"	"HUMAN"	287516.75	180721.53	194364.64	0	170138.22	433558.75	288014.12	0	0	551293.25	261869.36	409083.7	459056.3	214562.23	457794.6	207182.89	432034.06	0
"sp|Q13427|PPIG_HUMAN"	"HUMAN"	506768.62	254519.94	352137.8	514118.06	523527.38	607735.44	470393.84	894058.2	397841.9	425356.34	442502.94	524051.38	364667.8	685599.94	720851.7	420794.22	387373.53	570062.6
"sp|Q13428|TCOF_HUMAN"	"HUMAN"	717291.94	1022729.5	1137650.2	681820.75	621352.3	670130.2	751487.2	918431.9	1045424.7	674394.94	721956.4	1162581.2	622722.8	899401.2	928932.6	617737.8	1013443.4	696786.94
"sp|Q13435|SF3B2_HUMAN"	"HUMAN"	3353867	3627005.2	3511673.2	3305126.2	3788877.2	4146938	3958512	4031826	3815496	3461751.8	3915296.5	3886204	3924303.2	3729042.5	3801066.5	4293548.5	4319072	4019025.2
"sp|Q13442|HAP28_HUMAN"	"HUMAN"	1365673.8	1521913.8	1352017.4	1186084.1	1414678	1409624.2	1422690.6	1401230	1531826.2	1425619.9	1532885.2	1506934.9	1333470	1516602.4	1760263.8	1720166.9	1506407	1520046.9
"sp|Q13451|FKBP5_HUMAN"	"HUMAN"	2593212.2	3010717.2	2817368.5	2919975	3263119.2	2864325.5	3075028.5	2502312.8	2394966.2	2465024.8	2726565.8	2747737.5	2570623.5	3134939.8	3180992.5	2601488.2	2449748.5	2190644.8
"sp|Q13492|PICAL_HUMAN"	"HUMAN"	3460289.2	3770583.2	2357429.2	3487122.5	3571865	3689971.2	3565277	4014740	3438985.2	2981775.2	3417830.2	3952115.2	4032290	3193803.2	3299039.8	3433298.8	2553869.5	3238395.5
"sp|Q13505|MTX1_HUMAN"	"HUMAN"	0	0	0	0	0	0	0	0	0	0	0	0	0	0	0	0	0	0
"sp|Q13523|PRP4B_HUMAN"	"HUMAN"	1328950.8	1164993.1	1562778	1256494	1148047.9	938175.9	553500.25	1377996.8	1193978.4	701054.75	860286.94	892086.75	1132903.2	976274.75	1194044.8	1441723.4	1481527.4	1278721.9
"sp|Q13526|PIN1_HUMAN"	"HUMAN"	901083.6	833146.94	790987.75	747053.1	837849.1	858623.25	880925.06	788054	849445.1	533837.56	644540.44	960676.56	844560.8	580224.6	1021992	970595.1	597393.2	996091.94
"sp|Q13541|4EBP1_HUMAN"	"HUMAN"	402894.62	0	0	0	0	0	0	0	0	0	0	0	0	0	0	0	0	0
"sp|Q13546|RIPK1_HUMAN"	"HUMAN"	0	0	0	0	0	0	0	0	0	0	0	0	0	0	0	0	0	0
"sp|Q13547|HDAC1_HUMAN"	"HUMAN"	1647042	1673375.5	1755873.2	1464340.5	1681084.4	1820995.9	1622273.6	1663127	1959756.6	1417024.5	1823684.5	1948863.5	1412621.2	1868876.6	1770310.9	2046072.1	1807553.9	1606409.5
"sp|Q13561|DCTN2_HUMAN"	"HUMAN"	1372548.5	1369660.1	1282070.2	1207710.5	1421042.9	1383404.2	1295179.4	1453909.9	1322413.9	1298500.9	1282731.8	1381756.2	1250719.4	1510796.5	1134929.8	1428860.5	1504556.2	1285711
"sp|Q13564|ULA1_HUMAN"	"HUMAN"	121299.16	0	0	0	0	0	0	0	0	0	0	0	0	0	0	0	0	0
"sp|Q13573|SNW1_HUMAN"	"HUMAN"	739388.1	0	0	0	249297.8	0	1010062.8	417775.56	215280.89	515613.44	120161.445	148373.36	615022.5	159923.44	486165.6	186970.62	467019.4	636278.06
"sp|Q13595|TRA2A_HUMAN"	"HUMAN"	482785.3	456600.47	449387.75	533257.6	419609.8	454916.25	516112.97	386871.25	405423.94	433788	458773.5	342322.75	451827	361862.38	408258.5	428618.97	359025.44	441047.2
"sp|Q13596|SNX1_HUMAN"	"HUMAN"	0	0	0	0	0	0	0	0	0	0	0	0	0	0	0	0	0	0
"sp|Q13601|KRR1_HUMAN"	"HUMAN"	0	0	0	0	0	0	0	0	0	0	0	0	0	0	0	0	0	0
"sp|Q13610|PWP1_HUMAN"	"HUMAN"	250104.4	468123.56	283143.78	198113.33	91724.61	207083.73	301171.34	138303.94	295675.5	340066.22	200042.66	78376.24	362891.2	461153.1	0	0	0	410348.1
"sp|Q13616|CUL1_HUMAN"	"HUMAN"	778807.06	603722.44	655046.56	786709.75	540224.9	588837.1	592543.1	439566.88	554963.56	539613.25	732522.06	843615.5	705028.5	577367.7	572991.9	338768.56	347829.25	720914.6
"sp|Q13617|CUL2_HUMAN"	"HUMAN"	235650.06	341565.8	170977.25	407044.16	342600.12	544539.9	303288.16	263358.1	569026.6	399126.06	317757.28	338481.06	390431.72	250221.7	211229.23	240827.5	231985.75	219690.05
"sp|Q13619|CUL4A_HUMAN"	"HUMAN"	85300.266	0	88226.695	0	95578.266	0	143706.23	0	94611.13	129230.26	0	0	107975.21	110420.125	0	0	0	90558.75
"sp|Q13620|CUL4B_HUMAN"	"HUMAN"	311748.38	395848.38	221010.64	361783.78	158580.16	250019.66	473109.28	314639.78	309339.75	294376.7	227606.1	242816.53	354056.78	330677.34	246540.05	292699.7	197916.11	347116.12
"sp|Q13630|FCL_HUMAN"	"HUMAN"	0	0	0	0	0	0	0	0	0	141620.94	0	0	0	0	0	0	0	0
"sp|Q13643|FHL3_HUMAN"	"HUMAN"	451568.2	519567.5	709511.6	466524.7	456510.9	541770.3	593250.25	578587.3	432120.56	607271.8	589719.3	665842.06	586722.25	534745.75	611247.8	524483.7	695206.44	692178.1
"sp|Q13769|THOC5_HUMAN"	"HUMAN"	213002.17	156085.22	201472.14	217319.62	175161.42	147246.75	146433.61	182785.03	188271.9	226520.38	221468.62	230564.72	239602	236997.97	152489.3	209112.4	225229.22	228293.6
"sp|Q13823|NOG2_HUMAN"	"HUMAN"	124378.555	152798.33	0	105127.33	0	0	0	0	0	123432.24	0	0	0	172891.08	0	245146.6	127306.73	0
"sp|Q13838|DX39B_HUMAN"	"HUMAN"	16359814	16702712	17056066	15699031	16495884	16497616	16745472	17018130	16970486	16339198	17148122	16568971	15901134	17573598	16743864	18041356	18285686	17514066
"sp|Q13867|BLMH_HUMAN"	"HUMAN"	2841348.5	2712239.5	2929597.5	2973806	2669517	3027987.2	2809567.5	3058766.2	2920135	2843484	2799486	2886642.5	2939620.5	2601748.5	2777906.8	2779417.5	3061741.5	2641690.5
"sp|Q13868|EXOS2_HUMAN"	"HUMAN"	1490365.8	1285096.4	1294284.6	1578258.2	1246816.1	1302553.8	1273038.6	1423776	1152090.9	1416609.5	1199160.8	1166054.8	1478174	1254873.1	1225393.8	1185537.9	1054784.5	1338657.5
"sp|Q13885|TBB2A_HUMAN"	"HUMAN"	1309413.2	1205263.2	1248124.4	1300909.9	1337952.1	1317107.9	1328867.8	1634846.4	1410494.4	1256371.8	1312082.8	1348104	982273.7	1313709.6	1224719	1145063.5	1145417.6	1313494
"sp|Q13889|TF2H3_HUMAN"	"HUMAN"	0	0	0	0	0	0	0	0	0	0	0	0	0	0	0	0	0	0
"sp|Q13895|BYST_HUMAN"	"HUMAN"	744763.3	971877.8	852156.6	988636.56	612665.7	939117.1	1115576.8	788373.06	738398.4	949552.25	808223.2	663193.06	1082327.2	981276.56	865883.1	760169.9	931347.75	1043717.06
"sp|Q13907|IDI1_HUMAN"	"HUMAN"	1139089.4	1035828.1	977075	1065003.1	1089198.5	1134626.2	1260019.1	1145457.6	1099041.2	1208933.5	1177363.4	1155180.6	1151805.2	1005224.9	1198001.5	1097506.6	1133426.4	1201250.4
"sp|Q13951|PEBB_HUMAN"	"HUMAN"	0	134859.42	279163.8	101680.96	167597.81	177038.47	209620.22	122007.47	0	69827.21	94797.5	58687.863	14781.778	0	77218.22	0	61667.383	52667.42
"sp|Q13952|NFYC_HUMAN"	"HUMAN"	0	0	0	0	0	0	0	0	0	0	130624.07	139340.62	96982.55	111188.14	111552.58	0	39176.7	0
"sp|Q14008|CKAP5_HUMAN"	"HUMAN"	2596709.8	1610745.2	1872466.2	2005885.6	2071534.1	2150955.5	2459227.5	1381224.9	1654653.8	2163730	2336217.2	2329149	2087343.9	1885024.1	2144511.8	1985371	2154054.2	1499146.8
"sp|Q14011|CIRBP_HUMAN"	"HUMAN"	2069460.5	2269626.2	2130137.8	2135551.2	2131856	2061381.4	2181049.2	2130006.5	1997947.8	2029700.9	2267239.8	2052448.1	2202218.8	2207967.8	2105026	2243228.2	2140674.5	2184064.2
"sp|Q14019|COTL1_HUMAN"	"HUMAN"	1711640.4	1794790.8	1729135.4	1650049.8	1686937.1	1700156.8	1740617.6	1723729.5	1533061.8	1740772.9	1863939.5	1618993.5	1684345.9	1717914.4	1831347.9	1836138	1769784.8	1847765
"sp|Q14061|COX17_HUMAN"	"HUMAN"	117866.34	0	0	103087.84	132334.42	141181.77	0	131519.9	146626.05	113238.016	136279.16	148923.16	131278.83	131167.66	146015.73	141010.53	150578.53	150354.6
"sp|Q14103|HNRPD_HUMAN"	"HUMAN"	17016070	17855970	18648848	17660956	17356704	17591772	18187256	19302864	17931448	17284136	17747322	19495864	17058620	17135572	17936382	18446358	19375144	18169906
"sp|Q14137|BOP1_HUMAN"	"HUMAN"	1624392.2	1070276.9	1433601.4	1592789.6	1470870.4	1205869.4	1857729	1570537.9	1210235.5	1763359.8	1592299.2	1696829.9	1678217.1	1366058.4	1569317.8	1289242.8	1569387.4	1918500.1
"sp|Q14139|UBE4A_HUMAN"	"HUMAN"	76556.92	0	0	0	90428.6	0	89872.77	0	0	0	0	0	0	0	0	0	0	0
"sp|Q14145|KEAP1_HUMAN"	"HUMAN"	317616.7	244566.47	292895.97	379749.84	242500.1	251833.7	305645.7	297697.88	286137.06	379263.38	298179.97	289344.06	345602.94	294745.28	276562.84	290174.2	306593.28	320785.03
"sp|Q14146|URB2_HUMAN"	"HUMAN"	80622.66	0	0	84135.69	0	0	84822.36	0	0	87026.42	0	0	85472.58	91670.68	0	0	88969.51	0
"sp|Q14149|MORC3_HUMAN"	"HUMAN"	367052.8	556715	663268.25	401699.9	517679.56	466563.94	320315.44	483839.5	521611.12	519291.5	532515.3	542845.7	442916.4	713738.94	471208.25	667630.9	544516.1	724396.8
"sp|Q14151|SAFB2_HUMAN"	"HUMAN"	363095.6	264173.75	503810.06	529750.75	286261.56	531195.4	386828.7	358922.9	260434.44	517570.8	366694.1	372372.6	502385.94	551928.44	640052.56	680532.2	298399.28	338310.66
"sp|Q14152|EIF3A_HUMAN"	"HUMAN"	5448083	5516039.5	5967994.5	5880056	5495599.5	5639321	6601668	5471088.5	6319583.5	6165886	5319087.5	6080822	5795621	7229904.5	6609469	6184748	6454257.5	5683113.5
"sp|Q14157|UBP2L_HUMAN"	"HUMAN"	1009020.25	1293148.2	1091923.8	5346324.5	1045122.5	1081559.6	1315866.8	6028671	841988.4	3405467.2	4113696	3739787	2785899.8	4104306.2	3731334.8	4060621.5	1165717.4	3312478.8
"sp|Q14160|SCRIB_HUMAN"	"HUMAN"	0	0	0	0	0	0	0	0	0	0	0	0	0	0	0	0	0	0
"sp|Q14166|TTL12_HUMAN"	"HUMAN"	2697683	1846557.6	2139935	1695009.6	2379444.2	2136644	2434495.2	2263806	1900190.8	2441678.8	2511580	2461649.5	2167654.2	2428304	1519576.6	2726770.5	2236576.5	2009234
"sp|Q14181|DPOA2_HUMAN"	"HUMAN"	83484.05	90407.54	75411.625	111347.055	0	0	98215.75	91140.336	84461.94	95045.03	86977.28	70189.31	103800.67	109011.33	112840.586	92841.79	124040.84	93294.85
"sp|Q14191|WRN_HUMAN"	"HUMAN"	0	0	0	0	0	0	0	0	0	0	0	0	0	0	0	0	0	0
"sp|Q14202|ZMYM3_HUMAN"	"HUMAN"	0	0	0	0	0	0	0	0	0	0	0	0	0	0	0	0	0	0
"sp|Q14203|DCTN1_HUMAN"	"HUMAN"	191109.72	517639.84	580594.7	226047.12	259047.72	185620.84	237911.38	93446.25	323738.97	211924.08	552784	432675.22	240803.53	861254.4	599729.5	562665	198584.53	294867.62
"sp|Q14204|DYHC1_HUMAN"	"HUMAN"	7397522.5	5946627	6013013	6690222	5790450.5	5052332	7339569	6264830	5609709.5	8229918.5	5724687.5	6694547.5	7422928	7106310	6708133.5	6660116.5	6320291	6695026
"sp|Q14232|EI2BA_HUMAN"	"HUMAN"	812789.75	444417.7	384554.22	833458.6	366143.8	371318.7	672642.3	434491.4	294163.06	652104.56	532638.5	510768.4	502551.25	331276.62	507192	368290.94	427724.06	467422.66
"sp|Q14240|IF4A2_HUMAN"	"HUMAN"	275887.34	266726.44	384620.88	291317.72	225538.77	122196.58	293405.62	122335.02	116985.75	310928.22	246286.4	292294.38	370695.2	365633.03	289271.34	353781.16	208635.5	129507.79
"sp|Q14247|SRC8_HUMAN"	"HUMAN"	801898.44	865141.9	1080737.2	534587.7	1010974.25	851579.56	729181.1	664587.6	998441.25	452306.4	991170.75	1045700	655867.56	814012.4	886257.1	1119439.9	948462.4	1113239.9
"sp|Q14249|NUCG_HUMAN"	"HUMAN"	239148.64	0	0	0	0	0	253547.58	0	290237.28	0	0	0	0	0	0	0	0	0
"sp|Q14254|FLOT2_HUMAN"	"HUMAN"	517013.7	488218.38	583825.2	287397.12	540820.75	309331.06	499768.03	329102.53	326072.03	327470.5	336958.9	520425	375762.84	289880.38	139960.48	498864.03	511005.38	357964.4
"sp|Q14257|RCN2_HUMAN"	"HUMAN"	0	0	0	0	124050.38	0	0	0	0	0	295254.75	229624.75	237409.61	291310.44	0	300094.12	0	282833.7
"sp|Q14258|TRI25_HUMAN"	"HUMAN"	475002.38	481072.97	1289009	1042469.6	428526.3	1161582.2	435333.06	398315.94	421280.8	717295.5	934857.44	1057508.8	788790.5	969389.9	772116.6	544133.7	1024815.4	964786.25
"sp|Q14289|FAK2_HUMAN"	"HUMAN"	0	0	0	0	0	0	0	0	0	0	0	0	0	0	0	0	53832.45	0
"sp|Q14315|FLNC_HUMAN"	"HUMAN"	8339159.5	9251463	9210961	8792057	9501153	8902215	8799027	8677314	8440624	9291881	8265110	8478064	8855708	9016882	9523246	9546185	9223802	9478439
"sp|Q14318|FKBP8_HUMAN"	"HUMAN"	0	0	0	0	0	0	0	0	0	0	0	0	0	0	0	0	0	0
"sp|Q14320|FA50A_HUMAN"	"HUMAN"	0	0	93927.9	100617.2	0	0	109621.125	49186.6	0	122237.69	111317.73	107778.516	105214.734	93945.086	115013.664	103554.56	91437.19	0
"sp|Q14331|FRG1_HUMAN"	"HUMAN"	0	0	0	0	0	0	0	0	0	0	0	0	0	0	0	0	0	0
"sp|Q14376|GALE_HUMAN"	"HUMAN"	696330	514823.75	742836.6	625504.44	623248.7	554826.56	420407.3	260293.77	435472.06	658658.4	360653.4	342294.16	360190.62	333789.12	368818.6	346668.16	443536.7	354386.7
"sp|Q14444|CAPR1_HUMAN"	"HUMAN"	3891949.8	4100150.8	3849187.5	3704413.5	3729476	3875684.5	3615520.2	3742818	4428503	3330664.2	4157656	4453663	3236320	4254703	3948476	4256863.5	4345700.5	4110073
"sp|Q14498|RBM39_HUMAN"	"HUMAN"	4666055	3595616	3938256.2	4359649	4459320.5	4093989.5	4395224.5	3760910	3174075.8	4542909	4309534	4274710	4283259.5	3763032.2	4302703	4396098.5	4282577	3991781.2
"sp|Q14566|MCM6_HUMAN"	"HUMAN"	7278591.5	7267313.5	7205950	6264146.5	6596596.5	6280395.5	5810760.5	6004431.5	6114550.5	5898493	7377851.5	6568246.5	6375116	7372432.5	6976603.5	6664067.5	6971560	7222237.5
"sp|Q14624|ITIH4_HUMAN"	"HUMAN"	215515.05	151901.78	271336.3	246544.5	239974.97	105400.66	256064.88	211552.33	261665.5	316215.78	238597.22	268314.47	285828.6	131384.75	205852.61	161638.2	256074.25	195193.06
"sp|Q14671|PUM1_HUMAN"	"HUMAN"	563610.7	765313.9	510579.3	320800.34	400410.34	434100.12	538974.56	428639.2	447862.25	296482.72	438913.34	427571.5	325592.6	470963.2	496530.53	312852.7	402581.28	513339.88
"sp|Q14676|MDC1_HUMAN"	"HUMAN"	0	0	0	0	0	0	0	0	0	0	0	0	0	0	0	0	0	0
"sp|Q14677|EPN4_HUMAN"	"HUMAN"	56342.824	0	137117.44	0	127474.766	74336.41	0	0	57806.066	34680.84	106928.67	0	56859.523	153590.03	105039.5	166316.97	139081.39	140893.56
"sp|Q14683|SMC1A_HUMAN"	"HUMAN"	1289712.2	1344269.5	1217202.8	1068792.6	1301610.4	929737.06	1967198.8	1102413.2	1021654.75	921844.3	1096504.6	1200453.6	1300856.5	1116237.5	855554.9	879899.06	1187287	989718.9
"sp|Q14684|RRP1B_HUMAN"	"HUMAN"	226770.9	0	211979.08	0	0	0	170405.05	0	159812.06	67380.914	236500.14	327294.28	301323.94	204064.34	85849.734	357090.8	191896.92	269492.06
"sp|Q14687|GSE1_HUMAN"	"HUMAN"	123983.34	247018.53	225666.75	85982.46	220576.47	217028.94	101217.1	128632.14	62598.44	128493.84	331296.6	97387.78	249232	293306.62	269161	83975.95	202150.02	332505.06
"sp|Q14690|RRP5_HUMAN"	"HUMAN"	587852.1	462698.78	713774.1	450617.94	665603.9	613224.56	483043.7	954303.75	527913	957603.7	629707.8	947673.1	482399.6	156110.27	417191.3	350887.8	952110.75	791431.4
"sp|Q14692|BMS1_HUMAN"	"HUMAN"	1066029.6	748444.2	875947.8	1148263.4	897638.44	786959.06	1098712.6	964904.5	608266.56	1085019.8	898295.56	914083.8	1106024.6	848041	845379.56	973795.5	879594.1	994147.4
"sp|Q14694|UBP10_HUMAN"	"HUMAN"	1477839.5	783458.4	1465880.6	1845470.4	1830890.6	1417048.4	2009229.5	1262297.8	2020245.5	1719213.2	1121905.6	1128760.2	1859910.6	1349319	1082110.8	1144484.5	960525.06	1549102.5
"sp|Q14696|MESD_HUMAN"	"HUMAN"	0	0	0	57635.695	0	122330.266	0	0	0	44818.773	0	0	48509.31	75470.695	64593.355	0	0	0
"sp|Q14697|GANAB_HUMAN"	"HUMAN"	4110644	4554962	4777289	4736606	4206989.5	4353234.5	5306161	4106723	3148428.2	4971183.5	4193769	4337965.5	4259749	3947229.8	3585525.2	4551074.5	3971664.5	3749076.2
"sp|Q14738|2A5D_HUMAN"	"HUMAN"	45844.816	68100.125	46707.43	49995.594	0	81912.44	69712.88	65133.066	74358.07	64791.918	59042.37	62051.04	84279	79445.68	64121.492	0	66335.59	0
"sp|Q14739|LBR_HUMAN"	"HUMAN"	0	93638.48	0	71371.336	77649.53	0	0	98410.734	0	78701.3	106138.66	81891.375	64428.324	165531.64	84525.32	133318.38	144259.5	93096.63
"sp|Q14807|KIF22_HUMAN"	"HUMAN"	0	0	0	0	0	0	0	0	0	0	56555.234	0	0	0	0	52340.562	61697.992	0
"sp|Q14839|CHD4_HUMAN"	"HUMAN"	784715.8	746401.8	794356.06	687667.75	615081.3	535411.1	737888.4	590036.1	313011.62	788623.9	686613.1	603337.75	748327.1	431617.62	559979.4	684011.1	455562.6	417129.5
"sp|Q14847|LASP1_HUMAN"	"HUMAN"	1379963.9	508883.3	971449.75	1130515	712868.2	786807.5	1322601.9	842857.75	870027.1	1102785.5	1238015.2	1233155.2	1303782.5	1068018.6	1271750.5	1196476.8	1119377.8	1230065.9
"sp|Q14919|NC2A_HUMAN"	"HUMAN"	449432.25	371500.66	425888.62	393266.16	361283.75	419270.9	282267.75	396650	178547.48	417172.1	285904.78	489968.66	409699.72	431610.97	347229.56	287086.7	266578.88	352478.84
"sp|Q14966|ZN638_HUMAN"	"HUMAN"	0	0	0	0	0	0	0	0	0	0	0	0	0	0	0	0	0	0
"sp|Q14974|IMB1_HUMAN"	"HUMAN"	19113860	18409454	19440286	17895180	19902402	20154942	19851146	19414346	20126068	19622718	20245920	20157682	19135604	20204126	20515472	19746030	21375166	21941478
"sp|Q14978|NOLC1_HUMAN"	"HUMAN"	2018358.4	2057422.2	2234745.5	2024591.2	2197112	2133124.2	1996391	1970851.8	2091632.9	2064185.6	2514011.2	2972195.2	2298237.8	2689080.2	2486860.8	2859310.2	2549019.2	2977637.5
"sp|Q14980|NUMA1_HUMAN"	"HUMAN"	1306229.1	1150481.5	1220487.8	1172936.4	1238410.6	1517644.4	1425786.9	1407454.8	947432.25	1504083.2	1231101.8	1738558	1455529.8	2082577.5	1469060.4	1254028.9	1700827.2	1870710.5
"sp|Q14C86|GAPD1_HUMAN"	"HUMAN"	45040.25	0	151330.78	53436.516	56098.83	85534.01	0	0	0	94811.78	0	0	0	0	0	0	104893.305	0
"sp|Q14CX7|NAA25_HUMAN"	"HUMAN"	0	0	0	0	0	0	0	0	0	0	0	0	0	0	0	0	0	0
"sp|Q15003|CND2_HUMAN"	"HUMAN"	367359.06	401331.56	341748.72	402747.4	203087.52	195895.33	338011.12	278629.38	431100.6	490963.56	215926.7	118219.34	508645.25	0	385012.75	298477.78	190589.44	158413.88
"sp|Q15005|SPCS2_HUMAN"	"HUMAN"	0	0	0	0	0	0	0	0	0	0	0	0	0	0	0	0	0	0
"sp|Q15006|EMC2_HUMAN"	"HUMAN"	0	0	0	0	0	240728.42	0	308501.78	0	0	0	216565.33	204973.73	0	0	0	311828.06	0
"sp|Q15007|FL2D_HUMAN"	"HUMAN"	136436.05	109173.69	136176.53	134180.45	120257.305	104043.555	124808.12	110149.03	118315.57	132976.16	94220.85	131536.12	130749.72	0	108273.07	0	141242.89	130014.04
"sp|Q15008|PSMD6_HUMAN"	"HUMAN"	2541399.5	1906342.2	2475943	1902423.5	2037579.9	2071903.9	2094377.5	2156955.5	3039931.5	1857068.4	2501052.5	2894835.5	2228381.8	2290904.8	2896148.5	2017851.6	2962694	2666329.8
"sp|Q15019|SEPT2_HUMAN"	"HUMAN"	1942672.5	1672396.4	1712312.5	1577461.5	1755612.4	1861575.1	1643136.6	1545493.6	1668601.4	1591580	1350246.6	1617674.8	1603721.2	1352282.8	1674150.1	1552224.9	1661385.1	1551927.4
"sp|Q15020|SART3_HUMAN"	"HUMAN"	410088	331255.34	351118.6	409076.7	325749.38	325016.97	455785.97	132347.98	292026.06	401555.3	299850.56	332436.4	432921.06	303026	328462.7	233835.33	212411.11	241998.48
"sp|Q15021|CND1_HUMAN"	"HUMAN"	2304490.8	390795.75	368767.9	2534103	541350.94	269887	2459439	422262.56	396789.7	2329588	2296264	2410440.5	3612465	2082829	2010185.6	2568462.8	2066877.8	2120953
"sp|Q15024|EXOS7_HUMAN"	"HUMAN"	897696.9	456129.53	571686	946501.06	733523.94	604958.8	1039065.8	835251.25	757640.25	676410.6	560213	738920.4	823797.56	598651.9	870776.2	806063.25	583019.25	874908.3
"sp|Q15029|U5S1_HUMAN"	"HUMAN"	8837539	8280767.5	8924068	8955973	8303413.5	8286028	9065964	8168258	7563622.5	7750434	8340933.5	8262363.5	8573948	7602405	7948674	8148535.5	8857248	8457636
"sp|Q15046|SYK_HUMAN"	"HUMAN"	4864938.5	5761915	6343659	4720290	6349903	5410604	5867933.5	5209398.5	5787421	5943492	5620337.5	5221576	5323461.5	5023567.5	5308412.5	5584488	5142068.5	5382022.5
"sp|Q15050|RRS1_HUMAN"	"HUMAN"	1686486.8	1559299.8	1342298.4	1552809.4	1655240.5	1322602.2	1999598.5	1426619.4	1433457.2	1889797.6	1480815.2	1618393.5	2097764.2	1846354	1861061.1	1382874.4	1301421.6	1425179.2
"sp|Q15056|IF4H_HUMAN"	"HUMAN"	3654718	3692928.8	3659353.5	3575300.5	3620956	3517077.5	3591873	3414172.5	3708165.2	3684067.5	3891512.8	3570693.5	3658814	3695078.2	3641380.5	3936472.2	3339558.5	3829247.8
"sp|Q15061|WDR43_HUMAN"	"HUMAN"	502764.9	389878.25	251893.12	533195.7	261347.4	307714.56	413319.12	203547.12	244097.19	434713	513666.12	557672	643610.25	545503.9	219191.69	346957.56	292825.62	422362.03
"sp|Q15070|OXA1L_HUMAN"	"HUMAN"	245538.47	0	329738.88	0	0	0	0	0	340249.5	0	0	0	0	0	0	0	0	0
"sp|Q15075|EEA1_HUMAN"	"HUMAN"	0	0	0	0	0	0	0	0	0	0	0	0	74606.03	0	0	0	0	0
"sp|Q15084|PDIA6_HUMAN"	"HUMAN"	3084225.8	3450859.8	3287552.5	2910122.5	3201050	2860626.5	3162129.8	3289456	3154267.5	3340519.5	3175907	3509931.5	3639004	3337041.5	3015658	3132986.8	3719969.5	2885708
"sp|Q15102|PA1B3_HUMAN"	"HUMAN"	1627028.5	1525950.9	1664281.8	1977863	1396890.6	1685627.6	1954096.5	1262874.2	1366609.2	1908980.2	1872180.8	1604814.5	1709091.6	1693894	1456419.2	1918847.2	1857346.1	1828553.2
"sp|Q15121|PEA15_HUMAN"	"HUMAN"	308675.75	257502.3	336035.06	411242.4	374881.62	269582.5	332682.78	353484.34	298596.9	368495.56	318444.22	275617.94	383148.25	216962.7	240756.33	231606	313994.84	257688.66
"sp|Q15125|EBP_HUMAN"	"HUMAN"	0	0	0	0	0	0	0	0	0	0	0	0	0	0	0	0	0	0
"sp|Q15149|PLEC_HUMAN"	"HUMAN"	1029130.3	1070481.4	1248271.6	718481.56	1374906.2	774274.44	954592.2	1047987.2	712514.1	800096.44	921485.75	702398.4	769579.4	854835.4	824199.94	720983	726802.5	783160.8
"sp|Q15154|PCM1_HUMAN"	"HUMAN"	0	0	0	0	0	0	0	0	0	0	0	0	0	0	0	0	0	0
"sp|Q15181|IPYR_HUMAN"	"HUMAN"	13456683	13025857	12339979	13163952	12355033	11551042	13161654	12113601	11678840	13590121	13005993	12015178	13277209	12501855	12255706	12894268	12750216	12373128
"sp|Q15185|TEBP_HUMAN"	"HUMAN"	9345576	10009146	10176014	9738735	9506783	10093398	10056997	10507328	9484605	9977135	9841187	10919716	9585019	10040290	9575697	10645717	10604023	9877066
"sp|Q15233|NONO_HUMAN"	"HUMAN"	8540268	10869742	10102645	8889355	10174988	10850886	8583848	10033847	10243959	9561402	10325733	11148781	9109111	10661279	10481849	10860029	10540063	10583228
"sp|Q15257|PTPA_HUMAN"	"HUMAN"	746871.06	621327.75	1068832.8	844045.1	1062521.5	1227982.8	763627.56	953953.2	1313054.9	1533231.8	1558481.6	1117791.4	907282.4	797278.9	1277083.4	894024.6	955224.25	1438815.1
"sp|Q15269|PWP2_HUMAN"	"HUMAN"	1664128.6	1234621.1	1270378.6	1363026.4	1423398.2	1356218.4	1598973.2	1363986.5	1235691.9	1601692.8	1045179.8	1346484.4	1462320.8	1429722.2	1525418.9	1528989	1773634.9	1150777.1
"sp|Q15274|NADC_HUMAN"	"HUMAN"	517440.84	510469.06	510490.2	551953.1	491736.03	476316.88	540685.3	507804.75	498880	510110.4	555408.25	515471.4	518295.78	529515.25	543389.44	510132.38	528397.75	532174.3
"sp|Q15286|RAB35_HUMAN"	"HUMAN"	133214.25	128086.56	0	95715.53	0	237727.05	119621.59	136646.25	0	103574.88	0	0	111107.67	127452.29	0	156094.05	160289.28	154757.11
"sp|Q15287|RNPS1_HUMAN"	"HUMAN"	1836261.8	1115058.4	1763535.5	1781392.9	1890673.4	1625073.9	1249186.9	1683284.2	1593223.1	1063027.2	1616008.2	1649501	1465008.6	1573302.9	923203.06	1794147.6	1420507.1	1577799.8
"sp|Q15291|RBBP5_HUMAN"	"HUMAN"	1037064.7	824499.25	345575.84	821331.6	1042185.1	1277351.1	1017954.2	849742.5	1126116.6	1000640.9	341012.3	424446.44	705298.06	435094	0	467523.5	382547.7	238562.47
"sp|Q15365|PCBP1_HUMAN"	"HUMAN"	13106623	14068817	12912585	13713797	13975426	12598357	13497686	13308575	12791133	14441587	14224995	12939196	13319672	13310432	12923488	13753126	13744517	13208255
"sp|Q15366|PCBP2_HUMAN"	"HUMAN"	8233187.5	8612931	9458405	8740908	8286534.5	7942686	8490023	9012098	8344594.5	8197732.5	8714408	9069105	8414610	8547482	8262151	8328226	8990909	8606870
"sp|Q15369|ELOC_HUMAN"	"HUMAN"	748377.5	822867.4	835975.3	683997.75	816990.9	752464.75	652395.7	739227.56	805098.7	690684	592730.7	577981.75	689748.25	864982.8	632053.75	839474.5	826506.44	696900.4
"sp|Q15370|ELOB_HUMAN"	"HUMAN"	493630.97	757229.9	742388.2	669615	771099.06	728625.9	605309.06	709181.44	754754.9	579193.7	856544.9	727274.94	572860.25	737560	829625.5	960800.8	852761.56	787287.25
"sp|Q15382|RHEB_HUMAN"	"HUMAN"	193681.88	189560.98	176659.02	184903	196089.34	175532.53	257547.02	194878.52	203002.14	205429.33	160211.66	180708.69	245118.14	235682.4	178765.33	195098.95	274836.34	133688.73
"sp|Q15388|TOM20_HUMAN"	"HUMAN"	255639.84	180643.52	202911.8	234930.3	185260.8	176846.52	186408.05	0	171379.83	76665.914	123840.99	178332.69	252627.81	178362.77	215103.03	244746.33	225498.33	288945.4
"sp|Q15393|SF3B3_HUMAN"	"HUMAN"	7201349.5	6826551	8348956	7019447.5	7209417	7715411.5	7233319.5	6833808	6350494	6058910	6307839	8214628	6116730	8112017	7637519	7107333.5	5661734	6790362.5
"sp|Q15397|PUM3_HUMAN"	"HUMAN"	394222.8	308705.47	301072.44	276505.44	286701.28	332660.2	334631.7	342881.53	331573.94	331223.94	348851.84	298771.38	354862.47	352965.56	304874.94	284579.16	311296.5	307835.16
"sp|Q15404|RSU1_HUMAN"	"HUMAN"	375634.75	220223.44	217104.95	169922.64	240117.83	220556.83	383460.25	289488.03	214101.1	288646.94	404958.9	359710	478299.8	340503.72	213447.45	381491.28	294580.84	255995.28
"sp|Q15418|KS6A1_HUMAN"	"HUMAN"	169048.11	195803.06	0	159928.72	188429.22	124608.52	197490.97	0	161380.7	170170.52	0	0	186232.73	0	0	0	0	0
"sp|Q15424|SAFB1_HUMAN"	"HUMAN"	2880138	4234551	3983545.2	4326426.5	3871158.5	4187968.2	3825580.8	3351961.2	3915046	3268496.8	3745966.2	3845411.2	3990894.8	2920641.5	3509374	4357668.5	3881284.5	4030292
"sp|Q15427|SF3B4_HUMAN"	"HUMAN"	1694147.8	1338383.9	1628465.1	1744968.9	1757579.8	1699727.4	1686703	1710865.6	1204959.5	1690963.6	1736268.2	1765123.2	1696170	1753471.9	1648566.1	1729974	1801025.9	1363023.9
"sp|Q15428|SF3A2_HUMAN"	"HUMAN"	1369231.1	1510944.4	1523974.2	1527879.5	1555969.6	1523845.4	1483389	1450869.2	1470582.6	1544999.8	1661908.6	1493134.5	1377892.1	1628950.9	1692818.1	1807735	1663648	1704229.2
"sp|Q15435|PP1R7_HUMAN"	"HUMAN"	377625.9	231082.89	250594.23	243033.9	239642.5	349061.38	251445.39	332393.47	358713.3	201417.47	259638.3	244349.19	235169.45	260845.77	244492.75	228817.3	389629.78	255265.97
"sp|Q15436|SC23A_HUMAN"	"HUMAN"	0	0	0	61136.82	0	0	0	0	0	50715.234	57960.617	47723.59	71978.99	0	56065.832	0	0	0
"sp|Q15437|SC23B_HUMAN"	"HUMAN"	1440840.6	1042520	720991.75	1359633	936492.9	642421.2	1008469.4	697104.75	869403.44	1210335	928231.75	724756.7	929980	1071238.4	772491.5	524966.1	1266913.5	819556.7
"sp|Q15459|SF3A1_HUMAN"	"HUMAN"	3850555.8	3195071.5	4359492.5	4264882	3626963.8	3644107	4101855	3986756.8	3292813.8	3700781	3864563.2	3766011.5	3932184.5	3562914.5	3398592.2	3694690.8	3573622.2	3559077
"sp|Q15555|MARE2_HUMAN"	"HUMAN"	536764.94	319154.66	510675.75	614430.9	536545.94	481440.5	620425.94	286248.7	528039.56	571869.06	319490.88	516543.3	375519.88	550599.9	540773.25	491340.88	482435.84	518740.12
"sp|Q15631|TSN_HUMAN"	"HUMAN"	2877505	2917132.5	3307207	3009191.2	3118058	2903631	3039759	3191066.8	3075247	3020833	3032286	3151475.2	3170290	2945531.8	3164483	3575401.8	3317534.2	2988360.5
"sp|Q15637|SF01_HUMAN"	"HUMAN"	3213678	3138891	3573864.5	3047379.8	3140355.2	3278523	3264467.5	3526021.2	3251198.8	3260275	3547761	3478550	3340864.8	3459228.8	3755728	3557882.8	3339745.5	3510070.5
"sp|Q15642|CIP4_HUMAN"	"HUMAN"	110003.73	108302.09	0	108046.08	99563.34	77200.57	113507.93	109315.266	0	102188.336	114522.64	0	0	115205.83	0	103701.97	112100.55	0
"sp|Q15645|PCH2_HUMAN"	"HUMAN"	693612.75	478805.94	299315.06	589634	470240.97	351402.94	398842.5	541492.2	507899.34	551323.4	245006.88	597703.3	583132.7	495438.28	406577.38	238509.94	443171.7	384083
"sp|Q15648|MED1_HUMAN"	"HUMAN"	0	0	0	0	0	0	0	0	0	0	0	0	0	0	0	0	0	0
"sp|Q15651|HMGN3_HUMAN"	"HUMAN"	0	0	0	0	0	0	0	0	0	0	0	0	0	0	0	0	0	0
"sp|Q15654|TRIP6_HUMAN"	"HUMAN"	399999.62	452208.94	478464.38	449831.7	438799.5	504907.38	468330.47	446723	476416.94	538406	549552.1	510603.3	517522.06	533799.8	462870.25	570410.94	458565.3	551254.2
"sp|Q15691|MARE1_HUMAN"	"HUMAN"	3445235.8	3500708.8	3089140.2	3265366	2691360	3196535	3381210.5	3206411.5	2794990	3020054.2	3101787.8	2700858.5	2958085.2	3150933.8	2933039.8	3213178.2	2693426	3185317
"sp|Q15717|ELAV1_HUMAN"	"HUMAN"	2648294.5	2836468.8	2747540	2755929.5	2678025.8	2722500.2	2597714.2	2689243.5	2973308	3058594.2	2998697.5	3171200.2	2916957.8	2557088	3363322.8	3114192.2	3699064.8	3295701
"sp|Q15738|NSDHL_HUMAN"	"HUMAN"	206923.38	111806.516	0	0	0	0	109605.62	0	0	88552.164	71091.125	102975.82	75584.336	0	65369.023	0	89794.67	0
"sp|Q15750|TAB1_HUMAN"	"HUMAN"	75177.07	0	59985.418	77654.47	0	61320	63692.547	69047.97	0	0	0	0	77653.49	0	0	0	0	0
"sp|Q15758|AAAT_HUMAN"	"HUMAN"	2339927.8	2412559	2801566.5	2500956.2	2591260.8	2527066.8	2633915.2	2782360.8	2304257.8	2503434.2	2530822.8	2554010.8	2449602.2	2691953.5	2816747.8	2705606.2	3146943.5	2443215.8
"sp|Q15785|TOM34_HUMAN"	"HUMAN"	450051.84	354784.53	0	526518.4	0	480702.44	445725.25	360672.9	425043.75	392146.9	342197.8	393882.4	475400.38	0	358729.72	349585.2	404481.8	355881.72
"sp|Q15813|TBCE_HUMAN"	"HUMAN"	723185.1	366916.75	535593	510290.62	568063.7	468331.84	641050.5	591760.3	485968.6	641897.9	535402.25	766144.4	786960.5	680036.6	582861	591667.7	458066.25	714394.25
"sp|Q15814|TBCC_HUMAN"	"HUMAN"	0	0	0	0	0	0	98714.41	0	0	81945.03	130458.86	161450.55	0	0	0	119920.76	145129	133594.25
"sp|Q15819|UB2V2_HUMAN"	"HUMAN"	1368431	1651301.5	2035579	1188070.6	1791476.8	1872680	1471393.4	1431085.1	1212311.5	1428208.8	1360557.5	1463158.5	1468953.1	1172559.6	1218405	1826986.2	1670519.4	1223605.8
"sp|Q15833|STXB2_HUMAN"	"HUMAN"	622584.1	578233.4	668307.56	535168.5	598703.25	596061.75	533678.8	693470.9	630360	560376.7	719384.4	633467.94	393715	606575.9	828510	262251.78	643208.7	560478.25
"sp|Q15843|NEDD8_HUMAN"	"HUMAN"	697419.06	789136.9	562707.2	663279.5	598076.44	649697.25	624332.25	521660.12	558020.6	730846.06	764479.75	555837.3	762717.5	704285.75	519327.34	797175.9	378964.53	622744.1
"sp|Q15910|EZH2_HUMAN"	"HUMAN"	70952.92	0	0	73830.08	56867.26	55191.434	0	0	52885.574	222716.22	265461.75	48236.633	331063.38	246561.08	51516.008	0	56499.355	0
"sp|Q15942|ZYX_HUMAN"	"HUMAN"	265836.84	226174.95	195282.17	283813.1	216980.23	216731.7	300115.8	234421.3	207619.55	254630.61	238301.83	233923.73	297360.12	242708.75	238083.17	226598.28	235163.66	225859.72
"sp|Q16143|SYUB_HUMAN"	"HUMAN"	0	0	0	0	0	0	0	0	0	0	0	0	0	0	0	0	0	0
"sp|Q16181|SEPT7_HUMAN"	"HUMAN"	2353394.2	944764.25	2158462.2	1020302.25	2250536.8	1554221.5	1060205.8	1016384.4	2110293	1419681.5	2249262.2	1573381	2217982.5	2208143.5	2383408.2	2186427.5	1038454.56	1057588.9
"sp|Q16186|ADRM1_HUMAN"	"HUMAN"	901715.6	593960.1	1129415.5	876270.94	1013798.6	1053027	981288	935239.06	799902.06	966300.3	714325.1	622454.44	669657.06	617423	966154.1	608933.1	736077.75	748552.6
"sp|Q16204|CCDC6_HUMAN"	"HUMAN"	462154.38	190563.36	300681.34	368710.62	348373.44	239368.03	243908.9	316195.25	134191.98	0	0	0	98901.086	0	57586.82	0	0	0
"sp|Q16222|UAP1_HUMAN"	"HUMAN"	6735563	6489521	6721306.5	6651092.5	6715217	6035565.5	6916823.5	6841807.5	6894988.5	6306897	7171710	6565501	6343867	6215978.5	6718088.5	7347138	6792526.5	6697739.5
"sp|Q16342|PDCD2_HUMAN"	"HUMAN"	119713.58	128775.59	0	0	0	128625.875	134714.84	105939.55	65605.61	0	0	74562.664	108270.99	132031.72	112340.38	97540.734	0	85880.24
"sp|Q16384|SSX1_HUMAN"	"HUMAN"	0	0	0	58799.613	0	0	57227.254	59176.445	0	78669.7	0	0	51056.125	0	0	0	0	0
"sp|Q16385|SSX2_HUMAN"	"HUMAN"	0	0	0	0	0	0	0	0	0	0	0	0	0	0	0	0	0	0
"sp|Q16401|PSMD5_HUMAN"	"HUMAN"	2618403.2	2697312.2	2916913.8	2915701.8	2442470.2	2303369.5	2862436.5	2516893.8	3216104.8	2774253.2	2739939.2	2247638.8	2745251	2694705	2871288.2	2269638.2	2452101.8	2230517.5
"sp|Q16512|PKN1_HUMAN"	"HUMAN"	0	0	0	0	0	0	0	0	0	21592.06	0	0	0	0	0	0	26682.01	0
"sp|Q16531|DDB1_HUMAN"	"HUMAN"	3590935.5	4180207.2	3746014.5	3793562.2	3415328.5	3782898.8	3903919.8	3746796.5	3786554	3543309.5	3919802.5	3824440.5	3810529.5	4226004	3665972.8	3883928	4052079	4061289
"sp|Q16539|MK14_HUMAN"	"HUMAN"	341408	311499.56	234990.11	311077.7	310592.38	278272.88	339812.53	305686.6	286636.2	282957.66	305862.25	291751.9	324386.66	284229.53	257076.7	191598.44	215538	297974.5
"sp|Q16540|RM23_HUMAN"	"HUMAN"	515558.84	408926.75	487011.38	497577.25	429720.16	605085.9	494487.2	440466.22	505222.97	501681.53	438227.2	536245.1	579204.6	453604.88	452205.78	415284.97	512899.88	515559.22
"sp|Q16543|CDC37_HUMAN"	"HUMAN"	4975851	2806756.5	4452484	4689110	5295763	4250449	3030309	2440600.5	2309790.2	2922558.2	2783264.5	2602720.2	2871264	2751312.2	2772774.5	2587364.8	2706364.2	2914287.2
"sp|Q16563|SYPL1_HUMAN"	"HUMAN"	0	242775.36	0	275000.5	0	0	279874.44	251046.4	0	0	0	0	0	0	0	0	0	0
"sp|Q16576|RBBP7_HUMAN"	"HUMAN"	7030841	6943642	6838716	7233223	6763759	6028945	6868129.5	6880691	6403658	6832533	7272041	6584834.5	7220114.5	6158082.5	6499824	7045879.5	6386984	6318970
"sp|Q16629|SRSF7_HUMAN"	"HUMAN"	5926426.5	6255986.5	6197477	5618585.5	6034847.5	6271895.5	5908945.5	6190623	6669016.5	5737222	6536746.5	6117856	6088051	6452022.5	6478503	6899152	6768657	6591767
"sp|Q16630|CPSF6_HUMAN"	"HUMAN"	1113514	966156.6	994303.2	1114214	1055492.9	851531.56	1025819.56	897684.44	837866	1085710.9	1108863	1137233	1018593.56	1284274.4	883899.9	1037617.5	1020990.3	1042202.1
"sp|Q16637|SMN_HUMAN"	"HUMAN"	281258.16	260494.94	317458.66	205695.28	0	233373.61	272163.75	264139.97	0	321067.66	295955.8	400589.56	383953.94	269414.75	254576.34	0	216429.12	0
"sp|Q16643|DREB_HUMAN"	"HUMAN"	1370375.4	1540810.2	1578969.6	1254467	1621795.9	1292249.9	1431805.5	1527844	1411821.9	1383509.9	1001154.75	1347277	1357341.2	1278443.5	1537480	1471601.2	1521454.1	1267323.8
"sp|Q16658|FSCN1_HUMAN"	"HUMAN"	11659369	11258852	11710339	11094872	11564370	10547698	11756395	10811852	11201139	11259803	11061687	11483368	10823921	10998114	11205776	11318993	11115189	11409248
"sp|Q16698|DECR_HUMAN"	"HUMAN"	757897.1	565628.75	935693.6	678447.4	1171127.5	1171863	749553	907629.6	977680	817578.3	362281.47	760433.7	656814.6	529689.44	538063.4	587752.1	778968.2	603812.4
"sp|Q16718|NDUA5_HUMAN"	"HUMAN"	1263456.2	987048.2	998349.4	949533.25	990030.5	987273.1	976602.2	964975.25	1047471	1190721.6	1218248.6	1202236.5	1187858.1	1202257.8	1329892	880665.4	1245040.8	1077128.8
"sp|Q16763|UBE2S_HUMAN"	"HUMAN"	265061.53	326032.97	247346.67	211444.55	306011.03	255416.25	328258.2	44696.805	296300.06	390260.22	386143.2	246449.28	299909.72	188391	289186.06	294120.06	186709.84	119872.414
"sp|Q16795|NDUA9_HUMAN"	"HUMAN"	358907.94	382394.94	445405.44	325981.44	286315.1	149492.3	478280.94	276008.06	288512.03	415299.3	300574.56	470805.2	441467.34	398196.1	483376.88	221213.98	408754.47	307954.3
"sp|Q16822|PCKGM_HUMAN"	"HUMAN"	91076.17	86369.77	124769.195	340337.6	168486.3	214548.89	210293.19	247674.16	267526.94	267120.94	145354.44	153209.47	302442.4	148007.88	82784.125	0	50896.02	292369.44
"sp|Q16836|HCDH_HUMAN"	"HUMAN"	960796.06	1244726.5	1518804.5	832456.5	862088.8	915430.6	942423.2	977124.94	1358730.6	1010840.9	905757.1	1151111.2	710400.2	929320.94	929134.06	879598.06	622661.7	924196.7
"sp|Q16851|UGPA_HUMAN"	"HUMAN"	690302.56	761399.1	775584.4	796619.5	619510.56	536028	607921.25	693129.7	711487.2	722939.8	904022.7	794799.5	1411818.4	813523.9	825015.94	634113.56	710134.6	811107.1
"sp|Q16864|VATF_HUMAN"	"HUMAN"	0	94864.555	77491.36	223516.94	101711.6	79824.6	229474.9	176143.38	88463.945	127573.52	0	0	116333.92	0	0	0	0	0
"sp|Q16881|TRXR1_HUMAN"	"HUMAN"	2603544	3249237.8	4019082.2	3130113.5	3135301	2521007.2	3279270.8	3322957	3067348.5	2748805.5	2829572.5	3096954	2729371.8	3178683	2571603.5	3081498.8	3326715.8	2610859.8
"sp|Q16890|TPD53_HUMAN"	"HUMAN"	0	0	450907	0	660365.6	0	444190.34	672755.56	661007.75	0	0	545344.7	440352.72	0	451612.78	0	0	532701.3
"sp|Q16891|MIC60_HUMAN"	"HUMAN"	1685926.1	2407233.5	2710617.8	1861978.1	2953956	2821359.8	2157070.5	2335883.8	2508066	2406115.2	2444638	2158878	1535561.6	2473800.8	2439677.2	2786305.2	1903446.8	2677560.2
"sp|Q1KMD3|HNRL2_HUMAN"	"HUMAN"	4127773	4030375	4289303.5	3939079.5	3849436.2	3775934.8	4380866.5	4206475.5	3867670.8	3808616.5	4287915.5	3829654	4171080.5	4246640	3981721.8	3739438	3856587.2	4061123.8
"sp|Q29RF7|PDS5A_HUMAN"	"HUMAN"	284235.12	265815.72	124363.47	310470.4	201356.23	193761.53	326621.1	171209.06	176472.38	259368.62	206275.77	320427.7	241221	247600.36	189002.56	179635.06	207828.53	195106.12
"sp|Q2NL82|TSR1_HUMAN"	"HUMAN"	616779	2673470.5	644119.5	633324.25	614153.5	626377.4	583644	711528.6	492748.9	624499.94	2854807.2	3534894	3103929	521459.9	2758837.5	578948.9	723765	3181654.2
"sp|Q2TAY7|SMU1_HUMAN"	"HUMAN"	859287.5	1185488	521409.4	1796091.9	694151.5	749393.5	830005.44	1098429.8	787610.5	1369147.6	659904.5	1439637.9	841193.6	1401766.5	1209983.8	1445415.2	1457221.5	1521487.6
"sp|Q2VPK5|CTU2_HUMAN"	"HUMAN"	146658.95	134325.73	157464.86	144453.53	163225.27	118095.47	158154.81	140803.3	145894.47	245971.03	329203.25	415028.72	366445.25	359594.62	418960.88	135104.22	141251.27	347726.94
"sp|Q32MZ4|LRRF1_HUMAN"	"HUMAN"	0	87578.2	103605.24	87563.086	0	60538.273	40660.45	40608.445	49453.83	117065.32	63011.754	110465.42	128818.62	100840.76	122898.42	111779.21	126386.34	121217.04
"sp|Q38SD2|LRRK1_HUMAN"	"HUMAN"	0	0	0	0	0	0	0	0	0	0	0	0	305895.4	0	0	0	0	0
"sp|Q3KQU3|MA7D1_HUMAN"	"HUMAN"	137808.19	140531.73	138138.98	178003.05	147918.44	137182.12	172471.6	0	121364.59	134219.12	0	0	118853.73	0	0	0	0	0
"sp|Q3MHD2|LSM12_HUMAN"	"HUMAN"	295233.06	255457.47	233137.02	415753.06	120430.59	237272.52	477624.47	117102.03	229591.36	386836.5	348076.9	257453.44	360488.53	273689.38	424636.62	349488.8	155140.05	398582.38
"sp|Q3ZCM7|TBB8_HUMAN"	"HUMAN"	0	0	0	0	0	0	0	0	0	0	0	0	0	0	0	0	0	0
"sp|Q3ZCQ8|TIM50_HUMAN"	"HUMAN"	1372705.4	1475814.8	1300303.4	1428223.2	1250270.6	1316095.2	1285746.2	1243956.5	1684181.5	1433596.9	1438329.2	1273266.5	1383488.9	1430075.8	1470934.1	1257777.5	1414473.2	1337146
"sp|Q49A26|GLYR1_HUMAN"	"HUMAN"	0	0	0	429345.75	207592.95	242472.48	268444.9	539535.8	0	310898.34	323064.2	123642.43	444797.1	392457.34	0	0	283349.62	0
"sp|Q49AR2|CE022_HUMAN"	"HUMAN"	0	0	0	0	0	0	0	0	0	0	0	0	0	0	0	0	0	0
"sp|Q4G0J3|LARP7_HUMAN"	"HUMAN"	74597.24	0	0	65672.664	0	0	76374.81	0	0	69651.164	65798.85	59988.74	74094.96	0	61977.82	68241.33	62798.445	70014.28
"sp|Q4VC05|BCL7A_HUMAN"	"HUMAN"	0	0	0	0	0	0	0	0	0	0	0	0	0	0	0	0	0	0
"sp|Q4VC31|MIX23_HUMAN"	"HUMAN"	364477.38	346963.38	362294.38	335367.47	335808.16	365293.25	360490.75	303940.06	328691.75	347739.22	362387.62	298910.38	367822.56	333732.88	368617.5	414491.25	327881.06	410048.5
"sp|Q52LJ0|FA98B_HUMAN"	"HUMAN"	525103.1	424078.78	383813.3	386765.88	334755.47	221663.58	442455.8	375152.28	382445.1	521822.34	515795.2	364016.03	250606.75	537179.5	569512.8	389082.8	528610.44	245117.16
"sp|Q53EL6|PDCD4_HUMAN"	"HUMAN"	0	0	0	0	0	0	0	0	0	0	0	0	0	0	0	0	0	0
"sp|Q53FZ2|ACSM3_HUMAN"	"HUMAN"	0	0	0	0	0	0	0	0	0	63723.938	0	0	0	0	0	0	0	32627.36
"sp|Q53GS9|SNUT2_HUMAN"	"HUMAN"	920910.5	1037664.75	1158165.8	920547	1011761.25	987731.75	885167.5	1104603.6	1039988.7	1048263	923861.94	885984.56	889122.6	849217.75	867666	688680.1	1031684.56	735702.7
"sp|Q53H12|AGK_HUMAN"	"HUMAN"	457324.75	235305.92	575577.25	497834.8	516018.84	433004.88	253488.05	465220.72	395259.56	323942.72	292792.8	721102.25	387033	268010.66	188208.61	383104.12	230175.34	261291.19
"sp|Q53H82|LACB2_HUMAN"	"HUMAN"	188880.3	256621.34	220311.97	200153.33	191427.86	209346.55	219299.77	205176.55	196053.16	177393.39	167764.56	225475.52	175969.78	196387.27	80476.78	260624.31	292244.5	297356.2
"sp|Q53HL2|BOREA_HUMAN"	"HUMAN"	0	0	0	0	0	0	0	0	0	0	0	0	0	0	0	0	0	0
"sp|Q58FF6|H90B4_HUMAN"	"HUMAN"	1879499.9	1811665.1	1545100.6	1791618.8	1674740.6	1503216.6	1741948.2	1620375.1	1392318	1797855.9	1679640.5	1632002.5	1629277.6	1515001	1588190.4	1723703.4	1661262.2	1284805.1
"sp|Q5BKZ1|ZN326_HUMAN"	"HUMAN"	280097.5	412549.4	305465.47	318926.16	297451.22	308227.4	312587.6	374318.72	303755.06	298459.47	297712.5	402765.38	311651.62	462698.72	345700.78	315835.25	398598.5	340353.4
"sp|Q5C9Z4|NOM1_HUMAN"	"HUMAN"	197545.69	0	0	0	195976.53	0	0	0	0	0	0	0	218035.98	0	0	0	0	0
"sp|Q5H9R7|PP6R3_HUMAN"	"HUMAN"	440522.97	434673.84	609859.7	538341	496202.56	374052.22	436739.03	472446.06	465684.88	488792.7	413399.28	489437.28	402395.62	365338.8	369851.25	231129.72	462946.44	414571.06
"sp|Q5HYI8|RABL3_HUMAN"	"HUMAN"	0	0	0	0	0	0	0	0	0	0	0	0	0	0	0	0	0	0
"sp|Q5JRX3|PREP_HUMAN"	"HUMAN"	206791.67	151559.86	243724.86	205687.3	0	0	0	0	141539.52	185133.42	91492.67	0	291425.44	0	180981.8	0	207725.69	105218.195
"sp|Q5JTH9|RRP12_HUMAN"	"HUMAN"	517667.44	693396	557003.25	360725.78	478983.16	512425.34	556689.5	485050.3	262876.3	853453.25	690798	806743.1	823727.3	933633.44	1066048.2	1000386.25	1018681.6	662227.5
"sp|Q5JTJ3|COA6_HUMAN"	"HUMAN"	110417.59	304252.34	304483.62	268062.4	276074.4	269907.1	246871.56	136678.42	164682.02	128682.81	215763.22	173319.08	115268.45	158709.17	120002.67	195816.38	177841.61	203051.25
"sp|Q5JTY5|ZNG1C_HUMAN"	"HUMAN"	0	65665.1	0	0	0	0	0	0	0	0	0	81885.484	0	68198.57	0	101746.586	0	0
"sp|Q5JTZ9|SYAM_HUMAN"	"HUMAN"	0	0	0	0	0	0	0	0	0	0	0	0	0	0	131819.06	0	0	0
"sp|Q5MIZ7|P4R3B_HUMAN"	"HUMAN"	76408.08	99941.88	0	0	84743.41	87350.97	75247.21	0	90571.87	85176.68	94131.69	91832.51	86469.41	91960.12	86233.516	0	0	89057.9
"sp|Q5QJE6|TDIF2_HUMAN"	"HUMAN"	110317.33	148945.4	436330.5	321210.66	158296.19	238150.19	273496.75	338701.16	192433.31	353354	280407.53	256806.22	138659.05	295331.53	252297.6	202257.98	193385.44	301668.56
"sp|Q5R3I4|TTC38_HUMAN"	"HUMAN"	0	0	0	0	0	0	0	0	0	0	169947.52	0	0	0	0	0	0	0
"sp|Q5RI15|COX20_HUMAN"	"HUMAN"	0	440524.72	439965.25	0	411867.22	411977.53	0	381810.44	0	393323.28	341549.44	327633.25	350718.06	364140.53	330910.94	322517.06	344553.06	329580.16
"sp|Q5RKV6|EXOS6_HUMAN"	"HUMAN"	548838.56	532253	472736.8	431688	548887.25	499880.03	475336	623748.25	436215.22	522622.53	350911.6	454182.2	462845.44	588097.06	476521.12	83824.48	598212.3	545857.4
"sp|Q5SRE5|NU188_HUMAN"	"HUMAN"	611813.06	291752.7	463517.3	441847.84	388518.9	633188.4	578484.5	263272.7	311919.5	626225.94	444039.94	700279.5	603702.8	307196	373887.2	263980.44	219520.94	308614.8
"sp|Q5SSJ5|HP1B3_HUMAN"	"HUMAN"	0	0	0	0	0	0	0	0	0	0	74452.65	0	40216.547	0	0	0	0	0
"sp|Q5SW79|CE170_HUMAN"	"HUMAN"	108503.35	0	93299.97	124182.625	0	0	115623.77	0	99926.56	0	0	0	0	0	0	0	0	0
"sp|Q5SY16|NOL9_HUMAN"	"HUMAN"	425397.75	468544.06	712776.25	494083.7	741665	491783.56	473136.75	523427.2	506815.25	592082.7	506072	624496.25	558389.25	641814.9	680310	699653.44	769323.6	738529.2
"sp|Q5T160|SYRM_HUMAN"	"HUMAN"	0	40891.914	0	0	44957.03	0	0	47894.64	0	0	0	0	0	0	57946.453	52045.223	0	44097.246
"sp|Q5T200|ZC3HD_HUMAN"	"HUMAN"	44960.953	0	45453.207	0	0	0	63739.27	53286.76	0	53532.645	0	0	70809.23	59747.527	49486.383	0	0	0
"sp|Q5T280|CI114_HUMAN"	"HUMAN"	0	0	0	0	0	0	0	0	0	0	0	0	0	0	0	0	0	0
"sp|Q5T3I0|GPTC4_HUMAN"	"HUMAN"	0	0	0	0	0	0	0	0	0	0	0	0	0	0	0	0	0	0
"sp|Q5T447|HECD3_HUMAN"	"HUMAN"	0	0	0	0	0	192657.78	181388.88	0	0	126216.82	0	0	0	0	0	0	0	0
"sp|Q5T4S7|UBR4_HUMAN"	"HUMAN"	2263187.5	1964568.9	2106812.2	2424749.2	2392947.8	2276938.5	2808447.5	2703821	2492023.2	2128055.5	2680844.2	2788973.5	2724876.2	2968736.2	2672508.2	3007290	2881844.5	2089934
"sp|Q5T6F2|UBAP2_HUMAN"	"HUMAN"	128725.08	89507.18	105595.21	0	109229.23	130618.76	0	0	0	0	0	0	0	0	0	0	0	0
"sp|Q5T8P6|RBM26_HUMAN"	"HUMAN"	0	0	0	0	0	0	0	0	0	0	0	0	0	0	0	0	0	0
"sp|Q5T9A4|ATD3B_HUMAN"	"HUMAN"	199487.06	221007.9	86469.625	295667.22	207281.75	330643.75	203881.45	261049.9	213534.52	283311.47	270164.88	222620.53	204961.62	258999.53	323298.53	247797.02	300233.7	280073.97
"sp|Q5T9S5|CCD18_HUMAN"	"HUMAN"	0	0	0	0	0	0	0	0	0	0	0	0	0	0	0	0	0	0
"sp|Q5TDH0|DDI2_HUMAN"	"HUMAN"	224303.69	459850.25	680767.6	502972.66	417911.06	365975.38	711133.06	568960.1	643977.8	539256.44	508724.25	488833.8	424294.44	570043.94	604550.56	467116.88	449473.47	424712.5
"sp|Q5TFE4|NT5D1_HUMAN"	"HUMAN"	0	0	0	0	0	0	0	0	0	0	0	0	0	0	0	0	0	0
"sp|Q5TGZ0|MIC10_HUMAN"	"HUMAN"	0	0	0	0	0	0	0	0	0	0	0	0	0	0	0	187946.4	0	0
"sp|Q5U5X0|LYRM7_HUMAN"	"HUMAN"	178450.38	194327.67	245446.73	0	0	163171.58	0	0	0	0	0	0	0	0	0	0	0	0
"sp|Q5UIP0|RIF1_HUMAN"	"HUMAN"	181933.22	387336.4	0	82679.09	428826.62	69943.28	464218.66	302250.94	385101.12	489411.3	254389.39	364841.7	265694.03	473203.38	251076.31	177479.1	105940.94	325572.12
"sp|Q5VT25|MRCKA_HUMAN"	"HUMAN"	48068.58	0	0	0	0	0	0	0	0	0	0	26074.777	36101.168	0	0	0	0	0
"sp|Q5VT52|RPRD2_HUMAN"	"HUMAN"	0	0	0	0	0	0	0	0	0	0	0	0	0	0	0	0	0	0
"sp|Q5VTL8|PR38B_HUMAN"	"HUMAN"	152946.1	120355.73	128820.76	159917.98	134101.7	140928.97	150739.27	119480.516	117186.25	157589.56	127792.21	128500.77	176681.92	127565.586	132527.81	144094.42	115499.234	135625.83
"sp|Q5VUM1|SDHF4_HUMAN"	"HUMAN"	0	0	0	0	0	0	0	0	0	0	0	0	0	0	0	0	0	0
"sp|Q5VVQ6|OTU1_HUMAN"	"HUMAN"	325744.22	361394.22	218978.02	247717.61	194033.81	191129.56	374050.62	173221.66	356005.7	311758.5	195293.22	194104.16	354096.78	214684.4	371372.8	201977.48	303721.84	299492.88
"sp|Q5VW32|BROX_HUMAN"	"HUMAN"	0	0	0	0	0	0	0	0	0	0	71146.93	0	0	73095.7	39447.312	0	0	0
"sp|Q5VWZ2|LYPL1_HUMAN"	"HUMAN"	0	0	0	0	0	0	0	0	0	54241.68	0	0	0	0	0	0	54145.055	0
"sp|Q5VYK3|ECM29_HUMAN"	"HUMAN"	984140.1	1142118	744994.25	940603.25	747752.5	773200.7	1060644	747404.25	566237.9	1614324.1	1322148.1	1184986.8	1209143.9	845753.1	1436506.1	1308367	924110.1	1055809.2
"sp|Q5XKP0|MIC13_HUMAN"	"HUMAN"	257650.3	186831.9	150790.14	223477.08	176651.83	201219.56	211009.45	194305.22	142932.7	199951.08	158341.81	172502.95	214827.2	173423.61	157192.02	157676.78	209420.48	164050.92
"sp|Q63HN8|RN213_HUMAN"	"HUMAN"	0	0	0	0	0	0	0	0	0	0	0	0	0	0	0	0	0	0
"sp|Q66PJ3|AR6P4_HUMAN"	"HUMAN"	0	0	0	0	0	0	0	0	0	0	0	0	0	0	0	0	0	0
"sp|Q68E01|INT3_HUMAN"	"HUMAN"	289794.94	284987.06	172841.72	290658.75	281671.38	207078.48	207908.5	199777.08	94094.695	211552.31	220257.19	202227.72	221664.34	207464.36	223616.05	287839.3	226648.42	232432.72
"sp|Q69YN2|C19L1_HUMAN"	"HUMAN"	96434.26	0	0	230915.9	191059.06	139026.94	0	138081.97	139716.67	0	110142.56	0	142811.55	99018.93	0	0	0	0
"sp|Q69YN4|VIR_HUMAN"	"HUMAN"	368309.53	279019.34	375983.62	164319.08	472367.6	425431.12	426513.3	458528.75	65303.535	182868.53	121797.984	104611.61	206251.48	295415.28	307580.06	189093.95	137595.55	232544.75
"sp|Q6AWC2|WWC2_HUMAN"	"HUMAN"	0	0	0	0	0	0	0	0	0	0	0	0	0	0	0	0	0	0
"sp|Q6DKI1|RL7L_HUMAN"	"HUMAN"	316057.4	79985.82	124685.57	272058.97	91750.63	0	223703.86	88983.27	80123.65	331797.94	191532.03	217858.12	324122.7	192167.38	76051.766	217432.92	168722.34	98822.47
"sp|Q6FI81|CPIN1_HUMAN"	"HUMAN"	136867.19	134346.83	462922.94	220725.34	313682.75	607788.1	372217.28	354138.3	330436.84	250048.31	294424.34	633344.4	420107.62	283786.03	590466.4	509496.1	276406.16	586742.44
"sp|Q6GMV3|PTRD1_HUMAN"	"HUMAN"	256082.44	319240.7	353380.56	307786.75	164482.36	285823.94	0	166307.77	137224.56	248369.28	318914.25	346512.62	219540.89	350674.78	266191.5	137653.94	302141.12	299137.56
"sp|Q6I9Y2|THOC7_HUMAN"	"HUMAN"	0	70628.2	0	44434.074	0	0	46868.926	96438.81	0	0	0	0	57855.098	0	0	0	0	78508.24
"sp|Q6IAA8|LTOR1_HUMAN"	"HUMAN"	163236.58	474842.94	423875.2	273401.16	345538.38	209222.95	183084.19	189540.25	237352.55	177367.2	188234.5	221726.52	220166.66	188095.84	275099.7	197417.2	208665.27	264066.7
"sp|Q6IBS0|TWF2_HUMAN"	"HUMAN"	893106.6	856824.9	557944	1054086.4	685783.6	930727.6	800276.8	592347.7	656457.2	1067756.8	721236	701486.8	987457.75	790206.06	1026733.4	539694.4	841565.7	813421.94
"sp|Q6IN85|P4R3A_HUMAN"	"HUMAN"	90484.41	0	0	98998.07	0	0	0	0	0	0	0	0	68236.8	0	0	0	0	0
"sp|Q6IQ49|SDE2_HUMAN"	"HUMAN"	0	0	0	0	0	0	0	0	0	0	0	0	0	0	0	0	0	0
"sp|Q6N063|OGFD2_HUMAN"	"HUMAN"	0	0	0	0	0	0	0	0	0	0	0	0	0	0	0	0	0	0
"sp|Q6NUK1|SCMC1_HUMAN"	"HUMAN"	0	0	64351.746	0	0	0	0	0	0	0	0	0	0	0	0	0	0	0
"sp|Q6NVY1|HIBCH_HUMAN"	"HUMAN"	139395.83	696036.5	202547.97	201004.6	159860.34	245907.94	0	149113.02	122734.445	783734.44	423582.1	705165.56	539645.25	672016.94	751062.2	721717.3	725442.9	739526.7
"sp|Q6NXE6|ARMC6_HUMAN"	"HUMAN"	836891.2	92225.18	700490.9	641896.9	512036.84	437539	0	581552.5	573022.8	507984.5	292041.6	729297.7	1034610.3	229378.4	636493.44	498868.62	233045.6	495314.16
"sp|Q6NYC1|JMJD6_HUMAN"	"HUMAN"	156773.78	0	204295	0	0	0	324839.12	222703.39	356996.56	299016.06	0	0	0	0	168161.53	0	0	0
"sp|Q6NYC8|PPR18_HUMAN"	"HUMAN"	103574.28	83889.43	0	79126.29	0	0	0	0	0	99754.69	70237.21	0	77778.5	0	0	0	48093.777	74636.516
"sp|Q6NZI2|CAVN1_HUMAN"	"HUMAN"	477754.9	593530.06	1846983.8	575174.9	605129.9	542506.44	697846.06	433896.72	591217.9	742199.4	779034.7	500085	940576.06	715221	688830.5	921325.56	816849.5	651045.75
"sp|Q6NZY4|ZCHC8_HUMAN"	"HUMAN"	144055.88	109888.03	112367.266	127841.414	156379.5	0	128627.61	0	0	131789.62	0	164459.94	222643.19	0	0	0	0	60853.926
"sp|Q6P1J9|CDC73_HUMAN"	"HUMAN"	137333.88	201880.52	242807.89	174155.69	110071.67	125271.664	113676.92	140977.22	98662.516	219754.88	223698.97	144540.89	135839.94	116153.06	291754.28	118113.82	0	0
"sp|Q6P1L8|RM14_HUMAN"	"HUMAN"	0	0	0	0	0	0	0	0	0	57466.766	0	0	0	0	0	0	0	0
"sp|Q6P1N9|TATD1_HUMAN"	"HUMAN"	418160	507137.34	390886.8	528207.6	485974.06	525294	436318.88	355657.78	314953.56	23332.855	166006.58	128032.41	0	118137.86	126926.766	0	230292.4	0
"sp|Q6P2E9|EDC4_HUMAN"	"HUMAN"	2070148.4	1525026.8	2312255.2	2068705.9	2036353.6	2069957.4	1654071.1	2165032	1643043.8	1419435.8	1424617.9	1682724.5	1361563	1791966.2	1718411.1	1245996.6	912332.1	1250118.8
"sp|Q6P2I3|FAH2B_HUMAN"	"HUMAN"	890745.6	826449.9	0	0	739092.7	0	738874.1	0	1036213.9	363567.97	0	30684.746	0	0	0	0	0	0
"sp|Q6P2Q9|PRP8_HUMAN"	"HUMAN"	10665723	8532729	9173088	10163103	8808756	8319703.5	9393220	10131415	7212628	10171189	9367552	8909356	9881492	8946699	8952684	9725464	8299557.5	8139814.5
"sp|Q6P3W7|SCYL2_HUMAN"	"HUMAN"	0	0	0	0	0	0	67124.53	0	0	44035.535	55326.03	0	69892.484	0	0	0	60164.766	0
"sp|Q6P3X3|TTC27_HUMAN"	"HUMAN"	500481.12	360410	359792.84	620402.56	488829.62	349869.56	311459.88	626886.4	617698.44	470880.78	371991.56	406009.2	517054.12	501121.06	310620.38	473204.38	521386.34	470414.1
"sp|Q6P996|PDXD1_HUMAN"	"HUMAN"	0	0	0	0	0	0	0	0	0	0	0	0	0	0	0	0	0	0
"sp|Q6PD62|CTR9_HUMAN"	"HUMAN"	363163	809519.25	164166.23	355849.6	283878.8	330433.6	373822.2	399623.4	497237.94	148901.7	0	510629.3	0	403689	644081	371557.22	855948.9	214935.62
"sp|Q6PD74|AAGAB_HUMAN"	"HUMAN"	247809.92	0	206685.52	148443.08	279759.47	160126.66	179522.45	234168.39	140969.1	134470.06	162397.92	215318.64	147550.39	182949.14	226272.45	176737.58	227245.97	174431.28
"sp|Q6PGN9|PSRC1_HUMAN"	"HUMAN"	0	0	0	0	0	0	0	0	0	0	0	0	0	0	0	0	0	0
"sp|Q6PI48|SYDM_HUMAN"	"HUMAN"	377107.3	136238.84	378328.3	319646.38	122001.51	363028.44	140659.56	362728.97	126304.45	265898.75	303318.5	301854.06	344380.72	217541.28	361759.84	247707.92	289226.62	288777.2
"sp|Q6PJT7|ZC3HE_HUMAN"	"HUMAN"	0	161744.11	117012.055	154384.48	165272.28	149226.9	150589.72	161295.64	0	0	0	156201.66	0	171114.84	152783.22	0	73431.06	0
"sp|Q6PKG0|LARP1_HUMAN"	"HUMAN"	1343106.1	494246.88	1048288.25	1623477.5	477616.9	993297.2	786444.5	999288	774038.06	1242424.2	635294	564148.75	1843261.6	1288955.8	670864.94	716656.1	1620828.6	1123627.4
"sp|Q6PL18|ATAD2_HUMAN"	"HUMAN"	0	167836.94	140242.23	114048.98	179562.81	110222.695	92080.24	156481.5	0	128983.3	130481.875	99049.64	126027.945	99171.77	127029.88	139582.47	0	114994.45
"sp|Q6PL24|TMED8_HUMAN"	"HUMAN"	0	0	0	0	0	0	0	0	0	0	0	29323.201	0	0	0	0	0	0
"sp|Q6RFH5|WDR74_HUMAN"	"HUMAN"	91933.445	100286.734	112677.66	130503.19	79267.12	64551.33	106082.23	0	110877.02	135318.92	0	64901.156	121070.97	89829.19	89368.88	0	0	89680.055
"sp|Q6UB35|C1TM_HUMAN"	"HUMAN"	97336.97	99181.04	103852.99	368525.7	214917.28	198582.53	369934.94	98197.29	235324.78	330460.72	298155.88	244203.44	193207.62	227563.66	262206.53	203457.19	281205.7	331239
"sp|Q6UN15|FIP1_HUMAN"	"HUMAN"	1399737	1314350.2	798275.6	1378077.2	1180282.8	1123698.4	1370054.8	1195447.8	1154453.5	1276855.1	1089834	1066479.8	1525818	1120146.9	1189049.1	1270532	1356784.8	1066949.4
"sp|Q6UX04|CWC27_HUMAN"	"HUMAN"	250007.9	206394.08	0	179695.66	195367.14	18259.805	223798.38	0	161091.92	238101.02	231558.03	221269.45	236326.36	180392.61	243808.66	256641.56	0	212634.31
"sp|Q6UXN9|WDR82_HUMAN"	"HUMAN"	108499.305	201580.86	221354.78	291753.94	213804.92	228724.12	140956.03	156695.92	147384.47	0	0	80956.6	0	0	128112.46	0	140283.56	180811.81
"sp|Q6XQN6|PNCB_HUMAN"	"HUMAN"	0	72811.11	0	101875.36	0	0	0	0	77300.49	0	0	0	0	0	85403.9	0	87606.18	0
"sp|Q6Y7W6|GGYF2_HUMAN"	"HUMAN"	0	0	0	0	0	0	0	0	0	0	0	0	0	0	0	0	0	0
"sp|Q6YN16|HSDL2_HUMAN"	"HUMAN"	617757.3	593699	380992.47	507582.72	278488.84	500688.25	553652.7	525322.2	356231.4	612141.25	288195.4	457348.88	620355.94	126828.86	407336.88	140787.81	299666.16	124367.305
"sp|Q6YP21|KAT3_HUMAN"	"HUMAN"	240387.05	188112.1	215216.11	182872.1	214498.98	0	201289.22	227793.34	180281.53	0	0	0	0	0	0	0	0	0
"sp|Q6ZQQ6|WDR87_HUMAN"	"HUMAN"	0	0	0	0	0	0	0	0	0	0	0	0	0	0	0	0	0	0
"sp|Q6ZT12|UBR3_HUMAN"	"HUMAN"	426757.25	62599.047	0	435390.6	0	0	418654.53	0	0	440643.84	446879.62	356362.47	415516.75	415702.75	331049.2	357073.28	425203	373381.66
"sp|Q70J99|UN13D_HUMAN"	"HUMAN"	682894.5	621097.75	801837.5	872494.9	706666	805414.2	909788.44	488318.06	719556.4	784945.75	896959	799144.44	874909.4	792768.56	845701.8	536229.44	996095.8	913714.94
"sp|Q71RC2|LARP4_HUMAN"	"HUMAN"	256857.7	247648.36	253962.05	254070.4	234563.89	241942.77	271672.8	249473.8	249842.77	241275.64	255418.31	250030.64	266764.9	256073.25	220764.16	241362.94	245511.98	240435.16
"sp|Q71UM5|RS27L_HUMAN"	"HUMAN"	1283203.6	1371335.6	1249498.4	1240887.1	1271900.1	1321105.5	1066955	1253893.8	1173435.4	1124513.8	1307597.1	1243498.8	1186088.5	1376065.6	1314793.1	1148726.1	1169137	1174311.8
"sp|Q75N03|HAKAI_HUMAN"	"HUMAN"	0	0	0	0	0	0	0	0	0	0	0	0	0	0	0	0	0	0
"sp|Q76FK4|NOL8_HUMAN"	"HUMAN"	123796.55	82111.6	0	0	52013.984	68400.06	90745.375	0	0	136599.72	0	112490.3	106622.18	85664.93	85032.48	72351.55	121898.52	0
"sp|Q7KZ85|SPT6H_HUMAN"	"HUMAN"	0	95508.94	250203.67	118702.04	0	98489.484	184878.38	146340.64	0	418159.5	134223.78	152816.73	447060.44	144673.6	407880.88	0	162520.8	137326.45
"sp|Q7KZF4|SND1_HUMAN"	"HUMAN"	16719255	17775618	19895666	16767579	18940030	17916194	17237202	19931934	17438702	16352711	19556560	18585626	16041234	17658426	17442862	18909054	17801724	18723490
"sp|Q7L014|DDX46_HUMAN"	"HUMAN"	1183418.2	1409928.1	1186896.6	1125508.1	1476450.5	1503577.6	1192143.5	1239719.1	1486816.5	2867679.5	2721557	1968531.1	2575082.8	2817435.8	2025228.2	1835569	1735917.2	2212268.5
"sp|Q7L0Y3|TM10C_HUMAN"	"HUMAN"	559013.2	1873173.1	1525930.4	931070.4	2005399	1569904.6	774165.2	1065849.2	1770143.5	769144.44	866580.75	1468507.6	1078568	804426.44	1340459.9	787538.3	2019102.2	1422192
"sp|Q7L1Q6|5MP2_HUMAN"	"HUMAN"	71491.92	75216.51	83425.79	80848.67	161288.22	96998.586	64446.184	98100.61	70932.305	66467.85	289019.62	297724.12	61234.645	189990.14	185897.06	59415.855	77069.555	207273.6
"sp|Q7L2E3|DHX30_HUMAN"	"HUMAN"	953431	697283.7	690529.3	600657.9	693822.8	508055.28	673137.75	545147.7	248953.4	617498.56	646508.06	827794.75	497472.38	644662.06	518982.7	187033.64	551438.7	541856.94
"sp|Q7L2H7|EIF3M_HUMAN"	"HUMAN"	2072596.8	2478133.5	2781171.2	2683423.2	2506186.5	2827271.2	2840455.5	3028636.8	2371109.5	2176939	2853248	2274899.2	2713821.5	2344696.2	2899459.8	2485285	2936819	1843652.4
"sp|Q7L2J0|MEPCE_HUMAN"	"HUMAN"	54461.15	0	0	0	0	0	0	0	0	0	0	0	0	0	0	0	0	0
"sp|Q7L576|CYFP1_HUMAN"	"HUMAN"	516465.28	372469.44	531777.9	427198.44	401797.4	436594.7	217063.47	597266.5	227763.89	134374.33	209970.97	480075.62	261607.36	388922.44	405767.88	369375.7	484904.3	369184.6
"sp|Q7L592|NDUF7_HUMAN"	"HUMAN"	25930.656	0	0	0	0	0	30705.232	0	0	27776.96	0	0	0	0	0	0	25495.566	0
"sp|Q7L5D6|GET4_HUMAN"	"HUMAN"	277587.03	358227.84	407901.34	456752.9	308703.03	372306.7	355727.1	333214.72	332452.06	275984.03	294659.22	367797.03	354545.2	312803.1	327153.22	319886.56	340763.62	428026.6
"sp|Q7L5N1|CSN6_HUMAN"	"HUMAN"	274074.06	284258.94	186560.1	243920.05	212413.44	210169.78	418601.3	261246.42	293903.5	245935.36	209075.1	376022.88	257623.1	347878.34	194662.28	379677.3	435890.62	189885.12
"sp|Q7L775|EPMIP_HUMAN"	"HUMAN"	0	0	0	0	0	0	0	0	0	0	0	0	0	0	0	89030.055	0	0
"sp|Q7L9L4|MOB1B_HUMAN"	"HUMAN"	279800.44	253238.66	259466.22	220845.06	260293.53	375430.5	261817.03	361088.53	273367.38	318270.12	303722.7	340492.75	241356.52	360661.03	403185.78	340701.06	316943.72	343851.25
"sp|Q7LBC6|KDM3B_HUMAN"	"HUMAN"	100645.875	100676.37	98929.305	97150.586	97535.47	88227.36	80863.39	86573.41	96426.516	104291.9	107443.23	102760.445	98237.4	108923.93	93301.914	242416.98	116838.96	110731.695
"sp|Q7LBR1|CHM1B_HUMAN"	"HUMAN"	0	0	0	0	0	0	0	0	0	0	0	0	0	0	0	0	0	0
"sp|Q7RTV0|PHF5A_HUMAN"	"HUMAN"	238275.81	152630.22	258285.03	111919.04	193132.72	71333.13	116607.06	0	239526.53	202046.72	176864.31	214266.66	196878.64	200417.31	283571.34	215704.9	79114.05	229078.16
"sp|Q7Z2T5|TRM1L_HUMAN"	"HUMAN"	219106.12	203262.73	282651.7	216363.19	303792.7	292297	217713.2	278022.38	195129.38	212522.39	109380.78	106057.67	229360.75	109789.84	109073.51	107589.95	124153.19	117234.6
"sp|Q7Z2W4|ZCCHV_HUMAN"	"HUMAN"	246048.5	961030.94	65244.926	0	824247.06	415258.3	520967.56	269129.88	649345.9	697679.1	370266.06	406866.97	122737.31	207182.1	704044.1	565390.4	465991.03	245508.77
"sp|Q7Z2W9|RM21_HUMAN"	"HUMAN"	0	0	0	0	0	0	0	0	0	0	0	0	0	0	0	0	0	0
"sp|Q7Z3B4|NUP54_HUMAN"	"HUMAN"	1247929	1065510.1	917496.25	943921.56	1004489.94	1010560.7	1057644.8	1097817.1	1204536.8	1287269	109370.664	283351.62	1106621.1	486080.56	102547.16	390262	1087674	261200.8
"sp|Q7Z3J2|VP35L_HUMAN"	"HUMAN"	0	0	0	0	0	0	0	0	0	0	0	0	0	0	0	0	0	0
"sp|Q7Z406|MYH14_HUMAN"	"HUMAN"	0	0	0	0	0	0	0	0	0	0	0	0	0	0	0	0	0	0
"sp|Q7Z417|NUFP2_HUMAN"	"HUMAN"	198175.78	0	0	0	0	0	153251.7	74728.56	0	135667.61	0	209806.86	158748.38	0	63967.89	88829.34	0	99065.93
"sp|Q7Z4H3|HDDC2_HUMAN"	"HUMAN"	600422.1	634086.4	828217.7	696189.25	512748.3	625753.1	615791.5	717003.06	501515.7	536637.5	588429.5	758887.3	660123.2	613473.25	598831.4	528859.8	689617.1	625328.3
"sp|Q7Z4V5|HDGR2_HUMAN"	"HUMAN"	312297.78	324881.7	833525.4	791915.2	665568.75	741229.4	586490.7	850752.1	866730.6	748384.3	419796.38	649558.5	351478.7	618929.06	1002913.7	1169557.5	864576.6	925604.3
"sp|Q7Z4W1|DCXR_HUMAN"	"HUMAN"	0	0	0	0	0	0	0	0	0	0	0	0	0	0	0	0	0	0
"sp|Q7Z6G8|ANS1B_HUMAN"	"HUMAN"	0	0	120026.75	103472.4	0	0	106217.78	101875.125	115935.18	0	91802.97	0	89632.164	123728.54	159000.36	0	126867.57	135337.06
"sp|Q7Z6Z7|HUWE1_HUMAN"	"HUMAN"	986109.9	691101.4	838461.8	702959.56	765655.2	900155.56	867812.6	753464.8	607449.9	762940.6	621991	727410.56	930882.5	741649.6	759730.9	751574.1	843578	732690.3
"sp|Q7Z7F7|RM55_HUMAN"	"HUMAN"	0	0	0	0	0	0	0	0	0	0	0	0	0	0	0	0	0	0
"sp|Q7Z7H8|RM10_HUMAN"	"HUMAN"	0	184553.06	145801.73	165615.28	183685.16	196074.77	165212.58	178823.61	185663.83	151934.33	192305.98	156952.16	186711.92	164583.22	196478.7	145024.44	175470.66	195204.56
"sp|Q7Z7K6|CENPV_HUMAN"	"HUMAN"	147518.83	141161.31	182705.08	137462.19	125952.516	158745.33	168239.81	173526.81	165450.62	164596.66	159228.78	200616.06	134238.92	164456.17	192676.78	178005.6	233390.56	170886.12
"sp|Q86SX6|GLRX5_HUMAN"	"HUMAN"	502465.7	425916.8	393293.7	486598.12	378696.62	326694.6	461622.2	535242.44	433991.56	431828.56	310433	477147.03	516072.8	495431.2	347215.7	631426.06	511490.25	324075.78
"sp|Q86TP1|PRUN1_HUMAN"	"HUMAN"	0	0	115873.65	0	151675.28	116166.63	0	103811.3	0	0	0	93967.375	128940.43	124655.484	140180.8	0	90149.98	194791.27
"sp|Q86TU7|SETD3_HUMAN"	"HUMAN"	0	0	0	0	0	0	0	0	0	0	0	0	0	0	0	0	0	0
"sp|Q86TV6|TTC7B_HUMAN"	"HUMAN"	0	0	0	0	0	0	0	0	0	0	0	0	0	0	0	0	0	0
"sp|Q86U28|ISCA2_HUMAN"	"HUMAN"	0	0	0	0	0	0	0	0	0	0	0	0	0	0	0	0	0	0
"sp|Q86U42|PABP2_HUMAN"	"HUMAN"	1752570	2108463.2	1927734	2138494.8	1958740.6	1920251.8	1950433.5	1904785.1	1929580.6	2186540.5	2200268.8	1901342.9	2011044.8	2043614.4	2146385.2	2226430.2	2020804.1	1948202.1
"sp|Q86U70|LDB1_HUMAN"	"HUMAN"	270744.66	0	0	185160.53	85532.87	0	354018.16	0	0	274218.38	316599.8	259516.2	337790.12	435302.88	358729.72	0	598188.1	0
"sp|Q86U86|PB1_HUMAN"	"HUMAN"	0	0	0	0	0	0	0	0	0	0	0	0	0	0	0	0	0	0
"sp|Q86U90|YRDC_HUMAN"	"HUMAN"	676069.56	565067.25	818619	629080.06	618542.75	620254.7	661180	794392.7	616650.1	646615	674882.6	794391	735554.9	675697.75	735449.25	656536.6	822526.44	583734.7
"sp|Q86UK7|ZN598_HUMAN"	"HUMAN"	130898.6	156039.52	132051.72	161126.83	142787.5	121075.39	148667	154121.33	155433.8	151791.16	120706.805	114675.74	139679.8	154747.2	147467.33	144504.8	166293.66	140875.44
"sp|Q86UP2|KTN1_HUMAN"	"HUMAN"	128564.055	0	149561.94	0	135923.1	0	117530.67	0	0	0	0	0	194579.6	0	0	142142.2	126308.734	0
"sp|Q86UV5|UBP48_HUMAN"	"HUMAN"	914636.4	550748.7	681721.5	803473.6	924829.2	1052126.8	855366.2	980297.5	595177.25	978780.94	807736.6	784414.4	1270100.5	746797.06	942339.3	900472.25	786427.44	879027.56
"sp|Q86UX7|URP2_HUMAN"	"HUMAN"	6372396.5	5754713.5	6030939.5	6388740.5	5718048	5914430.5	5182810.5	6027310	6111544.5	6092147	5950289	6292066.5	5623319.5	4522793	6428651	6518276.5	7158240	5415078
"sp|Q86V81|THOC4_HUMAN"	"HUMAN"	2889538	3041418.8	2568985.8	2581417.8	2517983.5	2509472.5	2656952	2732012.8	2423083.8	2662160.8	2900216.5	2795293.2	2741766.8	2881804.8	2539248.2	3216949.8	2729914	2795597
"sp|Q86VM9|ZCH18_HUMAN"	"HUMAN"	77493.836	0	0	89786.375	78937.516	113266.375	71402.805	66087.61	73515.805	84004.1	54504.96	0	75143.37	73245.41	70226.06	0	71164.4	0
"sp|Q86VP6|CAND1_HUMAN"	"HUMAN"	4756099.5	4752677.5	5671309	4586276.5	5418444.5	5168127.5	4802082.5	4916612.5	4886179	4410648	4966348	4895316	4436912.5	4603536	4829640	4877340.5	5254722.5	5182324
"sp|Q86VU5|CMTD1_HUMAN"	"HUMAN"	0	0	0	50700.535	0	0	0	0	0	57530.957	0	0	51851.38	0	52224.047	0	56145.246	55746.836
"sp|Q86W42|THOC6_HUMAN"	"HUMAN"	275917.7	350598.44	360583.88	224813.8	305020.75	404249.88	249954.8	331867.75	278729.16	286436.62	289360.97	229209.31	272087.9	204939.56	298109.62	265368.03	284752.38	328380.44
"sp|Q86WB0|ZC3C1_HUMAN"	"HUMAN"	509121.9	435134	623709.06	445201.34	0	208318.22	101667.164	399673.8	449078	155307.06	410360.34	455029.75	388636.12	323863.88	442655.34	110679.37	179048.67	122531.24
"sp|Q86X55|CARM1_HUMAN"	"HUMAN"	626565.75	243862.97	194827.8	146517.72	481798.8	482894.2	374627.1	385296.78	280468.72	316962.84	203361.25	679901.3	371864.94	127218.24	336059.4	181241.05	314527.56	129746.54
"sp|Q86XI2|CNDG2_HUMAN"	"HUMAN"	0	0	0	0	0	0	0	0	0	97527.914	0	51631.164	0	0	0	0	0	0
"sp|Q86XP3|DDX42_HUMAN"	"HUMAN"	1321693.8	1086584.6	1066057.5	1421528.1	1061747.2	1280676.6	1316268.6	1225714.2	1089213	1003103.3	1276339	919827.6	1014726.6	939907.5	951894.75	956894.25	1494041.9	1112466.2
"sp|Q86Y39|NDUAB_HUMAN"	"HUMAN"	0	0	0	89689.79	0	0	0	0	0	59953.363	105181.18	0	0	108096.07	0	0	0	0
"sp|Q86Y56|DAAF5_HUMAN"	"HUMAN"	469267.25	310541.12	459143.56	269853.2	482118.34	395591.56	283569.94	555553.8	340746.84	287819.44	618751.44	307487.88	535523.94	274308.06	522878	343012.25	418777	520135.8
"sp|Q8IU81|I2BP1_HUMAN"	"HUMAN"	0	0	0	0	122053.03	0	0	0	105370.73	0	0	0	0	0	0	0	0	0
"sp|Q8IUE6|H2A2B_HUMAN"	"HUMAN"	0	0	0	0	0	0	0	0	0	0	0	0	0	0	0	0	0	0
"sp|Q8IUI8|CRLF3_HUMAN"	"HUMAN"	351300.8	306489.2	0	368658.66	317011.16	308748.78	340107.72	319428.94	296331.47	345266.25	347823.1	319094.53	358178.53	0	311810.3	315294.7	291312.56	355332.06
"sp|Q8IUR7|ARMC8_HUMAN"	"HUMAN"	0	0	0	0	0	0	0	0	0	0	0	0	0	0	0	0	0	0
"sp|Q8IV08|PLD3_HUMAN"	"HUMAN"	0	86385.59	0	84589.39	156475.34	87124.73	71228.31	83591.9	0	78927.055	72138.11	0	69895.414	77911.2	0	72219.2	0	0
"sp|Q8IV32|CCD71_HUMAN"	"HUMAN"	132886.45	114285.41	117837.35	122140.01	0	129186.48	0	105957.92	117032.71	117705.02	131297.47	93211.02	113922.91	114868.23	121371.62	130173.49	89601.414	115112.63
"sp|Q8IV38|ANKY2_HUMAN"	"HUMAN"	0	582873.2	488903.84	0	527303	460185.94	0	430699.34	416535.03	386200.56	427622.6	490683.12	376459.6	517289.62	0	513857.5	614995.9	380226.44
"sp|Q8IV48|ERI1_HUMAN"	"HUMAN"	0	0	0	0	0	0	0	0	0	0	0	0	0	0	0	0	0	0
"sp|Q8IVD9|NUDC3_HUMAN"	"HUMAN"	116087.516	0	0	105692.516	100111.96	96005.9	114793.46	88615.96	0	111739.164	116964.305	97682.945	116771.84	109774.42	76497.6	0	89635.89	79610.516
"sp|Q8IVP5|FUND1_HUMAN"	"HUMAN"	0	0	0	0	0	88878.38	0	0	0	0	0	0	0	0	0	0	0	0
"sp|Q8IWA0|WDR75_HUMAN"	"HUMAN"	666479.7	676951.5	696360.9	684461.25	798425.75	707413.75	727303	628856.44	551091.3	742020.8	637590	689751.06	702055.44	523009.34	567603.5	461701.2	687512.75	460798.6
"sp|Q8IWJ2|GCC2_HUMAN"	"HUMAN"	0	0	39557.613	0	0	66309.945	0	0	0	0	0	0	0	0	0	0	0	0
"sp|Q8IWS0|PHF6_HUMAN"	"HUMAN"	0	153510.66	0	115551.83	0	0	98897.6	0	45339.344	0	0	68582.836	51166.4	58137.168	48114.11	240370.47	47012.637	0
"sp|Q8IWX8|CHERP_HUMAN"	"HUMAN"	1109746.2	869998.44	972868.1	843639.4	1100141.4	1060251.4	928737	1044021.4	914482.25	987163.2	1169181.5	1389940.4	1304427.9	1037970.8	1108613.5	982871.75	1167166.2	781687.44
"sp|Q8IX01|SUGP2_HUMAN"	"HUMAN"	0	0	0	0	0	0	0	0	0	0	0	0	0	0	0	0	0	0
"sp|Q8IX12|CCAR1_HUMAN"	"HUMAN"	1710615.6	1014973.56	477631.34	554774	1644971.4	1077012.6	1031959.25	1622568.1	1454596.8	1275345.6	1070003.9	809234	927780.94	636302.25	802144.6	741406.6	675728.8	707778.06
"sp|Q8IXH7|NELFD_HUMAN"	"HUMAN"	138430.34	138758.86	177444.38	161568.77	123161.555	73564.7	129540.04	112306.27	109161.44	128449.61	259514.47	227033.73	189077.66	138430.34	138104.61	179267.81	81907.88	105929.664
"sp|Q8IXI1|MIRO2_HUMAN"	"HUMAN"	0	0	0	0	0	0	0	72860.96	0	0	0	0	0	0	0	0	0	0
"sp|Q8IXM3|RM41_HUMAN"	"HUMAN"	161082.94	164507.77	183542.92	272865.97	117344.04	0	275909.53	169847.16	192001.95	238473.89	118874.24	129241.38	170697.03	173705.12	144098.55	170934.72	134664.67	191828
"sp|Q8IXT5|RB12B_HUMAN"	"HUMAN"	300589.2	180495.27	318848	91728.3	373822.2	123607.13	152936.77	306033.78	101756.84	250691.89	156373.86	186162.4	69783.03	164439.25	146657.4	0	0	116074.46
"sp|Q8IY18|SMC5_HUMAN"	"HUMAN"	0	0	0	0	0	0	0	0	0	0	0	0	0	0	0	0	0	0
"sp|Q8IY67|RAVR1_HUMAN"	"HUMAN"	1809744.1	1512092.8	1826456.9	1709371.2	1468854.4	1462052.5	1769504.6	1739132.4	1582978.2	1619944.8	1732617.2	1320722.1	1697540.6	1417354	1562931.1	1671690.4	1781610	1499242.4
"sp|Q8IY81|SPB1_HUMAN"	"HUMAN"	1262845.1	1099743.2	884691.4	1212728	1068324	1081647.4	1331519.6	911385.6	290567.44	947544.6	752123.1	623495.4	1562616.6	866177.4	357786.84	724998	431832.4	489681.34
"sp|Q8IYB3|SRRM1_HUMAN"	"HUMAN"	483887.28	693627.25	502667.38	558780.2	656767.5	459214.8	449233.7	615639.44	547800.4	566034.06	636649.25	947962.2	492061.72	583453.1	585946.8	713986.6	494476.56	655017
"sp|Q8IYB8|SUV3_HUMAN"	"HUMAN"	78167.23	81110.72	0	138843.45	208121.02	71058.82	0	68900.72	243322.95	305446.56	77336.09	76602.6	208432.27	291966.8	0	0	77257.74	80240.9
"sp|Q8IYB9|ZN595_HUMAN"	"HUMAN"	0	0	0	0	0	0	0	0	0	0	0	0	0	0	0	0	0	0
"sp|Q8IYD1|ERF3B_HUMAN"	"HUMAN"	621826.5	646187.8	698375.2	2113772.5	656395.06	714941.94	643577.56	875501.9	589562.1	601471.56	619545.7	887581.25	663222.5	733224.9	647453.25	668633.4	963407.9	605419
"sp|Q8IZ69|TRM2A_HUMAN"	"HUMAN"	554234.9	103906.68	370964.84	592076.9	237305.98	299978.75	422578.9	366323.56	367901	200291.62	433425.8	356091.56	358832.2	300843.5	417570.97	254279.25	361770.2	170696.89
"sp|Q8IZ83|A16A1_HUMAN"	"HUMAN"	140375.47	0	85864.875	126598.555	0	0	0	0	103493.08	103334.516	0	105938.26	111865.87	76152.6	102468.08	0	136418.56	92059.766
"sp|Q8IZL8|PELP1_HUMAN"	"HUMAN"	726637	666477.44	659155.1	702586.1	585167.06	628079.75	762236.06	638680.94	644775.9	642404.44	680838.9	621527.9	727344.6	640364.9	652746.5	714333.25	675630.94	579251.56
"sp|Q8IZP0|ABI1_HUMAN"	"HUMAN"	110402.7	71377.63	0	99095.78	0	93258.945	132609.11	75342.72	0	126891.05	0	94611.42	118256.13	75709.65	72113.625	113903.43	101575.195	58068.09
"sp|Q8IZQ5|SELH_HUMAN"	"HUMAN"	0	0	0	0	0	0	0	0	0	0	0	87539.01	94132.66	0	0	0	117967.6	64342.04
"sp|Q8N122|RPTOR_HUMAN"	"HUMAN"	311278.75	285614.53	228769.03	0	244884.89	240740.69	281127.4	241471.75	237218.11	287768.97	284339.34	261124.44	326753.5	255210.95	258385.11	302851.9	39633.96	277878.16
"sp|Q8N163|CCAR2_HUMAN"	"HUMAN"	1518677.4	1347516.4	1575356.9	1722810.9	1591862.2	1618046.1	1584145.8	1740396.1	1469662	1911968.6	1792945.6	1774994.6	1632354.6	1595597.9	1557232.5	1783910.6	1099863	1745644.6
"sp|Q8N183|NDUF2_HUMAN"	"HUMAN"	152238.27	138902.02	55923.086	42474.96	51463.41	281448.3	153933.55	173221.48	139931.08	65514.844	0	0	0	63205.805	166815.8	0	0	0
"sp|Q8N1F7|NUP93_HUMAN"	"HUMAN"	2910583	2099988	3552105	2306067	2395044	2542813.2	2382461.8	2978948.8	2397532.8	2484078.2	2370877	2045220	2255141.8	2371447.8	2193803	2274414.2	1400472.8	1836325.6
"sp|Q8N1G2|CMTR1_HUMAN"	"HUMAN"	113136.414	127068.52	0	87215.414	85824.15	135493.39	150937.7	173871.14	93608.766	0	0	0	0	0	0	0	0	0
"sp|Q8N1G4|LRC47_HUMAN"	"HUMAN"	2507756.8	2194594.5	2175107.5	2636744.8	1953461.4	2237105.5	2274223.8	2116580	2427364.8	2155651.8	2147585.8	2188753	2454507.8	2295313.8	2419352	2452144.8	2262915.5	2080495.8
"sp|Q8N257|H2B3B_HUMAN"	"HUMAN"	5264053.5	7246904.5	6777165	5517484.5	7039246.5	6690355	5077819.5	6528716	6872204.5	5917693	6660146.5	6557283	4882025	6370351.5	6877615.5	6365069.5	6794315	6742883
"sp|Q8N2W9|PIAS4_HUMAN"	"HUMAN"	67126.83	41301.688	68805.99	68430.31	63074.777	56643.875	63142.652	65961.42	65580.16	67562.69	56577.746	70092.766	68038.55	66457.58	71642.53	64473.215	57841.61	66027.81
"sp|Q8N3C0|ASCC3_HUMAN"	"HUMAN"	0	0	0	0	0	0	0	0	0	0	0	0	0	0	0	0	0	0
"sp|Q8N3U4|STAG2_HUMAN"	"HUMAN"	426404.34	486903.53	451671.7	595629.1	590459.94	489250.25	575349.56	375327.5	531884.6	538833.6	675573.7	544694.7	547794.75	612446.2	643894.75	439335.12	610131.8	546665.94
"sp|Q8N442|GUF1_HUMAN"	"HUMAN"	0	0	0	0	0	0	0	0	0	0	0	0	0	0	0	0	0	0
"sp|Q8N4H5|TOM5_HUMAN"	"HUMAN"	0	65962.72	64879.51	0	0	76593.96	42131.473	0	0	54247.246	0	89621.484	48086.645	78191.04	69338.62	0	0	68168.62
"sp|Q8N543|OGFD1_HUMAN"	"HUMAN"	219212.44	204925.89	160266.81	214580.61	173644.8	160488.12	223153.02	183378.78	193218.55	200755.19	215219.77	197838.19	224061.89	204796.7	157067.92	186787.56	209076.8	210604.55
"sp|Q8N684|CPSF7_HUMAN"	"HUMAN"	74935.664	89520.6	89290.55	172359.08	101058.71	204466.06	158340.14	95154.41	216711.75	348171.38	100532.4	0	178162.8	94150.266	179601.75	92941.12	192144.72	89014.36
"sp|Q8N6H7|ARFG2_HUMAN"	"HUMAN"	284068.53	267071.12	0	254025.64	0	0	166800.19	0	0	424973.06	204131.83	248858.53	230033.53	91025.74	271017.25	0	0	60313.01
"sp|Q8N6M0|OTU6B_HUMAN"	"HUMAN"	260852.12	233413.2	214312.45	286426.56	248869.52	246376.47	251958.28	231330.55	230838.75	277380.06	244436.08	233904.11	266419.75	257588.23	229651.6	302812.62	260415.22	324740.97
"sp|Q8N6R0|EFNMT_HUMAN"	"HUMAN"	180887.1	182079.9	187338.36	128630.94	180100.11	175750.72	155450.47	169705.17	187532.9	104356.41	121552.2	159489.8	134075.78	182861.64	179993.5	162991.95	180569.44	178793.19
"sp|Q8N6T3|ARFG1_HUMAN"	"HUMAN"	0	0	0	0	0	0	0	0	0	0	0	0	0	0	0	0	0	0
"sp|Q8N7H5|PAF1_HUMAN"	"HUMAN"	391654.75	0	334292.12	359704.44	362221.94	358840.2	400754.62	384551.44	233190.84	400704.2	120412.74	344497.62	384837.88	300031.5	318753	363169.25	259448.95	372320.47
"sp|Q8N8A6|DDX51_HUMAN"	"HUMAN"	253729.84	125741.42	0	0	113856.586	128846.85	0	0	130519.664	166038.06	128853.75	164910	104890.62	0	154500.11	169890.61	0	128262.49
"sp|Q8N983|RM43_HUMAN"	"HUMAN"	0	0	0	0	0	0	0	0	0	0	0	0	0	0	0	0	0	0
"sp|Q8N9N8|EIF1A_HUMAN"	"HUMAN"	321532.44	342151.8	0	0	386492.1	0	0	0	0	0	0	0	0	0	0	0	0	0
"sp|Q8N9Z2|CC71L_HUMAN"	"HUMAN"	0	0	0	0	0	0	0	0	0	0	0	0	0	0	0	0	0	0
"sp|Q8NAV1|PR38A_HUMAN"	"HUMAN"	358872.47	150433.11	303775.84	482226.28	476771.16	259625.4	532786.25	303452	71567.02	477343.12	294305.06	76016.016	493997.47	388713.56	396007.94	248522.69	406913.88	212468.81
"sp|Q8NB90|AFG2A_HUMAN"	"HUMAN"	0	0	0	0	0	0	0	0	0	65214.55	0	0	0	0	0	0	0	36746.35
"sp|Q8NBI5|S43A3_HUMAN"	"HUMAN"	68511.34	170476.92	60778.164	0	79852.11	238627.9	0	52817.023	236927.81	0	0	147948.19	0	172203.33	137613.08	140131.5	235876.83	155575.69
"sp|Q8NBJ5|GT251_HUMAN"	"HUMAN"	99541.09	95549.445	97002.34	106222.02	101845.305	87414.055	0	95750.88	91879.82	93478.305	89453.81	240383.5	178937.52	165986.19	240997.27	90740.56	225029.02	253427.36
"sp|Q8NBJ7|SUMF2_HUMAN"	"HUMAN"	88564.31	0	0	0	0	0	0	0	0	98186.45	81053.21	0	87628.98	78972.49	74089.805	0	0	0
"sp|Q8NBN7|RDH13_HUMAN"	"HUMAN"	0	0	156694.89	0	120156.72	0	0	120048.34	82604.02	80991.68	0	0	0	0	95845.53	0	94972.74	0
"sp|Q8NBS9|TXND5_HUMAN"	"HUMAN"	1026312.5	1362148	1895998.9	1219768.8	1293685.8	1199468.2	1010046.44	1079620.4	1272634.8	1258789.6	1011868.8	1259584.2	1274446.2	1482598.8	1172359.6	1088359.2	977379.9	1128903.9
"sp|Q8NBT2|SPC24_HUMAN"	"HUMAN"	554646.4	472749.56	298907.38	494714.16	458970.03	513566.7	278112.78	686158.56	465980.94	488076.16	302492.72	511200.06	553374.25	297943.7	297349.06	482674.5	629573.1	306806.16
"sp|Q8NC51|SERB1_HUMAN"	"HUMAN"	8308184.5	9531989	10058839	8579201	9085098	9650061	8616572	9032419	9842696	8756952	9691735	9715692	8605279	9517569	9367187	9845726	9873377	9508943
"sp|Q8NCN4|RN169_HUMAN"	"HUMAN"	0	0	0	0	0	0	0	0	0	0	0	0	0	0	0	0	0	0
"sp|Q8NCW5|NNRE_HUMAN"	"HUMAN"	668255.94	571980.3	494992.06	623759.6	490754.97	474165	820708	572753.8	754309.44	694266.5	514668.38	637899.94	481167.06	492706.2	634386.2	687118.8	540288.4	626154.4
"sp|Q8NDC0|MISSL_HUMAN"	"HUMAN"	220374.27	202964.08	186355.62	277577.84	297282.6	162158.92	303755.06	204329.89	203349.27	193677.6	343746.38	276474.66	354869.84	305103.06	241745.8	300373.16	231136.06	206245.94
"sp|Q8NE71|ABCF1_HUMAN"	"HUMAN"	940505.5	569856.1	785114.7	527825.2	665989.1	617465.1	1168567.5	651015.75	624052.5	952078.06	607244.5	837023.75	924920.44	735727.2	676126.94	881383	547715.3	687483.2
"sp|Q8NE86|MCU_HUMAN"	"HUMAN"	33631.18	44848.44	96269.016	0	0	0	0	0	0	0	58028.594	0	0	0	0	0	0	0
"sp|Q8NEJ9|NGDN_HUMAN"	"HUMAN"	133575.69	144475.72	114842.35	110460.586	137663.4	122413.15	111453.63	116080.38	133739.53	114561.02	117561.555	0	118546.63	125020.84	141093.38	0	0	0
"sp|Q8NEM2|SHCBP_HUMAN"	"HUMAN"	0	0	0	0	0	0	0	0	0	0	0	0	0	0	0	0	0	0
"sp|Q8NEY8|PPHLN_HUMAN"	"HUMAN"	0	0	0	0	0	0	0	0	0	0	0	0	0	0	0	0	0	0
"sp|Q8NF50|DOCK8_HUMAN"	"HUMAN"	0	0	0	0	0	0	0	0	0	0	0	0	0	0	0	0	0	0
"sp|Q8NF91|SYNE1_HUMAN"	"HUMAN"	373661.94	445983.28	422148.84	383684.25	435707.72	426525.66	331859.3	99948.65	456035.47	94820.72	544919.25	487755.06	0	358539.12	0	422546.97	0	538934.44
"sp|Q8NFF5|FAD1_HUMAN"	"HUMAN"	105920.336	102761.72	89397.15	104669.9	80523.88	80268.74	110559.62	83046.87	100813.305	93615.484	93452.55	104621.77	83760.22	97780.57	92780.23	0	84768.7	0
"sp|Q8NFH3|NUP43_HUMAN"	"HUMAN"	815618.94	723168.6	766972.8	839808.94	738925.7	513826.62	644847.56	819286.3	867465.7	640709.75	557470.4	567370.8	645848.56	633203.94	435684.62	728183.75	552915	807956.75
"sp|Q8NFH4|NUP37_HUMAN"	"HUMAN"	1029988.5	636044.44	622108.4	946579.5	535003.25	870699.5	825820.06	640149.3	727595.94	661500.6	1025893.9	989609.9	842676.2	769963.4	609338.06	918313.5	878216.5	866648.1
"sp|Q8NFH5|NUP35_HUMAN"	"HUMAN"	141596.5	0	0	109018.28	0	0	111609.73	0	0	161410.86	0	153481.67	159554.17	109141.77	0	0	125606.555	0
"sp|Q8NFV4|ABHDB_HUMAN"	"HUMAN"	0	0	0	0	0	0	0	0	0	189358.06	0	0	0	143588.52	0	109758.21	150871.72	0
"sp|Q8NFW8|NEUA_HUMAN"	"HUMAN"	175882.39	160797.3	376792.4	369431.78	151978.4	160172.86	312045.22	301318.3	394222	129757.55	101386.54	121268.37	328860.12	110275.52	361766.88	337919.25	108617.89	126161.28
"sp|Q8NI22|MCFD2_HUMAN"	"HUMAN"	233530.94	254571.83	231630.92	253980.73	227340.86	253212.4	218010.22	226217.11	271917.78	251505.31	254512.61	227269.28	242761.52	256890.34	256358.25	267496.38	253572.97	273506.7
"sp|Q8NI27|THOC2_HUMAN"	"HUMAN"	940214.1	822171.9	736484.7	762997.5	918349.5	938021	1082398.9	1122044.8	486387.75	773597.3	883691.94	1012188.9	765718.1	817907.2	879677.4	1113974.5	775055.3	734842.6
"sp|Q8NI36|WDR36_HUMAN"	"HUMAN"	720750.6	561503.94	452849.34	619180.56	550876.44	625847.1	711816	498752.56	789792.9	591822.06	525604.25	592160.5	512340.06	718983.6	546094.2	474328.06	423588.44	547344.25
"sp|Q8TAE8|G45IP_HUMAN"	"HUMAN"	208230.81	276177.7	239905.5	0	305196.53	351800.7	210522.69	334132.6	386330.7	239860.33	253418.64	232965.66	216067.86	0	200476.66	173119.89	248657.62	0
"sp|Q8TAK5|GABP2_HUMAN"	"HUMAN"	0	0	0	0	0	0	0	0	0	0	0	0	0	0	0	0	0	0
"sp|Q8TAQ2|SMRC2_HUMAN"	"HUMAN"	241818.97	167141.61	0	267531.12	173121.56	0	120804.47	157382.94	150048.48	249347.69	162907.77	306804.8	211336.89	131467.3	204516.4	366197.8	96026.44	173048.77
"sp|Q8TAT6|NPL4_HUMAN"	"HUMAN"	818956.94	429614.16	409151.97	774168.94	477929.47	462519.88	887723.3	629069.44	528049.56	980698.9	703371.25	864433	1178544	1044567.3	757468.94	888447	934306.3	712497.4
"sp|Q8TB52|FBX30_HUMAN"	"HUMAN"	1278696.4	1263315.8	1237479	1280886.8	1272588.4	1226704.1	1300767	1212009.9	1374255.6	0	0	0	0	0	1336562.9	0	41688.125	1422531.1
"sp|Q8TBC4|UBA3_HUMAN"	"HUMAN"	102469.34	97186.02	229724.66	89986.91	89496.13	191118.02	116220.41	118142.94	0	226139.22	131926.81	315823.38	298685.03	84591.05	67618.91	0	179887.7	112664.52
"sp|Q8TBN0|R3GEF_HUMAN"	"HUMAN"	116652.77	108958.37	101632.195	113850.07	113348.58	104590.99	106987.43	104879.44	103588.01	115920.36	123729.06	113659.58	114899.8	114536.72	110346.13	108309.55	114363.48	120018.11
"sp|Q8TC07|TBC15_HUMAN"	"HUMAN"	0	72774.73	130539.94	105457.09	141356.6	0	0	144931.62	92627.51	142471.69	99657.74	132880.94	0	89604.625	129826.2	110824.266	105473.94	0
"sp|Q8TCC3|RM30_HUMAN"	"HUMAN"	0	0	0	0	0	0	0	0	0	0	0	0	0	0	0	0	0	0
"sp|Q8TCD5|NT5C_HUMAN"	"HUMAN"	101416.12	131398.53	98871.39	107139.57	85062.52	114180.52	98508.33	84661.09	83013.836	101624.45	84117.65	87413.44	112180.586	101412.42	90355.86	109189.46	122467.23	104998.164
"sp|Q8TCS8|PNPT1_HUMAN"	"HUMAN"	1011750.6	881238.9	899156	825864.1	715789.5	896343.75	950633.5	1013047.5	782927	1005273.1	682624.06	700322.2	1216054.2	542284.06	594133.4	538952.1	912326.4	880930.2
"sp|Q8TD16|BICD2_HUMAN"	"HUMAN"	0	0	0	0	0	0	0	0	0	0	154325.73	0	0	0	116748.21	0	0	120914.92
"sp|Q8TDH9|BL1S5_HUMAN"	"HUMAN"	0	0	0	0	0	0	0	0	0	0	0	0	0	0	0	0	0	0
"sp|Q8TDN6|BRX1_HUMAN"	"HUMAN"	1787631.9	1732955	2280500	1767550.6	1703507	1942342.5	1659452.6	2022944	1832720.4	1829668.9	1833031.1	2177303.2	1780715.2	1738142.2	1675627.4	1499644.2	2199466	1428587.6
"sp|Q8TED0|UTP15_HUMAN"	"HUMAN"	601108	553315.25	414201.62	620032.7	368367.78	318971	431142.88	575310.44	359839.12	603081.4	1014240.94	516701	425042.6	427549.7	570824.75	190807.42	1239647.5	201514.58
"sp|Q8TEQ6|GEMI5_HUMAN"	"HUMAN"	762219.8	930758.8	1170573.6	875004.6	1014744.3	918256.75	1299818	897206.56	983016.06	1306453.1	1355012.4	1309816.5	1010129.1	907632.75	900732.6	997534.75	1132901.2	1386519.6
"sp|Q8TEX9|IPO4_HUMAN"	"HUMAN"	2480523.8	2133643	2195843.2	2286946.8	2337169.8	1714052.2	2371127.2	1655430.1	1428302.9	2693626.2	2385990.5	2341134.2	2435743	2557171.8	2495743.8	2207755.8	2163840.8	2379653.2
"sp|Q8TF05|PP4R1_HUMAN"	"HUMAN"	138486.38	75801.664	86016.28	66283.53	0	66117.88	153745.1	78548.35	71921.94	58009.312	154782.28	151966.28	141450.47	68096.97	0	61865.266	0	141688.53
"sp|Q8TF72|SHRM3_HUMAN"	"HUMAN"	251012.44	223201.56	219501.86	236678.89	198574.42	238449.61	202676	193992.34	286178.3	244257.31	198490.34	204614.31	232845.73	193836.02	263778.1	247087.83	240180.94	271675.3
"sp|Q8WTT2|NOC3L_HUMAN"	"HUMAN"	522669.28	502757.47	565253.8	497813.72	530893.25	534384.9	534735.2	461691.25	608211.7	312194.34	0	38956.52	266655.78	60275.12	81378.305	0	103943.86	0
"sp|Q8WU79|SMAP2_HUMAN"	"HUMAN"	641257.44	607371.5	283869.4	712761.56	593838.4	727877.25	518252.78	666828.1	791778.6	410957.12	354071.8	290841.88	419467.88	352696.94	742505.06	257406.77	254251.5	719187.8
"sp|Q8WU90|ZC3HF_HUMAN"	"HUMAN"	1257224.6	1253197	1145688.4	1361040.9	1044248.75	1381692.4	1188316.9	1201459.9	1254167	1460754	1233134.4	1213449.5	1502801.4	1159282.5	1351395.8	1290112	1494109.5	1433639.8
"sp|Q8WUA2|PPIL4_HUMAN"	"HUMAN"	527699.1	311440.75	756696.1	372029.1	449360.12	572545.06	259776.19	750825.75	728071.8	636671.25	411430.12	112900.57	443884.12	115858.7	128093.16	122695.6	333463.9	359710.06
"sp|Q8WUD4|CCD12_HUMAN"	"HUMAN"	146934.1	130136.12	178939.27	180089.69	180201.1	177363.31	135476.9	155522.75	206157.52	227017.4	215865.03	228990.77	232521.27	187901.08	0	220497.08	166428.5	219094.34
"sp|Q8WUM0|NU133_HUMAN"	"HUMAN"	1699446.9	1374434	1343668.8	1583752.5	1177669	1229734.8	1726868.2	1797616.1	1628629.6	1639790.1	1390811	1924914.9	1642963.4	1749306.5	1518670.5	1835414.4	1729716.5	1746823.6
"sp|Q8WUM4|PDC6I_HUMAN"	"HUMAN"	7414570.5	8103948.5	7692153	6821613	7487895	6862671.5	6762897	7708200.5	7660312	7466236	7904636.5	7978169	7083248	8484355	8670256	7986291.5	8881991	7232560
"sp|Q8WUW1|BRK1_HUMAN"	"HUMAN"	199144.44	177064.14	120924.79	181484.12	180849.69	99498.305	190277.42	97231.18	113667.58	149085.61	139584.23	138790.39	163471.44	111736.8	111770.305	151787.62	122960.35	0
"sp|Q8WVJ2|NUDC2_HUMAN"	"HUMAN"	240957	235709.4	86531.945	130119.09	85394.87	189189.1	115514.77	180366.61	197316.77	503317.56	478415.06	489508.5	316869.6	472628.66	182548.25	436780.56	198538.6	241353.3
"sp|Q8WVM8|SCFD1_HUMAN"	"HUMAN"	129067.11	254134.88	260930.12	0	473910.28	277976.47	273625.38	300028.44	0	426267.06	387279.16	360406.06	277459	415856.44	217325.61	137601.19	414349.6	150798.9
"sp|Q8WVV9|HNRLL_HUMAN"	"HUMAN"	648801.56	406939.5	559717.1	611058.56	466672.06	536398.2	675647.1	412858.78	521545.06	545194.5	704452.25	686388.6	580132.25	648821.1	476673.56	775523.3	597097.3	678392.4
"sp|Q8WVY7|UBCP1_HUMAN"	"HUMAN"	777792.9	1031710.2	885012.25	754110.8	979000.2	779479.5	766244	618121.5	816751.9	106103.86	111716.82	193088.72	124285.45	112125.46	0	99127.29	123065.91	53291.117
"sp|Q8WW12|PCNP_HUMAN"	"HUMAN"	164305.31	145156.64	145716.3	150087.97	144131.86	159662.47	136725.47	162885.7	162936.31	195698.44	247024.69	527257	174633.62	503024.2	240053.6	96066.84	174617.25	296694.1
"sp|Q8WW33|GTSF1_HUMAN"	"HUMAN"	1062251	1062059.4	1553415.4	1256640.8	1155970.5	1676319.8	1206027.9	1608437.9	1745057.5	1173192	1475550.8	1537533.4	1134709.9	1724375.4	1449869.8	1383231.4	1254724.2	1753159.6
"sp|Q8WWC4|MAIP1_HUMAN"	"HUMAN"	82624.9	0	85962.25	0	0	0	84573.44	0	0	0	73379.805	80374.91	0	0	0	69922.62	0	0
"sp|Q8WWM7|ATX2L_HUMAN"	"HUMAN"	303130.97	256820.7	447878.1	328416.5	323687.66	486710.4	294555.22	409100.34	71128.55	387114.62	73161.38	255273.69	339838.56	349842	416216.38	360527.25	143730.25	313011.97
"sp|Q8WWY3|PRP31_HUMAN"	"HUMAN"	1383820.8	853852.2	966125.6	884943.44	796674.5	1149081.9	989124	666601.25	1035172.75	1000242.2	803095.44	856426.8	1228436.4	1149098	789499.6	806524.8	816525.3	799436.8
"sp|Q8WX92|NELFB_HUMAN"	"HUMAN"	328186.47	299783.12	215118.31	382559.22	296919.03	269403.22	318110.25	228632.2	277317.88	246756.56	171482.14	103539.414	341422.06	102918.234	0	57549.387	116391.42	0
"sp|Q8WXA9|SREK1_HUMAN"	"HUMAN"	0	0	0	0	0	0	0	0	0	0	0	0	0	0	0	0	0	0
"sp|Q8WXF1|PSPC1_HUMAN"	"HUMAN"	538294.56	586945.3	595876.75	545033.5	578993.1	572955.2	560596.2	666357.94	564384.75	607856.7	554618.8	625118	520598.28	688992.1	644633.56	610973.94	800750.56	640865.7
"sp|Q8WXX5|DNJC9_HUMAN"	"HUMAN"	1742292.4	1757888.1	1554094.4	1664420.5	1619899.4	1722392	1756166	1800358.4	1911831.6	1594667.4	1704860.9	1872671	2006433.9	1773896.9	1785273.6	1622305.1	2011198.6	1710023.1
"sp|Q8WYA6|CTBL1_HUMAN"	"HUMAN"	295131.44	438336.78	358687.88	461454.3	260149.8	310024.03	324243.7	339879.97	464637.28	335251.06	240664.64	449558	242101.48	341057.75	403373.72	125389.13	200242.75	243147.81
"sp|Q8WYQ5|DGCR8_HUMAN"	"HUMAN"	69767.94	68958.21	0	69634.62	63819.594	88264.836	48715.043	0	0	0	101498.12	69022.81	66298.86	65576.086	97271.4	0	0	0
"sp|Q8WZA0|LZIC_HUMAN"	"HUMAN"	813666.75	607710.5	599333.44	743505.56	716781.75	793550.8	816979.9	605900.25	804639.25	854806.06	604024.6	628569.44	813250.5	726951.6	755602.25	712605.75	699716.3	667852.7
"sp|Q92499|DDX1_HUMAN"	"HUMAN"	3889462.8	4126331.5	4571640	3888180.5	4482315.5	3705052	3887734.5	9548789	4001783.5	5789911	6950043	4872762.5	4697602.5	4185280	6501073.5	4555179.5	5013856	7117557
"sp|Q92522|H1X_HUMAN"	"HUMAN"	0	0	0	0	0	0	0	0	0	0	0	0	0	0	0	0	0	0
"sp|Q92530|PSMF1_HUMAN"	"HUMAN"	0	230797.75	125414.28	185311.9	193361.22	179060.7	210797.62	189795.31	197657.03	122725.84	133186.02	155128.98	0	0	0	179007.06	0	0
"sp|Q92538|GBF1_HUMAN"	"HUMAN"	0	0	0	0	0	0	0	0	0	0	0	0	0	113565.04	0	0	0	65975.15
"sp|Q92541|RTF1_HUMAN"	"HUMAN"	0	0	0	0	0	0	0	0	0	0	237273.14	0	0	0	0	0	203333.31	0
"sp|Q92552|RT27_HUMAN"	"HUMAN"	440632.62	406935.22	450069.44	345547.8	389373.03	513382.97	253894.34	393778.5	408095.5	362491.5	518119.94	260443.8	212195.39	218702.97	329528.7	297180.38	543407	205195.39
"sp|Q92572|AP3S1_HUMAN"	"HUMAN"	276904.25	316640	0	237358.84	314390.84	330795.38	220282.08	0	48287.15	0	0	226750.75	163696.72	0	0	315340.66	0	273905.4
"sp|Q92598|HS105_HUMAN"	"HUMAN"	8335424.5	7466676.5	7848724.5	7836178	7768656.5	7955319.5	8022531	6992180.5	6889332	7799076	7555071	7587467.5	8011131	7334879.5	6978362.5	7081822	7224372	6999623.5
"sp|Q92599|SEPT8_HUMAN"	"HUMAN"	196158.22	236711.19	365921.47	325374.25	234980.1	205037.28	321533.94	323358.1	426722.97	103131.81	0	100907.35	227577.56	408480.3	88770.82	98527.47	104967.08	110142.57
"sp|Q92614|MY18A_HUMAN"	"HUMAN"	0	0	0	0	0	0	0	0	0	0	0	0	0	0	0	0	0	0
"sp|Q92615|LAR4B_HUMAN"	"HUMAN"	190400.42	94743.6	377842.28	160084.03	115975.945	375744.7	88488.46	348663.06	117704.62	94524.375	137897.55	345786.47	91949.9	68531.18	428097.3	90652	304395.75	417373.2
"sp|Q92616|GCN1_HUMAN"	"HUMAN"	9489927	8949996	9794609	8066400.5	8306414	8141625.5	9280265	8067649	8862498	9423272	9090602	8791464	8339583.5	8473758	8589374	8857887	8820504	7968371.5
"sp|Q92620|PRP16_HUMAN"	"HUMAN"	459315.84	495587.06	436021.56	580723.4	508975.16	443675.9	592854.8	442708.4	426330.47	317648.84	276201.53	280669.47	391382.3	219014.69	282120.03	320651	255246.03	267022.7
"sp|Q92621|NU205_HUMAN"	"HUMAN"	1929649.4	1129085.4	2009589.5	2112503	1436507	1463596	2411521.2	1634870	1763461	2215990	1577823.2	1559617	2657821.8	1994468	1828863.1	2030198.9	1470115	2074288.6
"sp|Q92665|RT31_HUMAN"	"HUMAN"	0	0	0	0	0	0	0	0	0	67993.61	75857.86	79034.445	90583.29	0	67232.836	0	80680.29	0
"sp|Q92667|AKAP1_HUMAN"	"HUMAN"	0	0	0	0	0	0	0	0	0	0	0	0	0	0	0	0	20844.037	0
"sp|Q92688|AN32B_HUMAN"	"HUMAN"	6142452.5	6731350.5	6403458	5924678	6432969	5999061	6032749.5	6325439.5	6162596	5894841.5	6342889	6520511.5	5924866.5	6829985.5	6686639.5	5994215	5925950	6516863
"sp|Q92733|PRCC_HUMAN"	"HUMAN"	0	0	0	0	0	0	0	0	0	0	0	0	0	0	0	0	0	0
"sp|Q92734|TFG_HUMAN"	"HUMAN"	837686.5	597897.75	1416676.6	904957.9	1518190.5	1251152.5	954665.1	1062120.6	689856.6	1284416	1015318.75	1467611	955974	1272439.2	634502.5	1179026.6	1877060	587999.8
"sp|Q92769|HDAC2_HUMAN"	"HUMAN"	1020307.06	708591	866926.7	923648.7	855960.75	1039444.6	846115.5	893188.5	882480.7	987060.75	951004.9	897033.4	1002572.7	921518.1	723346.6	739054.94	685620.2	710543.2
"sp|Q92783|STAM1_HUMAN"	"HUMAN"	153459.66	37733.45	0	193449.62	0	58078.754	166071	74443.23	90718.43	154403.8	192122.97	125090.87	174122.81	130676.28	194504.5	111897.89	0	190582.2
"sp|Q92785|REQU_HUMAN"	"HUMAN"	245820.97	203315.64	254707.92	217186.52	179733.17	188940.56	198603.75	317273.28	191011.03	262545.25	208434.08	198508.31	279227.22	181064.56	234487.77	289108.28	245339.69	262975.56
"sp|Q92797|SYMPK_HUMAN"	"HUMAN"	751363	705368.8	547163.9	705050.6	727866.8	619967.4	799499.3	675254.5	547170.1	787966.9	584714.25	704063.06	848403.44	697831.94	782865.25	644967.5	641169.25	718457.3
"sp|Q92804|RBP56_HUMAN"	"HUMAN"	674850.1	1229255.2	1274903.2	899856.4	1413014	1074765.2	865903.8	1317716.1	833633.9	730581.1	957529.4	749066.7	849416.75	801569.44	504735.3	695004	972772.06	776532.25
"sp|Q92828|COR2A_HUMAN"	"HUMAN"	0	0	0	0	0	17996.506	0	0	0	0	0	0	0	0	0	0	0	0
"sp|Q92841|DDX17_HUMAN"	"HUMAN"	5238049.5	5052025	5950329	6042055.5	5791616.5	5459272	5325459.5	5956421	5207323	6035592.5	4816074.5	6601307.5	5904017.5	5062981	5653951.5	6293520.5	6289001	5622741
"sp|Q92878|RAD50_HUMAN"	"HUMAN"	1380180.2	1311487.8	1027739.4	1376406	1470209	1263459.4	1042721.7	1358643.1	1085963.8	1431787.6	1367646	1221467.9	861327.94	1113427.6	1274141.1	1295104.2	1111325	1197522.5
"sp|Q92879|CELF1_HUMAN"	"HUMAN"	645198.7	952664.25	997069.44	882820.8	927413.1	512712.03	797612.9	997895.94	944774.9	902989.9	1017927.44	812925.1	851538.5	875208.5	833118.7	804541.75	924128.6	1070880.6
"sp|Q92882|OSTF1_HUMAN"	"HUMAN"	116003.34	125014.766	114330.87	122144.81	120011.33	122727.87	114254.12	105312.54	108066.85	120170.03	116003.336	121669.34	134706.19	123748.4	122705.234	123377.33	121591.81	120969.75
"sp|Q92888|ARHG1_HUMAN"	"HUMAN"	960421.9	786070.4	644651.8	574419.75	798541.4	1085476.2	370558.44	937118.1	559061.5	877487.75	898118.6	914862.3	784672.9	806224	318365.97	760828.6	938428.5	662782.56
"sp|Q92890|UFD1_HUMAN"	"HUMAN"	840502.06	753020.1	689315.56	827643	954217.2	876930.7	912781.06	878701.94	654112.4	846233.1	884932.9	740674.6	817784.5	925671.7	810608.25	901638.8	890515.25	875519.5
"sp|Q92900|RENT1_HUMAN"	"HUMAN"	2505809.2	1888174.9	2006843	2331443.2	1764478.4	1892202.1	2409907.8	1560774.2	1834514	2262217.5	2462375.8	2597212.5	2535694.2	2559244	2149198.2	2436240.5	2501386	2491520.8
"sp|Q92905|CSN5_HUMAN"	"HUMAN"	87200.92	102159.04	0	0	0	0	74385.836	0	0	0	0	0	0	0	0	67439.31	0	0
"sp|Q92917|GPKOW_HUMAN"	"HUMAN"	0	0	0	0	0	0	0	0	0	0	0	0	0	0	0	97571.26	0	0
"sp|Q92922|SMRC1_HUMAN"	"HUMAN"	3052398.2	3993811.8	2972954.2	4244952	2883152	3959214.2	4453439	2209049.5	2228548.5	2899335.8	2769054.8	2898030.8	3374153.8	3532583	2949784	2687643.2	2399680.5	2554952
"sp|Q92925|SMRD2_HUMAN"	"HUMAN"	545530.8	403460.9	498298.7	402950.62	402203.8	372965.7	218442.06	490434.16	483371.12	354485.12	346064.94	292297.78	308782.1	321982.06	261923.12	335226.12	274957.25	0
"sp|Q92945|FUBP2_HUMAN"	"HUMAN"	6308153.5	7041015.5	7120860	6174600.5	6510168	6710920.5	6219059	6517202.5	7057699	6775953	7267163.5	7463467.5	6474815.5	7629342	6639483.5	8108838	7282671	7998327
"sp|Q92947|GCDH_HUMAN"	"HUMAN"	0	156641.4	0	0	192512.89	0	0	0	0	0	0	0	0	0	0	0	0	0
"sp|Q92973|TNPO1_HUMAN"	"HUMAN"	5390290	4228354.5	4452345.5	5087003	4161899.2	4135134.2	5506480.5	4803886.5	4470834	4725766.5	4509705	4517824.5	5014627	4841606.5	4304891.5	4704391.5	4506418	4557612.5
"sp|Q92974|ARHG2_HUMAN"	"HUMAN"	1035202.6	815489.9	742064.25	920187.3	822179.2	714809.94	1312512.9	743604.1	662634.1	996598.9	1150674.6	1222203.9	1174690	1159954.1	1166791.8	1056309.4	1308748.4	1133437.8
"sp|Q92979|NEP1_HUMAN"	"HUMAN"	390369.22	309960.2	293981.94	319910.16	251476.88	200449.89	66962.02	132394.81	256860.39	309259.38	350742.34	431911.53	203356.97	230443.81	298551	411625.1	306002.38	276815.44
"sp|Q92989|CLP1_HUMAN"	"HUMAN"	0	0	0	0	0	0	0	0	0	0	0	0	0	0	0	0	0	0
"sp|Q93008|USP9X_HUMAN"	"HUMAN"	161938.77	0	134230.73	0	71588.336	65756.74	80857.98	107331.766	86889.375	87500.62	0	81668.8	175397.6	0	0	0	67659.96	0
"sp|Q93009|UBP7_HUMAN"	"HUMAN"	2474255.2	1851493	2134322.5	2277212	2211636.8	1523416.5	1787153	1888735.1	2341938.8	1876345.8	1255417.1	2220726.8	1770208.5	2163091.2	1245931.6	1339772.2	1372347.5	1594622.4
"sp|Q93034|CUL5_HUMAN"	"HUMAN"	0	0	0	0	0	0	0	0	0	0	129364.92	0	0	0	0	0	0	149989.36
"sp|Q93050|VPP1_HUMAN"	"HUMAN"	0	32643.152	0	0	0	0	0	0	0	0	0	0	0	0	0	0	0	0
"sp|Q969G3|SMCE1_HUMAN"	"HUMAN"	627133.5	276492.44	469809.56	625139.3	536356.5	437724.53	570143.7	276482.47	481636.94	602419.44	542837.94	533978.1	524478.4	560817.25	650738.1	480735.06	581139	523726.78
"sp|Q969H8|MYDGF_HUMAN"	"HUMAN"	102870.38	140974.55	156934.12	99306.86	134654.5	141478.83	89764.14	158297.64	153359.25	101217.25	94315.67	137312.56	97889.1	325243.16	144530.39	102241.56	131481.34	159696.88
"sp|Q969Q0|RL36L_HUMAN"	"HUMAN"	642948.75	790567.06	775470.94	677814	752988.44	816254.06	646148.06	721927	868568	662946.6	911278.75	845336.5	674089.4	814252.8	862117.75	653228.4	719315.56	897067.9
"sp|Q969R5|LMBL2_HUMAN"	"HUMAN"	0	0	0	0	0	0	0	0	0	0	0	0	0	0	0	0	0	0
"sp|Q969S3|ZN622_HUMAN"	"HUMAN"	110039.414	108989.586	61030.504	114317.695	79066.305	0	115823.836	88700.89	103284.39	125368.96	0	74153.375	136754.89	0	0	101849.73	103527.07	113236.766
"sp|Q969U7|PSMG2_HUMAN"	"HUMAN"	0	224066.22	0	154803.25	0	0	187770.38	0	0	53028.152	206687.03	163348.92	39807.97	186980.52	36408.574	0	0	0
"sp|Q969X6|UTP4_HUMAN"	"HUMAN"	358472.12	257103.33	248124	375017.75	328267.62	264125.34	444825.38	327865.88	321096.2	375791.5	390683.75	412105.5	486552.25	315058.5	259417.52	388837.78	314692.16	383809.8
"sp|Q969Z0|FAKD4_HUMAN"	"HUMAN"	1482911	1357869.6	1566432.9	1396274.8	1342459.4	1346422.2	1404938.8	1333336.9	1191790.6	1458343.8	1331119.9	1477277.2	1709635.9	1374286.4	899758.6	1383608.9	1590236.2	1261857.8
"sp|Q96A00|PP14A_HUMAN"	"HUMAN"	294761.44	143114.48	301881.38	329844.34	310781.72	272453.1	327130.22	303428.9	178142.7	276791.6	153154.55	282392.8	284595.56	247583.61	270279.56	241604.53	234693.16	283514.2
"sp|Q96A08|H2B1A_HUMAN"	"HUMAN"	173036.4	0	0	157892.36	150287.02	0	0	93815.164	0	0	0	0	0	0	0	0	0	0
"sp|Q96A26|F162A_HUMAN"	"HUMAN"	1241292.2	175863.22	214316.03	83359.57	133402.7	111284.164	197444.72	103404.6	214184.4	1154217.6	1203582.8	1348104.1	1107058.5	158927.27	1240691.6	1372473.4	1369643.9	1143465.5
"sp|Q96A49|SYAP1_HUMAN"	"HUMAN"	3263618.2	3777052.2	3187194	2589372.2	3358196	3404492.2	2447973.2	3311313	3233655.2	3029862	3646706.5	3093185	346693.75	3012443.5	3171478.2	3579081.2	3343164	3235345.2
"sp|Q96AB3|ISOC2_HUMAN"	"HUMAN"	733995.6	723900.1	788517.3	762567.06	0	794534	866040.5	757128.6	844391.5	748061	758125.75	935584.56	223414.52	664961.3	801433.25	774649	764419.25	822926.6
"sp|Q96AE4|FUBP1_HUMAN"	"HUMAN"	4210614.5	5194983.5	5016742.5	4170871	4860758.5	4576685.5	4066189	4145720.2	5143907	4535050.5	4891920	5199026	4305564.5	5103488.5	5166112	5213883	4602639	4598294.5
"sp|Q96AG4|LRC59_HUMAN"	"HUMAN"	683966.44	805915	705502.75	772864.06	795680.06	588750.25	980903.25	641586	690260.25	569693.56	664003.5	496292.56	523268.53	537468.2	512936.9	557934.56	683600.8	492420.75
"sp|Q96B26|EXOS8_HUMAN"	"HUMAN"	652158.9	933982.7	792192.5	458079.1	486052.25	410546.66	647655.4	707262.1	903805.1	747281.6	815635.8	796831.06	732343	937219.25	767287.4	1055640.8	318998.2	919549.4
"sp|Q96B36|AKTS1_HUMAN"	"HUMAN"	0	0	0	0	0	0	0	0	0	0	0	0	0	0	0	0	0	0
"sp|Q96BD8|SKA1_HUMAN"	"HUMAN"	110828.734	119863.7	81636.91	100532.43	137685.08	123781.94	127779.89	0	110514.88	125256.66	153854.97	105819.164	160054.36	116669.97	0	118014.44	0	131113.92
"sp|Q96BP3|PPWD1_HUMAN"	"HUMAN"	227715.69	136538.4	110511.26	134730.03	115701.89	117997.21	222072.03	110082.12	98589.05	239451	0	75397.81	0	61636.516	132325.83	68587.984	68602.805	0
"sp|Q96BR5|COA7_HUMAN"	"HUMAN"	707600.3	813247.8	838710.2	0	0	0	640679.1	778127.9	0	0	716503.94	86120.46	589736.06	709704.6	0	0	72235.51	656467.6
"sp|Q96C01|F136A_HUMAN"	"HUMAN"	179945.16	376434.9	349423.47	378331.75	368462.8	234908.6	364992	385873.1	331806.12	172418.55	304489.53	500962.62	251825.06	222610.73	395676.1	522584.94	94674.27	543147.3
"sp|Q96C19|EFHD2_HUMAN"	"HUMAN"	117331.03	256856.56	162465.11	0	101017.24	100966.85	115712.18	130226.8	93123.01	201258.66	239522.8	105931.695	270085.38	210387.69	130694.41	249153.38	150758.1	229360.97
"sp|Q96C23|GALM_HUMAN"	"HUMAN"	565430.94	397744.75	299449.3	396204.25	302687.28	502549.53	613505.6	299204.66	477259.94	589520.25	609631.9	528500.1	547666.1	306169.88	487355.94	382681.8	512411.7	245859.72
"sp|Q96C36|P5CR2_HUMAN"	"HUMAN"	1627088.2	1999826.1	1663040.1	1354905.8	1563148.4	1596550.4	1807433.2	1619732.1	1686881.8	1720141.5	1806823.9	1823094.5	1648343.1	1920677.2	1526721.6	1687511.4	1846190.4	1814620.5
"sp|Q96C86|DCPS_HUMAN"	"HUMAN"	119960	106059.336	353314	119144.43	0	325710.38	105057.06	289514.06	0	358056.9	0	309034.62	125865.54	284057.8	294855.84	0	84929.25	91561.99
"sp|Q96C90|PP14B_HUMAN"	"HUMAN"	811555.06	866815.5	644226.06	853881.94	676645.7	861032.2	751687.2	732105.7	845379.3	983933.2	612962.4	622926.75	1075101.9	880514.4	769594.44	674439.2	632516.4	610723.7
"sp|Q96CN7|ISOC1_HUMAN"	"HUMAN"	841161.6	841851.1	761538.3	760899	877686.25	819621.7	926680	860173.9	663595.75	847322.56	717245.94	1176511.6	769342	1072892.1	832397.25	529688.5	706037.94	555889.4
"sp|Q96CT7|CC124_HUMAN"	"HUMAN"	98934.52	86722.195	0	0	0	0	101807.43	133100.23	0	128923.414	120798.46	0	124577.89	141036.55	127520.21	0	180566.03	74777.52
"sp|Q96CW1|AP2M1_HUMAN"	"HUMAN"	744957.06	851903.44	1016076.2	989619.8	691177.8	1046339.1	936133.75	727116.1	685609.8	806447.1	974885.6	631562.75	809333	984333.4	576162.4	566928.2	1096743.2	580104.06
"sp|Q96D46|NMD3_HUMAN"	"HUMAN"	455777.56	236054.9	290985	178260.28	260441.31	220905.75	248260.94	166019.9	162063.92	243507.73	281068.78	210607.94	68324.945	161824.19	293860.84	82503.64	151620.89	57257.883
"sp|Q96DA6|TIM14_HUMAN"	"HUMAN"	95997.586	74861.4	0	0	93786.03	0	87570.695	63053.367	74412.1	86763.92	0	84804.48	81084.56	0	0	0	0	0
"sp|Q96DB5|RMD1_HUMAN"	"HUMAN"	0	0	0	0	0	0	0	0	0	0	0	0	0	0	0	0	0	0
"sp|Q96DE5|APC16_HUMAN"	"HUMAN"	0	0	0	0	0	0	0	0	0	0	0	0	0	0	0	0	0	0
"sp|Q96DF8|ESS2_HUMAN"	"HUMAN"	0	0	0	0	0	0	0	0	0	0	0	0	0	0	0	0	0	0
"sp|Q96DG6|CMBL_HUMAN"	"HUMAN"	3243022.8	3442929.5	3422012	3094758.8	3597687.5	3150397.2	3050797	3286748	3392316	3086963	3534247.2	3258663.2	2984389	3528351.5	3337600.2	3600477	3150614.5	3398082.5
"sp|Q96DI7|SNR40_HUMAN"	"HUMAN"	1302129	1347873.2	1095031.6	1285984.1	1284669.8	1415846.5	1540057.4	1182389.2	1200307.6	1229450	1438088.5	1460133.4	1564681.5	1433028.1	1155552.2	1377662.9	1119434.6	1257134
"sp|Q96E39|RMXL1_HUMAN"	"HUMAN"	165563.11	156054.7	174141.92	123198.93	179491.42	177173.6	179531.1	131112.45	165273.9	82354.17	101219.89	93146.25	94427.336	87957.12	110518.734	98166.88	114939.586	118512.26
"sp|Q96EE3|SEH1_HUMAN"	"HUMAN"	357497.5	602318.3	1014720.56	291413.34	281772.62	354617.2	227151.75	375237.8	207604.03	240983.38	209145.14	76474.89	373586	334717.38	84486.95	219608.22	150391.62	273743.72
"sp|Q96EK9|KTI12_HUMAN"	"HUMAN"	98796.06	90833.29	87706.18	101169.586	97484.8	94656.68	199415.86	93836.75	94410.05	101716.3	100678.92	88480.3	101537.89	89447.445	88892.38	91236.21	100019.6	98465.5
"sp|Q96EP0|RNF31_HUMAN"	"HUMAN"	0	0	0	0	0	0	0	0	0	0	0	0	0	0	0	0	0	0
"sp|Q96EP5|DAZP1_HUMAN"	"HUMAN"	3261328.5	2895701.5	3035874.5	3312104.5	2784058.2	3330881.5	3370127.5	3320701.5	3030084.5	3251496.5	3490408.5	3180490.8	3354513.2	3457120.2	3412864.2	3487997.8	3315526.2	3438164.5
"sp|Q96ER3|SAAL1_HUMAN"	"HUMAN"	106619.92	106339.734	105439.3	131608.23	118168.05	112322.86	122888.92	102143.66	93443.8	113480.766	117062.11	107360.51	116898.05	130411.98	129854.22	118078.98	138840.56	120426.62
"sp|Q96EY1|DNJA3_HUMAN"	"HUMAN"	227991.05	252167.03	296056.8	294088.5	275016.66	217036.84	313024.3	306496.47	232466.77	213148.53	252550.14	326359.06	277109.8	291038.3	200784.38	243104.31	309527.25	249891.55
"sp|Q96EY4|TMA16_HUMAN"	"HUMAN"	0	0	0	0	0	0	0	0	0	0	0	0	0	0	0	0	0	0
"sp|Q96EY7|PTCD3_HUMAN"	"HUMAN"	0	0	0	0	0	0	0	0	0	0	150628.97	0	0	0	0	0	0	141429.8
"sp|Q96F44|TRI11_HUMAN"	"HUMAN"	0	0	166742.1	90160.81	118027.74	104430.04	0	0	0	0	0	0	0	0	0	0	0	0
"sp|Q96F86|EDC3_HUMAN"	"HUMAN"	64967.527	224138.72	54931.637	60689.277	62900.68	0	75108	526980.4	51355.7	85979.414	311740.47	682383	422157.72	535630.75	325223.75	257944	538885.44	0
"sp|Q96FV9|THOC1_HUMAN"	"HUMAN"	389346.12	486440.9	407906.44	18912.777	343455.1	356200.34	327894.16	369894.16	355642.8	108920.78	170090.06	416789.12	314929.72	21579.18	510107.06	354266.56	152670.22	538139.25
"sp|Q96FW1|OTUB1_HUMAN"	"HUMAN"	765121.5	712179.2	907692.94	719183.6	530810.4	699473.9	806579.94	533808.5	761660.7	711845.6	730385.1	609747.3	715251.1	676956.8	794782.2	662388.8	529514.56	689359.6
"sp|Q96FX7|TRM61_HUMAN"	"HUMAN"	0	0	0	0	0	0	0	0	0	0	0	0	0	0	0	0	0	0
"sp|Q96G03|PGM2_HUMAN"	"HUMAN"	1313355.9	1367729.9	974070.7	1573723.6	1068249.2	902155.7	963639.1	1410987.6	1502073.6	1364183.4	1010027.2	1215445.1	1108437	1773746	1585491.9	1022744.6	1389338	1091778.5
"sp|Q96G21|IMP4_HUMAN"	"HUMAN"	228966.08	250913.4	356096.12	107411.375	53469.16	287290.84	107337.94	152286.38	231897.67	0	0	168170.44	132279.11	135598.83	204820.78	0	237299.33	245842.56
"sp|Q96G46|DUS3L_HUMAN"	"HUMAN"	0	0	0	0	0	188731.1	0	154464.08	0	0	0	0	0	0	0	0	122719.695	0
"sp|Q96G74|OTUD5_HUMAN"	"HUMAN"	0	0	0	0	0	0	0	0	0	0	0	0	0	0	0	0	0	0
"sp|Q96GA3|LTV1_HUMAN"	"HUMAN"	1154686	1032375.2	870300.3	920673.4	560538.9	936546.7	1261361.5	952783.25	626790.25	931285.1	890326.1	1133685.8	1162293.5	512477	837646.5	915832.5	1037312.94	974861.75
"sp|Q96GD4|AURKB_HUMAN"	"HUMAN"	69537.3	0	46055.18	0	51532.734	0	76143.4	0	31900.994	58756.34	0	0	0	0	0	0	0	0
"sp|Q96GG9|DCNL1_HUMAN"	"HUMAN"	186677.3	182383.88	246846.69	235691.14	0	189592.23	0	276711.34	242907.8	216555.84	170922.4	275403.6	284283.97	249827.16	277073.62	207346.7	294815.53	283668.97
"sp|Q96GM8|TOE1_HUMAN"	"HUMAN"	77042.8	0	0	0	0	0	79811.42	0	0	77545.79	47673.457	0	75216.38	0	53375.316	0	0	0
"sp|Q96GQ7|DDX27_HUMAN"	"HUMAN"	800388.7	525128.3	459655.3	839710.25	849124.9	463056.5	769993	997965.4	516673.78	1476964.8	755510.6	585502.6	1124253.2	1331107	1475037.1	675493.75	1241511.5	1437050
"sp|Q96GU1|PAGE5_HUMAN"	"HUMAN"	1012486.9	1474783.5	1441611.2	1018440.2	1414578.5	1279694.8	1006560.1	1347157.8	1454922.8	1136432.4	1401536.5	1339254.4	805211.3	1418299.1	1337940.5	1487998	1457793.2	1424564.5
"sp|Q96GX2|A7L3B_HUMAN"	"HUMAN"	0	0	0	0	0	0	0	0	0	0	0	0	0	0	0	0	0	0
"sp|Q96GX9|MTNB_HUMAN"	"HUMAN"	325301.4	225004.38	332231.62	240485.38	84271.54	54039.12	184209.22	112912.516	217420.27	234336.47	128881.93	172924.56	199301.72	181958.75	215684.22	170190.14	224940.47	205875.78
"sp|Q96H55|MYO19_HUMAN"	"HUMAN"	0	0	871267.3	0	835009.9	834833.4	0	825215.6	748038.3	870498.2	851065.25	815832.3	933730.7	813658.5	854111.44	842574.44	756270.9	759404.8
"sp|Q96HC4|PDLI5_HUMAN"	"HUMAN"	2373849.5	2994532.8	3021004.2	2334683	2895632.8	2819463.5	2401509.5	2746652.2	2676986.2	792456.2	2759310.2	2606256.8	714449	2899384.2	2561528	2821226.8	2628784.5	880130.2
"sp|Q96HR9|REEP6_HUMAN"	"HUMAN"	65532.344	69137.23	70424.45	57540.54	73267.63	61515.848	58443.46	79062.09	66158.055	69604.84	75911.91	80426.03	78006.05	80390.97	70735.36	66565.91	68683.05	69054.09
"sp|Q96HS1|PGAM5_HUMAN"	"HUMAN"	445954.53	499733.16	383843.56	510602.5	321038.94	544086	487029.38	304305.6	303546.34	360898.25	444591.8	452200.25	376358.4	418487.25	406759.75	278598.16	347910.16	295911.88
"sp|Q96HU8|DIRA2_HUMAN"	"HUMAN"	0	0	0	0	0	0	0	0	0	265832.3	0	0	0	0	0	0	0	0
"sp|Q96I24|FUBP3_HUMAN"	"HUMAN"	370546.5	483964.1	301616.88	473836.25	259578.89	552971.44	197471.81	212575.48	489435.5	218934.1	238969.25	255097.39	215660.28	508751.22	306034.7	269636.38	321187.75	420382.53
"sp|Q96I25|SPF45_HUMAN"	"HUMAN"	696805.06	676689.8	735346.3	604698.6	537209.25	423168.62	755845.1	521292.94	533205.2	642404.8	384815.53	329453.44	771707.4	435850.9	587054	392701.12	636089.9	596006.2
"sp|Q96I51|RCC1L_HUMAN"	"HUMAN"	1490954.8	1810571.4	2120876.5	1262938.1	1966650.8	2056088.6	1262275.2	1438719.9	2181472	1149326.4	1866569.8	2034924.9	1216187	1901066.8	1632283.8	1167345.1	2006965.6	1791343.5
"sp|Q96I99|SUCB2_HUMAN"	"HUMAN"	0	0	62449.473	0	0	0	0	0	0	0	0	0	0	0	0	0	0	0
"sp|Q96IU4|ABHEB_HUMAN"	"HUMAN"	475174.06	295465.94	127183.05	586169.3	409259.94	198680	542605.2	367538.6	301054.44	450584.12	426356.2	484242.28	556172.7	474367.66	375873.4	257003.69	318959.22	158841.64
"sp|Q96IX5|ATPMK_HUMAN"	"HUMAN"	269935.1	420784.3	356272.56	276256.44	379225.3	332173.03	246975.14	321228.47	384838.3	309402.53	428426.44	382204.88	320157.4	396103.12	359407.84	430755.47	453063.5	424474.8
"sp|Q96J01|THOC3_HUMAN"	"HUMAN"	464391.22	292308.75	419976.4	722489.44	508124.3	437478.8	668523.94	346773.88	432657.06	541027.1	458161.97	479978	539658.3	473249.5	457758.94	286050.3	481507.7	352142.16
"sp|Q96JB3|HIC2_HUMAN"	"HUMAN"	0	0	0	0	0	0	0	0	0	0	0	0	0	0	0	0	0	0
"sp|Q96JB5|CK5P3_HUMAN"	"HUMAN"	0	0	0	0	0	0	0	0	0	0	0	0	0	0	0	0	0	0
"sp|Q96JM3|CHAP1_HUMAN"	"HUMAN"	180549.81	0	0	0	0	228344.45	0	208040.83	200400.86	201872.03	0	240822.73	0	223700.61	171269.77	0	207840.52	202528.78
"sp|Q96K17|BT3L4_HUMAN"	"HUMAN"	1672247	1977176.6	1908830.6	1747167.2	1584912.4	1702473.2	1758127.4	1769546.4	1815492.4	1717407.4	1816167.1	1886164	1726536	1603272.2	1484809.5	1944591.2	1528909.1	2031324.8
"sp|Q96K76|UBP47_HUMAN"	"HUMAN"	90762.516	0	0	0	0	0	64250.387	0	0	119582.52	0	0	131106.88	0	0	0	0	0
"sp|Q96KB5|TOPK_HUMAN"	"HUMAN"	1555805.5	1838475	702725.94	1541011.1	2356465.5	2195548	1614221.8	1430300.5	1777793.6	1514299.9	2337347	1639895.8	620984.6	2504068.5	2301354	1586626.9	1674029.4	1789727.5
"sp|Q96KG9|SCYL1_HUMAN"	"HUMAN"	0	0	0	0	0	0	0	0	0	0	0	0	0	0	0	123471.19	0	0
"sp|Q96KP1|EXOC2_HUMAN"	"HUMAN"	75870.5	0	61284.652	45431.477	74738.71	50016.957	67079.35	50109.703	0	86861.98	85811.68	61531.574	69131.14	54789.387	59676.695	0	56057.207	46361.234
"sp|Q96KP4|CNDP2_HUMAN"	"HUMAN"	1748541	1523414.5	1777000.5	1383490.8	1411701.1	1464623.2	1552559.1	1691940.6	1113252.1	1938886.1	1913045.1	1929528.8	1860044.5	1787469.9	1641524.4	1562507.5	1630465.1	1875945.5
"sp|Q96KR1|ZFR_HUMAN"	"HUMAN"	0	176669.28	0	193557.58	0	0	179421.31	0	0	0	0	0	0	0	0	0	0	0
"sp|Q96KR6|F210B_HUMAN"	"HUMAN"	0	0	0	45381.844	0	45550.27	0	0	42436.21	0	0	53381.383	0	0	0	0	0	0
"sp|Q96M27|PRRC1_HUMAN"	"HUMAN"	628496.8	528236.6	559977.94	628883.25	548818.06	607048.5	767957.56	506786.12	526439.56	561715.5	738757	534928.9	717690.25	621262.2	601987.4	542404.9	520357.53	526981.44
"sp|Q96MU7|YTDC1_HUMAN"	"HUMAN"	0	0	0	0	0	0	0	0	0	0	0	0	0	0	0	0	0	0
"sp|Q96MW1|CCD43_HUMAN"	"HUMAN"	103131.93	0	0	81471.38	0	90069.55	0	102385.766	0	0	0	0	113913.85	0	0	0	0	0
"sp|Q96NA2|RILP_HUMAN"	"HUMAN"	0	209964.72	260133.94	59895.336	0	0	0	227362.72	0	159531.39	0	0	0	0	0	0	0	0
"sp|Q96NT0|CC115_HUMAN"	"HUMAN"	0	0	0	0	0	0	0	0	0	0	0	0	0	0	0	0	0	0
"sp|Q96NY7|CLIC6_HUMAN"	"HUMAN"	0	0	0	0	0	0	0	0	0	80410.24	108958.43	0	0	0	0	0	0	0
"sp|Q96P11|NSUN5_HUMAN"	"HUMAN"	124867.88	229701.56	362059.12	231341.16	320173.25	91471.89	235995.88	298709.94	327413.7	313982.25	368649.44	408790.38	394762.62	364687.4	259080.31	376073.03	296868.47	374385.56
"sp|Q96P16|RPR1A_HUMAN"	"HUMAN"	0	128315.445	68584.21	60134.945	0	0	0	0	0	0	0	131362.92	0	0	0	0	0	0
"sp|Q96P70|IPO9_HUMAN"	"HUMAN"	316511.22	1048458.75	1093423.8	895002.1	1451534.2	1006431.7	1020364.5	744841.44	946949.4	1064641.8	1023145.25	881557.3	996040.6	855938.6	1297477.4	994765.7	949059.75	1160082.6
"sp|Q96PK6|RBM14_HUMAN"	"HUMAN"	1794938.5	2210709.5	2206175.5	1344835.8	2240126	2027493.2	1898660.1	1970835.9	2296907.8	1465095.1	2074436.8	1606055.1	1339778.9	2093255	2073124.5	1889069.2	2078469.5	1868015.6
"sp|Q96PM9|Z385A_HUMAN"	"HUMAN"	0	0	0	0	0	0	0	0	0	0	0	0	0	0	0	0	0	0
"sp|Q96PU8|QKI_HUMAN"	"HUMAN"	1008540.4	332839.34	750197.25	686711	1030250.9	646390.5	406737.5	653832.56	682345.5	741962.94	453853.16	662097.8	556596.4	827228.75	406031.28	690161.1	726422.6	620191.9
"sp|Q96PZ0|PUS7_HUMAN"	"HUMAN"	1111584.9	1045987.75	1120132.8	958076.25	1157778	1010594.1	1389549.5	1148303.8	1085417.8	1120458.9	920609.1	1246347.1	1517504.5	1279869	1506292.6	1507103.4	1186163.6	1509166.2
"sp|Q96Q11|TRNT1_HUMAN"	"HUMAN"	42644.76	401750.1	402347.84	353160.97	438350.94	439126.03	0	426759.56	72273.766	274237.97	385579.34	366284.5	420817.12	382547.94	279684.06	333481.4	311866.3	387857.38
"sp|Q96QC0|PP1RA_HUMAN"	"HUMAN"	108028.86	152905.22	217489.7	222484.8	365467.1	57366.055	163610.42	243663.8	190926.2	98676.07	200778.05	0	113306.27	34336.855	124854.48	47446.734	93766.7	249335.36
"sp|Q96QK1|VPS35_HUMAN"	"HUMAN"	3254110.5	2607766	3248324	3360439.2	3448475.2	2941383.8	2888391.5	3126270.2	3214243.2	2457868	3308460.5	3854828.2	3383700.2	3423423.2	2831863.5	3191987.5	3664957.2	3150970.5
"sp|Q96QV6|H2A1A_HUMAN"	"HUMAN"	3810343	3924707	3780353	3695177.5	3816457.5	3616615.8	3626964.2	3763035.5	3592694.8	3458356.8	3895125.2	3649979	3603108.5	3820464.2	3845296.5	3449762.5	3937248.8	3736851.8
"sp|Q96QZ7|MAGI1_HUMAN"	"HUMAN"	0	0	0	0	0	0	0	0	0	0	0	0	0	0	0	0	0	0
"sp|Q96R06|SPAG5_HUMAN"	"HUMAN"	0	1126773.8	0	0	0	0	0	0	0	436769.84	0	0	0	0	0	40979.08	0	0
"sp|Q96RE7|NACC1_HUMAN"	"HUMAN"	0	0	0	0	0	0	0	0	0	0	0	0	0	0	0	0	0	0
"sp|Q96RL1|UIMC1_HUMAN"	"HUMAN"	0	0	0	0	0	0	0	0	0	0	0	0	0	0	0	0	0	0
"sp|Q96RP9|EFGM_HUMAN"	"HUMAN"	1219015.8	1416219.1	1053158.1	1458815.8	1070323.5	1119979.2	1268055.2	1263329.1	1124388.4	1451351.9	1535918.9	1598151.1	1377373.4	860766.2	833356.4	1298098.8	1526306.5	1551980.9
"sp|Q96RS6|NUDC1_HUMAN"	"HUMAN"	1166161.8	1147897.6	843686.56	805839.6	1242990.8	485937.06	939996.1	777106.4	617318.8	829810.2	1109095.9	841860.56	873420	609580.6	475508.9	519807.3	1254827.2	506039.84
"sp|Q96RW7|HMCN1_HUMAN"	"HUMAN"	0	0	0	0	0	0	0	0	0	0	0	0	0	0	0	0	0	0
"sp|Q96S44|PRPK_HUMAN"	"HUMAN"	65892.28	105025	105109.83	60160.227	0	82857.13	0	0	0	77374.664	0	0	0	75423.72	0	0	0	0
"sp|Q96S59|RANB9_HUMAN"	"HUMAN"	146761.69	0	322436.12	196181.06	204714.52	402361.72	209725.73	384078	193974.56	378818.94	387866.5	324730.7	178460.89	253664.58	360039.53	277924.28	221557.05	305095.75
"sp|Q96S82|UBL7_HUMAN"	"HUMAN"	0	0	0	0	0	0	0	0	0	0	0	0	0	0	0	0	0	0
"sp|Q96SB3|NEB2_HUMAN"	"HUMAN"	139305.52	0	160697.77	78186.06	0	140536.89	0	0	0	106141.5	99623.42	104395.31	126755.086	110078.04	113780.8	110266.16	124039.52	121814.25
"sp|Q96SB4|SRPK1_HUMAN"	"HUMAN"	1627707.2	1204484.2	1805473.9	1771795	1804173	1725833.1	1784362.8	1346901.5	1741415	1525619.2	1676627.1	1244142.9	1777788	1868514.5	1364247	1680549.5	1881664.6	1703012.8
"sp|Q96SB8|SMC6_HUMAN"	"HUMAN"	0	0	0	0	652412.5	0	0	0	0	727487.8	0	702082.44	0	691939.1	0	830497.75	0	0
"sp|Q96SI9|STRBP_HUMAN"	"HUMAN"	149605.23	154376.78	139157.33	148639.25	155173.75	142354.16	149329.67	231423.88	222271.1	150085.44	455559.56	283467.56	165071.84	257286.61	235875.66	311001.1	233432.53	177187.88
"sp|Q96ST2|IWS1_HUMAN"	"HUMAN"	54587.75	140562.4	106881.11	149795.42	117864.27	136299.86	0	118328.9	0	129027.59	89087.38	91021.17	190047.47	282043.88	217558.08	106147.54	80530.26	240201.17
"sp|Q96ST3|SIN3A_HUMAN"	"HUMAN"	0	0	32494.826	0	0	21144.344	28792.418	38220.16	22413.99	0	0	0	0	0	0	0	0	0
"sp|Q96SY0|INT14_HUMAN"	"HUMAN"	62602.305	71952.27	61528.36	62388.207	61812.9	56513.105	69169.875	70512.68	66122.37	65267.207	74200.8	71202.53	72833.15	69704.305	68854.63	0	72028.875	71498.766
"sp|Q96T23|RSF1_HUMAN"	"HUMAN"	115660.11	117712.164	96841.25	95648.164	108116.27	103097.445	101784.125	112140.49	107591.766	104435.28	106007.37	0	122886.24	117888.08	104152.79	104986.766	111491.695	0
"sp|Q96T37|RBM15_HUMAN"	"HUMAN"	255459.34	37492.19	155241.52	184421.7	154692.19	135770.61	202159.97	204622.97	40459.652	201430.8	0	173296.56	195464.6	153133.31	206102.5	178444.17	202436.66	189479.25
"sp|Q96T76|MMS19_HUMAN"	"HUMAN"	233210.58	207425.56	96318.08	255275.22	144966.19	228284.69	97029.836	91249.2	245917.06	287341.62	103220.36	222559.34	257288.03	203142.11	228952.16	90112.016	208581	104149.7
"sp|Q96T88|UHRF1_HUMAN"	"HUMAN"	145532.23	175850.77	472698.7	485998.66	242623.9	172440.47	626410.4	389715.25	421277.62	213408.56	434180.06	151023.25	294507.97	289360.25	232413.72	310309.8	298485.7	139608.52
"sp|Q96TA1|NIBA2_HUMAN"	"HUMAN"	94809.69	0	108798.46	108166.56	0	0	109819.75	72995.59	150407.47	227525.94	260895.34	150563.02	273156.78	242438.73	271706.84	149067.1	244450.47	246966.84
"sp|Q96TA2|YMEL1_HUMAN"	"HUMAN"	705891.56	653595.75	419047	738848.44	759592.44	853827.06	583902.7	819368.9	698897.4	659717.8	795535.75	800360.94	733665.4	762605.94	971892.1	568473.75	0	902705.56
"sp|Q96TC7|RMD3_HUMAN"	"HUMAN"	53165.55	59253.21	0	52214.586	0	0	0	56443.64	0	0	0	0	0	65630.57	0	0	0	0
"sp|Q99417|MYCBP_HUMAN"	"HUMAN"	791447.56	856420.94	1165319.4	660688.8	1160244	664780.06	939533.75	1125357.8	942201.94	918254.1	996714.3	1161994.9	840341.25	992016	1011721.4	990841.3	1245170.5	909054
"sp|Q99436|PSB7_HUMAN"	"HUMAN"	1922885.8	2443283.8	2719946.5	2405714	2326264.5	2177847.5	2487563.8	2433338.2	2505351.2	2431152	1559813.5	2675225.2	1773638.2	2110386.8	2642481.5	1774316	2732152.5	2402193
"sp|Q99439|CNN2_HUMAN"	"HUMAN"	1785352.4	2203150.5	2234000.2	1903616.1	2500395.5	2138520.8	2187103.2	2548934	1928854.9	1908429.5	1456439	1635176.9	1625067.9	1297349.5	2454568	1531050.2	2382202.8	1258574.2
"sp|Q99447|PCY2_HUMAN"	"HUMAN"	463218	511870.53	436355.28	501374.4	506225.25	456933.28	521101.8	386921.53	407063.06	464155.62	444222.25	475075.97	457727.5	455556.44	413752.44	422317.94	465061.25	446473.1
"sp|Q99459|CDC5L_HUMAN"	"HUMAN"	2507853.8	2163379	1832377.8	2194782.5	2222033	2127760.2	2396971.8	2339730.2	2015028	2137845	1868086.8	2424984.5	2260183	2353055.8	2218704.8	2414309.5	2572676.2	1849639
"sp|Q99460|PSMD1_HUMAN"	"HUMAN"	5028115	5031706	5315225.5	5207843.5	5062143	5422518.5	6229764.5	4648772.5	5070310	5930797	6740321.5	5917154	6169070.5	6522024.5	6696207.5	6527977	5365740	7754329
"sp|Q99471|PFD5_HUMAN"	"HUMAN"	949522.06	999713.1	714128	966287.56	1115286.6	1014360.25	846130.94	930509.7	1053672.5	858800.1	1170439.1	1124440.5	1229537.5	1162603.9	1097724.8	1177351.5	1104793.1	892652
"sp|Q99496|RING2_HUMAN"	"HUMAN"	124372.89	66622.17	0	166872.9	157567.1	106033.09	518753.56	0	89151.25	557537.5	65862.06	223900.8	133363.47	92670.21	85124.18	0	0	108837.36
"sp|Q99497|PARK7_HUMAN"	"HUMAN"	10134847	10536130	10064350	10467253	11052644	9924947	10668792	9953056	10340940	10304517	10197808	10061352	10261309	10150984	9882927	10504579	9946049	10189830
"sp|Q99536|VAT1_HUMAN"	"HUMAN"	2203727	1721655	2131733	2295502	2673541.5	1554318.6	1878316.5	2153947	2147968.2	1890028	1623557.1	2117496.5	2029646.8	1729199.1	2021344.8	2416742.2	1447219.5	1583510.8
"sp|Q99541|PLIN2_HUMAN"	"HUMAN"	0	0	0	0	0	0	0	0	0	0	0	0	0	0	0	0	0	0
"sp|Q99543|DNJC2_HUMAN"	"HUMAN"	126591.164	127738.02	94095.38	131279.19	163437.33	109533.97	124150.87	113917.59	93538.76	148534.39	119357.92	108488.05	133186.53	111780.22	143590.81	136183.23	123377.17	123585.7
"sp|Q99547|MPH6_HUMAN"	"HUMAN"	0	101041.44	86843.03	68690.81	97588.18	0	59004.266	0	83796.73	0	0	0	0	95728.65	82827.555	0	0	0
"sp|Q99567|NUP88_HUMAN"	"HUMAN"	282208.34	233513.75	300301.4	193564.67	448111.12	234736.16	372119.3	101989.11	335520.22	399196.78	187898.72	467445	493328.34	409498.75	731291.1	351320.94	474731.78	372722.47
"sp|Q99595|TI17A_HUMAN"	"HUMAN"	0	0	0	0	0	0	0	0	0	0	0	0	0	0	0	0	0	0
"sp|Q99598|TSNAX_HUMAN"	"HUMAN"	1346360.6	938569.4	1241096.4	1316293.8	1530873.8	1450819.5	1556475.8	1378670.5	1028173	1101840.9	1291214.1	1423601.5	827793.2	1271946	1140458.5	740505.5	1164722.4	803923.4
"sp|Q99614|TTC1_HUMAN"	"HUMAN"	317239.9	288331.7	337621.5	280422.88	345323.56	284919.5	341457.47	273541.94	298521.1	134368.17	295821.2	285215.16	313370.25	244033.02	300710.1	357284.12	248961.72	270732.9
"sp|Q99615|DNJC7_HUMAN"	"HUMAN"	1948512.8	3134317.8	3058813.8	2421796	2263151	2256648.5	1977111.9	2634667.2	2597331.8	1972888.8	1743423.8	2042961.1	1561354.8	1942650.6	2287863.5	1621368.9	1933867.9	1946186.8
"sp|Q99622|C10_HUMAN"	"HUMAN"	0	0	0	0	0	0	0	0	0	0	0	0	0	66360.19	0	0	0	0
"sp|Q99623|PHB2_HUMAN"	"HUMAN"	7340620.5	8390302	8211016	7286331.5	8423407	8186874	8287599	8344775	8398588	7744551.5	8407499	8223268.5	7813699	8306081.5	7981288	7954272	8371619	8023530.5
"sp|Q99661|KIF2C_HUMAN"	"HUMAN"	1744139.6	1716356.4	1479059.2	1889484.2	1561837.2	1407664.2	1784982.6	1321551.2	1282832.5	1837552.1	1691399.4	1693813.6	1936863.8	1648954	1721251.1	1285941.6	1812147.9	1692599.1
"sp|Q99714|HCD2_HUMAN"	"HUMAN"	4245177.5	4208010.5	4030127.8	4076979	4246448.5	3975611	4415616.5	4231626	3814115.8	4415715.5	4179361	4373398.5	4553053	4685316	4827307	4476731.5	4407064.5	4262237
"sp|Q99719|SEPT5_HUMAN"	"HUMAN"	110122.18	0	98223.33	121168.1	0	0	234428.69	0	0	155626.42	0	0	0	0	0	0	0	0
"sp|Q99729|ROAA_HUMAN"	"HUMAN"	6511981	6468225	6611867	6404122.5	6612414	6502512	6803725.5	6582909	6385725.5	6418256	6604746.5	6966301.5	6840253.5	6724412.5	6942062	6639594	6758254.5	6511384.5
"sp|Q99733|NP1L4_HUMAN"	"HUMAN"	3293049.8	3105394.2	2188666.8	3331900.5	2828170.2	2973033	2212996.2	2956021.5	2977964.2	3049683	2974688.5	2161830.2	3689234.8	3014584.2	3061216.5	3286487.8	2867446	2866503.5
"sp|Q99747|SNAG_HUMAN"	"HUMAN"	264269.5	196301.03	329139.25	325168.2	277331.4	213577.36	297217.66	242204.9	282284.44	300857	260682.06	421926.25	366495.28	306369.9	356026.88	271771.66	358104.78	373904.25
"sp|Q99757|THIOM_HUMAN"	"HUMAN"	656087.9	222270.77	386070.1	765014.6	371477.1	473265.5	491436.1	410991	308662.5	451073.53	316490.8	536319.4	754215.9	414965.56	528508.9	434340.84	306432.38	419429.84
"sp|Q99798|ACON_HUMAN"	"HUMAN"	5296819	5118514	5557386.5	2948284	5635643.5	5116320.5	4796580	3268775.5	5219988	5158366	4954758	5247398	5688317.5	4540983.5	4844655	5020371	4038666.8	2241231.5
"sp|Q99805|TM9S2_HUMAN"	"HUMAN"	0	167030.61	291071.3	251818.67	318454.8	216421.25	159709.11	258376.6	183876.08	226182.47	374389.62	181888.64	159088.55	221113.5	244286.06	241317.58	260934.98	381385.03
"sp|Q99816|TS101_HUMAN"	"HUMAN"	0	0	0	0	0	0	0	0	0	0	0	0	97874.44	97538.99	0	0	0	111698.18
"sp|Q99829|CPNE1_HUMAN"	"HUMAN"	295414.38	461008.06	346996.38	308947.2	484112.2	285437.25	317214.8	369586.75	376965.8	401271.25	388121.06	332250.84	346571.5	448218.25	287763.56	283249.88	321614.16	356896.6
"sp|Q99832|TCPH_HUMAN"	"HUMAN"	17882768	17933476	17854864	17685406	17761732	16927888	17884326	16729560	17319240	17148988	18323720	16723957	17416550	16529688	18418250	16776239	18540696	17078436
"sp|Q99848|EBP2_HUMAN"	"HUMAN"	1947032.8	1945639.9	2142365.5	1445174.5	2083134.2	2040657.9	1595842.9	1970493.6	1955771	1764724	2335182	1812346	1702826.9	2207416.2	1716187.8	2042898.4	1756647.6	2023974.5
"sp|Q99856|ARI3A_HUMAN"	"HUMAN"	139093.19	128957.87	119415.2	133425.47	125705.055	106284.97	161834.28	126357.05	121698.695	150786.05	141462.42	160881.53	135369.19	132726.83	103999.52	144423.77	131336.06	124808.54
"sp|Q99873|ANM1_HUMAN"	"HUMAN"	3675020.5	3555492	3507073.8	3136308.5	3930306	3396704.8	3094900	3421872.8	3084833	3149633	3461231	3308288.2	3358634.5	3452707.2	3207618.2	3543246	3337926.2	3194259.8
"sp|Q99961|SH3G1_HUMAN"	"HUMAN"	299661.12	217211.72	197213.3	234382.08	252842.44	259451.6	63932.87	310014.5	268802.3	230619.62	252331.12	200060.9	186666.1	199174.69	243684.06	190832.73	220839.1	212488.17
"sp|Q99986|VRK1_HUMAN"	"HUMAN"	1461926.1	1128907.5	1181094.9	867501.9	721514.7	640966.75	1343720	720981.75	1062350.1	1016961.7	833305.9	850603.75	1028452.75	957446.9	1097382.2	946734.4	1089169	1030261.06
"sp|Q9BPX3|CND3_HUMAN"	"HUMAN"	577758.5	624819.9	656867.25	412558.88	877310.2	546853.25	467062.7	410852.9	493056.03	453674.4	220284.5	548941.94	816010.94	694301	791726.2	262972.78	577263.44	297616.75
"sp|Q9BPX5|ARP5L_HUMAN"	"HUMAN"	157675.3	327776.38	147013.69	136403.19	302531.34	216219.06	118418.234	139402.16	115365.72	303560.97	130032.42	245827.58	314409.75	249919.62	309937.2	166607.67	243431.27	273329.12
"sp|Q9BQ39|DDX50_HUMAN"	"HUMAN"	227554.94	118617.414	134784.73	136942.22	169541.75	194661.12	153249.36	110504.336	203916.62	131921.19	109341.28	117599.445	130750.36	0	129022.16	106366.19	121867.9	102160.95
"sp|Q9BQ52|RNZ2_HUMAN"	"HUMAN"	869748.6	577987	318785.38	619956.5	304439.3	289514.3	522610	271898.38	246835.08	579690	597706.94	319472.53	644349.75	273556.5	578535.06	136626.97	299819.88	267690.22
"sp|Q9BQ61|TRIR_HUMAN"	"HUMAN"	137743.27	53553.23	16563.703	138725.78	143786.08	183346.28	121570.94	113551.13	203044.03	158476.66	63714.598	105431.56	190517.5	142771.56	154902.23	143796.86	0	153273.28
"sp|Q9BQ67|GRWD1_HUMAN"	"HUMAN"	1575004.4	1643791.5	1452286.2	1537456	1467096.1	1471884	1745172.9	1751039.8	1531800	1378988.6	1375682.5	1311111	1540302.9	1278973.1	1431375.8	1285846.5	1536137.9	1302934.8
"sp|Q9BQ69|MACD1_HUMAN"	"HUMAN"	0	90639.8	0	84298.34	74413.6	0	0	0	0	0	0	0	0	0	0	0	0	0
"sp|Q9BQ75|CMS1_HUMAN"	"HUMAN"	223326.67	268312.4	103738.6	105191.44	185199.77	208463.06	245157.94	215419.83	92666.04	105737.39	229078.02	198473.61	197790.48	0	236408.12	199810.47	196936.17	190761.84
"sp|Q9BQA1|MEP50_HUMAN"	"HUMAN"	2419081.5	2421290	2551157.5	2514474.2	2261852.2	2231364.5	2460247	2497018.5	2240042	2492509.2	2191508.5	2596036	2526817.8	2184286.8	2125978.5	2386956	2294809.2	2282601.2
"sp|Q9BQC3|DPH2_HUMAN"	"HUMAN"	56622.203	0	54353.652	64460.31	68799.5	69473.46	55004.105	68918.93	0	65599.484	0	0	57983.395	0	67638.945	0	62140.863	0
"sp|Q9BQE3|TBA1C_HUMAN"	"HUMAN"	132827480	133019224	132010070	136091680	129281150	123025360	137904600	126246430	127854936	136808510	137209700	133298800	134354830	132662530	131846904	136319520	143356100	136695820
"sp|Q9BQG0|MBB1A_HUMAN"	"HUMAN"	1557584.2	1120490.2	1922089.8	1047070.25	1099353	1710136.2	1796553.8	1617086.1	1093581.4	1298429.6	1225613	1110296.5	1348682.8	1393450.4	1263437	1082874.2	1346704.5	1432847.9
"sp|Q9BR76|COR1B_HUMAN"	"HUMAN"	660173.3	742324.25	568563	936585.5	655648.25	696616.75	770420.9	653489.7	590828.56	651488	338739.88	671856.3	991428.75	652401.4	434521.2	791028.06	717887.3	315672.8
"sp|Q9BRA2|TXD17_HUMAN"	"HUMAN"	586661.6	604062.75	337092.3	609483.75	596436.1	482590.3	617581.9	613876	476091.88	641049	694317.94	690854.06	638540.6	688673.75	524812.7	707621	544918.06	477904.06
"sp|Q9BRD0|BUD13_HUMAN"	"HUMAN"	0	0	0	0	0	0	0	0	0	0	0	0	0	0	0	0	0	0
"sp|Q9BRF8|CPPED_HUMAN"	"HUMAN"	98535.305	201813.25	65439.824	84226.766	84789.125	82904.88	0	0	79516.63	273769.62	0	0	114652.414	248158.56	371778.72	191601.55	282556.56	80789.875
"sp|Q9BRG1|VPS25_HUMAN"	"HUMAN"	201677.97	42868.55	52522.348	0	0	44778.805	0	180110.8	0	0	0	0	49225.992	132078.02	81747.625	154631.73	0	0
"sp|Q9BRJ2|RM45_HUMAN"	"HUMAN"	133624.53	75715.664	0	90103.336	113262.36	78762.33	0	166622.5	0	0	127940.22	188265.12	169318.75	202884.67	153893.86	153182.56	174851.19	164933.53
"sp|Q9BRP1|PDD2L_HUMAN"	"HUMAN"	89676.516	77137.14	83760.12	97872.93	67707.53	0	98293.484	77468.21	87672.42	81584.08	95053.98	87524.85	73928.336	90408.87	82487.5	0	0	87655.47
"sp|Q9BRP4|PAAF1_HUMAN"	"HUMAN"	0	0	0	95520.734	0	0	91614.85	65321.51	0	0	0	0	0	71140.1	86650.01	0	105730.79	0
"sp|Q9BRT6|LLPH_HUMAN"	"HUMAN"	99878.78	0	0	0	89134.99	0	97252.766	108001.15	0	0	0	0	0	0	0	0	0	0
"sp|Q9BRT9|SLD5_HUMAN"	"HUMAN"	0	0	0	0	0	0	0	0	0	0	0	0	0	0	0	0	0	0
"sp|Q9BRX2|PELO_HUMAN"	"HUMAN"	119437.56	0	121841.89	141871.36	119231.5	129506.61	150771.75	73338.86	0	103775.086	146503.2	118867.41	125829.99	138435.31	155389.31	0	77979.74	120976.984
"sp|Q9BRX5|PSF3_HUMAN"	"HUMAN"	44048.297	0	0	55265.758	46023.223	55588.418	60661.14	0	0	44695.934	54485.492	77762.75	0	62101.188	0	0	0	0
"sp|Q9BRZ2|TRI56_HUMAN"	"HUMAN"	206175	241710.2	75060.086	0	190423.88	149046.95	0	0	0	156410.67	0	125258.55	107580.44	155832.1	189179.92	0	136370.38	142536.66
"sp|Q9BS26|ERP44_HUMAN"	"HUMAN"	388876.25	1148771.2	338472	1234333.8	745959.9	988503.4	721732.9	837894.94	1115179.9	543028	1081803.9	1123397.5	1361243.8	885305.4	964574.9	947036.94	1030873.1	1461995
"sp|Q9BSC4|NOL10_HUMAN"	"HUMAN"	60787.184	0	57820.055	75821.53	57031.832	50812.59	0	54390.195	0	55136.973	84159.32	78081.61	73214.35	66879.414	0	77380.55	52034.48	0
"sp|Q9BSD7|NTPCR_HUMAN"	"HUMAN"	512594.53	403472.2	533975.2	479695.12	494430.66	523590.94	321449.12	297789.2	291297.75	397263.4	288355.62	331613.56	296203.47	284732.44	276891.56	281522.03	293305.12	284527.16
"sp|Q9BSH4|TACO1_HUMAN"	"HUMAN"	181977.22	176850.64	168082.55	169939.83	177828.61	0	171293.62	165043.86	159241.2	180508.84	174974	161375.53	182323.53	164222.23	163319.73	163008.22	161120.9	156907.53
"sp|Q9BSJ8|ESYT1_HUMAN"	"HUMAN"	1191929.2	1079301.8	1163410.6	1407987.8	928930.75	1002064.75	1181284.2	1277824.1	1203690	1403646.4	826842.1	1138400.6	1437118.5	895677.6	1169137.2	994968.94	971848.7	1087523.4
"sp|Q9BSL1|UBAC1_HUMAN"	"HUMAN"	1352824	1253375.8	1609677.2	1196780.1	1332638.6	1297148.6	1234102.2	1285913.8	1166575	1303044.9	1266392.1	1197095.8	1461726	1533029.5	1439134.6	1210346.5	1534356.8	1610290.1
"sp|Q9BSV6|SEN34_HUMAN"	"HUMAN"	0	0	55249.66	48318.848	0	53907.65	0	0	0	0	0	0	0	0	0	0	0	0
"sp|Q9BT25|HAUS8_HUMAN"	"HUMAN"	0	0	0	0	0	0	0	0	0	0	0	0	0	0	0	0	0	0
"sp|Q9BT73|PSMG3_HUMAN"	"HUMAN"	201640.06	266186.7	324627.22	332893.88	186263.34	38870.754	218130.16	196214.6	278500.62	336817.2	274447.4	262266.62	317608.53	255274.4	133039.67	116012.74	130133.72	174548.39
"sp|Q9BT78|CSN4_HUMAN"	"HUMAN"	625754.7	695130.7	591690.94	561944.6	671602.1	642885.06	696735.5	730179.7	584534.1	753970.94	516411.44	718423.3	869530.1	548245	507952.03	702796.2	383279.9	585526.06
"sp|Q9BTD8|RBM42_HUMAN"	"HUMAN"	130694.71	117595.74	116826.1	111461.98	114522.45	113715.55	127705.414	146108.34	119768.01	110352.96	112207.74	97415.625	121512.97	115350	143659.25	103456.93	129027.55	116932.53
"sp|Q9BTE3|MCMBP_HUMAN"	"HUMAN"	0	97440.73	0	0	0	0	185381.42	172711.94	0	0	0	0	200458.47	188305.14	140792.5	0	0	135091.88
"sp|Q9BTE6|AASD1_HUMAN"	"HUMAN"	0	0	0	0	0	0	0	0	0	139066.11	124408.484	0	146819.92	0	0	127185.34	115325.45	121452.68
"sp|Q9BTM9|URM1_HUMAN"	"HUMAN"	345813.2	231133.88	262336.47	182528.4	0	226692.97	0	248862.56	79349.35	300483.16	183126.89	199207.98	149001.47	257541.88	62600.4	179768.73	149183.02	0
"sp|Q9BTT0|AN32E_HUMAN"	"HUMAN"	5126791.5	4457752.5	5042558.5	4548529.5	4840351.5	3865939.8	4745688	4542569.5	3801967.2	4141608.5	4238612.5	3180170.2	4254641.5	3785785.5	3949529.5	4075386.8	4106972.5	3885112.5
"sp|Q9BTV4|TMM43_HUMAN"	"HUMAN"	0	0	0	0	0	0	0	0	0	0	0	0	0	0	0	0	0	0
"sp|Q9BTW9|TBCD_HUMAN"	"HUMAN"	930832.75	1262181.1	85737.78	870832.75	1030275.2	970815.06	831631.7	976337.25	1132125.9	62292.48	59159.59	212222.5	77178.36	183425.75	92492.11	0	217877.38	210692.81
"sp|Q9BTY7|HGH1_HUMAN"	"HUMAN"	258489.44	334609.75	348702.62	293748.9	282894.9	314823.12	364453.56	344952.16	241078.27	432825.88	284090.6	442330.1	378029.88	283299.16	238653.11	282422.03	344262.62	276951.12
"sp|Q9BU89|DOHH_HUMAN"	"HUMAN"	884300.1	839884.06	1124190.5	928054.94	824636	599625.5	1220213.9	889497.6	761683.56	856184.9	765482.1	824797.25	929972.5	855067.25	692573.75	410536.44	441212.5	966068.5
"sp|Q9BUB7|TMM70_HUMAN"	"HUMAN"	73328.08	75253.734	73857.836	65517.285	71872.94	84074.87	85931.79	64235.996	83229.63	52269.863	0	111941.164	85183.055	62476.85	80059.35	77488.84	0	0
"sp|Q9BUE0|MED18_HUMAN"	"HUMAN"	98340.17	0	0	92444.1	0	0	0	0	0	95761.39	0	0	94497.68	0	0	0	0	0
"sp|Q9BUF5|TBB6_HUMAN"	"HUMAN"	3095067	2756372	3390167.8	3506907	2588733.2	3027909	3676921.2	3357228.5	3065777.2	3490007.5	2927325.8	3505879.2	3733881.5	3308426	3150172.2	3417817.5	3441593.2	3384803
"sp|Q9BUJ2|HNRL1_HUMAN"	"HUMAN"	1438045.1	637530.8	1535086.5	871975.2	1082590.5	1325610.9	1026609.6	1395052.5	1307379.2	2661209.8	2788388	2232809.5	2278545.5	1063647.5	2531437.5	2330083.5	2260777	1295058.6
"sp|Q9BUL8|PDC10_HUMAN"	"HUMAN"	934942.06	791320.8	712622.1	639552.6	1020497.75	714169.94	658744	706760.3	824365	884969.56	819089	753911.5	878419.5	695891.4	821711.75	726486.25	860256.2	864954.7
"sp|Q9BUP3|HTAI2_HUMAN"	"HUMAN"	0	0	0	0	0	0	0	0	0	0	0	0	0	0	0	0	0	0
"sp|Q9BUQ8|DDX23_HUMAN"	"HUMAN"	1129265.6	552067.56	615821.44	1183576.5	656535.56	592128.44	382505	589422.3	625848.9	1176077	846517.3	677100.4	1051630.6	1253005.5	980888.25	782782.4	601964.7	548165
"sp|Q9BUR5|MIC26_HUMAN"	"HUMAN"	361544.8	418667.38	371818.56	346992.7	409321	385135.2	275249.12	0	348369.6	0	0	0	0	0	0	0	0	0
"sp|Q9BV20|MTNA_HUMAN"	"HUMAN"	189363.6	209364.33	193344.05	205983.38	273379.12	190591.08	213076.48	225475.42	162692.02	183099.1	235222.31	266213.25	199518.53	188936.56	188505.77	262761.97	195662.88	284732.3
"sp|Q9BV38|WDR18_HUMAN"	"HUMAN"	433038.56	359409.22	436283.47	345623.62	359871.2	399124.97	444432	326877.94	364711.3	414330.66	282732.2	322651.03	407873	419839.4	481402.5	441222.12	272847.94	252205.98
"sp|Q9BV40|VAMP8_HUMAN"	"HUMAN"	55156.29	310218.4	276956.7	82071.67	253362.69	300890.94	87014.74	294854.38	306742.44	101560.43	83305.66	124766.64	77915.195	71199.59	65701.83	0	103663.945	102267.64
"sp|Q9BV44|THUM3_HUMAN"	"HUMAN"	291367.53	248593.72	462375.44	238380.8	311177.34	376435.97	0	278293.1	0	146000.48	397148.16	298395.44	371132.22	87215.53	403641.06	324971.62	409426.4	280654.03
"sp|Q9BV57|MTND_HUMAN"	"HUMAN"	0	0	0	0	0	0	0	0	0	0	0	0	0	0	0	0	0	0
"sp|Q9BV68|RN126_HUMAN"	"HUMAN"	0	0	0	0	0	0	0	0	0	0	0	0	0	0	0	0	0	0
"sp|Q9BV79|MECR_HUMAN"	"HUMAN"	0	0	0	0	0	0	0	0	0	0	0	0	0	0	0	0	0	0
"sp|Q9BV86|NTM1A_HUMAN"	"HUMAN"	172344.77	474384.88	198064.64	181927.22	185609.58	197877.94	340161.88	209651.2	190097.36	175217.92	391090.9	354233.38	403715.12	380534.84	198079.81	154334.58	231891.03	212508.47
"sp|Q9BVA0|KTNB1_HUMAN"	"HUMAN"	122561.72	153553.34	161077.12	134242.56	0	157649.48	120773.586	158764.12	152433.56	0	0	0	0	0	0	0	332112.47	0
"sp|Q9BVC4|LST8_HUMAN"	"HUMAN"	0	0	0	0	0	7620.896	0	0	0	0	0	0	0	0	0	0	0	0
"sp|Q9BVC5|ASHWN_HUMAN"	"HUMAN"	0	0	0	0	0	0	0	0	0	0	0	0	0	0	0	0	0	0
"sp|Q9BVG4|PBDC1_HUMAN"	"HUMAN"	1101324.2	1377521.1	1917696.9	1409351.1	1339253.6	1389636.9	1556867.2	1557916.6	1200723.1	1348422.5	1250893.6	1711570.6	1183066	1208018.4	1359927.6	1236824.5	1807617.4	1054813
"sp|Q9BVI4|NOC4L_HUMAN"	"HUMAN"	834169.75	517919.97	682506.6	923415.4	726750.5	677059.06	761058.3	629661.44	611507.56	778704.1	733070.75	831954.75	849884.44	726213	448207.38	700831.9	885007.94	803102.9
"sp|Q9BVJ6|UT14A_HUMAN"	"HUMAN"	639261.3	679605.2	707243.56	675633.9	548062.6	656559.1	858469.9	780628.75	398986.38	851714.3	920899.9	641727.5	724313.3	884885.56	942616.5	780925.4	1155169.6	958221.5
"sp|Q9BVL2|NUP58_HUMAN"	"HUMAN"	148169.88	142861.27	0	175255.58	0	0	0	202577.39	0	104336.31	170832.12	58725.543	220995.06	139297.67	191655.28	200865.34	246041	152300.02
"sp|Q9BVP2|GNL3_HUMAN"	"HUMAN"	2147218	2441940	2366611.8	2080524.4	2204804.5	2177605	2339836.5	2173422.8	2206696.8	2396608.5	2437427	2472786.5	2164063.2	2107245.8	2425826.8	2608773.2	2524578.8	2677663.5
"sp|Q9BVS4|RIOK2_HUMAN"	"HUMAN"	211407	105351.36	124629.23	99833.16	120699.055	145653.27	90338.99	145474.4	91155.76	243186.6	111446.09	292127.75	253681.47	153079.06	122998.34	110868.98	208132.66	0
"sp|Q9BVW5|TIPIN_HUMAN"	"HUMAN"	0	0	0	0	0	0	0	0	0	0	0	0	0	0	0	0	0	0
"sp|Q9BW27|NUP85_HUMAN"	"HUMAN"	1162943.5	949635.6	586057.1	799207.44	753928.2	612081.7	1044851.9	862022.06	675206.44	1220138	578100.4	544573.1	776372.06	731222.94	527146.6	867076.1	649465.06	653122.06
"sp|Q9BW66|CINP_HUMAN"	"HUMAN"	0	0	0	0	0	0	0	0	0	0	0	0	0	0	0	0	0	0
"sp|Q9BW85|YJU2_HUMAN"	"HUMAN"	0	0	0	0	0	0	0	336324.84	0	356154.28	0	0	0	0	0	0	0	0
"sp|Q9BWD1|THIC_HUMAN"	"HUMAN"	4746303.5	4160001	4424903.5	4860396	4355061.5	4225271.5	5006106.5	4510509.5	4515748	5092547.5	4591195	4319144	5304568.5	4459805	4488189.5	4725403	4491182.5	4808523
"sp|Q9BWE0|REPI1_HUMAN"	"HUMAN"	0	0	0	0	0	0	0	0	0	0	0	0	0	0	0	0	0	0
"sp|Q9BWF3|RBM4_HUMAN"	"HUMAN"	677429.1	770600.75	858782.6	621529.9	629518.5	772845.4	570682.75	569473.94	628367.4	689346	817560.25	449997.1	732273.25	741055.6	976480.25	694271.94	945356	627262.6
"sp|Q9BWH2|FUND2_HUMAN"	"HUMAN"	425942.44	640355	621746.1	316849.2	522863.88	0	304362.78	593451.8	478570.3	320746.47	603451.94	0	0	0	0	0	0	493436.6
"sp|Q9BWJ5|SF3B5_HUMAN"	"HUMAN"	85273.445	137053.23	187551.28	209091.25	130685.195	135535.77	160159.67	232581.48	143500.27	143649.66	391809.1	165709.55	0	142375.27	159360.64	508151.94	169121.05	311881.66
"sp|Q9BWS9|CHID1_HUMAN"	"HUMAN"	245594.47	246072.31	385712.3	297248.38	297107.22	279585.2	0	404538.72	257258.3	0	293470.3	383574.2	0	301970	0	0	316952.16	0
"sp|Q9BWU0|NADAP_HUMAN"	"HUMAN"	0	0	0	0	0	0	0	0	0	45551.664	0	0	0	0	0	0	0	0
"sp|Q9BWW4|SSBP3_HUMAN"	"HUMAN"	0	131793.12	125436.89	0	289148.2	0	13504.4	0	0	14644.422	0	0	13314.261	0	0	0	19367.623	0
"sp|Q9BX68|HINT2_HUMAN"	"HUMAN"	0	0	210591.53	0	141104.31	0	0	0	0	175955.75	0	200749.4	203054.88	166192.94	159807.31	0	105912.74	150846.5
"sp|Q9BXJ9|NAA15_HUMAN"	"HUMAN"	3254343.5	3131090.5	2747182.2	2991185.5	3387612.2	3195907	3010518.8	2842446.2	3504066.5	2196855	3194356.2	3365849.5	2573263	3000818.5	2744541	2726467.5	2989607.5	3044599.8
"sp|Q9BXK5|B2L13_HUMAN"	"HUMAN"	60740.09	63700.816	524967.3	459969.56	198490.6	244167.31	525229.5	209935.12	622215.25	66953.125	211751.19	143400.08	249892.23	76107.6	565610.1	62918.863	60445.316	62959.72
"sp|Q9BXL5|HEMGN_HUMAN"	"HUMAN"	1547105	1205984.5	1343711.2	1544168.9	1299133.8	1369931.5	1298005.5	1885065.9	1718460.8	1388178.9	1602167	1486263.5	1651081	1551484.2	1622340.9	1334892.2	1072002	1334928
"sp|Q9BXP5|SRRT_HUMAN"	"HUMAN"	2664203.2	3746807	3435421.2	2703336	2947061.8	3230351.5	2470627.5	2809904.5	2878019.8	3347093.2	3504288	3588684.2	3082040.8	3582044.2	3654002.2	2936154.5	3509237	3318605.5
"sp|Q9BXS5|AP1M1_HUMAN"	"HUMAN"	0	0	0	0	0	0	0	0	0	0	0	0	0	0	0	0	0	0
"sp|Q9BXV9|GON7_HUMAN"	"HUMAN"	363993.78	292811.2	373277.28	629434.6	0	318067.53	0	273346.66	0	145914.34	0	0	171260.72	102534.45	0	111992.54	0	109594.414
"sp|Q9BXW9|FACD2_HUMAN"	"HUMAN"	66674.984	69694.04	55739.324	67935.91	0	54695.98	57851.945	0	59118.492	57773.332	73229.47	65030.34	64957.977	63172.33	58846.645	61962.664	0	63484.25
"sp|Q9BXY0|MAK16_HUMAN"	"HUMAN"	343680.3	421814.5	851993.75	439363.3	110959.34	125895.22	534772.2	583208.5	332408.7	738897.9	696626.56	484482.72	389646.38	519237.34	307826.34	346627.06	326452.97	443062.3
"sp|Q9BY32|ITPA_HUMAN"	"HUMAN"	159418.03	0	156639.16	181159.81	151589.92	255592.6	209841.53	377095.94	136466.67	437988.7	339967.2	411464.8	624111.3	502117.88	198219.88	236571.14	594501.3	294837.53
"sp|Q9BY44|EIF2A_HUMAN"	"HUMAN"	572208.56	469063.16	485557.1	384513.62	568063.75	338281.4	507900.78	154349.44	314185.25	504672.3	626298.2	538006.9	406722.16	340378.9	508154.66	658297.8	495352.75	339710.66
"sp|Q9BY77|PDIP3_HUMAN"	"HUMAN"	158446.12	170974.66	150946.64	157988.4	186118.4	164093.39	185375	153761.52	192884.67	222590.12	204806.34	167295.34	200624.73	182826.48	214477.98	0	160523.47	164724.95
"sp|Q9BYD1|RM13_HUMAN"	"HUMAN"	0	0	84906.39	0	0	0	0	65944.086	0	70489.87	91271	84291.51	0	107411.17	0	80213.22	113299.47	110351.12
"sp|Q9BYD2|RM09_HUMAN"	"HUMAN"	0	0	0	0	0	0	0	0	0	146380.64	111915.945	0	0	0	169225.67	0	0	0
"sp|Q9BYD3|RM04_HUMAN"	"HUMAN"	514788.06	120929.04	339415.62	381125.4	386695.06	166445.1	365328.3	373642.25	328062.12	596328.56	288767.8	339281.25	686641.25	97275.81	333465.62	502898.62	243735.4	76786.15
"sp|Q9BYD6|RM01_HUMAN"	"HUMAN"	0	140519.67	291999.34	295298.28	0	252826.55	207661.42	170531.2	108896.52	135269.6	132973.77	425834.16	107554.875	309792.44	139318.31	178481.48	0	158810.77
"sp|Q9BYG3|MK67I_HUMAN"	"HUMAN"	466737.7	606239	124045.21	592336.9	780048.5	547109.8	861107	632942.9	552458.25	642655	766413.94	596672.6	629155.5	506446.06	379045.9	637757.1	920723.44	425668.75
"sp|Q9BYJ9|YTHD1_HUMAN"	"HUMAN"	216420	0	0	227578.22	0	0	125918.12	0	0	117675.32	0	0	114590.47	0	110420.03	0	84591.58	0
"sp|Q9BYN8|RT26_HUMAN"	"HUMAN"	91582.39	0	0	0	0	0	77035.914	0	0	128424.06	91373.73	81759.68	0	0	0	140570.72	85075.74	0
"sp|Q9BYT8|NEUL_HUMAN"	"HUMAN"	0	205891.83	203585.81	259201.97	0	234212.03	292948.9	225917.73	0	174560.97	163332.12	164185.8	184671.72	151280.98	176644.64	146590.28	168447.88	190491.92
"sp|Q9BYX7|ACTBM_HUMAN"	"HUMAN"	0	0	0	0	0	0	0	0	0	0	0	0	0	0	0	0	0	0
"sp|Q9BZE1|RM37_HUMAN"	"HUMAN"	43266.133	153972.03	183387.62	0	0	330666.56	36797.03	265138.62	220172.58	0	191332.58	205022.25	0	211952.9	62858.227	193618.06	130870.19	146290.55
"sp|Q9BZE4|GTPB4_HUMAN"	"HUMAN"	304703.12	121707.805	0	155444.03	88552.92	205469.08	297228.7	0	250224	110500.88	65643.37	0	311200.25	61576.08	143056.12	102130.18	161265.83	92844.42
"sp|Q9BZL1|UBL5_HUMAN"	"HUMAN"	0	0	0	0	0	0	0	0	0	0	0	0	0	0	0	82923.88	0	0
"sp|Q9BZX2|UCK2_HUMAN"	"HUMAN"	141318.64	127563.336	176459.75	128046.34	163438.28	92681.16	143703.4	148550.78	163571.73	150312.22	106462.4	127714.28	123548.19	140052.45	117505.37	128378.58	108807.15	146983.56
"sp|Q9BZZ5|API5_HUMAN"	"HUMAN"	2880255	2383258	2365599	2995344.5	2674651.2	2661572.5	2645777	2599659.2	2422950.5	2712853.2	2327524	1915694.8	2472502	2044938	2560159.8	2279864.8	2499191	2059349.8
"sp|Q9C005|DPY30_HUMAN"	"HUMAN"	580201.3	285146.94	367841.53	691405.1	606446.44	377088.8	332883.47	425098.06	470580.84	629385.44	293040.38	556087.06	520192.03	557058.9	539887.1	592259.9	300240.72	350300.06
"sp|Q9C0B1|FTO_HUMAN"	"HUMAN"	50467.016	58134.746	52735.47	0	0	47290.977	0	0	47447.953	0	54648.652	0	50552.793	0	0	41808.586	51320.22	0
"sp|Q9C0C9|UBE2O_HUMAN"	"HUMAN"	643432.3	254377.1	728090.25	680561.1	592382.5	612959.8	696134.1	645121.75	583186.3	191691.86	48088.965	746011.3	49942.086	744178.94	41252.703	0	0	0
"sp|Q9C0F1|CEP44_HUMAN"	"HUMAN"	0	0	0	0	0	0	0	0	0	0	0	0	0	0	0	0	0	0
"sp|Q9C0G6|DYH6_HUMAN"	"HUMAN"	0	0	0	0	0	0	0	0	0	0	0	0	0	0	0	0	0	0
"sp|Q9C0J8|WDR33_HUMAN"	"HUMAN"	0	0	0	0	0	0	0	0	0	0	0	0	0	0	0	0	0	0
"sp|Q9C0K1|S39A8_HUMAN"	"HUMAN"	0	0	0	0	0	0	0	0	0	0	0	0	0	0	0	0	0	0
"sp|Q9GZL7|WDR12_HUMAN"	"HUMAN"	1242232.8	1335374	1347621.1	1090356.1	1138964.1	1188283.8	1249969.1	1460831.8	1348581.9	1189448.6	1257232.8	919925.7	1114045.5	1165049.1	1277413.1	1060063.2	1117568.5	884725.8
"sp|Q9GZP4|PITH1_HUMAN"	"HUMAN"	342179.38	396631	185987.67	257367.6	323880.5	264370.56	106829.89	352863.5	355922.28	303525.25	300850.7	238389.25	347332.9	336457.2	191478.03	281110.5	44136.86	297687.78
"sp|Q9GZS1|RPA49_HUMAN"	"HUMAN"	0	0	0	0	0	0	0	0	0	0	0	0	0	0	0	0	0	0
"sp|Q9GZS3|SKI8_HUMAN"	"HUMAN"	265438.84	611782.75	193165.02	377112.12	237374.98	210312.61	510116.9	508706.56	405193.06	806345.06	706397.1	610877.8	623307.9	569087.44	564666.25	525858.2	459508.62	436650.1
"sp|Q9GZT3|SLIRP_HUMAN"	"HUMAN"	1564203.4	1997171.2	1920487	1508478.6	1211426.4	1339730.8	1507800.8	1856131.8	1233015.2	1204419.6	800775.1	965694.4	1076869	1182149.8	1753429.9	1188277.1	1046343.75	1513433.2
"sp|Q9GZU8|PIP30_HUMAN"	"HUMAN"	0	0	0	0	0	0	0	0	0	0	0	0	0	0	0	0	0	0
"sp|Q9GZY8|MFF_HUMAN"	"HUMAN"	167974.19	0	0	0	0	0	0	0	0	0	0	0	0	0	0	0	104628.61	0
"sp|Q9GZZ1|NAA50_HUMAN"	"HUMAN"	1141442.5	1078998.1	1063954.5	1121127.5	1120946.8	1060330.6	1125202	1234125	1011973.56	1259755.4	1278711.5	1123268.6	1299883.8	1118401.2	1054737.2	1432422.4	1045812.9	1172687.5
"sp|Q9GZZ9|UBA5_HUMAN"	"HUMAN"	232344.9	92529.625	0	241733.34	85545.266	89560.95	242309.12	0	100987.336	253584.2	125022.63	221614.08	291071	122172.19	151837.12	73686.7	83666.38	115715.81
"sp|Q9H000|MKRN2_HUMAN"	"HUMAN"	0	0	0	0	0	0	0	0	0	0	0	0	0	0	0	0	0	0
"sp|Q9H019|MFR1L_HUMAN"	"HUMAN"	0	0	31634.658	0	0	27717.973	0	0	0	0	0	0	0	0	0	0	38647.945	0
"sp|Q9H074|PAIP1_HUMAN"	"HUMAN"	498410.7	388464.9	422689.5	383453.3	382084.06	412985.94	430169.3	475383.03	254750.73	336176.8	0	458762.47	422560.3	274364.47	298765.5	811518.7	330924.97	336694.7
"sp|Q9H078|CLPB_HUMAN"	"HUMAN"	0	0	0	0	0	0	0	0	0	0	0	0	0	0	0	0	0	0
"sp|Q9H0A0|NAT10_HUMAN"	"HUMAN"	2078248.8	1227560.8	1680842.2	1506764.1	1654901.2	1694409.8	1421100.2	1593195.1	1390411.2	2128745	1199074.4	1288640.5	1824603.2	1496605.2	1733896.8	1234242	1294784.5	1215554.9
"sp|Q9H0C8|ILKAP_HUMAN"	"HUMAN"	0	0	162821.3	498698.7	99003.64	0	0	0	0	0	0	128186.39	102382.09	555586.9	0	93006.19	0	117525.29
"sp|Q9H0D6|XRN2_HUMAN"	"HUMAN"	728557.6	620931.1	724346.75	448309.12	455947.62	775554.4	1148127.9	600166.75	763011.6	383899.72	435117.2	420022.56	308807.78	573677.44	606523.1	675941.6	289969.1	745288.75
"sp|Q9H0G5|NSRP1_HUMAN"	"HUMAN"	43640.21	45147.84	38426.844	0	0	0	46520.4	45619.03	0	0	59099.234	0	0	42323.344	110616.87	0	0	0
"sp|Q9H0H0|INT2_HUMAN"	"HUMAN"	0	0	0	0	0	0	0	0	0	0	0	0	0	0	0	0	0	0
"sp|Q9H0L4|CSTFT_HUMAN"	"HUMAN"	91358.49	80198.04	0	129530.28	0	0	82160.86	0	68874.984	124071.125	151434.9	0	109750.12	0	0	108283.5	42455.426	48989.88
"sp|Q9H0S4|DDX47_HUMAN"	"HUMAN"	293523.12	259018.72	307335.62	293330.56	319783.3	305078.62	164657.27	337218.03	311000.16	423683.56	274408.25	321731.5	444767.56	329694.25	321047.94	430094.1	328618.06	315105.28
"sp|Q9H0U4|RAB1B_HUMAN"	"HUMAN"	770871.75	1060986.5	911168.25	767142.8	713016.44	887075.9	734493.25	808685.44	791235.4	676587.06	716041.44	837215.75	843994.8	978289.75	749388.3	1046716.1	718055.7	900224.44
"sp|Q9H0W8|SMG9_HUMAN"	"HUMAN"	61040.297	65222.47	0	0	60500.25	0	63503.754	0	0	61366.668	57020.777	59747.29	63621.605	61817.61	0	61265.594	61970.855	53618.02
"sp|Q9H0W9|CK054_HUMAN"	"HUMAN"	88304.13	100673.05	0	100285.69	88993.24	0	131166.14	0	70612.41	86606.06	105095.625	0	113912.19	93516.03	151062.14	152172.47	0	82646.36
"sp|Q9H0Z9|RBM38_HUMAN"	"HUMAN"	128147.445	0	0	0	0	140652.47	0	0	0	0	0	0	0	0	0	0	0	0
"sp|Q9H1A4|APC1_HUMAN"	"HUMAN"	455088.66	448986.78	604243.56	416208.3	572538.44	426333.8	333492.56	559356	534576	543109	1165755.1	568243.44	496334.16	812741.4	877937.06	1265840	607124.1	1186304.2
"sp|Q9H1E3|NUCKS_HUMAN"	"HUMAN"	92313.27	113224.195	0	110962.17	150735.1	0	0	120651.88	0	103893.93	123106.914	0	107745.06	0	140867.55	0	173338.11	0
"sp|Q9H1I8|ASCC2_HUMAN"	"HUMAN"	0	0	0	0	0	0	0	0	0	0	0	0	0	0	0	0	0	0
"sp|Q9H201|EPN3_HUMAN"	"HUMAN"	0	0	0	0	0	0	0	0	0	0	0	0	0	0	0	0	0	0
"sp|Q9H270|VPS11_HUMAN"	"HUMAN"	0	0	0	0	0	0	0	0	0	0	0	0	0	0	0	0	0	0
"sp|Q9H299|SH3L3_HUMAN"	"HUMAN"	1091905.8	1077599.8	682202.1	1041729.1	1047462.4	1018644	1063493.8	865579.6	1038488.75	1016935.2	1086033	759870.1	1018909.75	1030667.4	1137791.8	1166884.1	1161738.5	1118691.4
"sp|Q9H2D1|MFTC_HUMAN"	"HUMAN"	0	0	0	0	0	0	0	0	0	0	0	0	0	0	0	0	73855.83	0
"sp|Q9H2G2|SLK_HUMAN"	"HUMAN"	0	0	0	0	0	0	0	0	0	0	0	0	0	0	0	0	0	0
"sp|Q9H2J4|PDCL3_HUMAN"	"HUMAN"	446287.1	355867.8	396882.84	412001.8	421875.72	326520.03	389288.44	329828.78	353399.56	196003.17	173444.73	166423.48	197710.12	185558.77	363297.1	174154.92	169623.12	381877.16
"sp|Q9H2M9|RBGPR_HUMAN"	"HUMAN"	0	0	0	36925.68	0	113458.73	0	0	51930.254	77688.28	0	0	58311.79	74545.125	0	0	0	81110.09
"sp|Q9H2P0|ADNP_HUMAN"	"HUMAN"	0	0	0	0	0	0	0	0	0	0	0	0	0	0	0	0	0	0
"sp|Q9H2P9|DPH5_HUMAN"	"HUMAN"	225789.4	243182.5	107193.09	193056.03	102380.055	110141.234	272394.06	382834.9	112707.45	133838.11	283452.62	122966.625	387335.84	375064.97	0	158298.84	382387.78	287716.53
"sp|Q9H2U1|DHX36_HUMAN"	"HUMAN"	192663.34	184254.94	189266.78	218081.02	152508.34	169869.1	270605.53	163049.4	170577.36	202442.86	180093	162050	257509.75	241286.53	157923.42	249969.78	182547.98	155636.44
"sp|Q9H2U2|IPYR2_HUMAN"	"HUMAN"	288354.25	292014	249413.66	369191.78	153196.83	142139.39	374164.3	268574.7	138054.17	392921	257096.95	381835.2	435800.88	262312.72	129022.39	153912.44	280487.3	150594.94
"sp|Q9H2W6|RM46_HUMAN"	"HUMAN"	2371901	2152800.2	1884720.5	2509131	1953158.1	1974617.1	2636789.5	217930.16	2168594	0	196345.84	167909.27	0	177343.72	179526.03	221128.31	175150.7	48612.355
"sp|Q9H307|PININ_HUMAN"	"HUMAN"	1572067.8	779819.4	1724800.2	1040774.5	1631707.1	843864.25	2151884.8	1630870.6	1486791.5	1685749.9	1305502.8	1547562.4	1501721.2	1882242.2	1720640	1717525.5	1440167.6	1469839
"sp|Q9H361|PABP3_HUMAN"	"HUMAN"	0	0	0	0	0	0	0	0	0	0	0	0	0	0	0	0	0	0
"sp|Q9H3H1|MOD5_HUMAN"	"HUMAN"	0	0	0	0	0	0	0	0	0	0	0	0	0	0	0	0	0	0
"sp|Q9H3K6|BOLA2_HUMAN"	"HUMAN"	452197.03	948380	960660.25	708457.75	638303.1	856039.1	532697.2	832383.8	874731.9	533372.5	701147.56	647507.9	415473.72	610316.94	510182.8	628976.3	612211.25	537740.4
"sp|Q9H3P2|NELFA_HUMAN"	"HUMAN"	0	0	0	0	0	0	0	0	0	0	0	0	0	0	0	0	0	0
"sp|Q9H3P7|GCP60_HUMAN"	"HUMAN"	0	0	0	0	0	0	0	0	0	0	0	0	0	0	0	0	0	0
"sp|Q9H3U1|UN45A_HUMAN"	"HUMAN"	527865.4	836147.4	425366.75	444071.6	562139.5	500737.28	603340.4	472814.8	551481.9	444334.88	434482.66	606538.8	619162.6	553514.6	749878.3	500806.78	666304.4	818426.6
"sp|Q9H444|CHM4B_HUMAN"	"HUMAN"	663586	288004.2	672636.9	681297.6	291122.25	654592	717546.1	622887	618406.8	611356.5	548978.4	486232.88	654093.1	446258.12	313073.72	790509.6	320608.47	509192.75
"sp|Q9H446|RWDD1_HUMAN"	"HUMAN"	442659	420045.6	301812.88	385601.34	299887	334294.75	93419.33	345040.7	294595	436783.47	459287.84	309977.47	0	0	111341.96	0	0	0
"sp|Q9H488|OFUT1_HUMAN"	"HUMAN"	0	0	0	77636.16	0	0	77072.21	0	0	0	0	0	0	0	0	0	0	0
"sp|Q9H4A4|AMPB_HUMAN"	"HUMAN"	2786327.5	1785336.2	3321393.5	1648060.4	1719704.8	1680631.8	1950536.1	1681670.6	1635363.8	4359646	3119738.2	3122202.2	4754865.5	2762651	2795623.5	3150917.8	4715933	2811828
"sp|Q9H4A6|GOLP3_HUMAN"	"HUMAN"	443593.53	716702.75	375494.25	750032.9	331809.94	474038.12	693149.44	509872.12	512577.06	404336.6	634570.4	435478.66	412517.62	426509.78	434651.38	393004.56	414557.84	443690.12
"sp|Q9H4L5|OSBL3_HUMAN"	"HUMAN"	0	0	0	0	0	0	0	0	0	0	0	0	0	0	0	0	0	0
"sp|Q9H4M9|EHD1_HUMAN"	"HUMAN"	1326413.1	1499559.9	1726816.2	1477699.8	1795718.6	1929891.8	2306003.5	1917871.4	1504255	1886213.4	1824520	2186448.2	1851931.5	1657802.5	1878012.5	1617338.5	1404455.6	1302940.5
"sp|Q9H501|ESF1_HUMAN"	"HUMAN"	79323.586	149798.92	176135.1	89348.42	0	150428.56	72804.76	84182.6	63959.98	89556.445	0	101001.625	98726.46	105586.625	133581.17	70060.734	77904.266	0
"sp|Q9H583|HEAT1_HUMAN"	"HUMAN"	3016349.2	3635235.5	3496276.2	2694304.2	3272763.8	2056860.6	3324248	2453323.2	2415208.5	3075307.2	2878864.8	3188900.2	3622091.8	2494541.5	2795756.5	2743097	3111410	2226314.2
"sp|Q9H5Q4|TFB2M_HUMAN"	"HUMAN"	131387.12	242527.1	65722.586	166593.16	75465.68	0	0	246182.92	73911.18	288591.84	0	106501.43	56925.36	0	67706.67	0	0	0
"sp|Q9H5X1|CIA2A_HUMAN"	"HUMAN"	43239.586	0	0	0	0	0	75776.125	0	0	0	0	0	0	0	0	0	0	0
"sp|Q9H6F5|CCD86_HUMAN"	"HUMAN"	145214.34	176944.88	208521.16	77794.62	121586.71	299307.44	154515.34	170362	181569.1	61930.273	103882.62	79598.086	0	0	113689.625	0	0	85368.984
"sp|Q9H6R4|NOL6_HUMAN"	"HUMAN"	857112.3	794423.75	815703.5	832396.44	856967.94	822408.94	798417.44	664212.9	532484.1	927885.8	811259.9	458496.7	887313.2	545542.25	953478.9	506537.4	857407.56	714052.2
"sp|Q9H6R7|WDCP_HUMAN"	"HUMAN"	0	0	0	0	0	0	0	0	0	0	0	0	0	0	0	0	0	0
"sp|Q9H6T3|RPAP3_HUMAN"	"HUMAN"	156311.42	223264.23	211363.66	180510.72	179296.8	164773.75	191185.23	113576.625	197655.22	262158.03	156677.83	168114.02	183811.42	157044.23	153773.23	0	0	184607.1
"sp|Q9H6V9|LDAH_HUMAN"	"HUMAN"	87106.23	0	122816.516	100152.266	98804.02	87208.1	104211.586	129735.414	108624.445	85088.125	86727.29	110598.14	145046.36	96561.2	165322.47	98373.92	156005.98	145635.36
"sp|Q9H6Y2|WDR55_HUMAN"	"HUMAN"	0	0	0	0	0	0	0	0	0	0	0	0	0	0	0	0	0	0
"sp|Q9H6Z4|RANB3_HUMAN"	"HUMAN"	172505.08	163995.25	236825.56	151206.42	196576.58	185624.89	170491.58	221652.97	153529.27	163409.19	0	221923.12	197438.81	177266.72	0	172128.1	212068.52	181390.92
"sp|Q9H773|DCTP1_HUMAN"	"HUMAN"	740529.25	647065.6	599029.2	748026.1	685955.1	754863.06	658702.9	647799.25	809419.2	792480.7	844153.1	815899.8	738038.1	861323.06	885259.25	722757.8	768749.5	751724.6
"sp|Q9H7D7|WDR26_HUMAN"	"HUMAN"	0	0	0	98138.41	0	0	0	0	0	0	0	0	0	0	0	0	0	76853.13
"sp|Q9H7Z7|PGES2_HUMAN"	"HUMAN"	215947.72	360068.56	237112.1	406004.62	308697.47	343836.7	268883.16	296556.62	265272.34	296229.38	291810.12	340437.9	280633.75	314640.2	209616.7	205503.33	341993.03	255662.34
"sp|Q9H840|GEMI7_HUMAN"	"HUMAN"	0	0	0	0	0	0	0	0	0	0	0	0	0	0	0	0	0	0
"sp|Q9H871|RMD5A_HUMAN"	"HUMAN"	0	0	94318.31	130108.68	133007.7	0	0	0	0	0	0	0	0	0	0	0	0	0
"sp|Q9H8H0|NOL11_HUMAN"	"HUMAN"	476343.47	490616.56	583011.94	499844.03	517178	324879.88	568086.1	613591.7	515224.8	576879.6	467041.78	542694.44	536974.5	472534.12	507219.3	365001.22	532436.6	512112.25
"sp|Q9H8Y8|GORS2_HUMAN"	"HUMAN"	476168.06	562783.25	596657.06	509922.16	535762.44	341647.84	596251.7	518541.2	708792.5	455920.47	660694.56	711010.75	743153	780805.25	354067.88	516308.03	593203.5	630607.06
"sp|Q9H900|ZWILC_HUMAN"	"HUMAN"	77060.65	0	97648.1	110894.195	106013.99	0	91023.1	0	72219.484	94751.66	98667.7	92613.66	0	92580.39	84104.98	87648.4	78124.4	0
"sp|Q9H910|JUPI2_HUMAN"	"HUMAN"	411537.03	973540.1	841645.75	447102.75	701459.5	525739.8	245676.06	626143.1	761316.94	601507.06	787647.7	691999.4	597526.3	952959.8	924149	1015858.3	792862.5	911774.6
"sp|Q9H936|GHC1_HUMAN"	"HUMAN"	0	0	0	0	0	0	0	0	0	0	0	0	0	0	0	0	40116.285	0
"sp|Q9H939|PPIP2_HUMAN"	"HUMAN"	0	0	0	47813.543	42102.043	55859.566	0	0	0	132958.66	0	0	0	0	47602.613	52520.562	52528.613	0
"sp|Q9H974|QTRT2_HUMAN"	"HUMAN"	0	242329.97	216687.39	0	263463	262710.3	0	236301.64	254978.67	0	0	134130.98	89142.484	140614.58	207531.88	106323.58	0	135480.44
"sp|Q9H993|ARMT1_HUMAN"	"HUMAN"	25417.684	0	0	0	0	29494.713	0	0	0	28668.523	36729.203	37240.38	26607.012	27299.492	0	26150.096	0	31900.102
"sp|Q9H9A5|CNO10_HUMAN"	"HUMAN"	91203.164	0	82685.17	97641.43	80603.37	88768.58	90455.336	86273.09	0	84930.92	0	94966.77	94936.63	77567	70610.74	0	0	0
"sp|Q9H9A6|LRC40_HUMAN"	"HUMAN"	319908.66	0	0	501606.2	0	0	668871.4	75186.75	126573.4	271643.03	538063.94	793676.3	459886.75	229269.4	672606.7	491660.25	164723.69	538454.9
"sp|Q9H9B4|SFXN1_HUMAN"	"HUMAN"	1421017.5	1505362.6	1252479.9	1312431.4	1085224.4	1521264	1180269	1452065.8	1241273.1	1404871.5	1403974.2	1304392.4	1447841.8	1281829.9	1251388	1434935	1382955.6	1340883.1
"sp|Q9H9H4|VP37B_HUMAN"	"HUMAN"	0	0	0	0	171624.27	0	120832.766	0	0	77523.75	0	0	0	0	0	0	0	0
"sp|Q9H9J2|RM44_HUMAN"	"HUMAN"	328356.7	0	156438.92	94925.83	94837.336	118651.97	67601.17	114516.56	285963.3	135716.94	135215.6	143813.97	330828.62	201911.12	174563.73	139443.06	211490.66	160691.6
"sp|Q9H9P8|L2HDH_HUMAN"	"HUMAN"	0	0	0	0	0	0	0	0	0	0	0	0	0	0	0	0	46054.17	0
"sp|Q9H9Q2|CSN7B_HUMAN"	"HUMAN"	196166.31	171390.75	225694.5	101741.76	0	95873.18	112212.195	231978.75	131793.58	100749.6	218885.16	194810.94	76881.23	0	113146.93	67952.43	84576.5	0
"sp|Q9H9T3|ELP3_HUMAN"	"HUMAN"	0	0	0	0	0	0	0	0	0	0	0	0	0	0	0	0	0	0
"sp|Q9H9Y6|RPA2_HUMAN"	"HUMAN"	208022.69	104809.055	178221.06	178968.36	132791.5	160612.81	318508.88	0	164157.92	303844.84	124526.03	176389.47	330948.1	0	262066.12	96816.195	182490.31	120205.25
"sp|Q9HAV0|GBB4_HUMAN"	"HUMAN"	0	0	0	0	0	0	0	0	0	0	0	0	0	0	0	0	0	0
"sp|Q9HAV4|XPO5_HUMAN"	"HUMAN"	4852983.5	5603656	4883451.5	4770473.5	5175902	4408808.5	4980631.5	5974930	4494492	5005866	4334376.5	3698090.2	6779428	5213606.5	4710653	4851649.5	6174010.5	4431403.5
"sp|Q9HAV7|GRPE1_HUMAN"	"HUMAN"	712451.8	1162822.2	750265.6	630813.2	935874.4	872674.9	646672.1	779386.25	768018.94	719776.3	818766.8	1027751.4	705349.4	1032665	704204.56	778670.1	661943.25	668983.75
"sp|Q9HB71|CYBP_HUMAN"	"HUMAN"	8188085.5	8066937.5	7358565	8104475.5	7431214.5	7470948.5	7961306.5	7794962	7292820.5	8583570	8093216.5	8233824.5	8061906.5	7670307	7169441.5	8479002	8347188	7902133
"sp|Q9HBM1|SPC25_HUMAN"	"HUMAN"	132303.81	169430.5	133463.12	137673.12	169527.34	134392.72	144614.11	122945.836	124345.234	135450.05	156999.88	149713.4	125867.05	151795.28	185727.06	148489.2	163545.05	150289.6
"sp|Q9HC38|GLOD4_HUMAN"	"HUMAN"	396251.12	606766.25	483940.44	369816.06	414423.28	371362.88	280054.4	452232.12	507586.56	327077.28	533634.56	408980.2	427204.06	438122.62	632892.6	498748.9	534674.75	636174.5
"sp|Q9HC52|CBX8_HUMAN"	"HUMAN"	0	0	0	0	0	0	0	0	0	0	0	0	0	0	0	0	0	0
"sp|Q9HCD5|NCOA5_HUMAN"	"HUMAN"	84188.47	71151.45	107203.51	159294.64	122720.29	111551	128884.08	142255.02	146626.97	135731.34	161513.58	154273.64	162335.5	112724	134149.12	0	151008.38	152899.73
"sp|Q9HCE1|MOV10_HUMAN"	"HUMAN"	127792.49	27813.27	68203.04	25205.596	71777.766	122848.96	85331.82	48131.562	0	74259	27151.018	65075.055	100039.84	94274.01	73864.99	0	23031.547	0
"sp|Q9HCG8|CWC22_HUMAN"	"HUMAN"	0	0	0	0	0	0	0	0	0	0	0	491437.62	0	0	463034.5	0	0	0
"sp|Q9HCN4|GPN1_HUMAN"	"HUMAN"	0	0	0	0	0	0	105135.2	0	0	0	0	0	0	0	94020.51	0	0	141390.42
"sp|Q9HCN8|SDF2L_HUMAN"	"HUMAN"	299051.4	340735.44	322405.16	289487.53	344833	313277.12	289356.75	320651.16	314481.25	303032.25	295156.97	268546.7	235809.38	322859.25	302842.66	302670.28	305837.66	326531.72
"sp|Q9HD26|GOPC_HUMAN"	"HUMAN"	0	0	0	0	0	0	0	0	0	0	0	0	0	0	0	0	0	0
"sp|Q9HD33|RM47_HUMAN"	"HUMAN"	0	0	0	75227.83	72413.87	92848.734	0	0	77571.81	0	0	0	92308.4	0	0	62374.7	0	0
"sp|Q9HD42|CHM1A_HUMAN"	"HUMAN"	0	0	0	0	0	0	0	0	0	0	0	0	0	0	0	0	0	0
"sp|Q9NNW7|TRXR2_HUMAN"	"HUMAN"	135508.36	106374.734	0	104576.5	0	0	120240.87	0	77344.664	122919.83	0	0	105732.31	0	0	0	0	0
"sp|Q9NP66|HM20A_HUMAN"	"HUMAN"	101169.85	0	96117.195	65902.63	105604.01	53270.31	88388.64	92322.72	0	111111.82	101027.29	91291.06	156279.06	122855.086	100067.945	107719.56	91444.71	101368.664
"sp|Q9NP77|SSU72_HUMAN"	"HUMAN"	253133.61	145678.88	205145.97	267264.3	212318.4	56882.32	177701.72	120897.914	243638.56	415004.3	149535.44	281798.94	297928	299688.7	283582.12	189179.6	233085.4	111244.516
"sp|Q9NP79|VTA1_HUMAN"	"HUMAN"	89402.17	0	153300	107764.56	163198.92	0	63207.863	115193.414	89692.75	107903.22	112185.05	128168.37	127059.12	113339.97	73766.98	116527.125	107438.086	127619.56
"sp|Q9NP97|DLRB1_HUMAN"	"HUMAN"	239410.92	270360.4	265817.06	227229.67	262225.7	264655.72	238038.3	253818.97	291498.25	489064.75	234406.62	487220.16	253137.98	502623.72	252404.06	239169.3	643351.25	177547.48
"sp|Q9NPA8|ENY2_HUMAN"	"HUMAN"	957876.7	1054015.1	1145314.8	577002.44	921208.7	924865.25	931205.25	1063854.1	903721.7	706580.75	980692.1	1196365.4	936852.3	1182328.2	717891.44	1505319.5	1568318.4	961020.25
"sp|Q9NPD3|EXOS4_HUMAN"	"HUMAN"	229061.95	241913.84	327368.12	182447.45	416738.3	426176.56	77495.8	244415.3	233592.47	483899.88	231009.69	419877.9	371780.3	418137.28	308732.3	435321.75	137731.88	369166.5
"sp|Q9NPD8|UBE2T_HUMAN"	"HUMAN"	0	0	0	0	0	0	0	0	0	0	0	0	0	0	0	0	0	0
"sp|Q9NPE3|NOP10_HUMAN"	"HUMAN"	0	0	0	0	0	0	0	0	0	0	0	0	0	0	0	0	0	0
"sp|Q9NPH2|INO1_HUMAN"	"HUMAN"	1044689.9	1248954.9	1465629.1	1004444.94	728550.4	1357665.9	1021854.3	1388014.2	1264458.5	1348653.6	1273351.9	1362219.2	1179159.1	1321379.9	1309171.8	1093146.5	1721132.2	1229362.2
"sp|Q9NPJ3|ACO13_HUMAN"	"HUMAN"	331318.78	127834.11	156695.86	99514.8	149129.45	127038.39	83214.2	132041.53	159109.88	359702.7	137042.33	150317.66	105685.49	162504.56	132955.52	132907.4	142142.19	163362.56
"sp|Q9NPJ6|MED4_HUMAN"	"HUMAN"	113755.66	93644.91	0	99306.15	110073.65	0	102918.35	0	88415.76	90926.69	90336.86	0	0	0	62717.44	119041.67	0	76192.42
"sp|Q9NPQ8|RIC8A_HUMAN"	"HUMAN"	45944.652	0	0	0	0	54749.473	0	48642.9	49776.793	0	0	0	0	0	0	0	0	0
"sp|Q9NQ29|LUC7L_HUMAN"	"HUMAN"	439208	691942.56	0	466066.84	653615.5	91976.94	412739.62	588543.5	666434.8	0	0	0	0	0	0	0	0	0
"sp|Q9NQ50|RM40_HUMAN"	"HUMAN"	198534.28	189717.95	168029.73	236565.38	241231.17	198625.84	231128.44	230641.12	197323.12	186637.8	247173.03	176870.56	212422.17	258702.22	174474.64	253316.8	177756.11	210112.12
"sp|Q9NQ55|SSF1_HUMAN"	"HUMAN"	0	0	0	0	0	0	0	0	0	0	0	0	0	0	0	0	0	0
"sp|Q9NQC3|RTN4_HUMAN"	"HUMAN"	568870.3	602792.7	552947.2	457928.97	598545.4	749308.1	462438.06	526149.5	643356.56	606117.75	771922	631387.44	540806.7	604399.7	718022.06	734917.3	632073.4	713999.25
"sp|Q9NQG5|RPR1B_HUMAN"	"HUMAN"	997566	872468.75	855794.8	1087259.6	950374.9	869742.94	747919.7	977508.75	589318.06	1064370	1061168.9	497736.72	1077563.2	692358.9	883046.75	494206.56	539906.75	666060.56
"sp|Q9NQP4|PFD4_HUMAN"	"HUMAN"	385590.66	578572.4	311167.7	659437.5	567521.6	733164.06	266024.2	521221.97	611433.56	540930.94	638048.3	387486.34	422691.62	336565.03	534231.25	393617.72	577820.44	343322.53
"sp|Q9NQT4|EXOS5_HUMAN"	"HUMAN"	78599.22	854132.9	667349.1	862602.25	720533.1	638862.3	661012.94	534655.44	763681.8	748438.6	653503.6	646680.1	638715.1	688998.5	689122.5	694488.44	606544.4	688935.56
"sp|Q9NQT5|EXOS3_HUMAN"	"HUMAN"	0	593987.94	517034.25	462691.62	320856.22	439594.8	444082	611078.1	480224.1	301920.6	0	560445.2	444628.9	0	669367.9	425527.75	454092.7	0
"sp|Q9NQW7|XPP1_HUMAN"	"HUMAN"	306267.75	217938	205866.56	352033	343921.6	183534.12	233134.64	192772.19	349444.62	280674.94	425460	357255.06	327834.78	387764.84	319431.53	194227.56	314630.06	173670.03
"sp|Q9NQZ2|SAS10_HUMAN"	"HUMAN"	270892.88	273539.44	269634.2	280835.25	284728.5	265973.38	365113.34	264933.16	271719.44	702929.6	279199.16	481041.03	297631.97	437656.56	276873.22	299511.38	308168.16	298459.78
"sp|Q9NR09|BIRC6_HUMAN"	"HUMAN"	128622.91	154054.56	147902.52	0	131508.98	132186.73	195773.88	0	248313.36	86525.37	0	0	66877.22	0	0	0	0	0
"sp|Q9NR12|PDLI7_HUMAN"	"HUMAN"	154282.78	70084.914	0	103773.39	77657.96	169791.19	116408.08	84715.71	158843.53	181716.78	101402.414	0	0	0	0	0	0	0
"sp|Q9NR19|ACSA_HUMAN"	"HUMAN"	0	0	0	0	0	0	0	0	0	0	0	0	0	0	0	0	0	0
"sp|Q9NR28|DBLOH_HUMAN"	"HUMAN"	199417.5	308374.2	446010.12	285267.5	311478.16	293774.97	217742.16	274932.8	268046.94	208946.34	261305.69	363027.38	211838.72	269596.56	297463.2	352348.25	240246.33	325171
"sp|Q9NR30|DDX21_HUMAN"	"HUMAN"	10997056	10704096	11384187	10851901	10385132	9678672	10343171	11103596	10537657	10275644	11103138	11251104	11367744	10717827	10959027	10227079	11128177	10931825
"sp|Q9NR31|SAR1A_HUMAN"	"HUMAN"	2196458.5	2250304	2665750.2	2282593.5	2525940.2	2311574.5	2508023.5	2124534	2261534.5	2517128	2492483.2	2412855.8	2516865.5	2258993.5	2586779	2493702	2508545	2469497
"sp|Q9NR33|DPOE4_HUMAN"	"HUMAN"	0	0	0	0	0	0	0	0	0	381607.9	172535.44	0	0	286640.94	275505.66	0	192203.98	210900.3
"sp|Q9NR45|SIAS_HUMAN"	"HUMAN"	3780653	3548084.5	4269092.5	3834878.5	3568066	3656206	3948348.8	4199607.5	3505185.5	3958539	5704280	5185729.5	4058820.8	5491036.5	3882730.5	3262835.5	6139661	3393288.8
"sp|Q9NR46|SHLB2_HUMAN"	"HUMAN"	106831.516	0	37792.91	55381.086	44621.105	0	66143.13	0	0	99052.234	0	0	33815.97	0	0	0	0	0
"sp|Q9NR50|EI2BG_HUMAN"	"HUMAN"	2789673.8	3187326	3230137	1222395.8	2922170	2753163	1356107.6	2905923	2933019.2	1516991.8	1281267.6	1335603.4	1488312	1015684.1	1268551.5	816417.06	1426010.9	937673.56
"sp|Q9NR56|MBNL1_HUMAN"	"HUMAN"	206459.97	192343.6	161216.78	196656.12	212477.47	67028.49	206172.23	48662.74	115105.22	182930.72	169930.28	61712.703	268226.47	196067.11	54213.17	332930.78	135551.98	257672.44
"sp|Q9NRF8|PYRG2_HUMAN"	"HUMAN"	0	0	0	0	0	0	0	0	0	0	0	0	0	0	0	0	0	0
"sp|Q9NRF9|DPOE3_HUMAN"	"HUMAN"	585994.3	505588.4	231881.7	533147.3	735629.1	476842.44	751646.2	464985.72	556149.9	757971.4	611677.5	474325.47	575811.56	504946.4	456503.3	534860.1	631841.4	514360.38
"sp|Q9NRG9|AAAS_HUMAN"	"HUMAN"	567738.4	245966.38	434614.8	569028.25	295504	342118.25	651453.7	247630.06	239151.75	450519.62	139633.56	134891.56	444912.8	142511.19	136849.88	137982.3	304874.9	113020.26
"sp|Q9NRN7|ADPPT_HUMAN"	"HUMAN"	890055	1283863.6	938427.56	1021302.8	1188213	980689.2	1049244.9	921726	1158826.4	978469	983744.25	580716.4	1125686.5	759478.06	830498.44	540891.7	801505.6	981371.9
"sp|Q9NRN9|METL5_HUMAN"	"HUMAN"	0	0	131077.67	0	0	0	0	0	0	0	0	0	0	0	0	0	0	0
"sp|Q9NRP0|OSTC_HUMAN"	"HUMAN"	0	732349.2	771351.1	689185.56	675748.5	723492.94	707516	722070.1	738153.44	0	0	740980.9	0	722417.94	893879.75	803353	888855.6	751530.06
"sp|Q9NRP2|COXM2_HUMAN"	"HUMAN"	78042.805	156894.06	192834.06	243350.55	294336.66	104062.28	0	125520.43	175223.25	97541.97	177139.11	133082.84	0	147778.67	141036.16	186410.89	0	186287.55
"sp|Q9NRP4|SDHF3_HUMAN"	"HUMAN"	0	0	0	0	0	0	0	0	0	0	0	0	0	0	0	0	0	0
"sp|Q9NRR5|UBQL4_HUMAN"	"HUMAN"	0	0	0	0	0	0	0	0	0	0	0	0	0	0	0	0	0	0
"sp|Q9NRW3|ABC3C_HUMAN"	"HUMAN"	993417.8	489450.34	462463.94	906602.6	427998.12	506397.28	623224.06	537975.5	406983.16	930621.8	546297.9	682312.56	579533.5	701860.94	391906.56	514400.16	510158.25	458226.56
"sp|Q9NRW7|VPS45_HUMAN"	"HUMAN"	0	0	0	23373.342	0	0	0	0	0	0	0	48479.504	0	0	0	0	0	0
"sp|Q9NRX1|PNO1_HUMAN"	"HUMAN"	239032.3	278292.03	348673.7	218508.05	301144.88	392316.2	369698.94	285819.3	417296.25	553734.06	583268	384844.4	655011.6	315196.16	566265.9	445052.06	399941.28	384531.3
"sp|Q9NRX2|RM17_HUMAN"	"HUMAN"	240876.83	371419.62	416913.34	236414.03	363395.53	336706.38	254553.77	340764.97	390726.97	269407.34	362759.25	379350.56	237844.48	409515.38	382936.94	330994.88	413549.12	419375.53
"sp|Q9NRX4|PHP14_HUMAN"	"HUMAN"	151627.03	170330.6	168937.06	78633.78	199154.23	164293.19	85768.73	173137.31	0	161112.12	188417.22	107243.1	75784.27	83716.79	179758.28	138832.02	0	77681.52
"sp|Q9NRY5|F1142_HUMAN"	"HUMAN"	0	0	154926.72	174130.62	138191.11	154581.73	136213.77	200643.48	131700.61	0	0	0	120436.97	59755.91	148510.4	119418.59	150467.45	110403.74
"sp|Q9NS69|TOM22_HUMAN"	"HUMAN"	590659.75	746014.25	1017484.06	643249.7	813490.6	761045.5	799386.4	861798.5	667927.5	677563.25	562322.75	928625.5	639421.06	786903.1	848733.25	620997.1	1059792	759862.4
"sp|Q9NS87|KIF15_HUMAN"	"HUMAN"	0	0	0	0	0	0	226569.19	0	0	183401.52	0	200362.03	65657.336	0	177651.06	0	0	0
"sp|Q9NSD9|SYFB_HUMAN"	"HUMAN"	2813947.5	2595636.5	3163591.8	2712339.8	2441619.8	2209531.5	3074407	2641318.5	2501962	3127718.2	3174384	2976582	3152446.5	2928885.2	2482299	2739178	2963431.8	2938093
"sp|Q9NSE4|SYIM_HUMAN"	"HUMAN"	424882.44	0	286884.06	161419.19	211377.48	105357.24	517955.84	391996.97	293364.5	326833.8	310445.12	69616.88	619122.6	240074.97	355288.47	74434.65	95455.14	0
"sp|Q9NSI2|SLX9_HUMAN"	"HUMAN"	149635.42	117263.1	187150	273918.5	153118.56	334713.12	120742.74	155347.17	144959.16	0	0	0	159204.33	102871.805	0	0	0	0
"sp|Q9NSI8|SAMN1_HUMAN"	"HUMAN"	1083584.4	875414.44	970119.5	890753.3	1559230.6	1620008.9	1642250.5	1258135.6	1513860.4	1414229.5	1273140.9	894697.25	778301.3	791936.5	1022415.6	1299982.1	967850.75	906771.6
"sp|Q9NSY1|BMP2K_HUMAN"	"HUMAN"	0	0	0	0	0	0	0	0	0	0	0	0	0	0	0	0	0	0
"sp|Q9NT62|ATG3_HUMAN"	"HUMAN"	221730.2	0	240785.47	345492.78	321824.97	275164.56	432198.47	471145.3	273764.5	272140.75	434875.7	523169.7	444950.22	340843.1	271619.6	375799.25	434916.16	381804.78
"sp|Q9NTJ3|SMC4_HUMAN"	"HUMAN"	849499.9	549816.4	795767.25	730850.06	847108.56	780496.6	798007.8	612601.25	702322.25	706278.6	592237.5	676332.7	808511.75	580149.44	615861.1	1261167.8	481356.88	1217945.1
"sp|Q9NTK5|OLA1_HUMAN"	"HUMAN"	6253717.5	6607495.5	6352099.5	5999666.5	6416449	6527861	5487119.5	5867095.5	6532570	5626564.5	6554451	6482129.5	5932681	6737065.5	6520725.5	6265907.5	6921634	6711515.5
"sp|Q9NTX5|ECHD1_HUMAN"	"HUMAN"	265044.38	105890.23	0	127069.766	128299.31	0	0	96538.43	108280.98	214678.88	0	0	173052.62	56637.914	90856.56	0	0	117385.43
"sp|Q9NTZ6|RBM12_HUMAN"	"HUMAN"	897778.94	956031.75	828281.56	1055008	784835.75	743877.4	759134.25	812331.9	645916.6	772631.56	769252.3	865927.56	838454.4	987126.94	833930.56	978921.56	806661.5	962632.94
"sp|Q9NU22|MDN1_HUMAN"	"HUMAN"	762343.7	628985.06	943138.44	918063.5	855915.4	873084.56	956356.9	990400.2	947195.4	830148.9	707649.6	809536.5	922347.2	849077.2	949651.4	755517.6	935831.9	780283.06
"sp|Q9NUJ1|ABHDA_HUMAN"	"HUMAN"	0	0	0	0	0	0	0	0	0	0	0	0	0	0	0	0	0	0
"sp|Q9NUQ3|TXLNG_HUMAN"	"HUMAN"	95737.16	106059.77	111460.46	113798.11	103882.29	89481.6	97740.93	71299.18	96879.086	112549.37	90800.93	93925.26	86025.625	0	97967.586	101140.99	75483.22	74004.86
"sp|Q9NUQ8|ABCF3_HUMAN"	"HUMAN"	211955.8	164028.17	168897.55	142690.62	181381.56	191005.12	245533.53	159778.12	239629.64	226886.62	160135.67	250363.75	138196.12	177501.2	215865.69	159593.06	219488.12	143865.7
"sp|Q9NUQ9|CYRIB_HUMAN"	"HUMAN"	1590372.4	1570700.8	1605849.8	1401564.5	1548928.9	1856925.5	1466859.9	1888134.2	2014875.5	1537811.6	1907920.5	2165957.5	1790274.5	1882241.5	1847889	1868906.5	1747779.9	1201921.9
"sp|Q9NUU7|DD19A_HUMAN"	"HUMAN"	840513	1667960.6	884923.1	724871.94	1420806.6	825003.6	813961.9	889957.06	1086438.8	1153012	1134017.8	1231794.1	1237263.5	1733531.2	1913152	1336624.4	1058423.6	1183921.5
"sp|Q9NV06|DCA13_HUMAN"	"HUMAN"	0	0	0	0	0	0	0	0	0	0	0	0	0	0	0	0	0	0
"sp|Q9NV31|IMP3_HUMAN"	"HUMAN"	129485.14	111084.88	0	0	0	0	0	0	178874.58	0	0	0	0	0	0	0	0	0
"sp|Q9NV56|MRGBP_HUMAN"	"HUMAN"	0	0	0	0	0	0	0	0	0	170295.33	0	122268.77	0	74327.07	0	0	0	134284.95
"sp|Q9NV88|INT9_HUMAN"	"HUMAN"	140531.06	66766.91	0	58160.883	47649.13	46179.676	77499.71	54391.78	53097.457	0	0	0	70167.016	77319.875	0	76596.76	0	0
"sp|Q9NVA2|SEP11_HUMAN"	"HUMAN"	728298.5	816578.44	658297.94	729550.3	602797.4	770906	647801.8	705514.56	873481.9	676037.2	546732.56	490132.53	739478.75	865308.06	606506.7	819162.44	656841.4	675927.1
"sp|Q9NVH1|DJC11_HUMAN"	"HUMAN"	326401.22	494527.88	388556.7	330700.2	442600.56	348805.12	534554.2	435703.34	129666.18	292350.44	393082.12	300237.75	312738.2	373584.34	218160.12	477668.7	347832.8	520724.25
"sp|Q9NVI1|FANCI_HUMAN"	"HUMAN"	421891.97	60528.27	646941.75	567902.4	608503.25	58971.5	687093.4	0	0	122137.61	63990.406	98279.24	667308.4	66040.87	0	0	0	64203.223
"sp|Q9NVI7|ATD3A_HUMAN"	"HUMAN"	2189195.2	4127993.5	2647965	2670296.2	2211338.8	2159921.8	2676354.2	2060399.4	1883119.2	3099617	2353208	4865919.5	2900473.5	2436477.8	2532642	2542677	2679039	2315287
"sp|Q9NVJ2|ARL8B_HUMAN"	"HUMAN"	1132804.2	347018.38	1074805.6	407149.44	862122.44	378362.53	417478.7	629972.6	424175.5	612860.6	760184.9	844984.56	780953	669755.75	785388.6	708461.4	613150.4	517764.34
"sp|Q9NVM6|DJC17_HUMAN"	"HUMAN"	87718.94	100827.164	87659.99	99398.55	96309.06	90710.98	85097.36	96107.625	88785.08	102243.29	105531.64	92162.54	89754.44	87906.266	92785.94	94136.64	98020.21	93749.62
"sp|Q9NVM9|INT13_HUMAN"	"HUMAN"	75393.92	89629.99	127653.766	99061	61545.562	0	0	99343.336	0	0	122072.305	108437.85	0	0	76712.96	0	140058.73	0
"sp|Q9NVN8|GNL3L_HUMAN"	"HUMAN"	0	0	0	0	0	0	0	0	0	0	0	0	0	66601.664	0	0	58423.816	0
"sp|Q9NVP1|DDX18_HUMAN"	"HUMAN"	2653660.8	2357394	2251599.5	1960800.1	2410653.5	2257533	2037228	2440937	2610094	2471957.2	2505688	2315243.5	2249225.8	2070510.2	2230175	2189057.2	2564660.8	2026725.2
"sp|Q9NVP2|ASF1B_HUMAN"	"HUMAN"	0	182037.16	206962.9	161833.89	189928.69	146006.64	0	150427.78	0	133399.14	120812.61	188394.97	135809.28	0	0	0	215150.97	0
"sp|Q9NVS2|RT18A_HUMAN"	"HUMAN"	0	0	0	0	0	0	0	0	0	0	0	0	0	0	0	0	0	0
"sp|Q9NVT9|ARMC1_HUMAN"	"HUMAN"	91676.81	0	78572.734	97319.88	0	0	97912.84	0	81452.266	177545.5	0	0	91022.4	0	85268.02	90686.04	156930.9	0
"sp|Q9NVX2|NLE1_HUMAN"	"HUMAN"	167238.47	188225.12	218450.92	175496.22	198199.56	204236.28	180459.92	144326.8	106835.11	172864.58	211080.06	235543.31	173246.62	114084.01	254551.34	154891.25	266165.47	181796.77
"sp|Q9NVZ3|NECP2_HUMAN"	"HUMAN"	73958.68	95841.58	84132.95	0	0	61011.914	112480.195	86367.24	55593.37	0	0	0	0	0	0	0	0	0
"sp|Q9NW13|RBM28_HUMAN"	"HUMAN"	224121.73	216883.28	165355.42	0	0	279753.9	128652.39	181950.19	123105.555	0	0	0	0	0	0	0	0	0
"sp|Q9NW64|RBM22_HUMAN"	"HUMAN"	208074.89	175369.11	170195.4	215725.53	183285.16	162593.33	215409.08	152513.66	174372.84	244286.66	184066.4	164676.47	177361.12	185082.36	186798.4	171609	166933.83	173857.86
"sp|Q9NW68|BSDC1_HUMAN"	"HUMAN"	0	0	0	77282.08	0	69825.12	0	0	71745.27	0	0	0	0	0	0	0	0	0
"sp|Q9NW82|WDR70_HUMAN"	"HUMAN"	56402.914	0	0	0	124098.45	101630.05	120097.14	0	0	163992.78	228537.75	181545.9	138706.06	162434.48	214892.61	160959.56	181963.47	0
"sp|Q9NWB6|ARGL1_HUMAN"	"HUMAN"	13716.136	0	14627.3545	12511.106	13747.553	16696.133	0	0	15188.439	12347.74	0	98634.41	0	0	15063.682	14576.499	0	0
"sp|Q9NWH9|SLTM_HUMAN"	"HUMAN"	0	0	0	0	0	0	0	0	0	0	65050.88	48562.88	0	51412.074	0	0	0	70960.04
"sp|Q9NWS0|PIHD1_HUMAN"	"HUMAN"	242440.95	112112.42	123984.68	123772.06	0	0	274252.62	178326.11	93540.414	156606.22	0	120023.57	134548.38	100316.336	0	0	90816.23	107314.27
"sp|Q9NWT1|PK1IP_HUMAN"	"HUMAN"	81366.79	98812.93	133111.28	0	0	0	115036.77	0	0	76506.625	119512.71	98283.516	79182.27	93967.3	92810.57	112756.11	109333.47	126587.36
"sp|Q9NWU2|GID8_HUMAN"	"HUMAN"	728542.9	755204.7	437874.12	490971.38	716049.6	719845.6	759919	723200.6	687272.2	749190.3	743477.25	750203.8	810898.9	720562.9	758984.1	474726.5	724506.3	739235.9
"sp|Q9NWV4|CZIB_HUMAN"	"HUMAN"	299726.38	239466.47	261483.62	287374.9	402285.53	244445.95	268101.9	474236.8	186173.12	342487.75	288489.5	236552.84	506841.72	288959.28	380777.53	425961.47	378294.94	298334.28
"sp|Q9NWY4|HPF1_HUMAN"	"HUMAN"	48227.055	39163.27	0	39109.613	0	0	0	0	0	0	236504.03	300392.53	0	195374.2	40434.676	193562.05	0	0
"sp|Q9NX14|NDUBB_HUMAN"	"HUMAN"	59276.445	73346.55	52628.45	53250.473	65432.684	77034.336	57822.01	76889.44	0	46883.703	73379.74	52838.434	46165.48	79524.16	57368.145	0	59185.926	0
"sp|Q9NX24|NHP2_HUMAN"	"HUMAN"	1438643.8	1227204	1236717.4	1327226.2	1126564.1	1063109.1	1286904	1148485.8	1141979.1	1239607.5	1086203.9	1088908.5	1379471.6	1184782.2	1094579.2	1185330.2	1137913.5	1174923.4
"sp|Q9NX40|OCAD1_HUMAN"	"HUMAN"	961599.7	992777.25	1008284.44	776978.1	930812.44	997709.1	724794.75	936638.6	977825.8	818017.7	1061477.8	806884.6	885664.1	953162.8	1005180.9	934968.5	1063975.6	1134595.4
"sp|Q9NX55|HYPK_HUMAN"	"HUMAN"	1324835.8	1406576	1298631.8	1398652.9	1349734.2	1351051.8	1304227.5	1262737.1	1343956	1460745	1151311.8	1350313.8	1360639.2	1221099.9	1253612.4	1208347.6	1163923.6	1207875.9
"sp|Q9NX58|LYAR_HUMAN"	"HUMAN"	892275.5	592043.8	813508	690312.25	693188.7	501619.16	736217.9	810351.9	590327.6	722794	718747.9	582759.94	592452.9	264951.03	730577.1	794490.75	782028.6	228578.1
"sp|Q9NX63|MIC19_HUMAN"	"HUMAN"	246636.45	1780115.2	689795.8	611272.25	750234.25	660273.9	449852.5	764834.2	724649.2	1044576	1670054.5	1416647.2	607347.2	1444358.5	1616613.2	1362292.5	1642556.4	1730038
"sp|Q9NXF1|TEX10_HUMAN"	"HUMAN"	0	0	79877.88	0	92818.914	85361.04	115974.38	60231.38	80415.8	0	0	58694.69	49978.25	67234.83	54791.363	47633.586	52846.156	0
"sp|Q9NXF7|DCA16_HUMAN"	"HUMAN"	60102.203	0	0	68505.19	50103.07	54379.438	0	47785.688	0	73589.164	0	36185.004	0	0	0	53558.363	0	0
"sp|Q9NXG2|THUM1_HUMAN"	"HUMAN"	1036446.06	919840.25	1554720.1	1030728.94	1161563.4	1283395.2	1281735.1	1031193.4	1108364.8	1358653.6	1323109	1551354.1	1206170.6	1275610.8	1428740.9	1355900.1	1357815.6	1152373.6
"sp|Q9NXH9|TRM1_HUMAN"	"HUMAN"	167584.25	0	66806.664	0	117518.86	84898.82	94510.2	88613.516	155349.69	176876.31	0	0	0	71664.055	110657.59	54537.63	0	0
"sp|Q9NXJ5|PGPI_HUMAN"	"HUMAN"	35526.67	19475.555	0	0	41842.523	46913.85	28729.95	95333.29	73202.25	109521.516	85961.49	0	63093.848	47060.008	39805.754	66798.2	68203.71	47877.87
"sp|Q9NXR7|BABA2_HUMAN"	"HUMAN"	94708.23	0	65576.07	111489.97	95350.79	0	99809.98	82313.11	90857.57	79715.9	84458.19	76104.79	68876.95	76477.37	57881.727	80546.984	0	0
"sp|Q9NY12|GAR1_HUMAN"	"HUMAN"	1532326.4	1596768	1480802	1407286.6	1508353.2	1510241.9	1560408.6	1454992.2	1323110.9	1555235.5	1416801.4	1490633.4	1422939.9	1284727.8	1417621.5	1398129.6	1731676.6	1347956
"sp|Q9NY33|DPP3_HUMAN"	"HUMAN"	689283.4	640820.56	690241.6	875439.25	409338.94	506604.56	732955.25	789351.75	744691.94	856026.56	754390.1	969093.94	691262.5	714704.7	1058332.4	779203.75	638926.4	506718.2
"sp|Q9NY61|AATF_HUMAN"	"HUMAN"	465679.5	151933.83	532227.2	453500.2	316220.78	452304.44	499115.97	367046.3	380895.44	697996.9	362596.88	522544.8	615752.75	512346.97	483812.1	300017.06	242929.08	304741.8
"sp|Q9NY93|DDX56_HUMAN"	"HUMAN"	171918.27	149100.55	200198.11	196004.25	252378.66	195978.25	227829.38	153922.38	161373.14	247259.1	191706.1	216209.44	192162.45	178850.53	194353.6	156896.94	188033.86	183450.72
"sp|Q9NYB0|TE2IP_HUMAN"	"HUMAN"	218178.6	140367.25	133334.69	164508.69	162099.47	179157.52	179756.23	140178.73	191139.02	153598.47	122134.92	199912.52	167749.95	153873.95	154753.73	209407.05	163874.11	195317.31
"sp|Q9NYF8|BCLF1_HUMAN"	"HUMAN"	1471707.8	1793868.8	2169729.2	1744483.1	1020997.75	1964244.4	1856117.5	1803809.1	1547764.4	1289478.2	1703788.4	1508395.6	949719.1	1523915.6	1902400.4	1783687.9	1781707.9	1367297.2
"sp|Q9NYH9|UTP6_HUMAN"	"HUMAN"	0	0	0	0	0	0	0	0	0	0	0	0	0	0	0	0	0	70894.69
"sp|Q9NYJ1|COA4_HUMAN"	"HUMAN"	187974.78	461429	266456.84	285655.94	346442.3	271632.97	254631.69	355555.2	178941.81	284548.25	273812.5	273155.44	208459.19	343804.88	378699.22	249043.44	437799.44	246974.62
"sp|Q9NYK5|RM39_HUMAN"	"HUMAN"	102405.89	0	55247.637	0	131985.56	0	131850.58	0	0	0	0	128937.13	0	0	0	0	0	186022.64
"sp|Q9NYL9|TMOD3_HUMAN"	"HUMAN"	1501996.5	1143183.9	1013442.9	1312033.4	1003610.4	1060682.2	1058323.8	1415066.8	1224398.2	1106593.2	942998.5	1271402.1	1313959.4	1025002.1	1142769.4	1126236.2	1286282.9	1176353.1
"sp|Q9NYU2|UGGG1_HUMAN"	"HUMAN"	68016.76	61881.195	67889.35	69575.87	68829.56	49868.9	69552.42	67184.79	68355.6	69701.11	69167.89	61436.426	70290.2	69570.92	61449.434	68492.58	0	65790.98
"sp|Q9NZ45|CISD1_HUMAN"	"HUMAN"	0	279836.75	284609.47	259794.77	0	248449.36	177963.25	57401.953	0	186246.66	284049.9	247265.44	211263.25	0	277805.1	231012.12	0	0
"sp|Q9NZ63|TLS1_HUMAN"	"HUMAN"	382768.9	518586.5	432673.94	399761.16	309952.06	395348.88	386336.28	396277.25	404451.75	320721.44	418169	142018.72	425665.06	363645.56	502782.84	382033.88	309595.75	410201.47
"sp|Q9NZD4|AHSP_HUMAN"	"HUMAN"	60639.754	0	83299.08	78638.54	77718.34	76297.04	54783.76	76648.83	71488.97	0	0	0	0	0	0	0	0	0
"sp|Q9NZI8|IF2B1_HUMAN"	"HUMAN"	6469127	8090926	8680865	6758423.5	8451488	7524823.5	7566748	8469268	6834894	6979563	7716668	9020292	7097642.5	8268034.5	7766442.5	7660768.5	7628783.5	7455692
"sp|Q9NZJ9|NUDT4_HUMAN"	"HUMAN"	0	192600.1	163787.25	212034.23	0	0	0	0	124772.63	232965.7	196264.7	0	213017.06	0	0	0	0	54156.59
"sp|Q9NZL4|HPBP1_HUMAN"	"HUMAN"	658130.6	371051	499031.56	761977.2	757263.2	382585.56	692923.6	671984.7	794072.44	464730.56	598209.7	586981.44	701830.5	523696.8	520994.34	408083.7	744848.8	533078
"sp|Q9NZL9|MAT2B_HUMAN"	"HUMAN"	435762.25	322399.94	302481	272803.66	277053.3	265274.25	336338.5	234684.48	259259.75	470318	213177.39	373932.47	507357.62	332791.56	322779	346313.25	162123.11	370359.62
"sp|Q9NZM5|NOP53_HUMAN"	"HUMAN"	154020.75	0	0	0	0	0	0	229153.81	0	147236.77	501580.56	146341.06	162889.94	141224.61	118656.45	161575.72	434729.38	144073.11
"sp|Q9NZT2|OGFR_HUMAN"	"HUMAN"	0	0	0	0	0	0	0	0	0	0	0	0	0	0	0	0	0	0
"sp|Q9P000|COMD9_HUMAN"	"HUMAN"	198877.22	95416.414	113231.27	211982.1	316172.62	176098.55	304797.44	85413.6	290847.03	210110.39	91677.51	102260.99	218389.98	86940.305	109560.59	112313.39	98827.22	91031.59
"sp|Q9P013|CWC15_HUMAN"	"HUMAN"	124328.59	310724.22	291573	191809.47	251496.88	238935.16	88211.03	353534.75	250927.97	186596.22	430197.38	418157.1	324132.2	116465.02	421085.3	106975.12	364618.25	386194
"sp|Q9P015|RM15_HUMAN"	"HUMAN"	0	0	0	0	0	0	0	0	0	0	0	0	0	0	0	0	0	0
"sp|Q9P016|THYN1_HUMAN"	"HUMAN"	0	55131.7	197271.25	268971.7	0	155885.56	249035.1	98427.06	121874.6	118750.99	63634.45	98221.25	186743.88	0	116846.08	0	72261.83	94784.984
"sp|Q9P032|NDUF4_HUMAN"	"HUMAN"	99618.016	74445.19	0	0	0	0	81056.836	89447.89	61720.383	96490.82	0	0	104594.2	83595.75	86136.57	0	104903.41	0
"sp|Q9P035|HACD3_HUMAN"	"HUMAN"	0	0	67983.76	0	121313.734	88388.65	0	77104.28	0	134809.61	98558.95	95787.586	0	60222.83	69375.875	105875.09	0	87505.25
"sp|Q9P0J0|NDUAD_HUMAN"	"HUMAN"	109782.01	0	56090.72	0	0	0	146184.98	0	0	95530.09	133991.23	0	40012.484	52635.094	0	68218.26	0	0
"sp|Q9P0J7|KCMF1_HUMAN"	"HUMAN"	0	0	0	0	0	0	0	0	0	0	0	0	0	0	0	0	0	0
"sp|Q9P0L0|VAPA_HUMAN"	"HUMAN"	1407843.9	1196086.9	1332595	1460381.8	1248905.6	1197395.4	1282966.5	1183557.2	1224749.9	1479754.1	1324374.5	1328232.2	1622569	1365993.5	1182979	1417818.1	1320534.4	1436550.2
"sp|Q9P0P0|RN181_HUMAN"	"HUMAN"	0	0	0	0	0	0	0	0	0	0	0	0	0	0	0	0	0	0
"sp|Q9P0U1|TOM7_HUMAN"	"HUMAN"	186421.1	202113.16	189890.83	196321.89	0	188926.7	200622.38	203552.39	190546.02	218196.66	214092.14	230488.38	206563.83	239969.4	193077.77	0	215810.55	237970.11
"sp|Q9P253|VPS18_HUMAN"	"HUMAN"	75491.945	60243.656	69993.92	0	61515.195	69341.86	74966.28	0	0	65303.965	56702.023	54005.535	68401.02	0	0	0	65449.395	51101.715
"sp|Q9P258|RCC2_HUMAN"	"HUMAN"	6046395.5	6520343.5	6458198.5	5792280.5	6206465	5601319	6104425	6186977.5	6145668.5	6524259.5	6227287.5	6006586	5746336.5	5882945	6489702	6676781.5	5651237	6507449
"sp|Q9P275|UBP36_HUMAN"	"HUMAN"	0	0	0	0	0	0	0	0	0	0	0	0	0	0	0	0	0	0
"sp|Q9P287|BCCIP_HUMAN"	"HUMAN"	1350369.2	1383787.9	1382687.5	1335403.9	1403995.6	1266637	1442131.4	1331329.8	1480908	1266348.4	1338917.9	1495719.5	1331346.6	1423574.6	1321661.5	1342022.6	1427138.5	1271367.1
"sp|Q9P289|STK26_HUMAN"	"HUMAN"	1019605.7	1003248.06	1314619.1	1056258.1	1005765.2	1552498	1182351.8	1285485.4	840170.4	1446881	1339152.2	1433527.2	1536332.5	1468847.1	1479430.6	1471840	1417569.1	1477262.8
"sp|Q9P2E3|ZNFX1_HUMAN"	"HUMAN"	216898.56	147290.03	166972.72	197964.42	169956.17	161354.94	155365.75	159777.67	233002.61	183404.45	0	0	199821.16	0	0	0	0	0
"sp|Q9P2I0|CPSF2_HUMAN"	"HUMAN"	193651.4	0	183568.75	163547.62	180001.33	170280.23	225511.36	128182.31	187360.75	326944.62	196129.55	212099.34	209732	131997.69	192016.08	179312.61	214678.67	220983.5
"sp|Q9P2J5|SYLC_HUMAN"	"HUMAN"	4586022	4126478	4867351.5	4337203	4611967	3908552	4453136.5	4519161	4474481.5	4673017	4421681.5	4627808.5	4697311.5	4017343.8	4446625	3998660	3718765.8	4270871
"sp|Q9P2N5|RBM27_HUMAN"	"HUMAN"	536990.94	0	0	117565.11	0	0	0	0	281826.34	0	0	0	0	0	0	0	0	0
"sp|Q9P2R6|RERE_HUMAN"	"HUMAN"	0	0	0	0	0	0	0	60683.12	0	0	0	0	0	0	0	0	57447.49	0
"sp|Q9P2R7|SUCB1_HUMAN"	"HUMAN"	0	56064.47	50964.12	49162.395	53928.746	0	0	0	0	0	0	0	58243.742	0	0	0	0	0
"sp|Q9UBB4|ATX10_HUMAN"	"HUMAN"	880219.5	753524.4	766007.9	783269.8	744016.75	651380.2	768744.4	733410.1	792321	778572.8	493861.06	556049.5	1014094.8	464706.53	806032.25	450984.22	817623.1	474596.3
"sp|Q9UBB6|NCDN_HUMAN"	"HUMAN"	211059.69	131818.48	88320.984	0	113323.8	197389	175724.64	222804.38	205404.31	0	124232.85	0	145856.4	0	168563.08	0	167817.05	0
"sp|Q9UBB9|TFP11_HUMAN"	"HUMAN"	73199.89	135751.16	62717.824	75082.43	0	51511.664	120702.78	185012.02	0	74316.85	0	71943.49	82000.21	181747.88	71993.44	173175.22	72348.67	71793.43
"sp|Q9UBC2|EP15R_HUMAN"	"HUMAN"	109745.37	121287.94	112069.945	108434.53	80514.85	107227.6	109352.266	92648.805	100736.67	93998.01	114700.97	96528.3	91677.21	100113.24	78162.375	99367.65	98684.63	104354.78
"sp|Q9UBD5|ORC3_HUMAN"	"HUMAN"	90784.27	93805	0	104396.49	0	0	110998.54	214753.14	0	62762.984	91601.914	75377.21	171114.62	74606.52	176132.84	0	79853.07	0
"sp|Q9UBE0|SAE1_HUMAN"	"HUMAN"	3133292.2	3181646.5	2827743.2	2829441.2	2670291.8	3134373.8	2955623.5	3390571	2722521	2875203.2	3000031	2619123.5	3172001	3689144	2958310.8	3378504.2	3124289.2	3310884.5
"sp|Q9UBF1|MAGC2_HUMAN"	"HUMAN"	363951.56	416869	260071.53	336765.56	414636.62	219772.28	352484.4	415636.16	358445.8	346601.25	448513	404562.03	422530	439543.72	453352.8	348692.03	459604.72	484829.34
"sp|Q9UBF2|COPG2_HUMAN"	"HUMAN"	483920.56	211926.06	234578.14	369088.88	282386.66	278183.5	593101.56	390981.72	422266.7	504804.66	217941.55	309369.25	519171.1	228068.69	206058.44	228417.92	339705.8	177466.36
"sp|Q9UBI1|COMD3_HUMAN"	"HUMAN"	0	0	0	0	0	43599.13	56718.777	119150.98	0	0	0	75141.14	70490.65	0	0	0	0	0
"sp|Q9UBL3|ASH2L_HUMAN"	"HUMAN"	252251.64	0	0	0	0	0	0	114408.87	109381.555	0	210694.64	0	0	0	189791.81	0	170791.94	0
"sp|Q9UBN7|HDAC6_HUMAN"	"HUMAN"	62775.492	0	60778.543	71350.055	61506.95	60652.633	60101.55	61715.355	0	0	0	0	0	0	39174.91	0	0	0
"sp|Q9UBQ0|VPS29_HUMAN"	"HUMAN"	317887.16	386515.44	341635.56	227722.2	320218.75	194454.36	337097.56	215356.9	279148.22	462801.78	365356.28	393586.97	457215.12	444209.1	367011.16	388790.3	437211	362196.56
"sp|Q9UBQ5|EIF3K_HUMAN"	"HUMAN"	2304436	2355016.2	2262747	2260218.8	2209969.5	2379975.8	2312221.8	1755647	2295315	2565709.8	2470727.8	2507143.8	2404324.2	2633802	2417389.5	2577739.2	2777830.5	1696836
"sp|Q9UBQ7|GRHPR_HUMAN"	"HUMAN"	900406.6	1176141.4	916500.9	1227989.2	1110571.4	1140038.1	1013465.1	1084130.6	1070458.5	1166884.4	894134	1011172	1233466.6	1278268.2	905892.5	1275601.9	1247131.9	1263858
"sp|Q9UBR2|CATZ_HUMAN"	"HUMAN"	71703.43	0	156440.84	0	116223.58	107084.086	0	118852.76	0	0	0	0	68245.45	0	114816.945	0	0	0
"sp|Q9UBS4|DJB11_HUMAN"	"HUMAN"	0	0	0	0	0	0	96087.34	44720.906	0	0	61608.598	0	97199.79	70615.234	0	0	0	0
"sp|Q9UBT2|SAE2_HUMAN"	"HUMAN"	2303751.8	12034851	2316020	2060929.8	2237649	2278083.2	2007372.5	10501692	10500491	6685429	7556992	7029659	2555662.2	7065004.5	2661637.8	7789022	6638976.5	6821843
"sp|Q9UBU9|NXF1_HUMAN"	"HUMAN"	90732.22	108929.586	430003.06	0	0	83986.24	101839.23	0	167179.7	0	106708.16	104851.484	102539.61	0	0	0	94416.73	83694.2
"sp|Q9UBV8|PEF1_HUMAN"	"HUMAN"	546303.94	439335.94	618967.44	625704.56	653493.7	710295.44	675871.8	795876.75	465677.6	596942.25	410015.9	705512.56	618696.25	617474.06	648547.7	613146.44	525394.4	635489.94
"sp|Q9UBX3|DIC_HUMAN"	"HUMAN"	162137.5	130958.625	147860.17	149839.17	146611.5	121968.98	137894.56	142656.72	139772.98	157623.02	127918.63	158055.5	162074.64	137505.67	0	143884.17	146471.14	124011.92
"sp|Q9UDW1|QCR9_HUMAN"	"HUMAN"	200716.56	78858.88	132970.61	73441.234	122313.41	79285.914	188708.47	70195.69	140626.19	88178.05	94357.01	91127.13	94721.35	102727.87	0	0	0	76210.305
"sp|Q9UDY4|DNJB4_HUMAN"	"HUMAN"	0	0	0	170243.36	175267.39	0	214460.58	0	202912.8	184998.03	0	213250.5	225512.66	0	0	0	0	0
"sp|Q9UEE9|CFDP1_HUMAN"	"HUMAN"	0	0	0	0	0	0	0	0	0	0	0	0	0	0	0	0	0	0
"sp|Q9UER7|DAXX_HUMAN"	"HUMAN"	0	0	0	0	46342.555	0	40579.582	0	0	203244.45	0	0	0	0	0	184404.52	0	2879675.2
"sp|Q9UFC0|LRWD1_HUMAN"	"HUMAN"	137376.81	171881.84	112916.29	219936.22	241281.92	110351.4	273095.47	0	0	195809.08	250388.47	111352.35	242250.75	197653.19	243218.83	220606.03	228400.25	220449.38
"sp|Q9UFG5|CS025_HUMAN"	"HUMAN"	154253.2	0	130551.336	126334.836	108901.68	94536.555	238980.7	0	176397.38	110933.34	0	0	129656.38	0	0	0	61622.113	0
"sp|Q9UFN0|NPS3A_HUMAN"	"HUMAN"	0	0	0	0	0	0	0	0	0	0	0	0	0	0	0	0	0	0
"sp|Q9UG63|ABCF2_HUMAN"	"HUMAN"	1724439.4	1376355.6	2115651.8	2004282	1916788.8	1935356.4	1628950	2110664.5	1628431.2	1971299.9	1721083	2083270.1	2049374.9	1895553.2	2060143.8	1696187.6	1928228.2	2050808.9
"sp|Q9UGI8|TES_HUMAN"	"HUMAN"	138613.33	0	0	73773.85	72441.21	0	70581.266	0	0	55849.992	0	0	72071.43	144759.02	45986.266	100276.74	104946.2	43617.58
"sp|Q9UGJ1|GCP4_HUMAN"	"HUMAN"	0	0	0	0	0	0	0	0	0	0	0	0	0	0	0	0	0	0
"sp|Q9UGM6|SYWM_HUMAN"	"HUMAN"	0	0	0	0	0	0	0	0	0	0	0	0	0	0	0	0	0	0
"sp|Q9UGV2|NDRG3_HUMAN"	"HUMAN"	0	115884.02	111965.055	59111.707	169977.62	154279.86	55589.703	89222.44	85055.8	205157.38	0	0	73438.805	221855.94	55566.055	0	277681.2	0
"sp|Q9UHA4|LTOR3_HUMAN"	"HUMAN"	203850.44	267086.75	235239.66	272398.7	264681.47	286575.3	257837.44	280636.78	195037.75	256016.64	252175	142976.6	256091.42	248336.06	274203.97	211355.2	300531.9	246607.11
"sp|Q9UHB6|LIMA1_HUMAN"	"HUMAN"	0	1133386.2	0	0	969888.44	965418.7	0	0	987639.8	0	0	0	0	0	0	0	0	656525.06
"sp|Q9UHB9|SRP68_HUMAN"	"HUMAN"	668011.9	631504.94	895833	927745.6	709059.75	758210.06	769644.5	889582.44	681474.75	561886.25	771890.75	887694.25	693363.25	733768.94	749930.2	617952.75	895757.44	604957.5
"sp|Q9UHD1|CHRD1_HUMAN"	"HUMAN"	3933855.8	3831265.5	3804921.8	3708616.2	3806453.2	3604090	3627029.5	3507313.2	3865906.5	3643632.5	3506889.2	3627588	3708754.2	3304633	3751814.5	3801669.5	3476889.2	3742532.5
"sp|Q9UHD8|SEPT9_HUMAN"	"HUMAN"	1092697.1	863618.5	1184243.5	941250.8	1090432.5	1230272.9	1140897	965999.6	1148241.4	1384042.2	983466.94	1666326.2	1156722.5	1002744.06	815672.25	957806.56	1173307	1180228.5
"sp|Q9UHD9|UBQL2_HUMAN"	"HUMAN"	251402.75	283146.25	237722.83	189513.11	170934.38	311817.62	249270.86	178079.72	172292.34	221914.45	182995.52	101524.44	235581.12	226737.61	223571.92	187525.19	240521.92	262826.3
"sp|Q9UHI6|DDX20_HUMAN"	"HUMAN"	436121.62	233283.9	135258.67	429390.8	165817.17	200464.47	159430.02	185702.1	278565.56	290026.25	168725.97	201543.08	746684.25	254754.1	159158.62	233406.19	199680.58	148859.97
"sp|Q9UHL4|DPP2_HUMAN"	"HUMAN"	0	0	0	0	0	0	0	0	0	0	0	0	0	0	0	0	0	0
"sp|Q9UHV9|PFD2_HUMAN"	"HUMAN"	1763451.4	1946658.8	1883448.1	1928335.5	1716813.8	1723736.1	1458604	1762038.8	1662675	1705707.2	1430480.6	1846949.1	1618459.2	1661568.1	1669302.1	1625217.5	1921745.2	1642055.6
"sp|Q9UHX1|PUF60_HUMAN"	"HUMAN"	3226063	3823543.2	3576347.8	3171148.8	3474854	3707234.2	3056885	3163015.8	3363716.5	2833839	3789770	3658323.2	3223050.8	3501999.5	3155371	3177946.2	3160487.2	3185018.5
"sp|Q9UHY1|NRBP_HUMAN"	"HUMAN"	292047.56	197243.72	121365.17	245494.16	341495.7	229539.5	319757.28	245890.03	104787.055	367991.88	127456.72	241528.11	406823.72	258532.14	232099.16	194097.97	116545.21	188253.16
"sp|Q9UHY7|ENOPH_HUMAN"	"HUMAN"	623979.1	834826.6	693255.44	664284.9	638228.4	754703.9	808301.75	685550.75	680790.9	682338.9	793661.5	819741.4	823869.6	668312.6	586956.44	716156.06	659274.4	692144.75
"sp|Q9UI09|NDUAC_HUMAN"	"HUMAN"	0	0	0	66782.49	0	0	0	0	75031.65	0	77254.74	91397.59	80407.05	70531.75	57913.82	0	0	79531.79
"sp|Q9UI10|EI2BD_HUMAN"	"HUMAN"	102810.234	102272.875	0	102856.23	92883.86	0	0	82501.22	83421.68	0	0	0	0	0	0	0	0	0
"sp|Q9UI12|VATH_HUMAN"	"HUMAN"	340026	176708.9	158552.92	161739.23	322405.56	170087.14	161865.14	424740.22	164699.66	170866.64	331830.4	173944.22	379076.4	175575.69	161693.28	159925.72	301115.44	175822.4
"sp|Q9UI26|IPO11_HUMAN"	"HUMAN"	1305032	928403.5	951085.1	1126943.1	924840.8	886378.6	1292520.1	951146	919445.06	1317272.6	1091700.5	1070385.2	1419369	1131070.2	1058102.2	1098107.8	1214051	1104625.2
"sp|Q9UI30|TR112_HUMAN"	"HUMAN"	1019639.1	936606.44	933260.7	1136023.6	846969.7	873548.8	1027928.1	760709.75	937084.56	894951.3	1007767.9	880890.9	1494240.9	1082672.1	1082745.1	1017550	986954.5	812961.1
"sp|Q9UIA9|XPO7_HUMAN"	"HUMAN"	2804502.5	2108646	3002236.5	2954814.2	2660419.5	2317623.5	2714606	1473364.9	1701901.2	1213906.6	1440805.4	1424879.1	1450490.6	1435562.8	1278375	1387050.8	938476.4	900640.4
"sp|Q9UIG0|BAZ1B_HUMAN"	"HUMAN"	0	0	0	0	0	0	0	0	0	0	0	0	0	0	0	0	0	0
"sp|Q9UII2|ATIF1_HUMAN"	"HUMAN"	79022	904342.1	823697	372932.66	454093.16	355213.94	265558	395334.47	374795.34	332959	466957.62	400535.66	378395.94	297186.62	0	332300.9	483798.88	433394.3
"sp|Q9UIJ7|KAD3_HUMAN"	"HUMAN"	268573.84	256057.03	238717.19	241291.38	285773.8	208016.69	371656.94	216142.34	253136.47	493622.22	83173.82	569214.1	465303	102890.016	407256.53	0	432562.1	246695.52
"sp|Q9UIL1|SCOC_HUMAN"	"HUMAN"	96126.56	107152.33	74591.71	103264.14	77988.91	45712.3	94094.42	53516.906	59423.78	113771.51	0	0	93279.836	68930.73	153117.02	0	84121.08	99656.43
"sp|Q9UIQ6|LCAP_HUMAN"	"HUMAN"	64005.69	68125.5	64422.465	67753.32	60764.082	61625.21	73940.58	63690.902	60640.99	0	0	118931.14	0	0	0	0	61822.6	55529.05
"sp|Q9UIV1|CNOT7_HUMAN"	"HUMAN"	72531.164	0	0	56375.48	0	0	0	0	0	0	0	0	0	0	0	0	0	0
"sp|Q9UJS0|S2513_HUMAN"	"HUMAN"	903170.56	869382.7	1016452.9	1028874.44	666533.6	856978.8	862988.3	873759.06	689492.06	856987.2	845243.6	809315.56	1073880.2	758815.94	958640.44	1015667.7	1083763.8	594064.9
"sp|Q9UJU6|DBNL_HUMAN"	"HUMAN"	0	0	0	0	0	0	0	0	0	228228.56	0	0	171521.05	0	0	170451.19	257976.53	0
"sp|Q9UJV9|DDX41_HUMAN"	"HUMAN"	0	0	0	0	0	0	0	0	0	0	0	0	0	0	0	0	0	0
"sp|Q9UJX3|APC7_HUMAN"	"HUMAN"	372132.22	154932.8	293441.38	143248.08	157408.9	264839.62	494689.8	144705.05	120832.06	369767.38	145268.72	123890.21	229395.31	417875.84	218164.88	321513.47	414264	310943.47
"sp|Q9UJY5|GGA1_HUMAN"	"HUMAN"	84717.91	80835.695	76804.11	75027.44	77323.89	70600.46	0	0	75329.23	0	0	0	0	108997.8	0	190149.55	128111.15	0
"sp|Q9UJZ1|STML2_HUMAN"	"HUMAN"	829405	947775.4	1144781.6	1036824.1	920006.6	1049510.2	1220650.8	963505.9	1028685.25	1023804.4	1120968	908496.25	1009230.56	1021957.7	1249217.6	946008	1188493.9	1079436.6
"sp|Q9UK41|VPS28_HUMAN"	"HUMAN"	0	0	0	0	0	0	0	0	0	0	0	0	0	0	0	0	0	0
"sp|Q9UK45|LSM7_HUMAN"	"HUMAN"	444456.2	867822	607095.5	440980.3	598219.4	473039.62	403463.1	591685.2	577840	487037.88	647545.9	601539.8	427158.38	561821.75	566821.1	681196.7	627320.44	570924.25
"sp|Q9UK76|JUPI1_HUMAN"	"HUMAN"	650695.75	581913.44	198655.6	232826	0	552575.44	247614.66	386689	386684.28	608266.1	648490.1	404060.06	688612.7	186475.19	230936.38	0	645695.44	354229.6
"sp|Q9UKD2|MRT4_HUMAN"	"HUMAN"	3069211	3337120.5	1113499.2	2407134.8	1198751.9	1118169.8	1445118.9	1190341.4	1083817.1	2073734.2	2521307.8	1296788.8	1917340.9	1627124.4	2682842.5	984038.06	3012505	1927944.9
"sp|Q9UKF6|CPSF3_HUMAN"	"HUMAN"	230823.97	148399.14	191780.47	110730.05	244397.62	266695.97	154970.69	165897.83	244595.25	133930.22	237439.47	233266.84	522161.1	134480.45	180558.28	268239.88	610503.56	224185.9
"sp|Q9UKI8|TLK1_HUMAN"	"HUMAN"	0	0	0	0	0	0	0	0	0	0	0	0	0	0	0	0	0	0
"sp|Q9UKK9|NUDT5_HUMAN"	"HUMAN"	3476861.8	3217441.8	3052763.5	3858401.8	3440789.2	3220310.2	3651906.5	3186294.2	3414037.8	3406059	3246900.2	3228803.2	3856321.5	2974077.5	3008746.2	3336520	3271647.2	3108255.2
"sp|Q9UKL0|RCOR1_HUMAN"	"HUMAN"	539859.9	392080.75	379889.62	454990.75	423498.94	517851.7	485911.38	396294.66	431903.25	537430.8	423550	557480.7	555975.44	412065.56	509164	580736.8	491959.66	481302.16
"sp|Q9UKM9|RALY_HUMAN"	"HUMAN"	1592575.4	1555089.9	1827146	1546931.2	1598820.5	1550021.8	1781190.8	1732805.2	1875688.1	1411067.1	1717420	1604985.9	1442632.9	1947848.5	1469711.2	1645528.1	1368763.1	1986620.6
"sp|Q9UKN8|TF3C4_HUMAN"	"HUMAN"	97812.36	64767.316	0	75202.89	60374	115856.92	0	60212.82	78692.62	131263.12	128810.73	163765.69	192430.08	67834.06	78459.88	160624.47	0	140094.61
"sp|Q9UKV3|ACINU_HUMAN"	"HUMAN"	1780735.5	1538414	1276155.9	1702126.2	1927470.6	1578863.8	1717988.2	1585630.2	1300948.8	1800221.9	2165606.2	2076119.4	1763744.1	1998283.1	1811457.2	1612475.8	1682999.1	1869888.9
"sp|Q9UKV8|AGO2_HUMAN"	"HUMAN"	216132.78	175996.08	192653.88	205904.81	259448.77	188415.44	142278.56	250205.77	183194.48	246959.44	0	0	143545.31	0	0	0	0	0
"sp|Q9UKX7|NUP50_HUMAN"	"HUMAN"	309722.06	351575.7	260176.62	272730.8	454925.9	533778.44	513202.78	177948.64	319824.53	430828.66	0	0	448199	93002.49	499413.25	0	555972.7	563490.25
"sp|Q9UKY7|CDV3_HUMAN"	"HUMAN"	388472.25	261022.69	247867.81	379480.38	176083.03	138231.84	387122.8	205123.69	225018.44	484696.2	489093.12	110037.4	505349.25	415396.62	298819.9	119194.36	189210.5	310473.2
"sp|Q9UKZ1|CNO11_HUMAN"	"HUMAN"	74626.76	0	0	0	0	0	0	0	55210.35	0	0	0	0	0	0	0	0	0
"sp|Q9UL25|RAB21_HUMAN"	"HUMAN"	136790.77	125029.71	122099.516	127769.97	124549.586	109880.57	167577.38	125826.07	141677.06	122501.62	130772.88	117984.305	177241.89	117274.67	127991.47	127686.05	147736.34	133995.36
"sp|Q9UL46|PSME2_HUMAN"	"HUMAN"	1140921.5	1071464	1211037.8	1164175	1103568.5	768629.4	1234702.2	991388.9	2306016	1228391	1054973	1262009.4	1257251.4	1039806.4	908327.25	1207663.4	1051835.5	2132315
"sp|Q9ULA0|DNPEP_HUMAN"	"HUMAN"	218950.34	185726.94	146132.28	28061.861	61758.043	141278.33	155256.36	178707.03	196028.88	203916.53	152954.4	159661.84	202838.22	225195.94	157270.25	250634.75	169164.73	171874.92
"sp|Q9ULC4|MCTS1_HUMAN"	"HUMAN"	1624845.5	1272549.8	1524018.8	1266558.6	1059085.5	1520483.2	908388.75	1143527.1	1217554.8	1211910.5	1550063.8	1191948.9	919213.75	1084986.9	1205715.2	1317228.4	1212828.4	1497855
"sp|Q9ULR0|ISY1_HUMAN"	"HUMAN"	0	126931.22	192539.38	0	0	85902.484	113626.88	0	166186.28	0	149967.72	0	0	0	0	0	0	0
"sp|Q9ULU4|ZMYD8_HUMAN"	"HUMAN"	307924.6	162414.19	0	79743.27	0	332483.06	308084.97	52631.305	0	157829.11	0	0	204962.58	0	0	0	0	0
"sp|Q9ULV4|COR1C_HUMAN"	"HUMAN"	3905465.8	3831863.2	4314245	3207685	4046071.5	3659687.5	3989611.2	2386435.2	2006422.2	1902635	2465790.5	1962397.5	3615892.2	2348994	3779417.5	3758214.2	4643075.5	3961982.8
"sp|Q9ULW0|TPX2_HUMAN"	"HUMAN"	92993.66	63626.375	64289.098	215906.16	69325.09	58515.598	0	72885.305	0	144581.9	0	0	182863.94	0	144453.73	154151.8	129819.09	0
"sp|Q9ULW3|ABT1_HUMAN"	"HUMAN"	0	280695.2	0	0	280493.97	0	0	0	0	0	0	0	0	0	0	0	0	0
"sp|Q9ULX3|NOB1_HUMAN"	"HUMAN"	1142053.4	1042644.8	1059043.9	745326	530526.8	584633.75	997132.9	613868.9	624923.7	953837.06	683413.25	1004748.5	997909.9	1033965.25	1055488.1	947528	765900.9	669959.06
"sp|Q9ULX6|AKP8L_HUMAN"	"HUMAN"	0	0	0	0	0	0	0	0	0	0	0	0	0	0	0	0	0	0
"sp|Q9ULZ3|ASC_HUMAN"	"HUMAN"	0	0	0	0	0	0	0	0	0	0	0	0	0	0	0	0	0	0
"sp|Q9UMR5|PPT2_HUMAN"	"HUMAN"	0	0	0	0	0	0	0	0	0	0	0	0	0	0	0	0	0	0
"sp|Q9UMS0|NFU1_HUMAN"	"HUMAN"	0	0	0	0	0	0	64883.254	0	0	88775.52	103612.1	224752.31	146481.36	113062.55	112678.2	140860.06	0	173575.4
"sp|Q9UMS4|PRP19_HUMAN"	"HUMAN"	5676720.5	5875129.5	6038607	6237004.5	6212309	5439245.5	5871189	5716925.5	6151580	6294628.5	6027883	5800788.5	5902940	5464211	5999475	5804932	6135602	5810832
"sp|Q9UMX0|UBQL1_HUMAN"	"HUMAN"	1033840	1453455.9	1265278.5	1244132.4	1513821.9	1139364.4	1180393.8	1145338.4	877614.4	1192802.9	1243985.8	1544723.1	1229874.2	1342739.2	1204586.5	1216330	463318	1152685
"sp|Q9UMY1|NOL7_HUMAN"	"HUMAN"	121200.64	91316.22	63801.74	104049.516	90864.54	88649.65	101926.57	83183.44	0	113750.734	80060.02	92573.11	111338.586	85365.27	93192.25	86802.71	70707.305	67337.33
"sp|Q9UMY4|SNX12_HUMAN"	"HUMAN"	23486.383	0	0	0	0	0	0	0	0	69391.586	0	0	56601.934	0	0	56667.527	0	0
"sp|Q9UN36|NDRG2_HUMAN"	"HUMAN"	142587.27	0	0	126728.81	147970.31	155407.58	182779.5	0	0	117596.34	0	0	233607.19	226214.69	0	0	0	0
"sp|Q9UN86|G3BP2_HUMAN"	"HUMAN"	1193109.5	1199969.6	1133695.4	1069995.4	1306525.8	1283308.4	560965.75	1166958.9	1251112.6	1183013	1390746.6	1114097.2	1272316.6	1240911.9	1338388.4	1052793.4	1102549.5	1195354.5
"sp|Q9UNE7|CHIP_HUMAN"	"HUMAN"	275381.78	694046.5	744882.7	329741.75	659332	616735	335319.1	199268.86	590833.9	593783.6	649756	640015.2	391615.06	632056.06	794938	676784.94	631711.5	611155.4
"sp|Q9UNF0|PACN2_HUMAN"	"HUMAN"	0	0	0	0	0	77879.664	0	0	64745.03	0	0	0	0	0	0	0	0	0
"sp|Q9UNH7|SNX6_HUMAN"	"HUMAN"	0	0	0	0	0	0	0	0	0	331951.06	251080.19	0	0	189600.73	0	386404.5	0	0
"sp|Q9UNM6|PSD13_HUMAN"	"HUMAN"	4048390.2	3729439	3596235.2	3885204.2	3542650.8	3358588.8	4362606	3694986.2	3290188	4240216	3943918	4227413.5	4290381.5	4270038	3730113	4005499.5	3501156.2	4039266.5
"sp|Q9UNN5|FAF1_HUMAN"	"HUMAN"	609594.4	444225.8	545481.3	497085.56	580164.56	576983.06	617481.25	571188.25	461223.7	886885	855247.25	655376.1	684768.5	701822.8	905752.1	210285.9	847034.94	543261.4
"sp|Q9UNP9|PPIE_HUMAN"	"HUMAN"	394336.72	448933.97	386208.5	409084.94	423924.72	440372.44	416764.3	418699.72	380145.72	505917.72	463666.53	464753.7	508838	484713	462078.66	427340.25	503232.16	432865.44
"sp|Q9UNQ2|DIM1_HUMAN"	"HUMAN"	640527.4	793742.75	817854.6	785275.56	863187	1010465.1	775247	906715.8	618831.1	190113.22	187936.12	182988.58	729588.5	193361.28	199537	214767.1	80067.12	616107.6
"sp|Q9UNS1|TIM_HUMAN"	"HUMAN"	60043.01	48675.78	55884.855	0	57235.996	62505.586	47282.387	60150.676	53198.438	49684.816	59903.586	49586.906	65250.047	53979.586	59009.066	59777.023	51165.45	0
"sp|Q9UNS2|CSN3_HUMAN"	"HUMAN"	375766.06	482582.3	583381.2	329110.44	147245.28	456447.8	362804.56	419219	391936.2	472897.44	293061.8	144647.81	369363.12	329422	384036.8	323580.8	433663.3	237271.47
"sp|Q9UNX4|WDR3_HUMAN"	"HUMAN"	780956.9	771864.9	991056.94	711914.06	783176	676065.4	889272.94	451714.4	1016603.75	703756.2	594348.1	594552.06	792581.1	879897.2	888494.1	607164.4	1036023.5	714588.25
"sp|Q9UNZ2|NSF1C_HUMAN"	"HUMAN"	449838.34	206127.11	457903.7	332240.66	738401.25	630259.8	474040.16	500370.66	626333.44	384759.5	525531.8	433949.75	478234.28	443987.38	374530.2	373207.8	157886	256935.75
"sp|Q9UP83|COG5_HUMAN"	"HUMAN"	0	0	0	0	0	0	0	0	0	0	0	0	0	0	0	0	0	0
"sp|Q9UPN3|MACF1_HUMAN"	"HUMAN"	122916	0	239090.72	288210.1	348197.34	218645.3	104862.516	146128.64	0	368727.28	0	0	0	0	0	730673.9	0	0
"sp|Q9UPN9|TRI33_HUMAN"	"HUMAN"	138380.95	100488.67	0	97846.93	152182.4	112506.66	135994.47	110599.49	116144.41	123300.8	114821.98	0	126250.08	95112.305	101552.484	113696.52	93083.79	113531.945
"sp|Q9UPT8|ZC3H4_HUMAN"	"HUMAN"	113750.43	106254.6	107471.37	110483.35	120682.4	116066.62	117720.23	122488.664	112945.35	125645.41	117149.27	121866.97	126706.91	116315.51	112781.445	107945.445	124265.266	114625.02
"sp|Q9UQ16|DYN3_HUMAN"	"HUMAN"	127546.77	0	131430.38	127525.3	114788.97	0	107646.65	119150.91	96333.29	110812.71	134916.92	126266.25	138686.8	110270.34	119961.32	118569.75	133089.14	99650.22
"sp|Q9UQ35|SRRM2_HUMAN"	"HUMAN"	2850217	3151990	3428098.2	2792262	3036022.2	2999013.8	3074791	3156208	3322027.2	2761208.8	3001039	2959120	2846692.5	2764587.5	3053841.8	2899073.5	3185397.5	3021677.2
"sp|Q9UQ80|PA2G4_HUMAN"	"HUMAN"	15544740	17453612	18523788	14947559	17679454	17861588	14679512	16707443	18300800	16804208	18382108	17757976	16216707	18038288	17489712	18549106	17446420	19177192
"sp|Q9UQB8|BAIP2_HUMAN"	"HUMAN"	0	0	0	0	0	0	0	0	0	0	0	0	0	0	0	0	0	0
"sp|Q9UQE7|SMC3_HUMAN"	"HUMAN"	484224	690350.75	646818.3	460871.5	624060.1	674288.9	735910.9	880435.1	746730.7	582449.9	282932.12	1331889.2	1166201.5	666306.4	1290953.2	812771.75	1037368.25	832647.4
"sp|Q9Y221|NIP7_HUMAN"	"HUMAN"	201904.39	467253.75	362705.25	232066.73	436824.88	334429.94	381351.66	260893.55	158706.95	293389.25	626033.8	407328.9	460482.53	342640.94	444053.7	363722.4	325291.7	270991.06
"sp|Q9Y223|GLCNE_HUMAN"	"HUMAN"	0	0	0	0	0	0	0	0	0	0	0	0	0	0	0	0	0	0
"sp|Q9Y224|RTRAF_HUMAN"	"HUMAN"	2674197.8	2810104.8	2936563	2474860.5	2669779.8	2504165.2	2917408.5	2646892	2257470.5	3054028.5	2756560.5	2733055.2	2259401.8	2644253.8	2783731.2	2527569	2492302.2	2714958.2
"sp|Q9Y230|RUVB2_HUMAN"	"HUMAN"	6780563.5	8085301.5	8266520	7555297.5	7280619	6599203	7567931	8444538	7455609	6582348	6920073	7707706.5	6963656	7807221.5	7223948.5	7548786	7831096.5	7312165.5
"sp|Q9Y237|PIN4_HUMAN"	"HUMAN"	198082.66	187414.42	167882.52	204753.22	176837.83	0	211101.14	124375.8	0	191414.1	128497.39	0	0	0	0	0	137248.06	0
"sp|Q9Y244|POMP_HUMAN"	"HUMAN"	715780.7	754808.75	835858.8	956412	962392.25	691614.25	1012245.8	708543.9	868666.9	767611.3	881274.25	865673.6	817665	944572.8	883986.06	817355.44	720272.25	956811.2
"sp|Q9Y248|PSF2_HUMAN"	"HUMAN"	124760.516	92293.836	90051.01	125979.57	0	78396.99	127625.52	154115.98	0	135992.44	273592.53	307586.56	262403.5	205629.31	139390.4	119060.59	313316.5	111540.22
"sp|Q9Y262|EIF3L_HUMAN"	"HUMAN"	2194558.8	2713999.2	2474502.5	2412707	2547560.2	2458029.2	2426699.5	2799134	2745026.5	2941759.5	2341240.2	2372821	2076650	2236086	2604138.2	2068685.1	2315530.2	2458126
"sp|Q9Y263|PLAP_HUMAN"	"HUMAN"	87819.484	92091.63	64115.117	23745.516	354892.7	89098.99	261451.53	200913.23	338678.28	140116.19	0	382476.44	397551.97	335496.66	94673.97	409774.2	88394.16	128890.01
"sp|Q9Y265|RUVB1_HUMAN"	"HUMAN"	7110305.5	7902449.5	7688682	7151290	7867171.5	7265574	7473091	8535840	7715608.5	7178166	8583374	7426550	7165625.5	7923745	7131963	7449575	8393098	8265782.5
"sp|Q9Y266|NUDC_HUMAN"	"HUMAN"	7207907.5	9066278	8835958	7478058	8759258	8369425.5	7273894.5	8934361	8521667	7199900.5	9008195	8543764	7305003	8420680	8135618.5	8411493	8374310.5	8900925
"sp|Q9Y277|VDAC3_HUMAN"	"HUMAN"	417776.3	1931222	954749.94	788085.2	843874.25	802927.6	422670.84	427748.7	525451.7	755340.8	965407.9	1548675.8	685513.4	1878461.2	508688.28	609368.4	854005.9	2465133
"sp|Q9Y285|SYFA_HUMAN"	"HUMAN"	3016736	2549118	2469111.2	1189439.2	1956675.5	830151.1	1221972.2	1433841.8	594578.8	2472723.2	2370574.8	2457471.2	2990908.2	2485114.5	2498249.5	1750997	2563224.8	2072854.5
"sp|Q9Y289|SC5A6_HUMAN"	"HUMAN"	131685.03	236291.02	163946.4	176844.28	157140.27	161617.5	121710.47	0	173085.06	174396.69	209293.36	145036.39	122366.71	159776.17	156706.44	200034.45	149974.67	186816.19
"sp|Q9Y294|ASF1A_HUMAN"	"HUMAN"	0	0	0	0	0	122885	0	159981.42	0	0	83776.92	59564.14	0	68367.195	0	76827.734	51418.35	0
"sp|Q9Y295|DRG1_HUMAN"	"HUMAN"	1066457.6	995729.44	983118.9	1586371.8	805510.25	828787.1	1286850.2	1352500.6	952989.5	781046.6	981924.4	1334076.6	856847.44	948621.8	879422.56	1390357.5	896167.44	909476.25
"sp|Q9Y296|TPPC4_HUMAN"	"HUMAN"	0	0	0	0	0	0	0	0	0	0	0	0	0	0	0	0	0	0
"sp|Q9Y2A7|NCKP1_HUMAN"	"HUMAN"	0	0	0	0	0	0	0	0	0	0	0	0	0	0	0	0	0	0
"sp|Q9Y2B0|CNPY2_HUMAN"	"HUMAN"	513567.62	481845.2	398785.56	445014	470524.8	356882.03	540056.5	378193.16	384717.2	407306	496755.44	491305.5	563748.56	340833.25	599958.94	450140.5	547352.2	543219.6
"sp|Q9Y2K7|KDM2A_HUMAN"	"HUMAN"	0	0	0	0	0	0	0	0	0	0	754134.2	0	0	0	0	0	0	0
"sp|Q9Y2L1|RRP44_HUMAN"	"HUMAN"	174912.77	96690.09	134955.34	99424.3	95972.97	103399.23	183701.1	95735.13	97413.25	99591.164	185694.61	191939.77	97599.54	0	184203.5	106172.5	189474.42	99561.91
"sp|Q9Y2P8|RCL1_HUMAN"	"HUMAN"	0	66272.68	61772.188	76266.68	65306.016	0	72066.96	53342.2	0	69480.3	0	0	0	57175.105	0	0	0	0
"sp|Q9Y2Q3|GSTK1_HUMAN"	"HUMAN"	891758.94	331494.75	991714.5	771450.56	683041.5	910999.9	1033087.25	959355.4	843234.25	628343.6	651227.2	740391	788370.7	593178.4	651877.7	794218.1	787421	429111.12
"sp|Q9Y2Q9|RT28_HUMAN"	"HUMAN"	97669.67	216392.08	177037.33	203257.25	259376.06	0	167280.78	116670.555	313832.44	128937.17	133335.19	0	246073.31	89299.64	316136.94	81293.99	42140.926	66203.625
"sp|Q9Y2R4|DDX52_HUMAN"	"HUMAN"	0	0	0	79279.414	113666.56	0	0	109238.945	0	109994.71	0	143220.39	125325.15	152245.17	0	0	0	0
"sp|Q9Y2R5|RT17_HUMAN"	"HUMAN"	166781.38	82552.17	0	108573.8	0	97725.43	95180.48	97170.62	103440.375	138014.47	100839.99	115817.92	100265.95	87111.836	98720.44	100426.305	173777.95	107768.16
"sp|Q9Y2R9|RT07_HUMAN"	"HUMAN"	341378.12	161392.17	291301.97	179341.06	366696.75	562637.1	329697.06	548155.8	171822.67	418073.88	390492.5	615067.5	344981.56	167598.62	166235.77	387002.06	526180.44	165955.67
"sp|Q9Y2S7|PDIP2_HUMAN"	"HUMAN"	95513.9	95513.97	71656.18	118439.055	0	93242.48	112819.336	67701.15	91584.766	119012.35	0	0	123076.97	0	0	0	0	0
"sp|Q9Y2T2|AP3M1_HUMAN"	"HUMAN"	148537.03	268270.44	171916.48	0	0	0	0	0	0	112300.875	0	127372.305	0	247668.36	183686.56	118653.695	239286.27	150375.95
"sp|Q9Y2V2|CHSP1_HUMAN"	"HUMAN"	635228.9	639751.7	504611.53	642435.1	558427	564969.2	681618.5	571540.3	641014	674406.06	454356.47	616481.06	729447.25	681990.44	720819.3	601824.75	695219.5	577052.06
"sp|Q9Y2W1|TR150_HUMAN"	"HUMAN"	1676047.1	1664811	1656247.4	1770014.5	1500644.9	1800571.1	1454134.4	1618254.5	1726204.1	1575063.1	1810623	1607915.8	1512010	1628505	1553590.2	1135878.6	1052553.5	1569846.4
"sp|Q9Y2W2|WBP11_HUMAN"	"HUMAN"	619929.4	338231.75	373841.47	325406.1	275046.66	260287.8	458481.06	177112.6	362222.1	576229.2	273223.44	563703.06	565315.6	483243.8	478712	299037.2	277229.3	490568.06
"sp|Q9Y2X3|NOP58_HUMAN"	"HUMAN"	1501792.8	1783290.6	1767483.5	1503567.8	1161441.5	1877865.9	1414065.1	1478197.4	1729385.8	1628038.1	1352116.8	1126365	1456867.6	1366925.1	1339858.9	1458413.2	1063147.9	1506231.5
"sp|Q9Y2Y0|AR2BP_HUMAN"	"HUMAN"	112135.67	0	88651.75	119021.87	117925.055	70718.3	0	90352.58	0	396470.62	313234.66	341267.06	415273.9	389602.3	369877	385336.88	397769	370163.94
"sp|Q9Y2Z0|SGT1_HUMAN"	"HUMAN"	766629.9	666229.94	350546.4	760673.06	592205.2	824925.1	869838.7	661268.4	636695	2800477.8	472278.9	608312	454771.53	494405.34	511438.28	445972.2	533321.9	2688594
"sp|Q9Y2Z4|SYYM_HUMAN"	"HUMAN"	0	0	0	0	71420	52953.098	0	0	0	55831.69	0	0	0	0	0	0	45010.766	0
"sp|Q9Y305|ACOT9_HUMAN"	"HUMAN"	209349.16	99627.39	98975.1	228207.33	99804.46	97969.59	110060.02	99726.02	93922.46	215011.94	215736.62	195462.3	228777.03	103212.85	176286.03	94629.15	112567.95	171409.25
"sp|Q9Y312|AAR2_HUMAN"	"HUMAN"	118534.875	132356.03	0	0	146606.06	130046.34	140285.69	69323.87	111322.375	135389.98	109995.984	109836.67	128774.766	87805.305	141672.11	108055.97	94450.24	137546.62
"sp|Q9Y314|NOSIP_HUMAN"	"HUMAN"	952077.94	1072492	1023165.75	992501.94	1113998.5	1200648.5	810787.1	852731.6	674039.75	1433488	1057173	903790.2	843834.3	575518.5	733301.6	1217289.8	937919.3	523638.12
"sp|Q9Y316|MEMO1_HUMAN"	"HUMAN"	324904.56	345010.3	255337.72	407604.75	333223.44	383288.7	380473.22	342376.9	573701.7	312661.12	262160.47	264141.06	420595.66	227060.48	258865.14	230782.97	235788.83	330428.22
"sp|Q9Y333|LSM2_HUMAN"	"HUMAN"	1557499.4	1611415.2	2120951.5	1476287.5	1626325.2	1615314	1892696.4	1947283.5	1599479.9	1616782.6	1787157.9	1961184.8	1649714	1970510.1	2072055.6	1922076.5	2157172.2	1817736.1
"sp|Q9Y371|SHLB1_HUMAN"	"HUMAN"	556719.44	281019.22	448642.25	306938.3	223808.52	501621.47	576756.25	444851.06	447153.38	518917.4	415832.3	295964.6	350061.44	317480.66	468495.3	374887.47	611959.75	236613.03
"sp|Q9Y376|CAB39_HUMAN"	"HUMAN"	860471.25	783516	736265.6	809997.7	673080.25	634659.94	803074.6	677640.75	621588.25	683685.56	662780.3	680101.7	679667.4	631035.5	664834.44	617970.75	695143.8	676649.94
"sp|Q9Y383|LC7L2_HUMAN"	"HUMAN"	2852496	4096165	3319568	2852102.2	3743263	3279319.8	3719380.5	3485424.2	3600898.5	3405905.8	4126706.8	3726919.8	3392076.5	3955490.5	3665612.2	3435625	3780905.5	4138000
"sp|Q9Y3A4|RRP7A_HUMAN"	"HUMAN"	0	0	0	0	0	0	0	0	0	0	0	0	0	0	0	0	0	0
"sp|Q9Y3A5|SBDS_HUMAN"	"HUMAN"	2022087.2	1817626.1	1822924.5	1863162.2	2092293	1786735	1296247.5	2118285.8	2008601	1734888	2058309.6	2028455.4	1492409.1	2354650.8	1621061.4	1842029.2	1187470.5	1809555.9
"sp|Q9Y3B2|EXOS1_HUMAN"	"HUMAN"	0	0	0	0	0	0	0	0	0	0	0	0	0	0	0	0	0	0
"sp|Q9Y3B4|SF3B6_HUMAN"	"HUMAN"	925824.1	893754.7	825388.06	930637.6	949961.6	1052750.2	856945.4	757738.44	1047154.8	843160.06	753544.75	823542.44	793914.9	798013.6	853933.5	799483.9	840753.44	804542.75
"sp|Q9Y3B8|ORN_HUMAN"	"HUMAN"	1027453.4	808525.5	914171.75	927768.6	965664.5	876232.6	1000292.1	927040.6	903066.25	920518.6	811075.25	716063.3	750993	898160.2	846074.94	433490.78	880419.75	818335.1
"sp|Q9Y3B9|RRP15_HUMAN"	"HUMAN"	209120.4	133835.53	173981.08	237407.16	138551.2	140644.16	174941.2	120278.4	167703.1	204847	130321.37	165740.38	241696.7	177312.27	238873.72	199683.5	175722.95	188222.5
"sp|Q9Y3C1|NOP16_HUMAN"	"HUMAN"	679916.56	441525.8	618770.25	578935.5	646319.9	418290.06	715284.3	480011.62	446147.38	671310.56	498473.3	530730.94	678961.2	462422.7	476743.06	551966.5	561341.3	532966.9
"sp|Q9Y3C4|TPRKB_HUMAN"	"HUMAN"	261476.58	192948.1	172884.53	192790.34	199322.62	172377.3	192430.77	177666.11	181593.94	240018.28	249611.95	275095.53	353211.1	266283.2	250912.95	186117.45	192867.06	260283.5
"sp|Q9Y3C6|PPIL1_HUMAN"	"HUMAN"	0	239763.02	168552.1	105509.336	282121.8	285142.22	192091.22	268457.84	247849.88	122164.04	186275.02	298164.06	174481.38	351002.12	140685.33	430026.75	289074.1	160009.12
"sp|Q9Y3C8|UFC1_HUMAN"	"HUMAN"	358601.75	405815.03	387590.6	363949.62	602916.9	536424.4	367558.84	418936.2	458599.53	386297.1	140368.2	133913.23	305493.56	331252.16	119393.805	136382.11	480119.12	320598.75
"sp|Q9Y3D3|RT16_HUMAN"	"HUMAN"	81702.78	95319.34	114673.59	63994.23	118495.375	89076.914	74755.234	91255.27	91838.695	83309.19	108080.016	112227.87	0	113835.54	85101.555	110056.586	108398.305	109895.88
"sp|Q9Y3D5|RT18C_HUMAN"	"HUMAN"	100225.31	0	0	28972.389	0	0	0	0	0	157741.28	251117.03	172142.31	91174.55	0	141912.08	0	172960.89	41677.848
"sp|Q9Y3D6|FIS1_HUMAN"	"HUMAN"	384977.22	396611.53	379400.06	393465.34	394960.03	367498.44	410856.44	350338.8	385881.25	406954.44	431990.66	400527.2	398700.66	410228.34	395715.03	421642.56	418744.94	409797.94
"sp|Q9Y3D7|TIM16_HUMAN"	"HUMAN"	0	0	0	0	0	40864.793	0	0	0	0	0	52116.53	0	0	0	0	0	0
"sp|Q9Y3D8|KAD6_HUMAN"	"HUMAN"	209006.19	334778.3	385577.9	232987.44	286346.06	335983	301207.75	378788.25	317052.2	377292.66	487040.78	391413.28	438069.66	507094.16	423394.53	436941.3	314668.06	285883.03
"sp|Q9Y3D9|RT23_HUMAN"	"HUMAN"	0	0	0	0	0	0	0	10213.865	0	0	0	0	90194.39	0	0	0	0	0
"sp|Q9Y3E5|PTH2_HUMAN"	"HUMAN"	0	126985.86	0	137708.11	142427.95	0	0	146883.3	0	114375.664	140721.42	125884.97	141923.34	0	138032.14	142531.05	0	127882.95
"sp|Q9Y3F4|STRAP_HUMAN"	"HUMAN"	1971420.8	2031431.6	1913508.2	2065175.4	1721069.9	1822929.6	1964039.5	1805133.8	2326687.2	2038205.5	2213962	1828913.9	1780605	2182527.8	2182604.2	1986369.6	2200841	2085777.8
"sp|Q9Y3I0|RTCB_HUMAN"	"HUMAN"	2953842.2	2653337.2	3174805.2	3101404.8	3054389.5	2802208.8	2844874.2	3204592	2893454.5	2864090.2	2833352.2	3143117	3083268.8	2790959.5	2988076.2	3075707.8	2911666.8	2625012.5
"sp|Q9Y3I1|FBX7_HUMAN"	"HUMAN"	459669.94	446937.25	0	265884.94	380490.06	344251.44	296222.53	145089.3	221516	0	221810.27	0	0	160159.22	145949.06	0	111489.82	0
"sp|Q9Y3T9|NOC2L_HUMAN"	"HUMAN"	436782.3	301319.06	191308.38	297333.9	486779.47	301788.12	426521.16	328612.1	213711.6	450902.34	465647.56	521031.7	503899.6	482856.16	683413.6	256481.84	490911.88	179496.94
"sp|Q9Y3U8|RL36_HUMAN"	"HUMAN"	1699095.8	1387388.5	2144465	1735632.6	1857537.5	1802367.2	2047075	1671571	1799026.6	2198419.5	1899073	2017982	1886505.8	1863262	1232121.5	2119845.5	1917417.8	1666615.1
"sp|Q9Y446|PKP3_HUMAN"	"HUMAN"	197245.23	590525.6	119112.234	609318.6	517474.56	189860.34	665460.4	109863.28	85021.59	230201.47	211953.19	180492.5	143243.86	126605.56	119004.23	154080.16	136028.86	94771.26
"sp|Q9Y448|SKAP_HUMAN"	"HUMAN"	0	0	0	0	0	0	0	0	0	0	0	0	0	0	0	0	0	0
"sp|Q9Y450|HBS1L_HUMAN"	"HUMAN"	552848.7	389386.72	445526.72	837877	700471.44	516717.8	688238.7	469121.8	255032.97	978494.4	747547.5	896147.9	823154.5	787927.9	594558.06	702944.4	925372.1	776872.1
"sp|Q9Y478|AAKB1_HUMAN"	"HUMAN"	102167.055	117542.02	0	148457.61	101139.914	89441.04	0	103964.05	106803.06	567425.94	525034.4	614460.44	563105.1	547166.5	468747.25	513202.25	510678.12	409857.62
"sp|Q9Y490|TLN1_HUMAN"	"HUMAN"	10969079	11366885	12096627	10618700	11007809	11814260	10308201	11261506	12755684	10939095	11651463	12210209	10984021	11255286	12258609	10701503	11293771	11253809
"sp|Q9Y4A5|TRRAP_HUMAN"	"HUMAN"	0	0	0	0	0	53593.453	0	0	0	0	0	0	0	0	0	0	0	0
"sp|Q9Y4E5|ZN451_HUMAN"	"HUMAN"	0	0	0	0	0	0	0	0	0	0	0	0	0	0	0	0	0	0
"sp|Q9Y4E8|UBP15_HUMAN"	"HUMAN"	3039702	2675260	3200513	2994490.5	2663898.8	2374253.5	3010766.5	3025183.8	2954997.2	3163321.8	2795713.2	2933463.8	4007009.2	2579755.5	2900754.2	2822009.5	2839044.8	2892544
"sp|Q9Y4L1|HYOU1_HUMAN"	"HUMAN"	3930548.5	3694947.2	3190741	3112574.2	3269569.5	2498026.2	3791076.8	4529787	3719648.5	3134878.5	2747622.2	2893991.5	3093796	2861670.2	3333018.5	2927034.2	3508846.8	3229399.8
"sp|Q9Y4R8|TELO2_HUMAN"	"HUMAN"	197323.1	0	68456.07	79915.32	65627.09	0	0	58234.387	0	100144.54	122237.71	0	98062.81	88078.516	108525.6	0	112886.29	0
"sp|Q9Y4W2|LAS1L_HUMAN"	"HUMAN"	595085.9	406125.28	171299.52	563906.8	516202.94	359862.34	736025.75	548473.1	506426.34	598720.3	597641.25	627126.25	616593.75	578700.8	379464.62	523780	543864.25	486278.25
"sp|Q9Y4W6|AFG32_HUMAN"	"HUMAN"	365225.97	277616	269859.22	540684	194171.4	336173.38	369984.2	466507.8	374194.44	249998.94	305125.56	243828.69	131643.44	131162.1	319233.12	297268.16	120930.7	130930.93
"sp|Q9Y4X5|ARI1_HUMAN"	"HUMAN"	0	0	0	0	0	0	0	0	0	0	0	0	0	0	0	0	0	0
"sp|Q9Y4Y9|LSM5_HUMAN"	"HUMAN"	263754.22	300875.12	306819.34	321498.6	296583.8	310761.72	307700.28	258767.89	261730.66	294451.56	345936.84	321329.38	331785.44	333072.66	332539.1	338404.62	293351.34	380436.6
"sp|Q9Y4Z0|LSM4_HUMAN"	"HUMAN"	644096.3	643046	479138.38	636331.94	784359.94	740849.8	607484.7	760725.94	677658.6	650263.1	652996.1	510478.7	668631.6	710934.75	780965.5	458818.75	782809.6	706216.25
"sp|Q9Y508|RN114_HUMAN"	"HUMAN"	39541.977	0	76271.875	36281.582	0	0	0	34336.504	0	50098.797	44635.098	62682.777	41405.32	46170.133	0	0	90485.6	51408.797
"sp|Q9Y512|SAM50_HUMAN"	"HUMAN"	202396.31	214309.34	193531.64	229899.23	201201.05	188369.17	246248.55	198047.88	179892.2	195954.66	185735.05	201258.72	234549.4	202442.31	205666.84	231883.8	211944.28	176972.88
"sp|Q9Y520|PRC2C_HUMAN"	"HUMAN"	362150.06	56266.594	85609.96	130618.57	134767.27	57403.72	47096.39	124910.45	32398.77	76192.89	29053.291	62274.418	31986.547	18916.11	70376.984	0	98803.26	0
"sp|Q9Y530|OARD1_HUMAN"	"HUMAN"	218468.52	0	0	240973.98	0	0	0	0	0	145770.3	0	0	162222.86	0	124189.27	0	135504.86	0
"sp|Q9Y547|IFT25_HUMAN"	"HUMAN"	132091.25	123446.83	159012.78	171758.89	127831.75	140190.58	154821.42	147736.9	131692.84	151884.45	92394.27	117814.555	113945.38	114612.484	88154.24	142472.81	104294.52	0
"sp|Q9Y570|PPME1_HUMAN"	"HUMAN"	965606.2	1061292.6	1114342	999654.2	778422.3	1037273.3	1080884.5	928675.44	962978.1	1180007.8	1109057.2	1073328.5	1060012.6	1239515.9	1305422.1	1326393	1035575.94	1194595.2
"sp|Q9Y580|RBM7_HUMAN"	"HUMAN"	130623.66	125711.43	110299.65	122417.39	104009.17	0	96144.87	96266.695	105244.71	120577.71	0	0	121856.85	0	0	106732.08	114552.266	0
"sp|Q9Y5A9|YTHD2_HUMAN"	"HUMAN"	620204.1	413284.1	532382.9	660725	917073.4	503729.12	578935.3	527741.7	468576.12	563131.9	524803.8	539985.6	290652.12	537404.44	490331.66	631649.4	241012.34	566293.25
"sp|Q9Y5B6|PAXB1_HUMAN"	"HUMAN"	0	0	0	0	0	0	0	0	0	0	0	0	0	0	0	0	0	0
"sp|Q9Y5B9|SP16H_HUMAN"	"HUMAN"	2159658.5	2389678	2417168.2	2017151.1	2583679.8	2418514.8	2444888	2349009	2323127.2	2108792.5	2654271.5	2579645.8	2066317.2	2806809.2	2692332.8	2675193.8	2659437.5	2691480.5
"sp|Q9Y5J1|UTP18_HUMAN"	"HUMAN"	444587	1111154.8	1096110.5	1036161.6	1067884.9	916569.9	1068321.6	1144821.9	573370.7	1104365.9	957317.44	1096297.2	230033.66	1012246.06	1063497.5	173058.4	1069036.2	310622.25
"sp|Q9Y5J7|TIM9_HUMAN"	"HUMAN"	221466.4	150978.23	219370.69	207532.44	250218.33	184344.1	151677.89	211472.16	67501.7	179592.97	201175.16	201321.12	230519.1	201588.38	210285.22	140679.4	181670.53	197520.9
"sp|Q9Y5J9|TIM8B_HUMAN"	"HUMAN"	389374.88	357887.75	217348.98	350192.78	308512.94	348426.25	445134.38	253951.06	292486.88	334562.56	221403.11	325277.75	340374.66	298215.84	323095.7	309871.66	313621	293895.56
"sp|Q9Y5K5|UCHL5_HUMAN"	"HUMAN"	2017972.5	2420824.2	2176737.8	2092648.4	2280002	2230322	2065438.2	2185757.5	2051693.6	2180364.5	2141394.2	2207329.8	2208404.8	2074204	2166727.5	2492054.8	2334114	2098115.8
"sp|Q9Y5K6|CD2AP_HUMAN"	"HUMAN"	327717.38	197052.69	287401.94	0	223846.31	257618.36	291421.78	490925.9	204665.81	49817.914	236714.75	263330.03	0	261181.62	0	227573.75	0	339831.8
"sp|Q9Y5L0|TNPO3_HUMAN"	"HUMAN"	3313325.5	3163722.5	3306279.5	2777549.8	3308161.5	3134203	3221609	2836195.5	2941304.5	3177348	2929870.2	2945689	3453439.2	3227412	3122249.5	2743505.5	2880431	3031162.8
"sp|Q9Y5L4|TIM13_HUMAN"	"HUMAN"	1459353.9	1328042	1428619.4	1401677.1	1339571.2	1551915.5	1492963.4	1012261.5	1229277.9	1662809.2	1720425.4	1545507.9	1663071.5	1772295.4	1745523	1651896.8	1574116.1	1534551.8
"sp|Q9Y5Q8|TF3C5_HUMAN"	"HUMAN"	0	0	0	0	0	0	0	0	0	0	26816.406	0	0	0	46777.16	0	0	0
"sp|Q9Y5S9|RBM8A_HUMAN"	"HUMAN"	1529933.4	1450767.9	1507041.6	1450573.1	1514551.9	1496105.4	1491072.1	1356221.4	1521158.4	1504450.6	1930339	1544126.9	1641545.2	1811736.9	1565829.9	2055436	1383703.2	1993338.5
"sp|Q9Y5T5|UBP16_HUMAN"	"HUMAN"	0	0	0	0	0	0	0	0	0	0	0	0	0	0	0	0	0	0
"sp|Q9Y5U8|MPC1_HUMAN"	"HUMAN"	150542.03	0	97315.75	118018.15	0	110039.89	128254.51	0	99090.77	129247.98	136160.38	128859.56	110613.984	97289.52	98303.875	110676.91	125041.35	108882.805
"sp|Q9Y5X1|SNX9_HUMAN"	"HUMAN"	301518.62	380100.25	300523.28	315845.75	384662.25	284325.88	359388.84	257540.6	326227.44	390275.72	352600.53	156366.69	427061.2	180363.1	223218.19	350454.44	262733.94	316334.56
"sp|Q9Y5Y2|NUBP2_HUMAN"	"HUMAN"	85909.53	0	0	105113.66	0	0	175138.52	0	0	264182.1	123210.39	0	120500.9	77765.04	88571.9	73915.75	0	82430.12
"sp|Q9Y5Z4|HEBP2_HUMAN"	"HUMAN"	325307	294842.75	376310.62	362417.44	385068.62	302711.12	428558.25	336767.72	312662.66	312177.16	349768.8	313351.12	381726.88	322393.3	484761.5	326354.22	352101.94	348862.28
"sp|Q9Y606|PUS1_HUMAN"	"HUMAN"	304458.6	321003.5	384877.28	279736.88	238226.9	263962.7	332340.03	396723.72	242371	344324.47	234897.34	324724.66	298112.7	345684.38	306288.75	338011.66	296002	323302.88
"sp|Q9Y613|FHOD1_HUMAN"	"HUMAN"	172967.66	250091.94	201641.84	232561.61	228094.16	232016.88	200090.06	195559.61	196341.12	0	0	0	0	0	0	0	265250.47	0
"sp|Q9Y617|SERC_HUMAN"	"HUMAN"	2735048.5	3626440	3326082	3087035	3280720.2	3218348.2	3174334.5	2910704	3250840	3098111.5	3729740.5	3135021.5	2562316.5	3317852.8	2735172.2	3398112.5	3942520.2	3391876.2
"sp|Q9Y676|RT18B_HUMAN"	"HUMAN"	109136.12	144640.42	0	0	99714.4	0	152775.36	85316.07	94683.21	0	0	0	0	0	118381.66	121173.17	129853.35	0
"sp|Q9Y678|COPG1_HUMAN"	"HUMAN"	1463662.1	1279433.6	1102717.4	1432075.5	1160346.6	1216231.5	1260846.4	1200490.1	1263836.8	1321267.4	1354743.2	1194288.9	1479036.1	1519775.6	1400323.4	1395843.2	1180718.6	1437966.6
"sp|Q9Y696|CLIC4_HUMAN"	"HUMAN"	869180.7	922808.6	1033535.6	1031204.9	1035017.4	623843.94	811745.25	768120.9	897513.4	721311.06	1251503.6	981160.9	671185.7	810204.06	890944.9	1095579	855202.4	385043.88
"sp|Q9Y6A4|CFA20_HUMAN"	"HUMAN"	0	0	0	0	0	0	0	0	0	0	0	0	0	0	0	0	0	0
"sp|Q9Y6A5|TACC3_HUMAN"	"HUMAN"	0	0	0	0	0	0	0	0	0	114172.72	106989.61	65977.32	0	85991.97	80528.086	82856.23	0	0
"sp|Q9Y6B6|SAR1B_HUMAN"	"HUMAN"	290635.84	262528.53	336125.34	349990.5	349664.72	375370.47	382806.75	260745.66	365395.47	330779.75	361936.88	251047.22	387287.47	274082.38	262619.78	305325.25	360020.84	364974.72
"sp|Q9Y6C9|MTCH2_HUMAN"	"HUMAN"	617700.1	504436.38	344108.94	634510.2	538533	487033.6	602123.5	585121.44	582721.2	585015.6	582947.06	648727.5	674545.75	732111.2	658276.9	720175.75	601237.8	654041.56
"sp|Q9Y6D6|BIG1_HUMAN"	"HUMAN"	48086.938	0	65843.44	61983.11	57977.445	81371.164	44873.74	57839.918	67907.33	30965.742	0	0	0	0	0	0	0	0
"sp|Q9Y6E0|STK24_HUMAN"	"HUMAN"	100014.234	92759.914	85740.305	89899.164	93866.27	76602.55	0	72379.05	79781.97	108065.97	107689.414	113206.13	113529.07	100154.86	76013.41	0	109100.11	110058.28
"sp|Q9Y6E2|5MP1_HUMAN"	"HUMAN"	1533435.2	2583820.8	2292918.5	1915649.5	2155420.5	2144781.5	1945689.2	2126957.2	2290358.5	1613930.5	2589391.2	2058881.5	1995424	2654585	2266246	2176909.2	2268250	1936336.4
"sp|Q9Y6G9|DC1L1_HUMAN"	"HUMAN"	1286374.2	1164414.5	1263305.6	1284657.8	1202246.4	1223029.9	1190546.6	1175171.1	1025636.7	1218144.5	1325565.9	1294733.4	946262.75	1288501.4	1214043.6	1540832.9	1079342.2	1216258.4
"sp|Q9Y6H1|CHCH2_HUMAN"	"HUMAN"	278517.7	254289.34	201450.47	171303.19	286670.9	205298.55	197150.95	208335.22	197205.44	235778.47	272058.78	283254.12	204031.64	313328.34	185627.06	0	237746.7	135197.67
"sp|Q9Y6K9|NEMO_HUMAN"	"HUMAN"	0	154340.81	0	0	132124.53	123177.92	0	118137.4	0	0	124795.04	0	0	103908.2	0	0	139590.55	0
"sp|Q9Y6M1|IF2B2_HUMAN"	"HUMAN"	0	0	0	0	0	0	0	0	11240.556	0	0	0	0	0	0	0	0	0
"sp|Q9Y6M9|NDUB9_HUMAN"	"HUMAN"	111360.53	0	0	110246.375	0	0	91480.57	0	0	98748.04	108754.234	107816.7	116577.27	101802.11	99171.92	0	108734.39	106488.88
"sp|Q9Y6V7|DDX49_HUMAN"	"HUMAN"	196107.84	0	0	169994.14	0	0	200779.23	0	0	216943.69	187552.77	0	184265.23	200629.52	252458.14	161801.23	215817.62	119169.92
"sp|Q9Y6W5|WASF2_HUMAN"	"HUMAN"	0	92049.26	104816.72	128738.51	0	0	171193.3	103385.13	0	360595.3	520060.3	555726.1	0	548594.06	0	487841.78	714190.56	0
"sp|O13516|RS9A_YEAST"	"YEAST"	6811397	7028824.5	7040315.5	6683976.5	7068476.5	6439103.5	6154775	6880119	6732388	2682599	2384528	3214458	2407804.2	2664342.2	2530082.8	3383135.8	2439135.2	2579108.5
"sp|O13535|YH11B_YEAST"	"YEAST"	2952353	3874265	3248981.5	2992255	3207906.8	3508610	2987236.5	3341652.8	3423296	1373066.8	1346095.6	1331644.8	1238309.4	978009.94	1311115.1	1299123.9	989170.06	925812.75
"sp|O13563|RPN13_YEAST"	"YEAST"	86934.47	187810.17	0	133647.61	0	170752.75	0	0	0	0	0	0	0	0	0	0	0	0
"sp|O14455|RL36B_YEAST"	"YEAST"	3260394.5	4251497.5	4518526.5	3364027.2	4154288.5	3820374	2690257	3703327.8	3887828.2	1717424.9	2469784	2224732.8	1329238	1963109	2063204	2025075.8	2252735.5	2218249
"sp|O14467|MBF1_YEAST"	"YEAST"	982678.9	1187386.8	1221017.4	872142.44	1182957.4	1199697.4	909609.94	1128669	1338512.5	544126.3	650381.75	813231.1	441967.72	901844.25	604975.25	898986.1	797516.75	924542.56
"sp|O43137|YB085_YEAST"	"YEAST"	511998.7	356510.75	402649.28	501755.3	349872.2	369474.7	413110.12	360775	325676	117718.914	136592.66	110868.195	101143.24	0	145019.47	0	105196.5	108885.3
"sp|P00330|ADH1_YEAST"	"YEAST"	82229900	90014060	85126170	77547260	86091580	80773440	77891810	81639180	81145544	40144044	42578500	40846030	37906060	42786012	41214416	43382100	42051824	41223976
"sp|P00358|G3P2_YEAST"	"YEAST"	2815473	3391629	3929244	2811372	3340677	3642194.2	2747180.8	3253456	3632844.5	1303578.8	1840377	1719953.8	1373681.2	1780875.2	1782285.2	1437519	1811501.8	1986596.6
"sp|P00359|G3P3_YEAST"	"YEAST"	129008590	146329520	150995800	123179040	144367300	142156580	126477944	135427410	141984530	63071612	69013144	71990056	61017464	71841250	67203810	74712910	73264850	74537910
"sp|P00360|G3P1_YEAST"	"YEAST"	20001806	20395482	19819718	19531052	19633050	18620990	19213698	18416846	18465818	10006011	9934849	9797186	9953547	9865887	10184849	10643870	10229948	9755649
"sp|P00445|SODC_YEAST"	"YEAST"	4683703.5	6139558.5	6584970	4772104	5898314	6049995	4726894	5532616.5	5838378.5	2274313.8	2719261.5	2786363	2207231	3034620.5	3523794.2	2575314.2	3042560.5	3183387.8
"sp|P00447|SODM_YEAST"	"YEAST"	98309.375	105780.586	0	113884.67	0	0	123694.48	0	74259.375	0	0	0	0	0	0	0	0	0
"sp|P00498|HIS1_YEAST"	"YEAST"	73910.65	307867.72	229282.88	216518.28	419233.62	271210.12	167382.66	398851.44	0	0	0	0	27656.4	0	0	0	0	0
"sp|P00549|KPYK1_YEAST"	"YEAST"	113501896	121962320	127661590	110658270	117191990	111651730	111108824	120357620	110881340	54963324	59414910	57377708	54329240	58228336	58355132	60118744	62550040	58474470
"sp|P00560|PGK_YEAST"	"YEAST"	158542430	165019170	165492480	156663170	157683700	154536770	154224560	156857440	153231150	78934330	81333110	78182570	76846600	78982880	82078410	83135630	84816810	80547750
"sp|P00729|CBPY_YEAST"	"YEAST"	946512.5	323285.53	602128.06	597537.2	459512.2	588820.56	610673	650553.25	544155.25	163546.72	0	0	141309.95	0	118774.73	0	98204.77	109077.04
"sp|P00815|HIS2_YEAST"	"YEAST"	2715139	2675105	2881191.5	2520214.2	2546258.2	2986132.2	2721978	2786654.8	2627583.5	422396.78	395708.78	495858.56	701824.25	541379.9	654339.06	770477.5	249741.31	232175.72
"sp|P00817|IPYR_YEAST"	"YEAST"	7815315.5	8541261	8667931	7748603.5	8248908.5	8189814.5	6987275.5	7545344	8415345	3605858	3767731.8	3578632	2965494.2	3452661.5	2884305.8	3181990.2	2725822	3110241
"sp|P00830|ATPB_YEAST"	"YEAST"	3110123.2	2889940	2828973	3296833.2	3046656.8	2536025	3357752.5	3178657.2	2720886.2	1251461	1458005.8	1137832.5	1689995.5	1313537.1	1359822.1	1607992.1	1374737	1301936.6
"sp|P00890|CISY1_YEAST"	"YEAST"	639199.94	302494.56	657555.25	534523.8	402907	515064.7	328447.53	520638.44	368218.62	0	0	90198.664	87933.99	74637.52	0	0	63616.383	0
"sp|P00924|ENO1_YEAST"	"YEAST"	19172208	17038112	16680611	18203698	17005016	16029532	18481236	16284248	15542336	9191680	8176233.5	7994987.5	9168307	8367836.5	8523320	9092535	8731584	8654652
"sp|P00925|ENO2_YEAST"	"YEAST"	148040460	151262770	154658370	145670340	146552460	139713600	142251100	134781400	143253310	72413690	73429770	73693920	70584250	72019140	71417060	72681170	73460170	74067850
"sp|P00931|TRP_YEAST"	"YEAST"	1421668.5	1362894.4	1532455.4	1315288.8	1154887.8	1151400.1	1212414.4	1125218.2	1219349.4	411289.2	205982.84	233182.67	409057	93988.36	190701.25	47971.773	81615.48	89620.29
"sp|P00942|TPIS_YEAST"	"YEAST"	15226212	17147398	16431521	14997194	15914586	15420811	14562328	15258381	15094017	7179497.5	8232536.5	7474321	7048510.5	7661698	8149005	7759823.5	8191989	8243981.5
"sp|P00950|PMG1_YEAST"	"YEAST"	66445610	68948270	68789720	64773764	66614860	65036028	65783384	63885348	65905264	31708518	32955432	32079512	33527852	33381108	33803816	32785628	33487634	34076492
"sp|P00958|SYMC_YEAST"	"YEAST"	671380.5	682448.75	604735.2	505631.12	452438.06	587038.4	613973.25	572287.1	548271.3	76224.31	0	0	148479.66	0	143740.45	156203.42	336359.16	235678.38
"sp|P01094|IPA3_YEAST"	"YEAST"	0	0	0	0	0	0	0	0	0	0	0	0	0	0	0	0	0	0
"sp|P01120|RAS2_YEAST"	"YEAST"	159841.6	0	39253.01	230185.62	211055.34	130237.8	378562.12	188885.16	167390.58	137272.73	153513.88	0	109897.805	81634.72	92157.65	0	102759.76	0
"sp|P01123|YPT1_YEAST"	"YEAST"	144572.84	210198.69	191044.03	121472.51	189342.7	85255.43	154909.17	83290.35	116031.37	0	0	0	0	0	0	0	0	0
"sp|P02293|H2B1_YEAST"	"YEAST"	2496138	2858785	2777211	2383068.5	2527145.5	2393383.2	2333302.2	2393385.2	2625346.5	1242054.8	1314744.4	1230227.8	1170895.5	1382538.8	1380851.4	1219431	1438174.5	1284209
"sp|P02309|H4_YEAST"	"YEAST"	4033069.5	3568968.8	3449734	3894062.5	3543634	3449071	3759018.8	3449603.8	3102948.8	1897572.6	1583595.4	1672086.1	1719720.4	1668508.1	1631177.9	1838976.8	1308558.2	1586116.2
"sp|P02400|RLA4_YEAST"	"YEAST"	6735274	5093738	6032556	6777314	6573201.5	6202122	6013689	6251953	6245340	3113850	2777402.5	2692564.5	3100028.5	2876482.5	2904903.2	3156694	2817216.8	2683250
"sp|P02406|RL28_YEAST"	"YEAST"	5817110	6092530	5754946	5772775	5595312	5151484.5	5655229.5	5102407	5347985.5	2791036.2	3170456.2	3000052.5	3068178.8	2898201	2846020.5	3199091.8	3012813	3112709
"sp|P02407|RS17A_YEAST"	"YEAST"	7499815	8653479	8638984	7100661.5	8343265	7640586.5	6754141.5	7442006.5	7484600	2667538	3263696	2668116.5	3185489	3388064.8	2520596	3817534	2740711	3360521.2
"sp|P02557|TBB_YEAST"	"YEAST"	1884638	918568.06	2178928.5	1301387	1478562.4	1796651.8	1821974.2	1946554	2004305	1005285.5	316095.75	900585.4	304659.38	136672.84	447951.34	1004984.94	305198.84	339616.5
"sp|P02829|HSP82_YEAST"	"YEAST"	1248982.8	1482725.1	1413590.4	1273135.1	1603324.6	1690018	1197229.5	1651610.8	1295502.2	603722.9	312649.1	812797	627261.06	736833.4	346214.78	54163.492	713002.9	361423.78
"sp|P02992|EFTU_YEAST"	"YEAST"	1045071.3	991727.9	753374.56	838789.44	1060290.9	1015553.06	843300	1097395.4	526951.6	492756.3	466926.22	340161.4	494336.53	387918.25	601118.4	313423.44	576224.1	557639.8
"sp|P02994|EF1A_YEAST"	"YEAST"	54078590	60559884	59704148	51819708	58426804	57275576	50597840	53778384	60005010	25255952	28908662	27367678	25009108	28452646	26529982	29044676	26706086	31197868
"sp|P04046|PUR1_YEAST"	"YEAST"	367090.94	446212.25	387607.3	392076.97	631222.1	423938.44	399071.4	346145.84	421351.25	67307.2	0	0	0	42987.125	57573.293	0	132114.9	0
"sp|P04050|RPB1_YEAST"	"YEAST"	0	0	0	0	0	0	0	0	0	0	0	0	0	0	0	0	0	0
"sp|P04076|ARLY_YEAST"	"YEAST"	0	0	99818.66	0	0	91486.69	91030.22	70990.586	0	0	0	0	0	0	0	0	0	0
"sp|P04147|PABP_YEAST"	"YEAST"	2487144	3310061.2	2323046.5	3007908	2499396	2539782.2	2288655.2	2549776	2780663.5	713206.25	1121465.6	825592.25	688580.56	1059057.4	861205.4	573828.3	570303.6	496733.6
"sp|P04449|RL24A_YEAST"	"YEAST"	405820.62	596740.56	603070.44	372929.72	563513.56	524341.06	382955.53	558729.75	584418.8	206721.7	310737.88	353346.94	226238.16	321883.8	299716.78	320697.06	359079.03	359289.2
"sp|P04456|RL25_YEAST"	"YEAST"	5205018.5	5053880	4933677	4999935	5016337.5	4556265.5	4891123.5	4537236.5	4845167	2698794.8	2714414	2533784.2	2799661.8	2663509.2	2683571.5	2706786	2503822	2395571
"sp|P04801|SYTC_YEAST"	"YEAST"	2891057.8	2237943	3309246.2	2405147.8	2001476.8	1887142.8	2484155.8	2007788.2	1574344	1260208.2	191743.77	41709.1	787101.56	144409.23	192408.89	261600.86	473240.12	267254.53
"sp|P04802|SYDC_YEAST"	"YEAST"	1922193	1871622.9	1974387.6	1608949.4	1677058.9	3429517.2	1781076	1603137.4	1770625.2	756345.4	405290.16	498724.47	331061.56	670298.5	638109.75	560459	298360.75	702286.1
"sp|P04806|HXKA_YEAST"	"YEAST"	30308332	32987690	33404420	30492538	32626178	30782072	30890420	34498500	32650180	14095631	14878682	15625942	15545819	15576259	16099969	15009157	16395355	15761835
"sp|P04807|HXKB_YEAST"	"YEAST"	18431282	19091278	18930024	18233436	18274904	18499714	18288038	17522130	18032420	7797476	8224935.5	7837847	8296579	8157229	7955898.5	8860220	8312649	8196328.5
"sp|P04840|VDAC1_YEAST"	"YEAST"	6761970	8274716	7572585.5	6754701	6763368	7364049	6633179	6849397	7555547.5	3140632.5	3296596	3354286	3175123.2	3861117	3821221.2	4253483.5	3621784.2	3774817.8
"sp|P04911|H2A1_YEAST"	"YEAST"	3340661.2	3555601.2	3344491	3304192.8	3549686.2	3420968.5	3306965.5	3446092	3273386.8	1491343.2	1479759.6	1478050.5	1498029.8	1491894.5	1472824.4	1640028.8	1596132.8	1546054.6
"sp|P05030|PMA1_YEAST"	"YEAST"	12781942	14941935	15246095	13523821	13429907	14357143	12909506	13359663	12846601	6403634.5	7133370	7101069.5	6872419	7358416.5	6301818	6983238	6643219	6621078
"sp|P05317|RLA0_YEAST"	"YEAST"	7999245	8241440.5	8571823	8469960	8289864.5	8688193	7652882.5	8065413	8848737	4213505	4231465	4182730.5	4173695.5	4382081	4318033	4397823.5	4496499.5	4366573.5
"sp|P05318|RLA1_YEAST"	"YEAST"	451321.06	668525.56	398212.7	377236.8	381726.9	404799.03	459215.88	336129.62	373884.7	188160.5	193356.11	284209.72	219494.5	216094.02	235189.23	206873.28	209719.73	230361.02
"sp|P05319|RLA2_YEAST"	"YEAST"	3767396.5	4049688.8	4199311.5	3398277.5	3784868.8	3532694.5	3620678.8	3432350.5	3672709.8	1551484.8	1995204.9	1545361	1557962.6	1577358	1582971	2028416.5	1841138.5	1842714.5
"sp|P05373|HEM2_YEAST"	"YEAST"	247514.53	201742.58	189424.5	210912.98	210641.19	155647.33	249276.44	188029.11	171936.06	92904.48	77788.49	0	86419.44	81350.09	85838.805	0	91822.04	94448.56
"sp|P05453|ERF3_YEAST"	"YEAST"	188685.69	0	228763.27	242203.36	0	116118.02	144581.62	0	155975.8	0	0	0	0	0	0	0	80308.61	0
"sp|P05694|METE_YEAST"	"YEAST"	4156313.2	3398076	3631079	3478050.5	3784109	2952320.8	3282856.2	3382779.5	3234157.5	1599193	1223246.1	1147283.6	1422546.6	843550.4	1274712.5	823278.5	1162042.9	938473.5
"sp|P05737|RL7A_YEAST"	"YEAST"	6246263.5	7767124	7877883	6143466.5	7133658	6817491.5	6147098	7121796	7532941	3027601	3344935.2	3372192.8	2906939.2	3450733.5	3514975	3520267.5	3410033.8	3623910.8
"sp|P05738|RL9A_YEAST"	"YEAST"	5279639.5	5353714	5653955	4415875.5	5256870	4765443	4961631	4650445	4437237.5	2079474.8	1918133.6	1934336.4	2026681.8	2390214.2	2240927.2	2632405	2242871.5	2118597
"sp|P05739|RL6B_YEAST"	"YEAST"	4437844.5	4735120	5122393.5	4077150.5	4689168	4725376	3958521.5	4487342.5	4744314.5	2125184.2	2167108.2	2060126.4	1845626.6	2252920.8	2225953	2452922.2	2237636.5	2102156.8
"sp|P05740|RL17A_YEAST"	"YEAST"	3877559	4235446.5	4066233.5	3774994.2	4069102.8	3848238.8	3756589.2	3767244	3850903.8	1931677.6	1995116.2	1905601.9	1865534.8	1958413.5	1921268.2	2095371.2	1887559.5	1961457.1
"sp|P05743|RL26A_YEAST"	"YEAST"	192981.56	309563.16	313310.1	87969.875	302514.4	321693	156104.69	278968.3	327239.6	65727.95	0	85857.36	77695.56	90447.8	0	189470.06	92712.61	0
"sp|P05744|RL33A_YEAST"	"YEAST"	2326682.5	2672492	2598912.8	2260476.8	2442936.2	2227380.8	2221571	2506521.2	2283692.5	1097712.9	1308340.1	1043916.1	1043875.7	1236681.5	1215855.8	1266757.9	1196488.9	1371899.1
"sp|P05745|RL36A_YEAST"	"YEAST"	135859.77	109221.33	115109.484	109001.54	166510.83	85166.73	144576.7	112733.18	122584.1	86548.42	76427.8	172805.33	90928.74	90738.94	108401.25	0	101334.5	0
"sp|P05748|RL15A_YEAST"	"YEAST"	3450738.2	4259386	4117659	3582530.8	4147973	3895345.2	3247550.2	3852326	3768219	1864377.2	1823076.9	1619672.9	1538600.2	2203216	1732746.6	1798939.5	1515064.4	1552640.2
"sp|P05749|RL22A_YEAST"	"YEAST"	1687852.2	2102098	2195136	1622192.8	1989000.5	1948214.6	1612831.5	1867996	1940811.5	879010.9	1085894.1	1055327.8	913341.94	1088854.8	1096939.2	1092929	1062134.4	1176176.9
"sp|P05750|RS3_YEAST"	"YEAST"	10953595	11646506	11697389	10587248	12187575	10674873	10044288	12599000	12136639	5026974.5	5379588	5162844.5	5255848	5180954	4646731.5	5651326.5	4475226	5214895.5
"sp|P05756|RS13_YEAST"	"YEAST"	10646498	10709345	11038297	10277924	10743586	10538364	10294048	9912538	10791109	6483836	6666468	6263045.5	6339668.5	6414614	6583963	6510146	6586275.5	6704930.5
"sp|P05759|RS31_YEAST"	"YEAST"	1282725	1545072.5	1438557.2	1257590.5	1559882	1336203.5	1086631.4	1251583.1	1309194.9	710150.25	806227.4	770690.5	610331.8	760819.1	694383.8	767334.9	691005.8	674618.9
"sp|P06101|CDC37_YEAST"	"YEAST"	138878.95	139717.64	0	99907.73	115652.164	122558.48	101202.59	100498.45	114196.31	0	0	0	0	66297.875	41099.465	0	47936.05	0
"sp|P06103|EIF3B_YEAST"	"YEAST"	0	0	199648.89	0	199258.7	212622.02	0	0	0	0	0	0	0	0	0	0	0	0
"sp|P06105|SC160_YEAST"	"YEAST"	1329755.6	937613.5	1419962.2	1035772.75	1169353.6	1375118.5	835020.56	922852	1119234	196675.12	123838	126944.375	63767.027	224610.42	324396.34	143790.83	89193.23	42108.4
"sp|P06168|ILV5_YEAST"	"YEAST"	7593004	7542905.5	7532981	7661421	6556888	6451640	6982490.5	7336657.5	6763425.5	3371719.2	2879265.2	3338097.8	3671887.5	2969539.8	3145475.8	2790593.2	3628339.5	3575637
"sp|P06169|PDC1_YEAST"	"YEAST"	157110130	166141330	175254990	156582160	162991410	153497070	155182540	159749040	156916560	76247830	82574760	84792820	77612250	80927330	79181590	79701730	84894936	83101630
"sp|P06634|DED1_YEAST"	"YEAST"	1543703.6	1367712	1512668.9	1522570.8	1252762.5	1158474.9	1460437.5	1555618.4	1393745	704439.5	474482.34	342127.44	686059.94	595115.56	393253.38	548366.25	539532.06	559551.6
"sp|P06738|PHSG_YEAST"	"YEAST"	1503142.6	1472768.9	1718136.1	1195406.2	1501373.5	1797262.9	2015008.6	1689600	1481701.5	199670.81	90946.81	423157.47	188535.45	527679.6	238201.28	79762.33	67519.88	87062.24
"sp|P06780|RHO1_YEAST"	"YEAST"	103158.09	124183.03	133869.16	99230.87	0	110825.63	71508.79	87893.66	120402.89	50506.848	0	0	33540.805	68296.2	68596.76	0	0	0
"sp|P06787|CALM_YEAST"	"YEAST"	509522.75	783793.1	711330.9	683945.5	978851.3	695975.6	745217.3	641989.94	801899.06	0	159976.94	0	114750.65	252550.98	99394.62	343722.25	0	328438.16
"sp|P07149|FAS1_YEAST"	"YEAST"	6966589	6436226.5	6442017	6488730.5	6097583	5750300.5	6719027	5857908	5870630	1943356.4	1552911.6	1523418.4	2090476.5	958719.4	1777914.4	1616826.1	1432098.9	1816457
"sp|P07170|KAD2_YEAST"	"YEAST"	3680501.2	4192338.2	4463062.5	3533423.8	4263307	3920083.2	3723011.5	3997998.2	3767808.2	1818280.2	2072759	2199899.5	1802669.5	2253157.5	1821158.2	2115815	2379941	2297079.2
"sp|P07172|HIS8_YEAST"	"YEAST"	0	0	0	0	0	0	0	0	0	0	0	0	0	0	0	0	0	0
"sp|P07213|TOM70_YEAST"	"YEAST"	976153.25	755625.9	702575.4	414129.25	651632.1	651074.75	684522.8	912967.75	798853.6	80512.84	178321.72	329954.38	80078.766	0	75406.984	83821.46	223772.25	79093.984
"sp|P07244|PUR2_YEAST"	"YEAST"	4107690.8	4163912.5	4041806.8	3520138.8	4277429.5	3934311.5	7475906	3725050.5	4140092.2	1592245.4	1438291.6	1906528.5	1644029.4	1466997.8	1746593.2	1396899	1216590.1	1223351.2
"sp|P07245|C1TC_YEAST"	"YEAST"	3721985.8	3614863	3487184.2	3076441.2	3452316	3838232	3033919	2858536.8	3331838.2	1041185.44	394889.22	745320.8	1019681.44	796451.9	958884.75	867653.7	539001.1	935704
"sp|P07246|ADH3_YEAST"	"YEAST"	1258609.9	2250216.5	1530818.1	1830720.4	1804077.2	1296739	1583004.6	1718085.9	1200462.9	184561.31	239605.05	133590.33	694021.75	320755.4	599863.7	686848.56	206687.75	557595.4
"sp|P07251|ATPA_YEAST"	"YEAST"	2783322	2822947.5	2926397.8	2585638.5	2798861.5	2672636	2528812.2	2527309	2511636.8	1061967.5	931478.8	758356.2	1098308.8	669019.6	985617	1119276.8	862778.25	783409.2
"sp|P07256|QCR1_YEAST"	"YEAST"	318343.25	741138	700400.6	362149.47	701669.5	510353.53	467237.62	636098.5	957695.75	0	340701.38	365566.28	0	344555.66	0	346048.62	0	394144.53
"sp|P07257|QCR2_YEAST"	"YEAST"	516926.94	489797.06	462230.44	481859.47	485199.56	538248.6	429141.4	344543.44	523749.94	153654.31	180574.03	0	86379.516	171595.34	225580.28	254959.19	233902.97	82912.305
"sp|P07259|PYR1_YEAST"	"YEAST"	8347812.5	8577795	8624802	7182464	7577616	7664360	7367976.5	7845230	7439846	2571329.5	1711600.4	1954661.4	3385337.8	1612384.9	2475408.8	1807255.5	2331189.2	1832538.4
"sp|P07260|IF4E_YEAST"	"YEAST"	469723.34	709760.44	733799.06	560040.4	697439.2	625010.06	631958.94	593462.25	689350.9	187044.7	177012.25	0	220060.48	73980.55	249854.03	115815.266	0	131731.97
"sp|P07262|DHE4_YEAST"	"YEAST"	322781.5	447307.4	444360.9	310503.3	477740.7	385865.66	419075.88	425588.1	347038.44	189071.4	241581.6	98324.83	72480.12	216654.53	159330.75	47983.65	82952.25	142265.66
"sp|P07263|SYH_YEAST"	"YEAST"	389671	485317.56	181918.22	134140.97	535853.9	329457.12	477909.3	419612.94	325536.16	0	61861.465	0	146046.52	0	0	0	0	0
"sp|P07264|LEUC_YEAST"	"YEAST"	141793.66	138639.72	292204.34	245592.5	210529.94	0	252240.55	240539.33	265995.5	0	0	0	0	0	0	0	0	0
"sp|P07267|CARP_YEAST"	"YEAST"	3200412	3268795.2	3534334.8	3943718.5	3217879	3083993.5	4408645	3205818.8	3782512	1621495.6	1477437.5	1371620.8	1808628.2	1466745	1489936.8	1253533.1	1086702.8	1564749.2
"sp|P07273|TFS2_YEAST"	"YEAST"	0	0	27568.518	0	0	0	0	0	0	0	0	0	0	0	0	0	0	25355.725
"sp|P07274|PROF_YEAST"	"YEAST"	145702.61	209583.42	315304.12	156143.64	214624.66	193307.9	161697.8	382427.28	153332.31	95710.016	0	160952.4	115039.59	121363.555	199379.64	134281.06	0	172344.86
"sp|P07278|KAPR_YEAST"	"YEAST"	106976.016	96573.17	94563.59	115204.64	179055.2	163962.34	200902.47	82284.484	76997.445	101630.61	86617.66	0	52275.152	0	0	0	81334.39	0
"sp|P07280|RS19A_YEAST"	"YEAST"	6617877	6990653.5	6462507	6151172.5	6486732.5	6556412	6094334.5	6098640	6055940.5	3074772.2	2951010.2	2822913	2928501	3260542	3107442.2	2648962.2	2861991.2	2819696
"sp|P07283|PMM_YEAST"	"YEAST"	428497.94	450464.8	391786.2	197826.83	442012.6	367008.66	443717.22	370283.12	468171.2	153995.55	152215.34	99846.625	75878.484	0	66230.76	76446.26	67458.63	75618.74
"sp|P07284|SYSC_YEAST"	"YEAST"	3013741.2	2910719.2	2707786.8	2509622.8	3199379.5	2743312.8	2328494.8	2752850.2	2416827.8	1378899.2	889337.2	851375.25	1210275.2	1021525	894626.6	590050.8	842502.56	992424.9
"sp|P07347|ARD1_YEAST"	"YEAST"	173047.27	484531.38	646787.75	538124	710070.3	372496.22	579409.94	634286.5	463090.94	124659.055	0	554356.94	136052.58	0	0	665058.4	0	464838.03
"sp|P07560|SEC4_YEAST"	"YEAST"	233888.17	251466.78	161070.42	257394.67	253094.33	235649.81	206705.4	163904.03	213746.58	0	107530.91	0	159635.6	0	172146.98	160231.33	149990.34	0
"sp|P07703|RPAC1_YEAST"	"YEAST"	99653.4	95818.5	140871.23	81905.84	81371	88922.89	98041.98	112223.41	84139.375	0	0	0	0	0	52236.047	0	0	29729.002
"sp|P07806|SYV_YEAST"	"YEAST"	4037345	3826810.8	3378426.8	3065826.2	3660773.5	3280296.2	3582600.8	3022424.2	3172246.5	1266220.6	909788.1	485780.22	779936.9	758991.94	701431.6	758294.44	420281.94	661513.7
"sp|P07991|OAT_YEAST"	"YEAST"	215815.02	350180.7	353296.5	432757.22	186791.38	194776.6	387904.2	357538.62	310771.25	0	71787.93	0	0	74060.734	0	0	0	0
"sp|P08456|PSS_YEAST"	"YEAST"	70345.12	0	0	0	70384.97	70474.89	72585.734	0	62129.11	0	0	0	45739.316	0	0	0	0	0
"sp|P08518|RPB2_YEAST"	"YEAST"	55659.168	60822.1	58663.37	51365.434	50425.797	52353.47	0	53548.18	0	0	0	0	0	0	0	0	0	0
"sp|P08524|ERG20_YEAST"	"YEAST"	611242.4	807103.2	791931.5	638525.8	792260.2	778973.4	725647.75	1006583.6	969859.1	312115.4	310257.44	264475.34	51530.684	355195.62	155294.69	305146.25	235535.55	331348.53
"sp|P08566|ARO1_YEAST"	"YEAST"	372867.28	304884.62	249767.34	386324.22	386669.78	372253.56	367784	349287.62	314689.53	196765.2	152382.19	156044.95	197959.58	140896.95	0	136314.8	170138.81	148679.22
"sp|P09064|IF2B_YEAST"	"YEAST"	866721.94	574719.75	1113738.5	689062.75	831382.75	888134.94	714460.75	828167.6	726102.4	311764.53	353413.28	355585.2	411363.3	301434.72	263967.25	202130.27	356428.9	0
"sp|P09232|PRTB_YEAST"	"YEAST"	456952.44	720884.75	710722.9	279131.94	655626.1	600686.1	268541.47	501009.8	724351.3	29509.658	171358.67	145119.94	0	140875.19	93025.81	197638.89	145348.52	187518.44
"sp|P09436|SYIC_YEAST"	"YEAST"	3502211.8	3424556.5	2947072.2	3252315	2993851.5	3097128	3426990.8	2701164	3009417.8	877765.94	925075.94	581620.5	1197843.8	743884.94	613615.5	566839.75	748030.7	1013715.94
"sp|P09457|ATPO_YEAST"	"YEAST"	0	0	0	0	0	0	0	0	0	0	0	0	0	0	0	0	0	0
"sp|P09624|DLDH_YEAST"	"YEAST"	313414.62	346282.47	511904.1	281929.88	129448.84	354780.2	249413.34	246411.16	420917.7	38047.883	117588.29	179880.19	0	155558.17	0	0	108406.49	82432.25
"sp|P09733|TBA1_YEAST"	"YEAST"	1057220.2	1252902	972082.6	1182394	1265739.8	1161347	1187113.4	1000539.06	869944	136418.9	147786.1	154436.75	178617.6	202757.78	131329.33	128901.38	138741.75	80817.73
"sp|P09938|RIR2_YEAST"	"YEAST"	3540517.5	3822952.5	3226999.8	3500563	3408929	3159049	3741231.8	3208115.5	3195954.5	1735863.6	1841525.5	2061259	2002052.4	1813244.5	1454515.8	1705897.5	1847891.6	1435386.9
"sp|P0C0T4|RS25B_YEAST"	"YEAST"	1246946.9	1681703	1878210.8	1289424.6	1599490.4	1697611.2	1304738.1	1645665.6	1764466.5	617509.94	878353.75	913963.25	660868.9	900880.94	951038.75	664827.1	867220.7	955218.75
"sp|P0C0V8|RS21A_YEAST"	"YEAST"	3312758.2	3733155.5	3726211	3013963.8	3490433.8	3340961.5	3314310.8	3392429.8	3328356.5	1428182.9	1548649	1477309.9	1343172.6	1403250.1	1404636.8	1797690	1646341.9	1560376.4
"sp|P0C0W1|RS22A_YEAST"	"YEAST"	5552132	5769122	7798005	5518701.5	5861844	5656089.5	5907110	6834319.5	5459655	2718699.2	2728741.5	3320845.8	2581390.5	3044701	3355616	2739202.2	3353079.8	2676706.8
"sp|P0C0W9|RL11A_YEAST"	"YEAST"	2741811	3960093.5	3204189	2666043	3618203.2	2736844	2509160.8	3046876.5	3027187.5	1308460.2	1767206.2	1716958.8	1102391.2	1824510.2	1459435.8	1680264.4	1542767.6	1576001.5
"sp|P0C0X0|RS28B_YEAST"	"YEAST"	2059257.8	2523511.5	2454880.5	2060757	2254811.5	2145146	1954772.6	2099829.2	2477974.5	1073719.1	1152814.5	1110228.2	969123.25	1223984.5	1119462	1248604	1181129	1188409.2
"sp|P0C2H6|RL27A_YEAST"	"YEAST"	3962470.5	4363907.5	4214648	4079973	4362114	3982160.2	3802296.5	3704461.2	3978872.5	1926512.9	1824320.8	1703194.9	1617914.5	1641366.9	1682889.8	2078287.2	1756236.2	1971061.9
"sp|P0C2H8|RL31A_YEAST"	"YEAST"	5170248.5	5286272	5665635.5	5193609	5115102.5	5219561	5042158.5	5066722.5	4925048	2454945	2550205.8	2515419.8	2808146.5	2851980.2	2904294.5	2786404	2816146	2342049.5
"sp|P0C2H9|RL31B_YEAST"	"YEAST"	141263.44	205852.56	227585.31	135056.17	160362.23	237108.19	136850.64	168801.88	207124.52	0	101059.18	95171.48	53019.06	101017.92	128958.555	77319.45	60205.38	107212.08
"sp|P0CH08|RL40A_YEAST"	"YEAST"	221077.83	249656.84	273740.1	0	0	0	0	0	0	0	0	0	0	159587.19	0	0	0	0
"sp|P0CS90|HSP77_YEAST"	"YEAST"	10282114	12281081	11859091	10763349	11718802	11337679	10900880	11929380	10643309	5308846	4843978.5	5097890.5	5732977.5	9316475	6625774	5607807.5	5136537	5010467.5
"sp|P0CT04|IPB2_YEAST"	"YEAST"	518618.5	636705.25	434754.78	372102.1	585202.5	380850.4	534674.4	272865.78	538891.25	134112.47	0	104290.77	68243.66	154539.97	142277.83	169378.42	82160.805	0
"sp|P0CX23|RL20A_YEAST"	"YEAST"	5336523	5998124.5	6032292.5	5084523.5	4696573.5	5546435	5022691	5351963	5008954.5	1995474.8	2242260.8	2266683.8	2471266.8	2447185	2000173.2	2708208.8	2470473.2	2479754
"sp|P0CX25|RL43A_YEAST"	"YEAST"	514326	615816.4	688372.06	481222.2	585184.06	639509.4	468912	552994.9	601526.5	214884.38	129214.086	221552.16	218297.4	259110.06	172551.06	202636.83	99947.88	138408.94
"sp|P0CX27|RL44A_YEAST"	"YEAST"	797312.6	775799.5	854716.3	570725.06	847573	778196.6	634812.06	937206.1	723831.2	290071.78	380054.7	389349.62	322324.6	369442.28	412920.03	298830.1	380860.3	418009.1
"sp|P0CX29|RS23A_YEAST"	"YEAST"	923376.1	939474.06	1193715.5	936446.6	915968.1	1027038.7	898109.5	996770.5	1045795.4	448444.4	416133.94	363164.28	360763.3	354546.56	405448	339608	387283.12	383063.84
"sp|P0CX31|RS24A_YEAST"	"YEAST"	3205322	3570496	3496428.8	3049555	3347758.8	3299720.2	2988965.2	3040294	2982341.2	1695812	1692294.1	1426392	1594215.5	1602407.4	1423352.1	1418212.2	1579198.5	1354367.1
"sp|P0CX33|RS30A_YEAST"	"YEAST"	0	0	0	0	0	0	0	0	0	0	0	0	0	0	0	0	0	0
"sp|P0CX35|RS4A_YEAST"	"YEAST"	8673202	10144788	10037082	8615248	9601576	9269590	8092162.5	8839777	9062776	4019783.8	4698030	4440307	3933197	4520322	4442954	4318928.5	4495178.5	4580628
"sp|P0CX37|RS6A_YEAST"	"YEAST"	5494610.5	6769584	6411380	5572355	6445905.5	5718198	5169946.5	5434404.5	5642405.5	2909904.5	2778934.8	2651393	2738457.5	2680062.5	2603606.5	2869436.8	2613651.8	2653430.5
"sp|P0CX39|RS8A_YEAST"	"YEAST"	5111489	5652774	5285871.5	4954767.5	5157071	4820856	4771519	4775960.5	5092883.5	2545653	2575924.5	2422880.2	2273293.5	2472780	2371479.5	2578290.5	2385963.2	2344397
"sp|P0CX41|RL23A_YEAST"	"YEAST"	6309413	6309399.5	5852808	6028460	6551065	5911511	5594187	7278345	6059867.5	1314677	1095492	1410567.4	1542765.2	2697667.5	1584856.4	2922367.5	1533534.1	2737126
"sp|P0CX43|RL1A_YEAST"	"YEAST"	1960928.8	2868485	3051324.2	1993114.1	2730541.8	2604534	1735469.6	2422829.5	2742701.2	850157.3	2055614	1271112.6	1796368.2	1349618.9	1052499.5	2198381	1065761	2074319.5
"sp|P0CX45|RL2A_YEAST"	"YEAST"	5176790	6244687	6518347	5193722	5590325.5	5073996	5788049	6895128	5390046.5	2411724.2	2596090	2568350.8	2353082.2	2504869.2	2598282.5	2581259.5	2841857.2	2824909.8
"sp|P0CX47|RS11A_YEAST"	"YEAST"	4566403.5	5756647	5518643.5	4226537.5	5372072	5147442.5	4131668	4840723	5103305	1861108	2321321	2327092.8	1827772.8	2148193.2	2438783.5	2890914	2719095.5	2765332
"sp|P0CX49|RL18A_YEAST"	"YEAST"	5791006	5945022	6921333	5347508	5894167.5	3127271.5	5164646	5772355.5	3348242	692057.4	1486664.5	1385498.6	1317637	1456375	1472866	725565.7	2782140.5	1620948.1
"sp|P0CX51|RS16A_YEAST"	"YEAST"	7940573.5	8940778	10753019	7668020	9363663	9101539	8183841	10280130	9221011	3856490.5	4426271.5	4915086	4092553.8	4525305.5	4749965	4495118.5	5011889	4290295
"sp|P0CX53|RL12A_YEAST"	"YEAST"	3168584.5	3878405	3321753	3553972	4095539	2811595	3299694.8	3772955	2880641.2	1574154.9	1878327.8	1882329.6	1413546.5	1850101.5	1541994.6	1287772.8	2015723.5	1774779.4
"sp|P0CX55|RS18A_YEAST"	"YEAST"	5858849.5	6798164.5	7112350	5647513	6863681.5	6907701	5604161.5	6468835.5	6969690.5	2983173.5	3593863	3430898.5	2747659.5	3642691.8	3360992	3706343.8	3366200	3568153.8
"sp|P0CX82|RL19A_YEAST"	"YEAST"	3598726.2	3818808.8	3805074.2	3647704.2	3822493.5	3752206	3395740	3758624.2	3859907.8	1606527.6	1877028.8	1799175.1	1724631	1833236.5	1773430	2336084.2	1901578.5	1903680.1
"sp|P0CX84|RL35A_YEAST"	"YEAST"	4228387	4321698	4126165.8	4044643	3934196.5	3755669	3636505.5	3348575	3644970	2963938.8	2214826.5	1718440.1	3006244.5	2573100	2959328.2	2784455	1987916.5	2185187.5
"sp|P10080|SSBP1_YEAST"	"YEAST"	1679168.2	1754617.1	1643586.9	1690037.5	1650583	1822130.4	1545693.8	1541159	1534838.6	529557.9	860220	562176.4	559267.2	772167.7	465181.53	661208.2	574707.1	607930.75
"sp|P10081|IF4A_YEAST"	"YEAST"	10366375	10305950	9957440	10240685	9842863	9674659	10133107	9669469	9878174	4703642	4604222	4861684	4867680	5017062.5	4389264.5	5270495	4543455	4749753.5
"sp|P10591|HSP71_YEAST"	"YEAST"	49470330	52568348	50483736	47236228	47978940	45800852	47258824	48002800	48645156	23741348	25455302	23943084	24294744	23404680	26159754	24718398	25212282	25337668
"sp|P10592|HSP72_YEAST"	"YEAST"	5579017	6282322.5	5652446.5	5668339.5	4276314	5393829	5363107	5274741.5	5699730.5	2912042.5	2878035.5	2734833.8	2938997.8	2670213.5	3306803.5	3908102.2	2838584	3122771.2
"sp|P10614|CP51_YEAST"	"YEAST"	77027.93	68992.34	62381.54	0	0	0	0	0	0	0	0	0	0	0	0	0	0	0
"sp|P10622|RLA3_YEAST"	"YEAST"	1344572.5	1108779.9	1051847.8	1104618.6	977026.75	929223.94	1145322	1093487	972986.9	606115.4	563830.2	485311.44	544825.1	495038.38	523828.56	599569.75	564883.25	486111.4
"sp|P10659|METK1_YEAST"	"YEAST"	2640489.5	2249129.8	1943651.5	2339549.2	2226388.5	1899036	1715453.6	2168712.2	2304320.2	764814.44	497034.72	566306.44	890918.5	434736.97	235283.39	349188.44	743948.5	479907.88
"sp|P10664|RL4A_YEAST"	"YEAST"	14129677	14047430	14736905	13999891	14034542	13487039	13624252	13271146	13042939	6502595	6451515.5	6368306.5	6542605.5	6500281	6181641	6459645	6194989	6493922
"sp|P11075|SEC7_YEAST"	"YEAST"	50406.777	53768.367	52073.76	53058.06	100461.66	48101.92	52000.195	52609.008	44642.82	0	0	0	0	0	0	0	0	0
"sp|P11076|ARF1_YEAST"	"YEAST"	1900965	2899893.5	2344960.8	2175036.8	2128440.8	2255897.8	2419727.8	2439822.2	2076394.8	915871.44	762800.3	801032.1	977377.75	976747.5	958481.9	1175316.8	971703.2	934139.9
"sp|P11154|PYC1_YEAST"	"YEAST"	991290.94	1402707.8	1184474.6	899257.5	1464651.8	931707.25	978529.9	1235262.6	1441393.9	106508.86	350942.28	135666.19	298701.62	151794.92	123216.5	98602.17	62717.293	141957.1
"sp|P11412|G6PD_YEAST"	"YEAST"	1074733.1	902290.6	1136079.4	1022156.2	979372.7	1068049.4	1021775.5	866981	917610.5	471739.78	278735.5	253352.64	314894.16	443872.4	348073.25	381282.75	455485.78	346958.53
"sp|P11484|SSB1_YEAST"	"YEAST"	33275404	33211866	34953020	32674400	32966508	31228562	32755878	33477512	32838530	15108152	14715424	16564852	15177533	15162385	15052370	16506993	17651086	14571806
"sp|P11491|PPB_YEAST"	"YEAST"	0	0	0	0	0	0	0	0	403406.28	0	0	0	0	0	0	0	0	0
"sp|P11632|NHP6A_YEAST"	"YEAST"	0	0	469902.94	0	0	0	337661.62	0	419350.78	0	0	347339.03	0	350204.22	340969.25	0	0	0
"sp|P11633|NHP6B_YEAST"	"YEAST"	276267.25	388672.06	439503.72	320445.34	379331.97	344812.6	252585.28	337999.8	362390.7	250685.14	233429.83	0	143458.1	221064.02	218575.36	204506.05	324589.6	290765.75
"sp|P11745|RNA1_YEAST"	"YEAST"	919266.4	478569.3	914899.6	622910.5	579522.56	529998.44	610154.25	671571.5	379421.88	143201.58	0	174343.45	155359.5	53526.09	77426.92	0	76424.13	0
"sp|P12385|ERF1_YEAST"	"YEAST"	432627.7	505287.5	487294.28	335425.66	376862.7	340236.3	726432.4	478362.44	467233.12	0	64057.59	85440.28	0	96689.39	80382.945	0	92172.8	79122.27
"sp|P12612|TCPA_YEAST"	"YEAST"	0	0	0	85798.74	214316.61	127261.6	113642.19	142589.3	0	0	0	0	0	0	0	0	0	0
"sp|P12688|YPK1_YEAST"	"YEAST"	0	0	0	0	0	0	0	0	0	0	0	0	0	0	0	0	0	0
"sp|P12695|ODP2_YEAST"	"YEAST"	270341.88	277389.94	268775.3	212984.84	252490.92	250200.34	323508.22	256767.94	297511.12	0	129563.01	0	0	0	0	0	0	0
"sp|P12709|G6PI_YEAST"	"YEAST"	19682434	20709808	22568022	19887270	21077942	21595932	19652894	20710354	20664614	9488023	9836266	11151972	9979544	11038600	11681611	10477077	11482407	9962268
"sp|P12945|NAT1_YEAST"	"YEAST"	0	0	0	0	0	0	0	0	115875.94	0	0	0	0	0	0	0	0	0
"sp|P13188|SYQ_YEAST"	"YEAST"	54800.465	58626.867	0	100998.5	0	48880.8	68398.016	34675.707	0	0	0	0	40302.29	0	0	0	0	0
"sp|P13298|PYRE_YEAST"	"YEAST"	562492.9	256736.31	232568.61	536628.6	507219.38	290275.03	332303.16	440089.3	470625.62	95964	105146.836	0	140892.11	94556.61	0	40007.848	0	0
"sp|P13517|CAPZB_YEAST"	"YEAST"	0	0	55283.848	131569.23	102274.15	108804.72	109379.84	0	95038.26	0	0	0	0	0	0	0	0	69143.99
"sp|P13586|ATC1_YEAST"	"YEAST"	208539.48	0	0	0	0	0	0	0	0	0	0	0	0	0	0	0	0	0
"sp|P13663|DHAS_YEAST"	"YEAST"	2121037.5	1967631.1	2272994.2	1779077.5	1874767	2217455	1705015	2728634.8	1982327.2	359156.62	1401637.8	501859.2	1093216.8	1135684.4	398745.94	418602.97	1289417	1058143.2
"sp|P14020|DPM1_YEAST"	"YEAST"	887868.3	1126448	1022586.25	965683.25	1201147.5	1196660.8	1042767.56	592762.75	1022598.5	424476.44	242810.89	470779.2	410502.16	467287.25	296741.28	647030.75	691180.9	359543.38
"sp|P14065|GCY1_YEAST"	"YEAST"	0	0	0	0	0	0	0	0	0	0	0	0	0	0	0	0	0	0
"sp|P14120|RL30_YEAST"	"YEAST"	3006117.5	3278029	2648797	2863781.2	2610913	2694526.8	2912595.5	2629874.2	2529022.8	1498730.2	1550016.9	1449962.4	1306432	1638335.5	1396950.8	1544658.1	1494022	1486904.4
"sp|P14126|RL3_YEAST"	"YEAST"	7046623	7945071	7772137.5	6302687	7157033.5	7390295.5	6349571.5	6911446	6850431	2823495.2	3411253	3024596.8	2644895	3143022.5	3205641.8	2951797.5	2909343	3590840.8
"sp|P14306|CPYI_YEAST"	"YEAST"	93220.46	95462.86	97567.195	94653.19	99272.516	0	112847.15	0	0	0	0	0	0	0	0	0	0	0
"sp|P14540|ALF_YEAST"	"YEAST"	56645372	58195944	55267256	55164170	56564892	52844320	53761540	53394380	50782784	25999136	28383124	26340488	26319090	27121024	25475234	28054342	26708324	27746066
"sp|P14742|GFA1_YEAST"	"YEAST"	289879	172624.5	309703.75	193494.62	202878.62	278020.84	359939.78	179821.44	289914.25	87152.89	0	81497.414	38894.285	0	68429.29	0	0	0
"sp|P14832|CYPH_YEAST"	"YEAST"	6402590	7153898.5	7504154.5	6374238	7206673	7087974	6396214	6426939	7344294.5	2727948.8	3285254	3314975	3289476.8	3313849.2	3605853.8	3032146	3342928.8	3869735.8
"sp|P14843|AROF_YEAST"	"YEAST"	346778.6	226901.27	416866.34	382739.94	185116.83	264744.5	299899.06	300874.2	318184.7	0	0	0	73076.34	101305.19	91496.69	0	83778.164	75913.25
"sp|P14904|AMPL_YEAST"	"YEAST"	274970.1	234220.2	398407	319569.28	379526.97	95613.7	277284.97	301548.03	0	0	0	0	0	0	0	0	0	0
"sp|P14906|SEC63_YEAST"	"YEAST"	0	137802.78	191808.38	0	0	202108.78	0	0	162662.5	0	0	0	0	0	0	0	0	0
"sp|P14907|NSP1_YEAST"	"YEAST"	0	0	0	0	0	0	0	0	0	0	0	0	0	0	0	0	0	0
"sp|P15019|TAL1_YEAST"	"YEAST"	4158612.5	5573423	6343445	3639398.2	5067870	5042175	3608078	5118129.5	4757453	1948099.6	2453632.5	2503656	1877046.5	2156778	2726958	2370070	2242428.8	2149630.2
"sp|P15108|HSC82_YEAST"	"YEAST"	22741682	26080566	25326802	23408022	25182638	23367768	23386216	23332940	23568974	11430111	11757471	11734153	11170121	12948674	11834332	13221174	12204647	12312922
"sp|P15180|SYKC_YEAST"	"YEAST"	2003787.2	1740895.5	1957876.9	1341048	1593082.5	1807633.6	1519120.5	1605471.9	1850073.9	448080.78	444831.25	320766.72	423821.2	500202.62	318436.88	262216.03	341039.25	188575.64
"sp|P15303|SEC23_YEAST"	"YEAST"	426358.5	426852.56	331753.5	362433	343495.3	376374.8	359156.56	217584.03	358259.03	0	102138.33	148504.17	101082.47	92107.58	118969.64	0	113558.11	116790.63
"sp|P15454|KGUA_YEAST"	"YEAST"	849741.5	920745.2	1027216.25	1007821.9	979536.9	1073231.9	1056398	978772	853624.06	188998.66	178835.31	387333.34	464772.56	197865.08	237263.33	171107.7	301112.06	176497.95
"sp|P15624|SYFB_YEAST"	"YEAST"	713454.75	725183.6	849206.56	854851.9	781265.3	807892.2	686283.06	631121.2	475251.5	158139.42	152098.1	0	161876.84	152889.2	133889.27	191055.73	410451.3	203265.69
"sp|P15625|SYFA_YEAST"	"YEAST"	890190	967183.94	1007184.3	943795	828695.5	597984.6	948709.3	994088.8	1011084.5	224633.8	186094.72	100186.445	176294.11	97169.266	0	110936.74	113076.88	159271.6
"sp|P15646|FBRL_YEAST"	"YEAST"	722485.25	916547.9	1035548.3	762353.4	465825.38	730019.6	897521.5	773396	743287.7	272147.56	335683	218249.66	348060.72	234430.94	64524.383	355200.25	372375.47	82452.72
"sp|P15700|KCY_YEAST"	"YEAST"	278013.5	0	203585.81	0	248283.8	0	0	0	224335.25	0	0	0	0	0	0	0	0	0
"sp|P15705|STI1_YEAST"	"YEAST"	1918385.5	2153851	1805503.8	2004834.6	1967605	2228809.5	2168695	2191673	2175788.8	712902.7	636192	859420.8	774152	761848.94	968898.3	586488.5	762919.8	648411.2
"sp|P15731|UBC4_YEAST"	"YEAST"	452226.12	306255.72	263383.84	379651.84	262848.78	237458.25	410146.56	289598.78	289371.84	167646.25	184762.16	129966.125	238644.67	113386.8	130432.54	110098.24	137418.11	103073.95
"sp|P15873|PCNA_YEAST"	"YEAST"	727854.56	480790.16	545960.4	618600.6	609314.6	348129.44	410806.8	457769.1	265630.12	127526.73	412019.8	360585.7	122148.63	299806.7	276260.2	337145.4	491879.78	84502.53
"sp|P15891|ABP1_YEAST"	"YEAST"	862351.9	1136879.5	1226613.2	726191.94	950084.56	1186651.8	833977.5	1302287.4	981945.2	204335.78	207203.02	369760.6	244511.73	354045.06	537502.4	373006.44	351725.38	222337.48
"sp|P15992|HSP26_YEAST"	"YEAST"	11203647	12000754	11664825	11005564	11462022	11177027	10774431	10924748	11718608	5385412.5	5441202.5	5589984	5346944.5	5527167.5	5525564.5	5848925	5571784.5	5594273.5
"sp|P16120|THRC_YEAST"	"YEAST"	3611693.8	3446341	3654269	3394893	3432434	3303298.8	3498882.5	3333325.8	3372786.2	1264551.9	937932.1	1608959.6	1243628.6	1232776.1	904273.1	1288980.8	884448.4	1259229.2
"sp|P16140|VATB_YEAST"	"YEAST"	6746145.5	7932204.5	8061275	6510010	7707481	7302084	6622534.5	7361365	7369233.5	2967571.5	3229371.8	3519294.5	2958466.5	3518141.8	3289298	2732085.2	3291652.5	3273664.5
"sp|P16387|ODPA_YEAST"	"YEAST"	1098099	933138.8	719644.44	981919	941658.94	1160673	656073.4	1080793.8	671059.44	0	81114.055	0	0	95899.234	92907.08	0	176516.17	112216.72
"sp|P16467|PDC5_YEAST"	"YEAST"	0	0	0	0	0	0	0	0	0	0	0	0	0	0	0	0	0	0
"sp|P16474|BIP_YEAST"	"YEAST"	4574366	5081709.5	5134785	4421718	4186915	3676059	4351982.5	4636848.5	4214518.5	2588057.8	2816988.2	2448399.8	2844435	2312538	2800900	2365487	2640696.8	2641617.8
"sp|P16521|EF3A_YEAST"	"YEAST"	21766100	22180844	22478924	21308602	22550748	21021920	20740136	20003334	20449648	10233619	9851124	10688371	10319140	10872426	10579839	10344337	10480627	11407658
"sp|P16550|APA1_YEAST"	"YEAST"	961005.6	975295.2	775034.75	1011893.75	899687.75	957446.4	950944.4	1093499.2	777727.6	508079.7	0	100864.87	327044.2	232339.08	149134.44	223809.34	183273.81	0
"sp|P16603|NCPR_YEAST"	"YEAST"	866603	670653.9	932390.1	1076978	560891.5	590391.1	675296	666513.44	749700.7	167083.39	382971.5	482160.12	291341.25	212203.05	0	0	0	206518.34
"sp|P16649|TUP1_YEAST"	"YEAST"	0	0	0	0	0	0	0	0	0	0	0	0	0	0	0	0	0	0
"sp|P16861|PFKA1_YEAST"	"YEAST"	7525632.5	8504489	7048172	7235570.5	8984155	8613810	7882816	8773763	7217836	3435197	4455874.5	3179979.5	3934175.5	3534735.8	3871602.5	3490441.8	3875608.5	2917621.5
"sp|P16862|PFKA2_YEAST"	"YEAST"	3741726.8	4918943.5	4770489.5	3850954.8	4369425	4412528.5	3625882.2	4569270.5	4535904.5	1640746.4	2350446.5	2006815.2	1798457.1	2147734.5	2319664.8	1812826.9	1871519.5	2078451.8
"sp|P16965|STF2_YEAST"	"YEAST"	1310480.1	882290.4	1168801.6	1077657	907109.5	909781.94	1147591	1151973.8	919446.3	537881.06	317985.34	226428.25	235166.3	108601.94	48612.242	82796.2	213111.9	286796.78
"sp|P17076|RL8A_YEAST"	"YEAST"	651968.8	206192.28	279201.44	623103.3	166491.28	467779.12	432659.94	593729.1	469975.88	0	0	91279.625	165164.31	0	0	0	59353.387	0
"sp|P17106|CBF1_YEAST"	"YEAST"	0	83937.61	87231.67	0	79418.03	83368.08	72252.805	79173.45	80927.42	0	36954.14	0	0	0	0	0	41991.867	38731.863
"sp|P17255|VATA_YEAST"	"YEAST"	10882905	11833177	12041778	10284427	11516077	11616856	10634910	12114532	11357061	4382996	5689127	5735480	4989826.5	5006371.5	5021683	5061339.5	4445683	5169461
"sp|P17423|KHSE_YEAST"	"YEAST"	0	0	0	0	0	0	0	0	0	0	0	0	0	0	0	0	0	0
"sp|P17505|MDHM_YEAST"	"YEAST"	4040962.8	3893197.5	4836559.5	4000117.5	3933638	3460366.8	3957840.5	3654403.8	3323175.8	2677414.8	2318074.8	2557531.5	2177741.2	2610992.2	2774353.2	2617855.5	2870961.2	2512365.8
"sp|P17536|TPM1_YEAST"	"YEAST"	1566317.9	1937779.1	2196982	1282955.8	1882058.6	1994827.6	1419376.2	2053367.2	2271591.2	550915.8	826515.1	292072.72	709754.44	550711.25	738961.8	281655.72	717708.4	410897.03
"sp|P17555|CAP_YEAST"	"YEAST"	1184697.8	802823.56	933339.56	653503.2	1101768.4	900722.8	804395.94	1190921.6	880527.25	146464.4	167944.9	334397.8	153578.1	407749.7	147233.4	288008.8	162197.95	168072.28
"sp|P17649|GABAT_YEAST"	"YEAST"	128503.5	124256.97	181899.22	123829.05	138691.36	152106.84	126588.305	219727.23	183463.77	0	147836.17	190450.56	0	141631.6	142336	140789.31	145065.6	0
"sp|P17695|GLRX2_YEAST"	"YEAST"	1202434.5	1169167.5	1391855.2	1184160.8	1141016.4	1159942.1	1201967.6	1250186	1108222.4	563727.9	585758.94	637977.6	579222.2	532110.5	538117.94	596484.1	646085.1	579849.25
"sp|P17709|HXKG_YEAST"	"YEAST"	9019530	9125866	9501136	8913005	8849489	8831555	8981584	8809436	8990496	4376046	4297800	4844943.5	4387104.5	4326398	4336858	4476029.5	4778195	4512139
"sp|P17891|CLC1_YEAST"	"YEAST"	735701.44	737783.9	592957.75	605742.8	377526.3	566373.8	426001.4	731423.25	888395.1	344063.84	329269.44	154737.97	129694.4	200283.34	90049.484	81829.8	223158.5	171829
"sp|P17967|PDI_YEAST"	"YEAST"	7272590.5	7301777	8977154	6695783.5	7379001.5	7649262	7217920	7461118	7049923.5	3049419.5	2874489.5	3601296.8	3337429.8	3480368	3101658.2	3261895	3460424.2	3443500.5
"sp|P18239|ADT2_YEAST"	"YEAST"	1219120	1129165.2	1153285.5	1222140.2	1265074.8	1079423.9	1029520.8	1095001.8	1196133.2	193721.8	730466.3	571937	733523.56	655707.9	677656.9	454374.5	723206.5	726027.06
"sp|P18562|UPP_YEAST"	"YEAST"	154817.48	166477.58	0	0	94935.29	0	172515.11	103046.836	133212.34	0	0	0	0	0	0	0	0	0
"sp|P18899|DDR48_YEAST"	"YEAST"	177443.9	0	224685.8	232454.61	167707.8	165791.25	0	0	77933.6	202727.69	114199.23	0	0	77117.125	0	0	0	87118.65
"sp|P19073|CDC42_YEAST"	"YEAST"	181158.62	200336.53	207460.45	182037.25	191647.22	190783.19	0	182158.61	176190.77	92951.11	0	0	0	0	0	0	0	0
"sp|P19097|FAS2_YEAST"	"YEAST"	5231236.5	5314820	6007045	3904146.5	4356045.5	4427852.5	4884577	4468644	5547236.5	1564599.4	1135573.9	1645144.2	1813584.2	1584611	1154529.9	1315638.9	1547654.8	1721772.9
"sp|P19358|METK2_YEAST"	"YEAST"	149205.14	0	0	296306.12	116728.94	0	155260.67	142915.1	0	0	0	0	0	0	0	0	0	0
"sp|P19414|ACON_YEAST"	"YEAST"	10085570	10424224	10373481	9531695	10414124	10084748	9521464	9486497	9666781	4616032	4197811.5	3788486.2	4427159	4067654.5	4524999	3996969.2	4114083	4060390.8
"sp|P19657|PMA2_YEAST"	"YEAST"	0	0	0	0	0	0	0	0	0	0	0	0	0	0	0	0	0	0
"sp|P19882|HSP60_YEAST"	"YEAST"	11588160	12151201	11757581	11707734	12011575	11158007	11402628	10791252	10990935	5887514	5763571.5	5307175	6414689.5	5195438	5709611.5	5823229	5114978	5039777.5
"sp|P20051|PYRC_YEAST"	"YEAST"	0	0	0	0	0	0	0	0	0	0	0	0	0	0	0	0	0	0
"sp|P20081|FKBP_YEAST"	"YEAST"	2255999.8	2672568.2	2504862.8	2307381.5	2404482	2087020.5	2241653.5	2290683.8	2420841.5	979555.2	680563.4	905249.75	986346.2	759900.44	667002.25	976978.8	866889.25	839697.44
"sp|P20449|DBP5_YEAST"	"YEAST"	143003.33	144917.9	326879.44	175875.31	150679.19	170344.61	160723.19	199443.36	142200.5	78010.42	96849.78	0	82946.82	66226.85	92524.51	89388.945	0	106311.88
"sp|P20459|IF2A_YEAST"	"YEAST"	561169.06	710473.06	550271.44	661829.94	549058.4	529461.5	582159	648666.75	631901.44	301370.12	202663.17	61278.848	251724.12	121635.664	196973.56	167137.55	399631.34	141761.88
"sp|P20606|SAR1_YEAST"	"YEAST"	1700233.9	1938480.1	1919025.1	1642404.2	1837068.6	1806381.4	1717910.4	1644450.8	1835687.8	689339.7	717824.06	693583.1	573234.2	672549.5	655430.7	691414.1	520622.47	688693.1
"sp|P20967|ODO1_YEAST"	"YEAST"	107334.14	67508.44	98140.7	50171.215	0	0	0	164375.78	150236.44	0	0	0	0	104318.59	0	0	0	0
"sp|P21242|PSA7_YEAST"	"YEAST"	943943.4	925139.6	1429947.4	1022672.2	1019528	967562.75	1038657.25	1370960.9	1071369.6	961506	826186.25	1179420.4	1034410.3	822971.3	966996.44	712268.5	1260949.6	874450.75
"sp|P21243|PSA1_YEAST"	"YEAST"	110549.46	626075.75	310195.06	458302.25	396718.9	611339.9	310944.5	491077.53	366071.38	151501.88	0	62762.98	0	115953.45	256045.17	393366.8	0	118275.664
"sp|P21264|PUR6_YEAST"	"YEAST"	726662.25	900554	888679.1	801348.5	1046436	902143.7	525607.44	937915.8	1212381.5	174030.55	264417.56	99684.836	183201.1	315216.5	431543.3	113926.27	0	391147.34
"sp|P21576|VPS1_YEAST"	"YEAST"	1654909.2	1579995	1453891.2	1378722.4	1737213.9	1646320.2	1487123.1	1249284.5	1698786.9	345986.75	585336.3	464781.34	508545.56	460065.97	198544.8	334609.7	202879.1	824811.44
"sp|P21734|UBC1_YEAST"	"YEAST"	309559.8	0	244880	306814	191148.9	0	156128.84	142093.44	206880.23	118156.65	0	0	175143.08	0	0	0	0	0
"sp|P21827|RCC1_YEAST"	"YEAST"	47920.703	0	0	0	0	0	0	60224.734	0	0	0	0	0	0	0	0	0	0
"sp|P21954|IDHP_YEAST"	"YEAST"	388700.03	289551.53	366816.88	359641.38	705910.9	377932.75	367314.56	242355.52	407973.34	131370.33	127869.83	122220.62	147991.98	123582.695	134505.05	122577.914	124827.2	130272.51
"sp|P21965|MCK1_YEAST"	"YEAST"	103135.484	0	147375.86	195295.17	104318.16	106444.09	186290.23	146525.34	83219.07	0	0	0	0	0	63213.793	0	90893.99	74427.984
"sp|P22137|CLH_YEAST"	"YEAST"	2870946.8	2678944	2645193.8	2924330	3009514.8	2767152.5	2631405	2630756	2567231.8	1130192.1	1237254.5	1001832.56	1254573	1098899	1479034.8	1069509	1340259.8	496491.62
"sp|P22141|PSB4_YEAST"	"YEAST"	746880.9	396463.97	467237.97	463411	649265.4	577249	415255.56	0	396722.62	0	293746.53	264543.8	0	359571.66	0	319978.38	0	282817.28
"sp|P22146|GAS1_YEAST"	"YEAST"	612253.56	652131.2	702187.6	596386.7	678265.25	659269.7	605245.56	650449.6	687230.1	234591.55	222305.39	256200.4	261304.2	245767.89	245825.88	210677.28	264051.7	219311.5
"sp|P22147|XRN1_YEAST"	"YEAST"	921992.75	1545714.8	1182035.9	1480289.2	1604229.5	1388702	1494855.4	1041665.5	781433.3	836801.56	254088.25	265925.28	723961.06	90461.805	149256.19	305341.88	349960.5	285261.8
"sp|P22202|HSP74_YEAST"	"YEAST"	134366.9	308243.06	151917.75	0	0	159002.27	289638.16	0	214753.23	0	0	0	0	0	0	0	0	0
"sp|P22203|VATE_YEAST"	"YEAST"	3023539.5	3044501.2	1957988.6	2806861.8	3226713	3499566.8	3124195.2	3085755.8	2706958.8	1565102.2	1152759.6	1512137.1	1020137.1	1373609.1	1375083.2	1324325.8	1260402	1407952.5
"sp|P22217|TRX1_YEAST"	"YEAST"	2555498.5	2632894	2687436	2451573	2571383	2717797	2458980.5	2316509.2	2484183.8	1315812.1	1316277	1335002.6	1352343.2	1280177.5	1198309.8	1292319.2	1334734.6	1344922.2
"sp|P22515|UBA1_YEAST"	"YEAST"	3430076.2	3618459.2	3685821.8	3414881.2	3483255.8	3766275	3314674.5	3798667.2	3444992.2	745166	860369.2	1122530.4	641423.56	1079949.4	1008165.4	1931295.2	1981330.2	1204206
"sp|P22696|ESS1_YEAST"	"YEAST"	0	0	0	0	0	0	0	0	0	0	0	0	0	0	0	0	0	0
"sp|P22803|TRX2_YEAST"	"YEAST"	6203501.5	8509881	7993575	6246118	7628366	7856889.5	5722032.5	7304090	7366115	3467773.5	4277238.5	3714756.8	2984816.2	4168791.8	4069679.2	3944246.2	3822295.5	3883673.8
"sp|P22855|MAN1_YEAST"	"YEAST"	0	0	0	0	85287.36	72774.93	0	0	0	0	0	0	0	0	0	0	0	0
"sp|P22943|HSP12_YEAST"	"YEAST"	6647435	9033393	9686685	6515565	8303108.5	8724029	6412731.5	8376779.5	8850068	3139914.8	4372583	4322886	3235790.8	4323833.5	4376536.5	3983485.5	4357359	4733313
"sp|P23180|AIM17_YEAST"	"YEAST"	409966.97	215591.95	366643.16	419712.8	149620.97	284723.12	400299.75	111000.48	353681.03	0	0	0	82250.04	0	0	0	0	0
"sp|P23248|RS3A2_YEAST"	"YEAST"	829488.6	1170731.5	1252805	922589.5	1144139.8	1007665.4	842771.6	1057777.8	995442.75	405997.06	515813.2	568718.75	305880.53	505080.8	499046.47	596613.25	271357.75	470111.75
"sp|P23254|TKT1_YEAST"	"YEAST"	4523947	4589559	4281784	3971737.8	4299048.5	4235719	3622693	3946197.5	3453137.5	1727984.5	1568557.8	1636631	1788620.4	1594047.8	1602322.6	1451895.5	1826411.9	1410521.5
"sp|P23301|IF5A1_YEAST"	"YEAST"	3626752.2	4169936.2	3277573.8	4048198.5	3082095	2922438	4022053.2	3325822	3395475	1667240.6	1837902.8	1854023.4	2008910.1	1814348.8	1718537	1850434.5	1773010.6	1412517.4
"sp|P23542|AATC_YEAST"	"YEAST"	1572486	1278425.2	1493111.9	1555218	1947374.5	1718416.4	1316152.1	1551922.4	1396215	336080.3	392932.5	344492.2	250481.81	383654.22	461062	109556.945	325685.6	301354.88
"sp|P23594|PP2A1_YEAST"	"YEAST"	0	0	0	0	0	0	0	0	0	0	0	0	0	0	0	0	0	0
"sp|P23638|PSA3_YEAST"	"YEAST"	318903.97	536617.4	278145.75	323779.5	245087.45	264737.16	323691.28	278909.66	345431	234180.4	246598.19	286367.84	220486.1	273359.62	283381.38	156982.95	151302.06	123460.73
"sp|P23639|PSA2_YEAST"	"YEAST"	370987.16	663650.5	651038.5	652828.6	674898.94	626266.8	680415.44	627622.75	540273.5	102462.484	294855.06	130677.19	407689.72	0	60982.9	71395.164	0	46979.547
"sp|P23641|MPCP_YEAST"	"YEAST"	362998.94	221254	187787.3	113179.83	407360.7	302560.88	0	172431.72	0	0	0	0	0	0	0	0	0	0
"sp|P23644|TOM40_YEAST"	"YEAST"	0	0	0	0	0	105023.32	0	0	81160.11	0	0	0	0	0	0	0	0	0
"sp|P23724|PSB6_YEAST"	"YEAST"	115245.2	154510.36	119378.305	154342.45	165285.6	103733.58	171101.4	141700.72	0	0	0	0	0	0	0	0	0	0
"sp|P24000|RL24B_YEAST"	"YEAST"	2516672.5	2456547.8	2726631	2433512	2668632.2	2502439.8	2477429.2	2518581.5	2481403	1208256.9	908291.9	1012140.44	1171641.1	1110769.2	1247876.4	1188924.4	1088911.1	1208595.9
"sp|P24280|SEC14_YEAST"	"YEAST"	507656.2	752795.8	548954	538753.8	384428.84	575832.3	596112.25	515354.6	622667.3	333553.34	120454.016	140938.23	256827.47	155022.45	0	115389.15	0	155189.52
"sp|P25043|PSB2_YEAST"	"YEAST"	0	0	0	0	0	0	0	0	0	0	0	0	0	0	0	0	0	0
"sp|P25045|LCB1_YEAST"	"YEAST"	0	0	0	0	0	0	0	0	0	0	0	0	0	0	0	0	0	0
"sp|P25087|ERG6_YEAST"	"YEAST"	1520745.5	778384.2	632943.7	1106349.5	1089608.6	974797.6	771175.56	624824.5	592208.56	412940.44	329993.4	227551.69	539617.25	282519.97	260917.38	262869.75	246337.52	385604.12
"sp|P25293|NAP1_YEAST"	"YEAST"	283593.88	110914.36	0	259650.66	278103.2	83486.82	114937.234	0	0	0	0	0	66910.34	0	0	0	0	0
"sp|P25294|SIS1_YEAST"	"YEAST"	1483709.8	1300081	1111252.1	1482816	1270362.2	1258293.9	1429533.4	1290197.8	1350161.5	507994	392948	631760.56	589570.1	619829.6	656300.7	397644.12	518646.9	612873.56
"sp|P25340|ERG4_YEAST"	"YEAST"	221432.1	205859.31	181268.25	214940.4	178909.97	181787.19	232271.38	152564.3	189686.77	0	38494.957	104787.625	0	59382.316	0	0	0	42059.33
"sp|P25342|CDC10_YEAST"	"YEAST"	0	0	0	0	0	0	0	0	0	0	0	0	0	0	0	0	0	0
"sp|P25343|RV161_YEAST"	"YEAST"	552442.4	438648.44	724487	435069.72	693405.3	642853.25	450178.38	467950.28	489197.34	204860.28	98222.04	108441.875	0	78718.414	101199.63	64589.18	0	74417.87
"sp|P25349|YCP4_YEAST"	"YEAST"	1034886.44	1213764.8	1037829.06	1164255	1166044.4	1129563.6	1100627.2	1174037.8	1076119.4	515483.2	572571.94	415255.34	604430.3	714048.4	308688.56	121526.78	581458.25	199675.6
"sp|P25373|GLRX1_YEAST"	"YEAST"	393497.9	426334.06	291961.16	346794.9	405579.25	328578.62	409826.3	303520.25	419993.66	0	0	72221.18	80712.04	134784.81	264851.84	0	0	62108.3
"sp|P25375|PRTD_YEAST"	"YEAST"	0	0	0	0	0	0	0	0	0	0	0	0	0	0	0	0	0	0
"sp|P25443|RS2_YEAST"	"YEAST"	8413915	8394543	8299533	7970063	8095042.5	7756240	8080494.5	7992637	7480407	4101858.5	4080572.8	4038395	4332887	4189378	4172033.5	4050629.5	4107963.8	4264007.5
"sp|P25451|PSB3_YEAST"	"YEAST"	335542.4	282662.97	354795.56	362177.72	308210.1	340304.75	358148.97	339663.22	378434.7	165249.11	0	148596.03	202065.9	0	186637.67	168728.69	198775.89	223032.28
"sp|P25491|MAS5_YEAST"	"YEAST"	1152721.1	1095400.8	1114919.4	1079999.8	987506.9	835473.3	948331.7	707111	931965.06	312514.53	232297.02	229928.53	311886.47	327990.4	206550.88	266084.34	232451.33	333653.94
"sp|P25555|GBP2_YEAST"	"YEAST"	54192.89	0	0	0	0	0	0	0	0	0	0	0	0	0	0	0	0	0
"sp|P25567|SRO9_YEAST"	"YEAST"	280180.28	328117.56	284771.8	257991.78	307077.3	320362.88	302143.62	334018.47	214227.83	0	0	0	0	34860.1	0	0	33056.145	0
"sp|P25574|EMC1_YEAST"	"YEAST"	0	90639.8	115554.54	86189.88	0	0	75463.11	102855.17	88940.14	70529.49	64619.12	0	0	0	0	51794.906	60948.383	61719.25
"sp|P25605|ILV6_YEAST"	"YEAST"	0	0	0	0	0	0	0	0	0	0	0	0	0	0	0	0	0	0
"sp|P25617|YCQ6_YEAST"	"YEAST"	0	118922.49	121541.39	0	0	0	0	113911.83	0	0	0	0	0	0	0	0	0	0
"sp|P25619|HSP30_YEAST"	"YEAST"	92214.34	133458.77	151404.81	92089.88	115939.04	149293.14	99607.09	123542.82	127300.45	0	0	0	0	0	0	0	0	0
"sp|P25694|CDC48_YEAST"	"YEAST"	10343334	10585119	11407683	10398426	10321682	10435526	9818023	8987780	9697119	4882997	4999746.5	4987845	4745534	3754471	5036209	5191282.5	5035178	5094667
"sp|P25719|CYPC_YEAST"	"YEAST"	561435.6	938357.06	480990.12	575020.25	673417.56	574537.4	614748.44	609210.44	664450.25	158474.3	58753.383	0	155176.52	263364.94	187250.14	157284.14	177347.11	259557.89
"sp|P26321|RL5_YEAST"	"YEAST"	8649469	10021060	10808117	8642728	9110626	8701695	9682308	9702175	8336754.5	4022949.2	4496961	5016628.5	4161486.8	4459514.5	4835767	4582699.5	4989980	4511759.5
"sp|P26637|SYLC_YEAST"	"YEAST"	3147945	3033518	2117801.2	2766842.5	2738355.8	2733388.5	2647608	2131158	2428926	730176.4	675691.94	894587	982749.94	370548.56	741406.44	356686.47	387953.38	654286.4
"sp|P26783|RS5_YEAST"	"YEAST"	10165980	10681741	10638380	9809511	10422396	9797765	10001318	9986242	10053279	5036949	5438685.5	5203023.5	5128336.5	5342792.5	5247585.5	5196414.5	5240693.5	5414526.5
"sp|P26784|RL16A_YEAST"	"YEAST"	3423037.2	3573824.5	3844990.8	3357620.8	3399183.2	2889921.5	3057014.2	3637663.2	3625242.2	1056297	1834814.9	1419709.1	1583561.6	1350275	1515204.4	1778001.4	1306928.2	1775397
"sp|P26785|RL16B_YEAST"	"YEAST"	2919486.2	2848486.5	2606180.8	2834534.2	2687594	2916496.8	2937223.8	3060120.2	2669200.5	1909810.1	1437370.8	1572125.4	1544557.6	1451017	1406463.9	1484883	1231471	1345038.6
"sp|P26786|RS7A_YEAST"	"YEAST"	8086169.5	8470420	9536750	8054280	8570406	8917360	8189906.5	8896328	8226707	3917058.2	4227065.5	4477541	4117818.5	4185488.2	3990703.2	4240819.5	3926019.2	4107418.5
"sp|P27466|KCC1_YEAST"	"YEAST"	0	105870.7	0	0	0	0	0	0	0	0	0	0	0	0	0	0	0	0
"sp|P27472|GYS2_YEAST"	"YEAST"	936082.75	761245	821950.6	775773.44	659322.3	815994	841810.9	831220.75	868095.44	124265.016	90601.266	72143.29	49802.42	198206.61	150556.44	0	113238.336	0
"sp|P27476|NSR1_YEAST"	"YEAST"	35617.535	84095.59	63698.164	64176.617	51459.074	56168.24	109467.89	0	52642.3	0	54433.684	0	0	0	0	0	0	0
"sp|P27614|CBPS_YEAST"	"YEAST"	168832.92	143993.66	136910.55	188975.97	153618.72	114062.52	93959.3	88317.8	127219.805	0	0	51602.527	45167.766	60164.305	0	0	32596.242	0
"sp|P27616|PUR7_YEAST"	"YEAST"	3040846.2	3261714.5	3030907.5	3149619.2	2956389.5	3077476	2860524.5	2802964.8	3141246	737275.9	1086857.9	1427369.5	1088240.8	1346009.6	1453100.1	1188984.4	1218741.1	1206608.2
"sp|P27692|SPT5_YEAST"	"YEAST"	110110.25	108023.34	0	118576.35	0	91320.82	0	0	0	73265.555	81662.96	73772.17	68883.12	76788.39	86347.18	93439.625	77741.54	101541.82
"sp|P28007|GAR1_YEAST"	"YEAST"	653907.25	174309.08	160695.12	582193.25	637898.9	624657.75	542834	668803.6	139667.53	71565.49	0	69016.04	0	88107.445	0	0	52503.023	70914.234
"sp|P28241|IDH2_YEAST"	"YEAST"	4906163.5	4942157	4755911.5	4824866	4615702	4171910.5	4637692.5	4331460.5	4368063.5	2302305	2338505	2110759.2	2357731	2175314.2	2217666	2321188.8	2216044	2106737.5
"sp|P28272|PYRD_YEAST"	"YEAST"	366975.44	164218.16	580666.9	388267.4	270361.97	349544.25	362891.5	352386.53	280299.38	167822.06	70192.164	0	74097.71	75332.73	101322.54	118188.34	73379.375	75472.42
"sp|P28496|LAC1_YEAST"	"YEAST"	203927.64	0	0	403968.97	212232.53	0	345712.72	0	0	0	0	0	0	0	0	0	0	0
"sp|P28625|YIM1_YEAST"	"YEAST"	276668.28	0	297588.16	364331	305403.97	303851.3	306051.12	430944.4	291368.78	0	0	0	0	0	0	0	0	0
"sp|P28707|SBA1_YEAST"	"YEAST"	256137.86	252467.16	338882.53	177907.42	443398.38	547730.06	197561.55	527893.2	197691.38	77452.84	216660.11	0	0	229252.14	143990.44	94614.63	0	0
"sp|P28777|AROC_YEAST"	"YEAST"	378452.8	167188.25	207088.16	317438.78	193999.03	200767.94	350517.06	194146.66	161942.75	64154.453	0	104950.77	0	0	0	89281.89	0	0
"sp|P28834|IDH1_YEAST"	"YEAST"	11551975	13109208	13043448	8810899	11860955	8415998	6340844.5	11589160	11702253	7022388	1194470.8	1242522.6	5526760.5	1467307.6	1388858.9	1199629.9	3760664.5	3740904
"sp|P29311|BMH1_YEAST"	"YEAST"	9967531	11564057	10473374	11488034	11426332	10421921	9799346	9348625	11151874	4942253.5	5164391.5	5001930	5136622.5	5547316	5464974.5	5719977.5	5460662.5	6345402
"sp|P29453|RL8B_YEAST"	"YEAST"	9039814	12880429	11259460	11115149	9938558	12288057	10142070	11882921	10450446	5330625	5527237	5243827.5	4869889.5	4613649.5	5406845.5	5257801	5518859	5899324
"sp|P29509|TRXB1_YEAST"	"YEAST"	1550256.1	1401360.1	1680551.4	1693922	1594455.5	1601103.9	1585731.1	1736183	1455868.2	716818.5	784910.25	835266.06	777714.56	598599.06	594667.25	462757.7	692866.75	711925
"sp|P29547|EF1G1_YEAST"	"YEAST"	1554799	1244574.6	1855666.2	1443197.6	1893253.4	1670945	1597583.9	1631568.2	1710967.5	932298.75	1286539	1030776.56	774655.06	598029.4	1148796.5	794193.3	1174127.2	937697.25
"sp|P29704|ERG9_YEAST"	"YEAST"	48943.08	0	0	0	76357.914	0	58440.902	0	95760.805	0	0	0	0	0	0	0	0	0
"sp|P29952|MPI_YEAST"	"YEAST"	362535.5	279225.25	280182.2	298742.06	289766.2	276170.97	320349.5	296182.25	162460.06	0	108133.29	0	0	0	0	142842	0	0
"sp|P30624|LCF1_YEAST"	"YEAST"	1290756.5	1202158.8	1228519.5	1251863.1	1345038	1259989.1	1255188.4	1167763	1351447.1	350208.94	639682	641308.94	462784.94	560836.1	342507.7	618219.6	423800.2	633239.2
"sp|P30657|PSB7_YEAST"	"YEAST"	0	102138.62	102466.99	64530.75	99320.67	124560.04	0	0	100689.21	0	0	0	0	0	0	0	0	0
"sp|P30822|XPO1_YEAST"	"YEAST"	0	0	0	0	0	0	0	0	0	0	0	0	0	0	0	0	0	0
"sp|P31109|SNC1_YEAST"	"YEAST"	114430.805	241624.31	193474.22	153405.1	134756.8	166494.81	119438.64	178018.02	94654.61	0	0	0	0	0	0	0	0	0
"sp|P31116|DHOM_YEAST"	"YEAST"	3939297.2	4336344	4772184	3692277	4143951.2	4367106	3990617.2	4238894.5	4196859	1921644.8	1825535.2	1382385.5	1248011.6	1720787.5	1454125.5	1742167.5	1151410	1748363.4
"sp|P31373|CYS3_YEAST"	"YEAST"	4877034.5	4556690	4210503	4479031.5	4126407.5	4041698.5	4293613.5	4468341.5	4334867.5	2003360.1	2004704.5	1821605.6	1715105.2	1896834.9	1869884.6	1989229.2	2342104.5	2251938.5
"sp|P31382|PMT2_YEAST"	"YEAST"	43467.395	0	0	45053.953	32117.305	27559.342	0	0	0	0	0	0	0	0	0	0	0	0
"sp|P31412|VATC_YEAST"	"YEAST"	851592.4	1174767.5	1257256.5	950217	1041771.3	1048370.44	792840.3	1195010.4	1239154.9	470415.12	487256.38	533128.8	368518.22	411412.25	434468.25	216221.12	520069.94	229448.42
"sp|P31539|HS104_YEAST"	"YEAST"	7872679.5	8280964	8256102.5	8118169	8080065.5	7573333	8041691	7986862.5	7879880	3192518	3982476	3442940.8	3590460	3216100.5	2719240.8	2823349.8	2909777.2	3420607.5
"sp|P31688|TPS2_YEAST"	"YEAST"	1433462.6	1130524.6	1136572	1174785.6	1235203.6	1238640.6	1189044.6	1279241.5	1083975	674764.9	518911.5	562128.56	644728.6	476404.44	716725.9	448546.44	364656.62	473485.62
"sp|P31787|ACBP_YEAST"	"YEAST"	1105982.5	1264707.8	2537102	2441473.5	2227345.2	1400718.1	1167788.5	1350036.2	1434425.4	541842	534217.6	702155.25	907802.6	1062761.2	1008709.25	1494814.8	389696.06	1406631.5
"sp|P32074|COPG_YEAST"	"YEAST"	144002.67	144076.25	140761.92	148161.95	136660.4	132581.55	138813.4	142294.02	136012.98	0	69917.05	67738.43	70527.77	60827.484	63067.664	67361.05	78021.3	0
"sp|P32263|P5CR_YEAST"	"YEAST"	840747.44	849959.94	932212.1	517950.4	575091.6	745089	680351.56	902583.94	780194.8	317752.62	387476.44	338586.38	234923.84	236035.16	222149.3	269239.5	27253.078	187646.75
"sp|P32288|GLNA_YEAST"	"YEAST"	1055059.5	984015.4	1231597.5	975203.5	871113.6	1024763.2	934692.9	894018	815870.1	201915.86	235288.16	79628.67	277538.47	66071.805	178690.47	171642.52	199015.5	159325.38
"sp|P32324|EF2_YEAST"	"YEAST"	28322988	32033226	31135546	29615626	29273656	28605130	27740822	28936726	29015770	13848207	15063613	14586632	13337848	14950325	14072968	15411619	13758624	14684240
"sp|P32337|IMB3_YEAST"	"YEAST"	82520.6	90102.7	81698.305	85976.02	89350.07	85410.2	86332.19	89946.25	87202.3	33243.008	41526.574	34398.266	0	38510.816	39571.094	0	38188.13	38568.844
"sp|P32353|ERG3_YEAST"	"YEAST"	0	0	0	0	0	0	0	0	0	0	0	0	0	0	0	0	0	0
"sp|P32356|TREA_YEAST"	"YEAST"	0	0	0	0	0	0	0	0	0	0	0	0	0	0	0	0	0	0
"sp|P32366|VA0D_YEAST"	"YEAST"	81072.6	178726.27	122924.85	108953.17	149068.14	144107.34	126297.45	132500.11	105795.77	0	0	0	37916.84	60406.1	0	42393.156	0	24298.05
"sp|P32377|MVD1_YEAST"	"YEAST"	149228.12	0	228988.6	0	268871.9	151370.11	0	193477.17	0	0	106045.36	0	0	0	0	0	0	0
"sp|P32379|PSA5_YEAST"	"YEAST"	308463.75	288363.38	298368.2	152592.56	254304.53	385149.97	0	240091.39	287543	0	0	109051.18	0	119285.55	72505.29	0	0	0
"sp|P32381|ARP2_YEAST"	"YEAST"	334210.12	176513.89	145832.48	173929.05	152127.06	342834.78	159127.72	137961.3	136341.33	71431.734	0	0	83835.414	0	0	0	0	0
"sp|P32419|MDHP_YEAST"	"YEAST"	316941.9	295616	331469	305603.78	289833.9	326462.34	318720.75	300971.3	311651.28	141597	158518.31	53329.668	109789.2	144494.12	108139.41	95427.79	115514.69	171164.62
"sp|P32445|RIM1_YEAST"	"YEAST"	0	70366.664	96875.35	65411.453	94940.66	78379.02	48139.527	40662.37	81778.984	0	0	0	0	0	0	0	0	0
"sp|P32449|AROG_YEAST"	"YEAST"	1050406.2	1089836.8	1515889.5	1393602.4	1135372.4	1220424.8	981692.3	1119024.4	1445440.6	701588.25	107725.555	494607.3	421549.53	345860.2	514460.25	289324.25	487246.4	325459.56
"sp|P32454|APE2_YEAST"	"YEAST"	1141770.9	1309303.6	1294550.2	874330.9	1122765.6	1315849.4	1179298	1161954.2	761786.7	207109.69	177919.66	264333.78	480892.16	436813	0	162045.55	88939.805	190075.2
"sp|P32457|CDC3_YEAST"	"YEAST"	0	242419.75	0	307657.03	0	318062	0	0	0	0	0	0	0	0	0	0	0	0
"sp|P32463|ACPM_YEAST"	"YEAST"	59773.36	0	47821.426	0	182001.72	60167.562	143797.66	112819.6	59448.676	60245.258	54714.812	0	0	0	0	0	53741.656	0
"sp|P32469|DPH5_YEAST"	"YEAST"	145657.97	0	266307.75	320472.78	404519.7	251048.03	561564.4	192635.69	240193.66	0	0	0	0	0	283304.06	0	237852.8	0
"sp|P32471|EF1B_YEAST"	"YEAST"	7587312.5	8274994.5	8199316	7584306.5	7906024	7642021.5	6073425.5	8140256	7828709.5	3356019	3983293	3917554.2	3449986	3135176	3564492.5	3461246.5	3678576	3604031.2
"sp|P32472|FKBP2_YEAST"	"YEAST"	378057	0	352784.5	0	273976	267767.97	339379.3	274219.3	0	0	0	0	0	0	0	0	0	0
"sp|P32473|ODPB_YEAST"	"YEAST"	1186114	1247849.2	1096286.4	1122429	1131240.9	1128547.9	1102273.4	1109534.4	1111995.9	380324.88	529291.25	473761.7	442937.9	521720.7	291247.38	531707.75	79392.7	68077.07
"sp|P32481|IF2G_YEAST"	"YEAST"	466736.94	167133.66	359903.25	207719.33	349184	363031.6	275251.5	274373.9	262288.62	0	81013.99	0	0	0	0	67001.234	0	0
"sp|P32495|NHP2_YEAST"	"YEAST"	0	50569.92	59967.28	0	66795.875	0	0	0	73120.125	0	0	0	0	0	0	0	0	0
"sp|P32496|RPN12_YEAST"	"YEAST"	506108.66	269327.9	697691.25	293846.3	363972	474131.88	548407.8	425119.12	536801.5	0	0	99851.75	0	201271	93916.41	0	109525.75	0
"sp|P32497|EIF3C_YEAST"	"YEAST"	471412.16	481050.97	433333.1	526661.7	482533.84	427969.12	525722.06	409867.8	514029.1	258080.64	0	0	0	22307.47	0	0	0	0
"sp|P32499|NUP2_YEAST"	"YEAST"	0	0	0	0	0	0	0	0	0	0	0	0	0	0	0	0	0	0
"sp|P32501|EI2BE_YEAST"	"YEAST"	0	0	0	0	0	0	0	0	0	0	0	0	0	0	0	0	0	0
"sp|P32521|PAN1_YEAST"	"YEAST"	0	0	129498.234	0	126039.97	0	112049.56	124197.55	0	0	0	0	0	0	0	0	0	0
"sp|P32527|ZUO1_YEAST"	"YEAST"	1434843.2	1554617	1416881.5	1243720.4	1260250.1	1418622.4	1557303.2	1347193.4	1205156.6	445103.66	364948.44	336477.53	475076.62	323497.38	504116.28	454098.03	324486.16	368527
"sp|P32558|SPT16_YEAST"	"YEAST"	313913.44	680444.25	431406.8	250516.56	608638.1	388512.12	267076.94	474967.44	470542.06	264946.8	387698.12	428899.3	381945.12	454968.28	332361.44	436952.72	436310.12	468511.88
"sp|P32563|VPP1_YEAST"	"YEAST"	1543750.6	946539.7	1130263.5	1335592	518795.56	1136298.6	925034.9	1017171.94	642640.25	183568.72	403897.75	214515.4	205027.75	136503.62	298750.4	380051.56	218935.62	586704.25
"sp|P32565|RPN2_YEAST"	"YEAST"	126062.586	28077.7	91744.78	107240.24	91718.21	69931.44	98421.51	74048.055	0	0	0	0	0	0	0	0	0	0
"sp|P32582|CBS_YEAST"	"YEAST"	3642141	5417383.5	5890179	5108128.5	5140780	5000933.5	5342322	5230119	4949415.5	1842610	1359790.8	2016772.9	1912287.1	1814817.5	2072888.5	1815560.8	2461804	2034914.2
"sp|P32588|PUB1_YEAST"	"YEAST"	407660.94	630300.6	542418.4	364542.38	540614.75	507595	320004.56	488285.66	574586.75	47252.914	191275.83	189700.08	0	0	91536.17	0	93434.37	105455.31
"sp|P32589|HSP7F_YEAST"	"YEAST"	8475296	8274043	9162108	5821233.5	7834200.5	10214936	9980816	8724945	9502904	2926030.5	2635922	2085325.1	2867752.2	2063253.8	2609875	1949394.6	4236333.5	2738865
"sp|P32590|HSP79_YEAST"	"YEAST"	208946.28	192296.75	0	121171.95	153354.38	0	134259.3	84004.266	88366.305	0	0	0	0	0	0	0	0	0
"sp|P32598|PP12_YEAST"	"YEAST"	1300250.6	1488330.4	1392531.2	1424844.6	1198386.2	1410533.5	1502969.1	1192941.8	1474352	1086607.8	1099180	1044101.9	1197324.5	1171076.9	1025276.1	1060954.2	1148420.1	1128220
"sp|P32599|FIMB_YEAST"	"YEAST"	1109994.8	797640.6	1111866.8	609300.6	1055708	429513.38	1157516.1	828140.94	588023.25	99701.31	0	0	81191.71	0	0	0	473947.8	109028.3
"sp|P32610|VATD_YEAST"	"YEAST"	108137.09	239215.38	113917.28	94604.414	114966.89	103141.58	153782.58	100878.62	103673.11	70493.7	0	0	53311.938	0	76533.78	0	0	0
"sp|P32614|FRDS_YEAST"	"YEAST"	313212.75	277908.5	406893.28	409406.38	295584.88	257304.77	355711.56	260448.77	777723.2	98804.445	0	94491.41	95780.5	166567.44	208879.62	0	83642	219183.25
"sp|P32626|ENOPH_YEAST"	"YEAST"	46512.3	35586.35	0	37183.49	0	0	0	0	0	39129.77	0	0	0	0	0	0	0	0
"sp|P32628|RAD23_YEAST"	"YEAST"	172177.02	461712.47	478828.1	602918	270310.16	337431.03	336525.4	455280.28	290738.25	0	0	0	114955.3	0	0	0	0	0
"sp|P32642|GLRX4_YEAST"	"YEAST"	119032.39	98888.05	95489.836	115667.93	101363.375	93633.54	108476.49	102570.04	90003.36	0	0	46022.254	50760.617	42980.77	0	0	0	0
"sp|P32775|GLGB_YEAST"	"YEAST"	261594.61	294295.84	273568.06	223376.94	104442.414	141043.05	229560.25	255240.75	264512.2	0	0	0	0	96042.45	0	0	0	57037.03
"sp|P32790|SLA1_YEAST"	"YEAST"	0	0	0	0	0	0	0	0	0	0	0	0	0	0	0	0	0	0
"sp|P32835|GSP1_YEAST"	"YEAST"	439124.47	669911	574950.44	430375.38	627531.2	461767.88	447486.72	486280.25	409618.84	261691.22	257155.53	309019.66	257879.61	242437.17	191819.27	272566.6	240889.64	187474.05
"sp|P32861|UGPA1_YEAST"	"YEAST"	3096440.5	3745915.5	3661320	3716449	3392495.5	3342259.2	2595400	3456529.8	3910686	1323853.9	1216839.4	1112771.6	779143.75	1396216.2	941575.56	1059956.9	1052675.6	1461896.5
"sp|P32864|RAEP_YEAST"	"YEAST"	671245.6	619799.44	538049.75	494862.16	574142.2	525609	519978.78	480224.78	581841.06	499025.97	641944.06	552578.1	326849.88	615106	0	638249.75	0	634195.56
"sp|P32895|KPR1_YEAST"	"YEAST"	0	0	130742.47	0	0	0	0	0	0	0	0	0	0	0	0	0	0	0
"sp|P32905|RSSA1_YEAST"	"YEAST"	7864025.5	7581148	8748289	7613537.5	7806189	7830029	7891283	7750057	7603312.5	3902230.5	3946709.8	4379056	4194699	3627876.8	3547065	3608763	4276757.5	3570921.8
"sp|P32911|SUI1_YEAST"	"YEAST"	160179.36	197824.3	192514.31	183347.56	152954.89	128735.72	166403.6	165318.73	210297.5	0	0	63182.707	65620.78	54518.49	62747.125	71319.945	0	0
"sp|P32915|SC61A_YEAST"	"YEAST"	142749.78	156191.64	157193.12	145885.8	152507.66	141115.75	142790.6	136515.2	151131.81	65182.53	81081.46	70253.45	73887.7	68262.81	65807.33	66443.81	75846.26	0
"sp|P32939|YPT7_YEAST"	"YEAST"	212415.72	255896.14	316651.8	215055.05	270828.88	294409.7	251540.52	271911.3	253250.2	94480.54	0	127967.54	140446.62	117700.14	139089.16	0	0	0
"sp|P33201|MRT4_YEAST"	"YEAST"	0	0	0	0	0	0	0	0	0	0	0	0	0	0	0	0	0	0
"sp|P33297|PRS6A_YEAST"	"YEAST"	132199.7	124184.1	131107.92	119999.06	114803.734	113086.65	109374.03	140903.02	87395.23	52833.953	0	0	0	0	0	47087.223	46394.17	64229.168
"sp|P33298|PRS6B_YEAST"	"YEAST"	301581.2	230732.31	236279.31	276011.28	274044.7	317989.97	278392.1	170798.61	250385.98	0	0	0	118090.58	175307.3	0	102846.08	0	0
"sp|P33299|PRS7_YEAST"	"YEAST"	332920.94	635119.9	305544.12	70184.77	211953.97	465096.3	285232.7	334895.9	278990.16	0	0	0	0	0	0	0	188386.34	126654.69
"sp|P33302|PDR5_YEAST"	"YEAST"	591410.6	630902.8	481903.72	593486.2	523467.6	536554.1	547083.25	532071	640279.1	333975.2	241145.66	0	0	280358.7	351223.25	118688.94	351123.38	155688.4
"sp|P33322|CBF5_YEAST"	"YEAST"	843424.5	803072.1	806481	789120.94	913589.94	783249.3	1056243.9	847514.56	483620.62	108677.61	120066.17	255886.47	88184.35	220704.58	117593.266	182779.14	3108494.5	1858721.5
"sp|P33330|SERC_YEAST"	"YEAST"	871370.1	775738.7	702604.8	953329.1	858206.25	661812.1	839877.7	860708.9	645890	347250.44	377942.7	483629.97	411215.7	326110.88	221162.53	209586.66	328143.25	390327.3
"sp|P33331|NTF2_YEAST"	"YEAST"	1220735.2	1178781.8	1129910	1065631.2	1236574.9	1097870.9	1177700.8	1066968.8	935798.44	249158.2	295331.3	219881.45	627070.9	508331.8	204766.05	321241.84	242838.33	344083.5
"sp|P33333|PLSC_YEAST"	"YEAST"	155081.69	143892.05	167255.1	182951.7	136331.14	151366.88	133359.31	189667.5	131189.89	65923.664	0	68154.59	71719.38	70518.56	0	0	0	0
"sp|P33401|PGM1_YEAST"	"YEAST"	46114.25	0	0	0	0	0	0	0	0	0	0	0	0	0	0	0	0	0
"sp|P33416|HSP78_YEAST"	"YEAST"	244884.44	0	88457.625	240771.9	134915.05	475663.2	160004.12	113319.42	134804.75	0	0	0	0	0	0	0	90081.62	0
"sp|P33442|RS3A1_YEAST"	"YEAST"	7346980.5	8178742.5	7802794	7666801	7965046	7068435.5	6958493	7512523.5	7188173	3616100.8	3789105.2	2955898.8	3053419.5	3298026.2	3490087.8	3313486.8	3197874	3159505.2
"sp|P33734|HIS5_YEAST"	"YEAST"	134847.42	68944.76	123967.35	103950.51	146621.75	118613.58	132178.31	148039.52	94298.18	0	0	0	0	0	0	0	0	0
"sp|P33767|OSTB_YEAST"	"YEAST"	290537.6	381284.22	446594.53	366323.53	391991.7	445820.25	312864.16	459899.44	431513.56	277101.25	70320.94	208373.34	177036.66	184865.58	236128.38	219293.02	247786.31	290971.94
"sp|P33775|PMT1_YEAST"	"YEAST"	0	296869.84	284262.34	177958.84	290125.56	277243.66	0	244492.52	250662.84	0	0	0	0	0	0	0	0	0
"sp|P33892|GCN1_YEAST"	"YEAST"	1108890.2	900609.6	1476901	1069162.4	1043222.94	1275050.1	774146.25	949451.44	920456.7	382315.62	0	178194.7	261320.17	0	165642.11	0	0	0
"sp|P34160|NCBP1_YEAST"	"YEAST"	0	75745.89	0	162502.14	0	0	0	0	0	0	0	0	0	0	0	0	0	0
"sp|P34167|IF4B_YEAST"	"YEAST"	126064.93	160561.95	195641.75	55075.91	100736.45	155394.81	99761.28	316727.22	306897.9	0	0	0	0	0	0	0	0	0
"sp|P34216|EDE1_YEAST"	"YEAST"	99557.34	0	50137.727	110879.62	0	83081.71	67642.77	0	0	0	0	0	0	0	0	0	0	0
"sp|P34222|PTH2_YEAST"	"YEAST"	215672.77	0	0	116519.05	0	150031.58	0	0	145932.95	0	0	0	164526.52	0	0	0	0	0
"sp|P34227|PRX1_YEAST"	"YEAST"	441724.06	366094.3	593578.2	342985.5	321179.88	287452.28	452857.94	341744.22	318285.06	88316.09	0	158338.39	148395.92	121218.28	172582.81	189683.66	217253.73	181362.22
"sp|P34730|BMH2_YEAST"	"YEAST"	381947.7	572359.1	597182.75	382246.25	521798.1	515540.34	401393.5	502605.44	579819.25	174318.23	302187.66	289445.97	170482.42	264693.38	312837.44	152681.69	327703.75	255100.34
"sp|P34760|TSA1_YEAST"	"YEAST"	23079672	24933168	25000660	22541968	22445460	21822196	22546430	24636838	22977660	11532376	12769722	13094345	12514769	12421368	12100304	11875090	12478475	12419273
"sp|P35176|CYPD_YEAST"	"YEAST"	0	0	0	0	0	0	0	0	0	0	0	0	0	0	0	0	0	0
"sp|P35179|SC61G_YEAST"	"YEAST"	320077.4	269248.66	329805.06	280883.7	271822.94	230354.83	305848.66	265966.25	212368.16	101869.76	0	167181.03	0	0	0	189017.16	0	0
"sp|P35180|TOM20_YEAST"	"YEAST"	234664.47	225421.1	273426.06	277022.5	254068.62	247033.45	229906.34	257789.92	240679.92	121998.02	119246.92	0	142933.67	93273.84	96506.23	107388.63	84566.97	0
"sp|P35691|TCTP_YEAST"	"YEAST"	3276509.2	3674838.5	3732439	3124171.5	3684011.5	3644458	3172068.8	3490077.5	3658147.8	1373335.6	1505241.6	1571478.6	1711942.1	1558368.8	1566885.8	1487911.2	1588830.6	2024034.5
"sp|P35719|MRP8_YEAST"	"YEAST"	855018.8	801501.3	930860.75	864090.94	871033.7	659944.6	1212360.4	974215.4	786863.6	234083.89	258885.31	216311.83	249702.81	292509.6	338480.1	227315.67	195879.55	168534.97
"sp|P35732|DEF1_YEAST"	"YEAST"	375129.2	302071.66	0	426803.94	407147.03	231155.72	373233.3	308052.34	0	332161.47	287127.62	281906.4	372167.44	291193.28	287746	319591.88	0	254661.73
"sp|P35844|KES1_YEAST"	"YEAST"	207138.28	112933.65	183296.69	158094.58	112811.484	172098.34	162893.97	97632.195	136481.31	0	0	83697.79	154020.58	0	58106.258	75719.12	91192.22	0
"sp|P35997|RS27A_YEAST"	"YEAST"	3561870	3708736	3505275.5	3213186	3382310.8	3518863.2	3240789.2	2982098.8	3242061.2	1565170	1819691.5	1629980.1	1582504.2	1518133.8	1539596.1	1462470.1	1576033	1496940.5
"sp|P36008|EF1G2_YEAST"	"YEAST"	4441422	4353710.5	5116638	3850010	5153075.5	4112583	4397620.5	4393301	4681967	2087029.6	2258258.5	2238255	2129991.8	2085149.6	1506417.8	1897733.4	1901759.6	2204386
"sp|P36010|NDK_YEAST"	"YEAST"	786839.9	821799.2	827594.5	652758.75	785830.1	716108.4	833046.94	671320.7	727290.6	287194.2	217321.52	218547.22	255316.06	304757.7	296544.47	271183.16	120949.086	0
"sp|P36013|MAOM_YEAST"	"YEAST"	0	0	125001.64	112099.49	0	0	0	0	0	0	0	0	0	0	0	0	0	0
"sp|P36015|YKT6_YEAST"	"YEAST"	131397.84	183472.33	0	103980.555	141935.81	187259.22	96587.88	122341.17	152418.16	87632.12	107991.164	112537.35	0	136116.02	0	0	0	0
"sp|P36017|VPS21_YEAST"	"YEAST"	0	0	0	0	0	0	0	0	0	0	0	0	0	0	0	0	0	0
"sp|P36018|YPT52_YEAST"	"YEAST"	0	0	0	0	0	0	0	0	0	0	0	0	0	0	0	0	0	0
"sp|P36047|SDS22_YEAST"	"YEAST"	446179.2	92173.89	352472.2	420260	92487.14	107595.5	106109.04	101787.21	94774.305	0	0	0	0	0	0	0	72568.09	0
"sp|P36060|MCR1_YEAST"	"YEAST"	497054.25	422967.44	366169.53	389162.3	360878.56	357527.1	415477.88	467562.38	362464.72	80532.67	0	72666.91	145745.98	62432.1	0	0	45301.383	73264.67
"sp|P36105|RL14A_YEAST"	"YEAST"	2230308.8	2865563.2	2901201.5	2136745.5	2759677.5	2614738.5	2380367.8	2702156.8	2396893.8	1136385	1169784.4	1236195.5	915792.75	1308636.6	1332409.6	1229375.8	1264844.8	1270138.1
"sp|P36136|SHB17_YEAST"	"YEAST"	160093.69	189123.72	205814.88	177330.14	205748.06	191518.66	145280.8	129387.67	180844.45	143896.78	0	0	0	0	0	0	0	0
"sp|P36139|PET10_YEAST"	"YEAST"	68614.04	0	0	76305.85	0	0	0	71912.94	0	0	0	0	0	0	0	0	0	0
"sp|P36160|RPF2_YEAST"	"YEAST"	0	0	0	0	0	0	0	0	0	0	0	0	0	0	0	0	0	0
"sp|P36421|SYYC_YEAST"	"YEAST"	1147933.9	1050441.9	1217883.1	1227470.5	1113128.8	888595.4	1008015.9	1355581	1258621.4	327620.5	413682.56	426706.7	351563.8	444055.7	499548.12	416430.75	497083.25	440274.38
"sp|P37012|PGM2_YEAST"	"YEAST"	5608548.5	6526769	6531545.5	5881821	5603480.5	6239487	5766540.5	5840021	5490201.5	1528716.2	2370327.8	1440700.2	1197201.2	1630354.6	1952908.2	1669399.6	1966369.4	1480774.4
"sp|P37291|GLYC_YEAST"	"YEAST"	11679308	12320012	12003328	10968618	12121895	11691623	11183141	11778465	11667292	4711780.5	5962838	5270081.5	5227605	5887379	5269392	5160753	5139512.5	5712995.5
"sp|P37292|GLYM_YEAST"	"YEAST"	190342.25	328991.47	256702.16	174708.94	531996.4	106726.875	231171.5	106393.93	107345.414	170431.44	118261.4	249555.03	153456.88	144942.7	176303.28	0	0	162781.39
"sp|P37302|APE3_YEAST"	"YEAST"	1071449.2	1453023	948109.5	899153.06	1087867.2	902275.06	874072.7	843112.44	1156011.8	438158.66	385277.84	350754.1	408081.06	321375.12	304610.66	401897.8	430324.28	312647
"sp|P37303|GLY1_YEAST"	"YEAST"	0	0	0	244567.42	0	0	253641.4	0	0	0	0	0	0	130570.5	139521.17	0	119558.95	0
"sp|P37898|AAP1_YEAST"	"YEAST"	0	0	0	0	0	0	0	0	0	0	0	0	0	0	0	0	0	0
"sp|P38009|PUR92_YEAST"	"YEAST"	9768370	10085210	10324858	9770345	9790299	9370476	8913882	9663001	9296571	4095950.8	4170044	4400211.5	4054981.2	4090200	3820988	4800294	3652694.8	4386176.5
"sp|P38011|GBLP_YEAST"	"YEAST"	7011365.5	7474592	7142888.5	6693584.5	7174865.5	6741375.5	6501110	7087801	6594860.5	3315518	3370125.2	3212599.2	3088481.5	3196570.5	3059602.2	3700478	3133641.8	3271497
"sp|P38013|AHP1_YEAST"	"YEAST"	24220550	26231268	26412352	23512606	26575066	24603074	24412744	24795828	25715852	11465118	13599555	12481917	12325316	12361002	11586966	12227534	12739752	12951366
"sp|P38061|RL32_YEAST"	"YEAST"	2635700.5	3443271.5	3386799.5	2705016.8	3160724.2	2866890.5	2439530.5	3035993	3036728.8	1261848.4	1454770.4	1468350.5	1174046.6	1538089.5	1625327.1	1616877.9	1428348.6	1559119
"sp|P38071|ETR1_YEAST"	"YEAST"	54721.207	0	81323.72	0	73266.34	0	0	93862.2	72073.81	0	0	0	0	0	0	0	0	0
"sp|P38075|PDX3_YEAST"	"YEAST"	0	0	0	0	0	0	0	0	0	0	0	0	0	0	0	0	0	0
"sp|P38079|YRO2_YEAST"	"YEAST"	0	0	0	208671.98	0	127001.21	0	0	157904.08	0	0	0	0	0	0	0	0	0
"sp|P38081|YBQ6_YEAST"	"YEAST"	0	0	0	0	0	0	0	0	0	0	0	0	0	0	0	0	0	0
"sp|P38088|SYG_YEAST"	"YEAST"	3700434.2	3931447.5	3854034.8	3523885	3677475.5	3689697	3826639.8	3365362.2	2841254.8	866859.56	971164.75	763100.25	890427.4	1030176.6	918570.9	683197.2	638156.44	549698.3
"sp|P38115|ARA1_YEAST"	"YEAST"	1039843.5	883742.6	1855563.5	810024	901409.5	932525.94	1096766.5	1136030.5	1761823.4	416550.72	441076.6	520648.44	537764.2	944873.5	227529.98	622460.06	939626.5	594588.4
"sp|P38143|GPX2_YEAST"	"YEAST"	0	188528.4	208509.02	0	128254.3	206989.16	0	220930.77	0	0	0	0	0	0	0	0	0	0
"sp|P38197|PLPHP_YEAST"	"YEAST"	249518.06	0	0	285665.97	187320.94	218108.33	96303.586	99473.03	0	89896.86	0	0	119530.98	0	0	0	0	0
"sp|P38199|HEK2_YEAST"	"YEAST"	0	0	0	0	0	0	0	0	0	0	0	0	0	0	0	0	0	0
"sp|P38203|LSM2_YEAST"	"YEAST"	0	0	0	0	0	0	0	0	0	0	0	0	0	0	0	0	0	0
"sp|P38219|OLA1_YEAST"	"YEAST"	2183641.2	2629661.2	2251212.8	2152761.2	1849412.4	2247934.5	2743262.5	1770052.9	1593613.1	828956.2	616702.4	712806.44	655216.94	711775.75	691417.7	853029.7	588840.25	684812.56
"sp|P38234|RFS1_YEAST"	"YEAST"	110863.52	89384.59	0	97795.81	97552.21	79682.11	129898.08	0	0	0	0	0	0	0	0	0	0	0
"sp|P38248|ECM33_YEAST"	"YEAST"	845861.4	1271030.4	1266176.4	938224.3	1047527.7	914063.1	858547.4	995631.06	876881.8	635966.6	778515.25	657672.3	482368.2	642271.3	688521.1	800480.25	719528.5	736330.9
"sp|P38249|EIF3A_YEAST"	"YEAST"	335443.84	319612.38	315231.62	352607.16	225673.61	234863.33	400759.06	296043.4	209379.58	0	53578.812	0	170720.28	0	64147.652	0	0	0
"sp|P38254|TTL_YEAST"	"YEAST"	0	0	0	0	0	0	0	0	0	0	0	0	0	0	0	0	0	0
"sp|P38264|PHO88_YEAST"	"YEAST"	375475.5	1120579.8	1291965.2	601994.75	974836.5	441255.4	1274438.5	825868.1	460926.3	585785.4	642111.94	141113.56	0	583399.9	120419.055	84944.73	83169	47821.516
"sp|P38286|MKAR_YEAST"	"YEAST"	0	0	0	0	0	0	0	0	0	0	0	0	0	0	0	0	0	0
"sp|P38325|OM14_YEAST"	"YEAST"	0	0	0	0	0	0	0	0	0	0	0	0	0	0	0	0	0	0
"sp|P38328|ARPC1_YEAST"	"YEAST"	0	0	0	0	0	0	0	0	0	0	0	0	0	0	0	0	0	0
"sp|P38333|ENP1_YEAST"	"YEAST"	229493.1	178871.45	0	298021.34	0	256348.14	150576.31	178127.89	293261	0	0	0	0	0	0	0	0	0
"sp|P38353|SSH1_YEAST"	"YEAST"	1093552.5	984258.44	789967.9	1138739.5	1125871.8	1105059.5	882905.75	1082790.5	1119237.9	713097.9	161261.89	146897.61	292382.2	153588.33	352758.75	460004.75	303875.38	378520.94
"sp|P38427|TSL1_YEAST"	"YEAST"	624029.1	398427.47	580896.9	390425.8	478441.25	576461.75	345325.12	499540.06	483988.12	97947.08	0	95319.41	113462.4	118713.5	0	0	0	0
"sp|P38431|IF5_YEAST"	"YEAST"	654485.94	921004.5	530749.3	369233.44	775448.44	413588.56	599455.6	564706.1	654715.4	0	0	0	0	0	0	0	0	0
"sp|P38523|GRPE_YEAST"	"YEAST"	720800.25	590565.2	452647.38	397604.3	442360.34	576150.2	434091.56	431170.8	264509.66	183705.34	73073.164	0	88851.195	154352.03	44545.18	0	188222.66	89101.27
"sp|P38555|YPT31_YEAST"	"YEAST"	0	124767.266	122270.08	80479.375	125004.65	99877	0	104010.375	90669.86	0	0	0	0	0	0	0	0	0
"sp|P38616|YGP1_YEAST"	"YEAST"	836437.4	943396.5	1184068.8	899211.1	949359.4	859098.94	985299.9	1040639.25	866978.7	408793.12	416773.25	477971.8	422806.25	491255.7	458455.47	434040.47	400560.84	409926.8
"sp|P38624|PSB1_YEAST"	"YEAST"	91456.05	139956.31	127870.93	99327.836	194513.28	0	90656.5	175693.75	125836.91	0	0	0	0	0	0	0	0	0
"sp|P38625|GUAA_YEAST"	"YEAST"	808490.25	897124	1024235.56	793673.9	1060312.4	865823.2	826429.1	837162.7	713279.5	0	0	360197.34	0	273087.8	231070.25	178713.02	208136.03	393367.44
"sp|P38626|NCB5R_YEAST"	"YEAST"	177026.6	128571.58	0	0	0	155876.28	200730.28	108015.61	94579.945	0	0	0	0	0	116992.766	0	0	0
"sp|P38627|URA8_YEAST"	"YEAST"	0	72621.28	0	0	0	0	58031.2	58737.844	59303.73	0	0	0	0	0	0	0	0	37262.336
"sp|P38631|FKS1_YEAST"	"YEAST"	0	0	0	0	0	0	0	0	0	0	0	0	0	0	0	0	0	0
"sp|P38636|ATX1_YEAST"	"YEAST"	227933.33	177799.66	157726.61	180585.77	154926.08	0	220000.4	201959.81	169928.17	0	0	0	0	0	0	0	0	0
"sp|P38689|KPR3_YEAST"	"YEAST"	0	0	0	0	0	0	0	0	0	0	0	0	0	0	0	0	0	0
"sp|P38701|RS20_YEAST"	"YEAST"	4039041.5	4357112.5	4278515	3471781	4820989	4375213	3569728.5	4306410.5	4704455	806507	1262751.2	1180914.2	830734.25	1122538.8	1100491.8	1118002.5	1122216	1249673.2
"sp|P38707|SYNC_YEAST"	"YEAST"	2090051.6	1826085.9	2320315.2	1926430.8	1352492	1553586.5	1340805.4	1913461.4	1413238	724196.1	743341.7	433163.94	426617	255533.33	604023.6	0	288154.22	105360.85
"sp|P38708|YHI0_YEAST"	"YEAST"	2331849	1093187	1450608.9	1467331.5	1008507.44	1731654.2	1356966.2	913691	894513.4	345275	395571.47	379600.84	643747.25	437715.88	118018.98	363546.25	376845.6	387524.62
"sp|P38715|GRE3_YEAST"	"YEAST"	1139487.1	1254498.8	1027336.4	992652.6	1003120	1067664.5	566886.3	661111.56	1033010.1	416828.44	342231.3	164786.02	169661.3	391621.25	461182.4	335793.28	233240.4	327045.16
"sp|P38720|6PGD1_YEAST"	"YEAST"	7126870.5	9065727	8741171	6810703.5	8002920	7642097	6832872.5	7773364.5	7869838.5	2859743.8	4008530.5	3790250	2912593.2	3552440.2	3333934	3563590.8	3666412.2	3780422.8
"sp|P38737|ECM29_YEAST"	"YEAST"	57904.457	57682.293	0	63012.406	0	59628.062	0	49706.016	42636.81	0	0	0	0	0	0	0	0	0
"sp|P38755|OSH7_YEAST"	"YEAST"	123086.18	135785.23	166947.98	114436.25	98610.336	117905.6	136761.61	151262.14	99990.52	0	0	61997.617	0	0	0	0	0	0
"sp|P38764|RPN1_YEAST"	"YEAST"	653335.1	625642	490932.88	1151626.8	744695.9	736673.9	506983.8	728075.4	698955.25	147294.78	0	138087.19	220521.25	0	0	130536.56	0	151611.17
"sp|P38788|SSZ1_YEAST"	"YEAST"	4183307.5	5030428.5	5340198	5429850.5	5152237.5	5023448	5344319.5	5820750.5	5708172	2169719.5	1778375.9	2173787.5	1980391.6	2426216.2	2280715.2	2294030.8	2297017.5	2653928.8
"sp|P38791|DHYS_YEAST"	"YEAST"	1259719.4	883818.2	1232264.4	925750.06	1161838.2	1082061.1	844963.5	1044484.8	849855.1	151849.89	127332.72	145518.98	374646.5	189898.28	163803.28	244881.25	253212.28	155171.03
"sp|P38804|SDO1L_YEAST"	"YEAST"	356770.03	292583.8	444542.1	379039.1	358730.66	427949.62	295483	314369.88	150189.97	220192.66	154674.88	165395.34	240879.69	246556.5	127100.79	208626.73	0	183179.2
"sp|P38817|GGA2_YEAST"	"YEAST"	30347.98	0	0	29772.023	0	40608.37	35101.08	33026.004	25161.344	0	0	0	0	0	0	0	0	0
"sp|P38828|LSM12_YEAST"	"YEAST"	0	0	0	0	0	0	0	0	0	0	0	0	0	0	0	0	0	0
"sp|P38836|ECM14_YEAST"	"YEAST"	123515.93	121183.95	118923.33	151569.28	122248.84	129645.23	125104.34	133483.34	134186.66	0	0	0	76870.516	61591.125	58875.477	0	0	85019.37
"sp|P38841|YHT8_YEAST"	"YEAST"	0	0	0	0	0	0	0	0	0	0	0	0	0	0	0	0	0	0
"sp|P38845|CRP1_YEAST"	"YEAST"	0	233612.3	0	144959	105164.11	0	0	146399.9	0	0	0	0	0	0	0	0	0	0
"sp|P38858|SOL3_YEAST"	"YEAST"	35058.855	0	136941.8	46932.12	54461.875	71036.23	52257.305	0	49124.32	0	0	0	0	0	0	0	0	0
"sp|P38861|NMD3_YEAST"	"YEAST"	0	0	0	0	0	0	0	0	0	0	0	0	0	0	0	0	0	0
"sp|P38879|NACA_YEAST"	"YEAST"	1165903.8	1356218.5	1251049.8	1484431.2	1438449.1	1445995.6	865124.4	1501043.1	1529835.6	431342.1	298141	223818.7	241594.75	197461.84	129326.914	139622.38	124407.11	323638.5
"sp|P38910|CH10_YEAST"	"YEAST"	2518841	2733107.2	2362360.5	2556856	2416082.8	2432381	2475918	2327951	2323417.8	1340751	1438444.6	1152399.9	1386216.5	1427973.1	1260202.2	1329338.8	1264544.1	1252090.8
"sp|P38911|FKBP3_YEAST"	"YEAST"	536701.7	671740.9	436698.78	399547.97	587038.94	431002.34	688575.4	418766	409378	100828.82	0	0	70425	0	0	59140.215	0	0
"sp|P38912|IF1A_YEAST"	"YEAST"	0	49706.81	0	74092.016	78752.43	78807.914	91608.46	66681.47	0	0	0	0	63364.496	0	0	0	0	0
"sp|P38934|BFR1_YEAST"	"YEAST"	1635053.4	1890624	1575375.4	1448610.1	1755627.2	1677465.4	1575587.4	1185657.5	1552283.8	732133.5	322619.9	278098.8	569417.44	449889.47	492036.5	432288.03	518032	434858.9
"sp|P38968|SEC31_YEAST"	"YEAST"	220797.06	121514.28	137035.72	217712.28	167420.86	139479.56	152355.73	189288.88	115245.24	74487.06	70595.64	63194.535	121681.1	46539.52	48910.074	0	64970.938	68097.38
"sp|P38972|PUR4_YEAST"	"YEAST"	2983281.8	3386283.5	3587060	2749540.2	3289295.8	3092379.5	2610951	3129601.2	3205546.8	1107578.8	1013761.4	1574836	1075889	1222094.9	825709.1	1847429.5	874585.7	1619824.9
"sp|P38999|LYS9_YEAST"	"YEAST"	0	0	0	0	0	0	0	0	0	0	0	0	0	0	0	0	0	0
"sp|P39003|HXT6_YEAST"	"YEAST"	134161.66	222873.94	359006.7	154760.95	191690.75	374199.56	104664.6	267238.34	305932.12	49666.01	104666	64683.66	0	0	0	0	0	0
"sp|P39004|HXT7_YEAST"	"YEAST"	4887971.5	6163220.5	5720647.5	4970447.5	5858834	5391414	4878506	5327605	5985708.5	2359585.5	2786837.2	2839954.5	2289883.8	2807960.8	2833688.8	2503402.5	2988358.5	2756220.5
"sp|P39015|STM1_YEAST"	"YEAST"	4712105	5111705.5	4925375	4936647	5248871	4995598	4782356	4578661	5205471	2321020	2224350	2520116.8	2277413.8	2532265.8	2459533.8	1996203	2335288	2559052.2
"sp|P39076|TCPB_YEAST"	"YEAST"	145558.42	140439.56	173718	200306	138702.84	162167.56	146527.62	146734.8	120956.62	81916.31	88926.64	0	109918.375	83949.875	86171.42	71308.81	60983.168	0
"sp|P39077|TCPG_YEAST"	"YEAST"	212587.92	1065431	238308.36	203453.3	276871.38	284934.62	204131.95	188298.44	168010.7	0	0	0	0	1060385.8	0	0	122552.5	108296.34
"sp|P39078|TCPD_YEAST"	"YEAST"	127994.26	104645.25	0	0	0	0	136573.45	0	0	140285.56	0	0	152417.5	96079.35	0	110728.83	0	0
"sp|P39079|TCPZ_YEAST"	"YEAST"	0	0	0	137182.39	170835.83	151896.22	163333.3	0	0	0	0	0	0	0	0	0	0	0
"sp|P39111|VATF_YEAST"	"YEAST"	791085.9	800260	567080.5	874021.5	711855.7	566756.3	895916.44	667293.7	805466.9	583914.25	288213.47	0	422331.7	323619.72	0	268440.9	479933.38	352449.97
"sp|P39516|RS14B_YEAST"	"YEAST"	2786514.2	3696004.5	3720021.5	2753557	3699749	3643814.5	2235772.8	3290943.5	2754681.5	1217472.1	1556506.2	1445219.4	1079388.6	1692951.1	1676773	1499483.1	1504043.6	1622687.4
"sp|P39517|DHH1_YEAST"	"YEAST"	0	229189.1	0	0	0	147798.81	0	0	0	0	0	0	0	0	0	0	0	0
"sp|P39522|ILV3_YEAST"	"YEAST"	0	676626.2	632971.06	0	0	572512.2	0	727186.5	622355	0	0	0	0	0	0	0	0	0
"sp|P39676|FHP_YEAST"	"YEAST"	3242138.2	2976321.2	3316201.2	3196653	3094386.2	2648753.5	3219368.8	2731542	3255703	858928.94	774232.4	919966.4	807937.44	772932.25	489192.34	604804.56	935311.94	641023.2
"sp|P39714|BDH1_YEAST"	"YEAST"	343056.4	396887.56	506093.62	331770	264962.38	373167.38	334484.25	227321.39	402609.84	0	261534.84	190385.28	55053.66	121300.12	159327.12	179096.62	194310.27	169399.67
"sp|P39730|IF2P_YEAST"	"YEAST"	475210.22	566438.1	429947.7	348527.94	432314.28	523000.75	235120.38	918125	369486.6	173499.48	273633.16	0	231534.77	200298.89	418474.8	122979.164	178110.78	425842
"sp|P39743|RV167_YEAST"	"YEAST"	0	0	0	0	0	0	0	0	0	0	0	0	0	0	0	0	0	0
"sp|P39926|SSO2_YEAST"	"YEAST"	0	101385.5	0	0	126872.86	0	0	0	0	0	0	0	0	0	0	0	0	0
"sp|P39931|SS120_YEAST"	"YEAST"	216867.7	149046.69	196169.45	227520.5	169636.88	202149.97	218747.94	0	167462.78	90452.51	0	0	116243.87	0	0	0	0	0
"sp|P39935|IF4F1_YEAST"	"YEAST"	117185.01	94907.945	155187.38	152585.42	110884.71	118657.93	0	118881.93	0	53979.375	0	0	0	0	0	0	0	0
"sp|P39938|RS26A_YEAST"	"YEAST"	2170686	2052442.2	1851052.5	1875026	2373290.2	1904374.8	1971226.2	1846464.9	1882009.4	1073867.6	1051986.2	946979.7	1118254	1048128.06	1069585.1	1085235.4	1095757.4	1061210.5
"sp|P39940|RSP5_YEAST"	"YEAST"	0	1163051.8	0	0	0	0	0	0	1249192.9	1457995.4	1390135	1401265.9	1718041.4	1627001.1	1800944.5	1797717.9	1601363.9	1715589
"sp|P39954|SAHH_YEAST"	"YEAST"	3721175	3900038.2	3932022.2	3560991	4057409	3985986	3555817.5	3746642	4006646.5	1505310.8	1438109.2	1376648.1	1311967.8	1463053.1	1367745.8	1597957.6	1473704.8	1556259
"sp|P39958|GDI1_YEAST"	"YEAST"	1605830.6	1318823.6	1386580.9	2012784.4	1165263.5	1343388	1804524.2	1822928	1616721.5	680518.44	658518.9	696522	632991.3	676608.7	654910.94	688619.94	576081.3	657894.06
"sp|P39966|PP2C2_YEAST"	"YEAST"	118829.45	136920.72	111690.46	124815.36	113301.79	119193.445	109464.86	111773.14	102063.72	0	0	0	0	0	0	0	0	0
"sp|P39976|DLD3_YEAST"	"YEAST"	1080774.6	946395.1	437237.5	928634.44	758217.25	793089.75	955625.06	821147.44	721679.25	323049.3	194459.7	0	427217.7	0	0	0	0	210601.17
"sp|P39986|SPF1_YEAST"	"YEAST"	108754.766	91984.51	228728.53	226985.86	103826.625	85018.86	102889.81	87251.18	82964.93	0	0	0	49459.01	0	36902.797	0	44432.65	0
"sp|P39990|SNU13_YEAST"	"YEAST"	263638.2	252240.16	205609.77	317550.62	237496.42	160407.48	236533.84	66816.37	238579.39	0	168941.7	0	177645.9	0	0	107318.93	0	0
"sp|P40008|FMP52_YEAST"	"YEAST"	0	0	89471.44	0	157392.56	0	0	106169.85	0	0	0	0	0	0	0	0	0	0
"sp|P40010|NUG1_YEAST"	"YEAST"	102405.65	94722.98	68711.46	68259.85	82156.46	63390.656	97492.76	82802.46	92457.7	0	0	0	0	0	0	0	54067.45	0
"sp|P40016|RPN3_YEAST"	"YEAST"	0	0	0	0	0	0	0	0	0	0	0	0	0	0	0	0	0	0
"sp|P40018|RSMB_YEAST"	"YEAST"	222888.03	267221.7	282895.22	238500.45	294915.2	284287.28	211310.28	269611.1	264675.9	138769.88	0	0	0	0	152838.83	0	147684.22	160140.89
"sp|P40024|ARB1_YEAST"	"YEAST"	338131	328996.62	460590.25	469938.25	215482.53	412213.97	429717.44	314191.06	0	189503.9	197882.17	0	121814.61	100204.336	0	0	223551.66	0
"sp|P40029|MSRA_YEAST"	"YEAST"	0	81371.914	0	0	0	0	0	0	0	0	0	0	0	0	0	0	0	82766.24
"sp|P40030|ERG28_YEAST"	"YEAST"	228318.88	0	47994.28	0	168624.56	0	33247.54	0	0	0	0	0	0	0	0	0	0	0
"sp|P40037|HMF1_YEAST"	"YEAST"	488586.78	486331.62	566556.2	446956.2	362052.94	446320.94	395444.8	481606	382139.4	181763.44	161776.5	274572.6	181192.23	133725.78	63335.895	0	179678.56	314095.2
"sp|P40040|THO1_YEAST"	"YEAST"	134389.66	0	209563.28	98937.734	179682.9	150822.61	0	180970.16	165427.2	0	0	0	0	0	0	123423.84	0	155204.97
"sp|P40043|RGI1_YEAST"	"YEAST"	464052.56	235350.38	251513.47	361062.06	281883.22	70248.516	425538.7	309628.6	66494.914	0	0	0	0	40703.305	43282.93	0	48068.395	0
"sp|P40054|SERA_YEAST"	"YEAST"	288885.44	300646.03	559790.1	300723.12	324840.56	397076.94	395710.78	339272.8	353973.3	104682.305	143985	0	120181.086	0	130054.64	0	144890.02	0
"sp|P40069|IMB4_YEAST"	"YEAST"	2065214.2	1608918.2	1474486.5	1399317.9	1594156	1246520.9	1349165.6	1313957	1858820	271495.94	438636.03	388805.3	317087.16	271091.03	347088.28	252321.78	281257.06	263701.3
"sp|P40075|SCS2_YEAST"	"YEAST"	428055.4	432594.5	656270.1	453253.5	516212.88	410728.06	483050.47	407660.8	384971.7	225860.45	163688.69	122857.88	260801.03	143306.86	133681.16	168257.86	153686.83	156413.64
"sp|P40089|LSM5_YEAST"	"YEAST"	93330.61	0	111372.53	66507.43	0	0	89806.195	0	0	0	0	0	0	0	0	0	0	0
"sp|P40093|YEY6_YEAST"	"YEAST"	0	0	0	0	0	0	47689.53	0	0	0	0	0	0	0	0	0	0	0
"sp|P40106|GPP2_YEAST"	"YEAST"	0	109804.336	72539.12	87802.484	0	0	0	74986.16	121735.445	0	0	0	0	0	0	0	0	0
"sp|P40150|SSB2_YEAST"	"YEAST"	1248945.8	1198594.2	914506.6	1264288.8	1159428.2	1059748.1	1219398.4	1031008.56	738236.8	822552	716528.56	604981.3	538147.7	705823.44	538245.56	800713.2	481367.47	664812
"sp|P40159|YNU8_YEAST"	"YEAST"	82472.56	0	0	0	0	0	0	0	0	0	0	0	0	0	0	0	0	0
"sp|P40185|MMF1_YEAST"	"YEAST"	3099904.8	3566460.5	3003206	3019329	3274249.2	2925907.2	2817520.5	2630795	3031665.8	1504050.5	1486565.9	1558585.8	1458354	1521401.9	1360597.2	1562181.8	1163219	1410992.1
"sp|P40202|CCS1_YEAST"	"YEAST"	144336.75	85226.13	0	176395.27	0	0	118643.12	0	0	0	0	0	48439.87	0	0	0	0	0
"sp|P40212|RL13B_YEAST"	"YEAST"	3393331.2	4259651	4494695	3105707.8	4206272.5	4012289.2	3471020	3967212.5	4011306.5	1492063.9	1548531.8	1764173.5	1232205.2	1856261.2	1878515.5	1566007.6	1864307.8	1850012.5
"sp|P40215|NDH1_YEAST"	"YEAST"	114255.5	115982.09	111075.86	94192.29	118085.45	105085.875	109649.99	113565.32	115108.36	57167.758	0	0	0	0	0	0	0	55184.934
"sp|P40217|EIF3I_YEAST"	"YEAST"	0	0	0	40615.93	44040.656	0	0	0	58536.324	0	0	0	0	0	0	0	0	0
"sp|P40302|PSA6_YEAST"	"YEAST"	628561.94	532204.1	198138.31	410174.66	394415.34	367386.44	274380.2	481472.22	628749.9	0	0	0	0	0	0	0	0	0
"sp|P40303|PSA4_YEAST"	"YEAST"	0	202189.39	186609.5	205383.1	0	151777.97	0	128542.35	0	0	127198.46	0	0	0	0	0	0	0
"sp|P40327|PRS4_YEAST"	"YEAST"	0	0	0	0	0	0	0	0	0	0	0	0	0	0	0	0	0	0
"sp|P40413|TCPE_YEAST"	"YEAST"	0	72339.875	85350.45	78137.85	0	71745.164	0	86882.914	0	0	0	0	0	0	0	0	0	0
"sp|P40473|POG1_YEAST"	"YEAST"	0	0	0	0	0	0	0	0	0	0	0	0	0	0	0	0	0	0
"sp|P40482|SEC24_YEAST"	"YEAST"	0	201674.06	212607.12	65635.04	89388.39	84475.53	161960.77	94438.21	183685.6	0	0	0	53923.86	0	0	0	0	0
"sp|P40495|LYS12_YEAST"	"YEAST"	447399.94	453816.9	748923.7	274036.56	228626.45	264593.5	658881.6	282099.06	357959.72	209519.86	0	138234.12	139642.44	203320.34	215250.81	294156.44	227306.97	0
"sp|P40509|COPE_YEAST"	"YEAST"	0	0	0	100224.94	0	0	55128.848	90189.95	80923.15	0	0	0	0	0	0	0	0	0
"sp|P40513|MAM33_YEAST"	"YEAST"	455268.66	0	447404.06	447231.75	598101.06	534153.06	354743.34	371380.25	528402.8	0	292602.44	320779.6	0	251120.5	0	295048.28	0	0
"sp|P40518|ARPC5_YEAST"	"YEAST"	0	147970.44	174609.84	207676.42	185298.75	164583.6	156930.52	156919.3	166690.8	0	0	0	0	0	0	0	0	0
"sp|P40525|RL34B_YEAST"	"YEAST"	596095.1	726647.9	627481.25	492688.28	713726.56	591731.75	555077.06	541170.8	534859.5	270087.72	311122.25	295430.97	272819.88	0	304637.84	368408.97	0	0
"sp|P40531|GVP36_YEAST"	"YEAST"	447071.47	410681.7	550680	440051.75	693287.5	608939.3	339365.53	523725.56	241549.4	135700.44	131007.17	61468.43	0	51275.836	0	103434.03	0	0
"sp|P40581|GPX3_YEAST"	"YEAST"	1182321.1	887489.4	1286831.2	847850.1	817337.1	826274.44	989574.4	781790.8	949647.06	472228.25	0	191060.56	415402.28	0	141524.45	194784.2	161090.1	173234.48
"sp|P40825|SYA_YEAST"	"YEAST"	1076995.5	938917.6	840322.4	673633.7	685381.6	626299.6	701217.6	876204.6	591657.9	183157	407945.8	159220.58	208226.98	179807.38	344350.88	195850.2	223175.31	179301.33
"sp|P40893|REE1_YEAST"	"YEAST"	51432.5	625378.6	61508.793	0	0	782500.06	39454.164	71943.38	693107	0	0	0	0	0	0	0	0	0
"sp|P40961|PHB1_YEAST"	"YEAST"	56041.58	59967.902	49924.453	64594.59	49146.977	59551.875	53917.21	0	61032.402	0	0	0	33427.824	0	0	0	0	0
"sp|P41056|RL33B_YEAST"	"YEAST"	598798.1	591008.44	554264.94	591740.5	621511.4	447157.4	635046.6	565014	506490.97	307326.88	326792.5	260705.7	370719.2	354455.38	313510.22	350224.12	295995.34	319308.47
"sp|P41057|RS29A_YEAST"	"YEAST"	358593.2	487728.84	488662.12	358558.94	482157.53	484383.12	635769.75	508832.5	518738.8	360189	208207.66	424919.03	195804.14	253996.33	441773.78	421621.5	286004.78	450046.62
"sp|P41058|RS29B_YEAST"	"YEAST"	1044596.9	805124.1	1174657.6	748305.56	1116287.4	876989	812261.9	823730.3	988436.94	330242.7	442393.12	309237.84	358328.38	484297.12	407765.7	385182	319249.7	364556.5
"sp|P41277|GPP1_YEAST"	"YEAST"	6050281.5	6412819.5	6287642.5	5685259.5	5731871.5	5863537.5	5482042.5	5609371.5	6011626.5	2865455	2520640.8	2771924.5	2526978.8	2727220.8	2378574.5	2892843	2864813	2684856.5
"sp|P41338|ERG10_YEAST"	"YEAST"	1210455.1	1935381	1660455.6	1357816.8	1317815.4	1163444.4	1581593.2	1326926.1	1442624.6	606343.6	950554.8	594298.5	420143.56	547729.7	394275.12	308939.8	376335.94	371243.84
"sp|P41805|RL10_YEAST"	"YEAST"	4201041	4672575	4863291	4201277.5	4610787.5	4157993.5	4118177.8	4339058	4497163.5	2219570	2420426.5	2608023.2	2270095	2321926.8	2547964.2	2204447	2510335	2594198.2
"sp|P41807|VATH_YEAST"	"YEAST"	1428705.4	1368170	1321504.9	1485753.1	1798052.5	1631260.6	1455684.1	1540760.4	1412776.1	326981.28	267400.94	588224.9	701099.3	533828.75	328334.25	208313.22	420960.38	306879.9
"sp|P41810|COPB_YEAST"	"YEAST"	362285.84	355484.78	505100.22	0	336999.44	402298.25	232839.86	278240.53	345653.56	0	300110.62	275970.12	0	0	0	269314.44	0	249065.86
"sp|P41811|COPB2_YEAST"	"YEAST"	71586.14	0	110635.21	81073.62	101299.2	69542.695	83537.62	104672.49	47840.785	0	0	0	0	0	0	0	0	0
"sp|P41818|GLC8_YEAST"	"YEAST"	0	0	0	0	0	0	0	0	0	0	0	0	0	0	0	0	0	0
"sp|P41911|GPD2_YEAST"	"YEAST"	158938.7	90667.06	170613.3	0	155554.86	150048.17	154292.34	0	128657.58	0	0	78187.7	0	0	0	51942.344	0	0
"sp|P41920|YRB1_YEAST"	"YEAST"	366959.5	420281.2	354098.8	252709.42	379878.97	294774.5	237135.61	341531.44	336045.2	125584.04	0	0	0	0	98906.74	0	0	0
"sp|P41921|GSHR_YEAST"	"YEAST"	837242.5	671594.5	790902.06	813388.8	723883.5	390308.88	611197	515366.88	467708.88	0	0	80963	0	71852.484	91946.36	0	75733	0
"sp|P41940|MPG1_YEAST"	"YEAST"	11980799	11830535	11384584	11158217	11700423	11024163	11883760	10929083	11133892	5639938	5367626	4833542	5593382	5071403	5207519	5468176.5	5277585	5261312
"sp|P42940|ETFB_YEAST"	"YEAST"	335918.6	448193.7	0	327888.88	0	0	342527.06	289336.38	456363.9	243696.27	255803.47	255928.62	247752.78	279713.03	309465.34	296891.03	291817.94	298056.97
"sp|P42943|TCPH_YEAST"	"YEAST"	513783.44	226376.89	246109.78	242862.5	262507.84	507328.56	35511.836	183191.47	50699.367	0	0	44111.195	0	150953.67	0	47650.926	67450.02	68812.8
"sp|P43123|UAP1_YEAST"	"YEAST"	0	0	0	0	0	0	0	0	0	0	0	0	0	0	0	0	0	0
"sp|P43585|VTC2_YEAST"	"YEAST"	92341.516	86621.17	0	46040.16	0	55484.883	0	0	0	0	0	0	0	0	0	0	0	0
"sp|P43588|RPN11_YEAST"	"YEAST"	221526.61	251458.61	205183.98	217482.31	226807.33	234465.2	224710.73	199405.84	200455.6	100582.24	106402.1	119292.23	0	119318.32	87337.07	0	99394.4	98062.59
"sp|P43593|UBP6_YEAST"	"YEAST"	225780.94	147725.19	146006.88	143254.94	152662.75	148085.45	150418.66	139156.98	132201.31	59673.086	65647.24	63385.445	73852.46	78023.734	62725.617	62713.03	59376.98	68474.266
"sp|P43603|LSB3_YEAST"	"YEAST"	73505.65	0	54813.63	65468.98	68099.586	0	66483.14	58246.418	40771.324	0	0	0	0	0	0	0	0	0
"sp|P43609|RSC8_YEAST"	"YEAST"	0	53523.953	0	0	0	114962.41	0	0	0	0	0	0	0	0	0	0	0	0
"sp|P43616|DUG1_YEAST"	"YEAST"	2439282	2653968.2	2071696.5	2477248	1685838.9	2782387	2633010.8	2442735	1788934.8	882541.25	616786	1242736.5	1090060.1	719046.4	656442.7	1239469.8	1338054.5	708195
"sp|P43621|COPD_YEAST"	"YEAST"	0	93879	0	0	0	50893.152	0	47931.56	0	0	0	0	0	0	0	0	0	0
"sp|P46367|ALDH4_YEAST"	"YEAST"	4271197	3424157.2	4573523	3274166.2	3912394	4259888	3676439.8	3942848.8	4014003.2	1725551.8	1548968.5	1409601	1767254.4	1221171.6	1712408.9	1560650.1	1409243.6	1127557.1
"sp|P46655|SYEC_YEAST"	"YEAST"	4268796.5	4650079.5	4607177	4211456.5	4553040.5	4206410.5	4313143	4249764.5	4403901.5	1585925.1	1885823.2	1497843.6	1516221.6	2170019	2123455.2	2012552	2223125.8	1648530.6
"sp|P46672|ARC1_YEAST"	"YEAST"	1361011.4	1151360.8	1202919	1307562.6	1134418.6	966098.9	1250925.9	1031977.1	1237132.1	528430	583373.2	376927.9	427565.66	356959.94	211317.75	262706.1	377549.1	541541
"sp|P46673|NUP85_YEAST"	"YEAST"	0	0	0	0	0	0	0	0	0	0	0	0	0	0	0	0	0	0
"sp|P46680|AIP1_YEAST"	"YEAST"	0	235417.17	187422.69	129158.43	202899.78	178307.67	0	150340.06	189413.02	68683.96	0	0	0	172069.84	0	0	0	0
"sp|P46683|YAR1_YEAST"	"YEAST"	0	0	0	0	0	0	0	0	0	0	0	0	0	0	0	0	0	0
"sp|P46784|RS10B_YEAST"	"YEAST"	2038938.1	2148999	1954751.8	1970187.1	2027639	2623240	1950442.9	1961318.4	2161036.2	1065027.2	1087622	1189726.6	1032216.4	1311858.9	1063200.8	1066092.4	1059194.5	1122000.6
"sp|P46956|PHO86_YEAST"	"YEAST"	322196.47	0	441025.12	113964.37	233798.88	0	202939.03	272016.1	0	0	0	0	0	0	0	0	0	0
"sp|P46969|RPE_YEAST"	"YEAST"	0	0	0	103634.65	0	0	108326.31	0	0	0	0	0	0	0	0	0	0	0
"sp|P46990|RL17B_YEAST"	"YEAST"	176186.56	484076.1	537250.9	356848.84	435550.03	403706.53	322127.2	371279.78	538455.94	81558.62	101610.8	101410.9	66052.71	87866.11	78417.74	100814.38	109366.31	200409.03
"sp|P47031|IML2_YEAST"	"YEAST"	0	0	0	0	0	0	0	0	0	0	0	0	0	0	0	0	0	0
"sp|P47037|SMC3_YEAST"	"YEAST"	380452.75	362503.6	281554.75	340645.84	322579.3	220128.88	280704.22	0	0	0	0	0	0	0	0	0	0	0
"sp|P47044|YJF5_YEAST"	"YEAST"	0	0	0	0	0	0	0	0	0	0	0	0	0	0	0	0	0	0
"sp|P47068|BBC1_YEAST"	"YEAST"	185471.56	256632.84	253646.27	0	242676.83	242501.92	0	234470.33	245187.34	0	0	0	0	0	0	0	99008.055	0
"sp|P47075|VTC4_YEAST"	"YEAST"	891449.4	1154410.6	947607.6	831678.7	374712.25	799138.75	576863.2	631840	587830.75	83894.96	52074.84	79760.875	191012.47	102796.766	172750.2	114938.51	132835.66	122464
"sp|P47079|TCPQ_YEAST"	"YEAST"	674908.6	587319.06	389424.1	560982.3	447181.2	432902.16	587584.5	388667.56	608722.9	160259.81	0	0	177909.88	0	0	0	146140.9	119934.51
"sp|P47117|ARP3_YEAST"	"YEAST"	171004.38	134761.25	147931.58	155609.3	0	169967.61	206003.89	139520.89	134636.39	0	0	0	78030.78	0	0	0	0	0
"sp|P47120|DOHH_YEAST"	"YEAST"	0	598564.3	629964.5	0	537003.56	221314.9	0	595110.5	448368.34	0	0	0	0	0	0	0	0	0
"sp|P47143|ADK_YEAST"	"YEAST"	2164664	2402216.2	1821058.2	2230426.2	1849706.8	1893216	2226551.5	1932194.6	2249497.5	1033378.9	1003948.56	1124125	1140841.4	1156149.1	1113885	824207.8	1211168.6	1023155.75
"sp|P47160|ENT3_YEAST"	"YEAST"	168065.69	54583.9	87171.33	96289.055	83820.03	81170.875	115310.87	88240.61	85280.29	0	0	0	0	0	0	0	0	0
"sp|P47176|BCA2_YEAST"	"YEAST"	1435519.1	1460800	1496780.2	1334466.8	1565365.6	1323199.8	1354288.2	1347871.8	1194631.9	781968	493768.6	650000.5	957621.7	709374.75	585783.06	718240.9	461018.4	605368.8
"sp|P47912|LCF4_YEAST"	"YEAST"	424513.9	401145.75	373859.2	347560.7	0	380382.62	319901.56	350097.06	339815.84	0	280463.1	218953.33	392300.47	245466.31	0	273540.34	263130.72	0
"sp|P48015|GCST_YEAST"	"YEAST"	84325.734	0	121652.805	68803.28	116196.38	128526.23	0	121445.48	110276.29	0	0	0	0	0	0	0	95622.65	0
"sp|P48164|RS7B_YEAST"	"YEAST"	3337303.5	3262654.8	3437587.5	2873592.5	2819305	3111538.5	3056596.2	3086004.5	2955815.8	1677183.2	1425628	1413346.8	1618256	1457877	1462494	1420897	896164.2	1602959.9
"sp|P48510|DSK2_YEAST"	"YEAST"	59992.656	0	0	0	0	0	49129.594	74979.88	0	0	0	165282.78	0	201630.34	0	0	0	138240.44
"sp|P48570|HOSC_YEAST"	"YEAST"	896187.3	1128285.6	1821562.2	1415710.2	1002424.9	1547647.2	1494096.4	1216316.1	1413645	420791.5	265513.4	277398.84	463692.2	398907.38	234464.81	364275.66	473687.88	163836.61
"sp|P48589|RS12_YEAST"	"YEAST"	3478311	3790391	3525655	3325956.5	3743860.8	3330395	3346120.2	3235535.8	3336907.8	1524290.9	1856132.4	1731402.5	1604268.4	1721153.1	1573837.4	1931981	1602863.8	1661557.5
"sp|P48836|VATG_YEAST"	"YEAST"	555959.4	703485.7	647524.1	615616.94	763906.5	869397.56	150448.19	640695.3	551632.9	300763.03	226772.22	272399.22	271377.47	342934.9	349330	417457.06	346102.88	382185.5
"sp|P49089|ASNS1_YEAST"	"YEAST"	903702.5	1017572.5	1447610.6	691525.1	931380.4	992197.7	838701.75	1266645.5	824264.5	78058.766	0	564870.75	360745.66	0	230898.19	119355.31	269065.53	0
"sp|P49090|ASNS2_YEAST"	"YEAST"	2816688	2422794	2944886.2	2418223	2417073	2452241	2659137	2486732.8	2075639.4	753593.8	373018.6	1167235.6	559462.25	658589.2	558985.2	1201339.5	1160944.8	518076.6
"sp|P49095|GCSP_YEAST"	"YEAST"	0	0	0	0	0	0	0	0	0	0	0	0	0	0	0	0	0	0
"sp|P49166|RL37A_YEAST"	"YEAST"	241930.75	341776.8	456950.7	238472.34	408036.8	290629.12	296057.56	351011.97	288167.38	82570.17	117983.87	127537.86	139211.25	159002.94	117709.086	122839.445	141716.86	123704.695
"sp|P49167|RL38_YEAST"	"YEAST"	2174322	2103485.2	1904394.6	2097642.5	1939670	1779512.1	2077054	1797073.9	1587100	1009604.4	1031346.6	908459.5	986066.9	953276.9	886200.06	1010261.1	887573.9	870315.4
"sp|P49334|TOM22_YEAST"	"YEAST"	108305.414	0	87468.55	87280.13	74281.734	65419.82	101947.43	69343.21	92175.805	0	0	0	0	0	0	42663.777	0	0
"sp|P49435|APT1_YEAST"	"YEAST"	249448.5	245480.4	298155.97	209731.61	245105.94	270777	226807.48	237235.16	278346.97	89713.61	0	0	138723.22	135475.73	0	154454.02	147489.17	0
"sp|P49573|CTR1_YEAST"	"YEAST"	0	0	0	0	0	0	0	0	0	0	0	0	0	0	0	0	0	0
"sp|P49626|RL4B_YEAST"	"YEAST"	247215.58	299728.72	328799.1	239594.42	327204.47	192261.84	193506.7	261412.45	278565.75	0	173632.89	106594.36	76279.83	150074.28	0	140030.97	130998.1	104984.945
"sp|P49723|RIR4_YEAST"	"YEAST"	2383085.2	3129241.8	3001276.2	2252678.2	3787614	2600115.2	2433354	2487521.5	3623891.5	1103819.4	1261328.1	1189247.1	990199.2	1092731.9	1349260.2	1240122.4	1152778	1066096.9
"sp|P49954|NIT3_YEAST"	"YEAST"	89737.086	87129.96	0	97279.14	104416.21	106086.125	89427.086	0	66907.6	0	0	0	0	0	0	0	0	0
"sp|P50095|IMDH3_YEAST"	"YEAST"	1730080.4	2264277.2	2662639.8	2373369.8	2094929.1	1896862.5	2438767.2	2045744.9	1989095.9	748933.06	271405.88	503195.06	722791.94	411227.34	236892.39	901595.56	286627.3	290124.03
"sp|P50109|PSP2_YEAST"	"YEAST"	0	0	0	0	0	0	0	0	0	0	0	0	0	0	0	0	0	0
"sp|P50276|MUP1_YEAST"	"YEAST"	0	0	0	0	0	0	0	0	0	0	0	0	0	0	0	0	0	0
"sp|P50861|RIB4_YEAST"	"YEAST"	426917.78	361204.62	343115.06	370861.66	404846.75	345139.25	376286.56	313428.78	272481.25	37836.34	64874.28	0	132588.38	111170.59	0	0	74057.32	0
"sp|P51401|RL9B_YEAST"	"YEAST"	495750.84	505277.2	445475.6	511782.12	445636.3	448994.1	486533.5	472412.16	523584.44	241110.39	0	247952.4	234308.25	0	240294	233773.88	249889.2	268953.12
"sp|P51402|RL37B_YEAST"	"YEAST"	321460.22	329882.28	318317.72	252686.05	355736.7	315689.78	352090	316389.1	358840.12	145828.84	196049.2	190448.64	151989.92	224811.58	222622.22	132630.48	196080.02	160711.03
"sp|P52286|SKP1_YEAST"	"YEAST"	267380.75	652304.75	452010.28	0	233256.92	357366.4	346729.97	195718.56	322025.22	278595.62	0	0	220490.19	0	0	0	0	0
"sp|P52490|UBC13_YEAST"	"YEAST"	116991.28	89330.49	102005.9	130479.47	100627.99	117842.22	121416.625	91424.99	86860.49	106138.76	78817.2	61589.574	89407.164	87793.164	66128.34	75124.69	0	0
"sp|P52870|SC6B1_YEAST"	"YEAST"	62196.484	0	0	0	0	0	0	0	0	0	0	0	0	0	0	0	0	0
"sp|P52910|ACS2_YEAST"	"YEAST"	1179729.6	1078952.1	1302758.2	1212588	1168388.8	502033.97	1158725.6	432997.12	548832.3	332387.4	184013.6	207032.25	221272.12	253860.03	183595.89	152198.45	190661.06	174977.77
"sp|P53090|ARO8_YEAST"	"YEAST"	1294351.5	1221777	1388459.6	1412787.4	1551667.8	1143858.1	1461393	1402375.1	1428647.2	612505.25	324569.3	492510.3	296017.25	419226.97	324918.2	152890.56	117496.59	357284.44
"sp|P53095|DSD1_YEAST"	"YEAST"	0	0	39356.258	0	0	0	0	0	0	0	0	0	0	0	0	0	0	0
"sp|P53131|PRP43_YEAST"	"YEAST"	47080.934	0	0	42442.246	47501.81	0	43611.65	0	36707.938	0	0	0	0	0	0	0	0	0
"sp|P53141|MLC1_YEAST"	"YEAST"	560610.8	599651.94	561730	425879.78	649958.3	441199.66	575266.8	424300.6	473798.97	271152.6	0	290053.75	171602.05	212584.9	235221.97	440124.44	226086.56	112006.81
"sp|P53163|MNP1_YEAST"	"YEAST"	168294	166333.8	107449.02	150676	83759.65	94439.91	131282.94	110920.91	113105.65	0	0	0	67249.03	0	0	0	0	0
"sp|P53164|NPY1_YEAST"	"YEAST"	0	0	0	0	0	0	0	0	0	0	0	0	0	0	0	0	0	0
"sp|P53184|PNC1_YEAST"	"YEAST"	2729189	2734720.2	3314858.5	2372854	2456879.2	2479589	2740081.5	2457578.5	2345939.2	1325679	554425.9	1239094	1506282.6	1014164.3	1423117	709216.94	1529069.9	1129416.5
"sp|P53199|ERG26_YEAST"	"YEAST"	0	0	0	0	0	0	0	0	0	0	0	0	0	0	0	0	0	0
"sp|P53200|EFM5_YEAST"	"YEAST"	0	0	0	628287.4	0	0	0	0	0	0	0	0	0	0	0	0	0	0
"sp|P53221|RL26B_YEAST"	"YEAST"	3181956.5	4449206	4598697.5	3011436.2	4209726	4108391	2903771.2	3851802.8	4084756.5	1538032.9	1636042.2	1863112.5	1151445.4	1963819.8	2028657	2069012.8	1937840.6	1873869.8
"sp|P53235|EIF2A_YEAST"	"YEAST"	284428.9	0	208951.02	207309.36	257286.73	0	212789.75	199514.12	205021.39	0	0	0	0	0	0	0	0	0
"sp|P53252|PIL1_YEAST"	"YEAST"	5116736	5586966	3944777.8	4762065	4058684.8	4290001.5	3933795	5210435	5002934.5	1929766.8	1183571.2	2506191.2	1077285.5	2470002.8	2554035.5	2830156.5	1184044.5	1112569.2
"sp|P53312|SUCB_YEAST"	"YEAST"	0	0	0	0	0	0	0	0	0	0	0	0	0	0	0	0	0	0
"sp|P53337|ERV29_YEAST"	"YEAST"	0	0	0	0	0	0	0	0	0	0	0	0	0	0	0	0	0	0
"sp|P53507|TOM7_YEAST"	"YEAST"	305842.3	346382.66	457770.66	366866.38	354040.16	345696.8	370718.56	454549.12	325827.75	194354.69	172477.33	212531.3	195774.36	169125.75	225049.23	222671.19	230033.77	201866.55
"sp|P53549|PRS10_YEAST"	"YEAST"	0	0	0	0	0	0	0	0	0	0	0	0	0	0	0	0	0	0
"sp|P53600|COPZ_YEAST"	"YEAST"	0	0	0	0	0	0	0	0	0	0	0	0	0	0	0	0	0	0
"sp|P53622|COPA_YEAST"	"YEAST"	79805.95	161757.39	191255.94	312039.75	66093.734	202465.47	48107.71	187059.94	185267.8	0	0	0	0	0	0	0	0	0
"sp|P53691|PPID_YEAST"	"YEAST"	676383	775089.8	941093.75	590006.8	952105.7	921668.2	681322.56	892258.4	726106.1	277669.28	276111.38	302978.72	315031.06	353249.94	263662.78	296248.97	286664.66	343249.28
"sp|P53723|YN8B_YEAST"	"YEAST"	62001.383	0	0	0	0	0	0	63321.797	0	0	161747.9	0	105673.99	159406.8	130977.266	107147.01	166914.67	160831.23
"sp|P53731|ARPC2_YEAST"	"YEAST"	177218	133148.44	170571.53	193259.95	179989.86	198590.61	157063.72	148977	129256.35	141829.1	0	0	101398.125	0	0	0	0	0
"sp|P53834|HCH1_YEAST"	"YEAST"	170825.34	176259.33	157473.62	169249.92	148791.9	141239.9	163184.75	149012.84	156827.4	0	71077.234	0	0	80729.14	0	80661.85	91179.36	79740.82
"sp|P53849|GIS2_YEAST"	"YEAST"	61652.766	49590.062	0	0	0	0	69037.78	0	0	0	0	0	0	0	0	0	0	0
"sp|P53852|SYC_YEAST"	"YEAST"	204265.61	228473.48	238519.81	167645.22	225601.8	214335.2	173133.77	222202.66	184883	0	0	0	92549.63	0	126298.266	0	0	103306.13
"sp|P53860|PDR16_YEAST"	"YEAST"	0	98618.73	62152.43	129045.32	0	0	0	101239.92	117319.81	0	0	0	0	0	0	0	0	0
"sp|P53889|FMP41_YEAST"	"YEAST"	0	0	0	0	0	0	0	0	0	0	0	0	0	0	0	0	0	0
"sp|P53905|LSM7_YEAST"	"YEAST"	0	0	0	0	0	0	0	0	0	0	0	0	0	0	0	0	0	0
"sp|P53912|YNN4_YEAST"	"YEAST"	1944063.1	2167488.2	2107303	1929730.5	1972758.1	2022926	1952228.4	2058235.4	1911162.5	371515.38	255839.11	221397.94	396606.62	262049.67	205596.58	151130.44	162130.6	191753.44
"sp|P53981|PYP1_YEAST"	"YEAST"	447004.06	494612.25	335404.84	464817.06	364822.53	258971.38	470710.56	237274.47	466310.56	130301.92	121721.65	54551.51	114579.41	122316.555	76862.5	0	151725.97	41160.977
"sp|P54113|PUR91_YEAST"	"YEAST"	396028.56	183883.64	224471.52	368620.44	301902.88	300340.94	184961.44	0	188414.66	118168.336	0	0	0	0	94520.516	0	0	0
"sp|P54114|ALDH3_YEAST"	"YEAST"	542161.25	207366.03	555683.5	463066.6	686072.9	369891.8	479878.8	491482.94	460939.1	121271	0	0	0	0	0	133806.81	0	0
"sp|P54115|ALDH6_YEAST"	"YEAST"	9825653	11479115	12039476	7984619.5	9737676	11156160	9984680	10474564	11417183	3806136.2	5833846	4712930	4260049	4694122	5388626	4558373.5	5654157.5	4880855
"sp|P54783|ALO_YEAST"	"YEAST"	207299.88	0	241791.03	0	256321.53	255388.4	209219.97	216398	201488.97	123889.34	0	140383.64	119021.26	138467.53	152445.92	0	88970.91	0
"sp|P54838|DAK1_YEAST"	"YEAST"	752878.06	1041033.5	520913.62	737891.1	386701.16	1039107	984739.7	763292.1	544560	176653.94	48402.6	106903.08	218304.7	0	62621.375	0	0	54696.934
"sp|P54839|ERG13_YEAST"	"YEAST"	1504338.5	1402909.6	1394826.4	1479360.5	1441885.6	1477340.8	1454560.8	1381201.8	1456762.2	470262.7	366507.12	332445.06	497195	435196.8	554114.56	480905.88	573837.9	495674.44
"sp|P54885|PROA_YEAST"	"YEAST"	352399.88	404124.94	462944.72	357480.38	446789.38	135840.38	423085.4	120553.586	305271.88	135374.4	0	0	0	60850.957	0	85163.82	0	0
"sp|P60010|ACT_YEAST"	"YEAST"	8048310.5	8838700	9572821	8450448	8482764	8810261	8413958	9491452	8103349	3694715.2	4100398.2	4514484	4214499	3362917	4275121	3231522.5	4353782.5	3624465.5
"sp|P61830|H3_YEAST"	"YEAST"	90388.555	142502.12	135661	86973.38	133245.52	129747.94	87574.875	103712.914	141697.88	53455.746	0	0	42917.78	0	0	0	0	0
"sp|P80210|PURA_YEAST"	"YEAST"	2981276.5	2706361.5	2725205	2829075	2148883	2541719.8	2177119	2304921	2483686.8	1090407.1	780688.44	1046496.1	742753.75	650978.94	484310.94	552470.75	561096.5	489732.75
"sp|P89886|TMA20_YEAST"	"YEAST"	364284.7	337022.44	348372.22	234584.88	197925.95	195668.53	432018.44	257201.4	242517.84	72828.28	0	0	127268.445	97168.44	0	0	301594	0
"sp|Q00055|GPD1_YEAST"	"YEAST"	2967193	3566164.2	3379056	2965918.8	3281622.8	3206031.2	3227644.8	3251842	3084509.5	409213.62	667483.4	871687.2	1793094.5	661985.75	772747.4	773932.75	2072114.5	600762.7
"sp|Q00764|TPS1_YEAST"	"YEAST"	2751200	2559318.8	2844506.8	2502146.2	2405549.8	2294448	2306489	2837673.2	2276965.2	827783.6	906960	760866.25	698497.7	708547.3	1254454.8	607435.2	925369.6	987002.9
"sp|Q00955|ACAC_YEAST"	"YEAST"	2893787.5	2799907	2909549.2	2482747.5	3279660.2	2651203.8	2897374.2	3187716.8	2655022.5	1192602.2	775045	1023605.7	816769.44	1423939	742144.9	1063758.6	826385.75	785928
"sp|Q01476|UBP2_YEAST"	"YEAST"	0	0	0	0	0	0	0	0	0	0	0	0	0	0	0	0	0	0
"sp|Q01560|NOP3_YEAST"	"YEAST"	668945.5	797128.6	1014103.25	604544.7	869660.25	617662.94	761415.8	680782.4	545415.06	225102.94	214380.7	137744.75	290668.75	208971.44	0	0	194076.5	89952.4
"sp|Q01662|MAP1_YEAST"	"YEAST"	0	0	0	0	0	0	0	0	0	0	0	0	0	0	0	0	0	0
"sp|Q01855|RS15_YEAST"	"YEAST"	3280883.5	3226641.2	3384781.8	3012466.2	3246384.2	3235275	2986429	3233867	3319071.5	1623220.6	1560461.6	1674968.5	1670449.4	1605736.6	1552720.6	1202089.2	1629434.4	1593187.5
"sp|Q01939|PRS8_YEAST"	"YEAST"	291225.38	246552.77	275408.28	297350.06	242005.45	245986.06	308952.38	251075.16	274937	55430.2	47471.055	0	31447.6	36955.113	0	0	0	39795.2
"sp|Q02046|MTD1_YEAST"	"YEAST"	309467.94	235843.08	315108.88	162316.03	186946.22	213189.67	333679.34	146713.12	235618.53	0	0	0	54329.22	55792.9	0	58963.72	54828.473	56422.547
"sp|Q02326|RL6A_YEAST"	"YEAST"	1617119	1670160.9	1568207.1	1535147.9	1663221.4	1340136.4	1479833	1525356.2	1183353.9	731630.75	719997.4	856582.75	827499.6	631573.3	656850.94	899371.9	878610.9	890093.06
"sp|Q02642|NACB1_YEAST"	"YEAST"	241316.4	309597.47	188174.14	280095.8	220188	188536.56	233204.14	233836.67	228318.23	126956.07	0	0	0	0	99894.76	0	0	141750.88
"sp|Q02725|VTC3_YEAST"	"YEAST"	363557	472618.9	282549.6	173336.39	142883.11	356400.88	396334.94	277709.22	58442.71	0	211319.14	246341.62	51515.33	203275.55	0	185048.36	0	240891.2
"sp|Q02753|RL21A_YEAST"	"YEAST"	2101204.2	2823498.2	2830881.2	2009417.5	2741452.8	2696782	2052005	2487925.8	2712281.5	1027632	1410795.4	1374811.8	1061406.6	1367856.1	1518185.8	1438434.1	1457285	1310086.6
"sp|Q02776|TIM50_YEAST"	"YEAST"	196779.94	183011.88	150344.83	199357.08	183934.45	176625.33	188810.83	177553.33	0	117421.65	0	0	0	0	0	0	0	0
"sp|Q03048|COFI_YEAST"	"YEAST"	4956512	5311718.5	5760721	4961575.5	5162515.5	5357287	5196891.5	5467694.5	4888204	2612880.5	2746847	2937259	2689364.8	2832240	2395088	2727666	3027637	2636887.8
"sp|Q03104|MSC1_YEAST"	"YEAST"	699454.6	879108.7	837085.9	968483.25	563924.56	937769.06	369146.06	601568.1	824296	136526.25	388875.03	0	0	0	0	0	0	233657.02
"sp|Q03161|YMY9_YEAST"	"YEAST"	1444224.8	1130892.1	1098958.9	1385259.4	921542.4	1173570.8	1192798.5	1134688.4	1180679.9	680400.5	576107.44	472144.75	453717.28	495800.3	435061.8	153295.47	114330.83	567135.9
"sp|Q03195|RLI1_YEAST"	"YEAST"	98268.125	0	0	0	0	0	0	0	0	0	0	0	0	0	0	0	0	0
"sp|Q03280|TOM1_YEAST"	"YEAST"	0	0	0	0	0	0	0	4896.655	0	0	0	0	0	0	0	0	0	0
"sp|Q03529|SCS7_YEAST"	"YEAST"	121203.75	108120.01	96749.03	0	90948.73	0	112695.29	117829.49	105898.6	0	0	0	72814.28	0	0	0	0	0
"sp|Q03532|HAS1_YEAST"	"YEAST"	53170.53	0	0	69751.266	171970.77	0	0	57706.836	0	0	0	0	0	0	0	0	0	0
"sp|Q03558|OYE2_YEAST"	"YEAST"	3859730.2	3834717.5	3816867.5	3478032.5	3413801.8	3749453.2	3976267	3868054.2	3544824.8	1525590.5	1607761.8	1409546	1915603.4	1477756	1459068	1469384.4	1768453	1537121.6
"sp|Q03690|CLU_YEAST"	"YEAST"	520097.72	813920.5	429775.8	775584.9	748448.25	574810.75	540302	385420.3	511484.47	109338.67	101545.4	135819.03	148089.69	116976.02	129445.086	144120.19	140856.33	137021.48
"sp|Q03769|ENT5_YEAST"	"YEAST"	0	0	0	0	37326.777	0	40574.617	0	0	0	0	0	0	0	0	0	0	0
"sp|Q03774|TRM82_YEAST"	"YEAST"	0	0	0	0	0	0	0	0	0	0	0	0	0	0	0	0	0	0
"sp|Q03973|HMO1_YEAST"	"YEAST"	478725.2	382326.38	419671.66	457671.97	356553.9	395277.8	414751.88	344356.7	324709.5	90781.18	0	0	112413.29	0	108386.05	107990.24	0	82351.02
"sp|Q04062|RPN9_YEAST"	"YEAST"	61879.434	0	0	0	0	0	0	0	79089.34	0	0	0	0	0	0	0	0	0
"sp|Q04067|EIF3G_YEAST"	"YEAST"	161577.92	91968.516	107063.99	137517.39	112927.71	142229.5	129408.09	149272.36	97546.31	82893.91	52839.98	60942.152	0	62238.484	0	63600.72	0	0
"sp|Q04175|SXM1_YEAST"	"YEAST"	0	0	0	0	0	0	0	0	0	0	0	0	0	0	0	0	0	0
"sp|Q04178|HPRT_YEAST"	"YEAST"	367592.12	245052.16	287834.06	158831.66	281688.88	148403.23	232393.94	260566.17	0	127379.09	0	148911.19	159618.61	170757.95	0	0	114778.38	0
"sp|Q04182|PDR15_YEAST"	"YEAST"	167006.84	200454.33	172275.4	220186.22	195806.11	169299.34	186044.38	167286.7	160585.52	200621.05	0	0	0	0	0	0	0	0
"sp|Q04304|YMY0_YEAST"	"YEAST"	70861.97	0	66246.8	60531.316	80702.57	62390.05	0	63989.42	0	0	0	0	0	0	0	0	0	0
"sp|Q04336|YM54_YEAST"	"YEAST"	88919.52	0	0	0	0	0	0	0	0	0	0	0	0	0	0	0	0	0
"sp|Q04344|HNT1_YEAST"	"YEAST"	534197.6	701349.25	662187.8	618660.8	737720.4	591646.06	500092	646409	583832.25	263457.3	257646.6	105365.39	163223.61	241574.75	280333.94	83638.734	201135.75	211861.31
"sp|Q04371|ARMT1_YEAST"	"YEAST"	0	0	104241.97	0	0	111836.33	88486.87	96005.84	85226.445	63963.03	0	0	0	75045.03	0	0	0	0
"sp|Q04409|EMI2_YEAST"	"YEAST"	861244.06	1158873.2	1056776	674218.75	1037005.06	833690.6	690093.7	1038873.06	643869.5	99842.516	245205.72	237448.7	149969.05	112626.36	109732.79	0	132628.39	339810.2
"sp|Q04438|SPG4_YEAST"	"YEAST"	73488.87	0	83733.09	81328.1	90939.8	0	0	85107.41	0	0	0	0	0	41215.484	0	0	0	0
"sp|Q04491|SEC13_YEAST"	"YEAST"	240479.16	233173.83	254006.83	215053.61	208065.95	203426.75	306290.25	261561.72	352296.2	138339.11	0	0	167582	0	0	0	156957.77	130951.66
"sp|Q04697|GSF2_YEAST"	"YEAST"	179189.1	265563.6	157173.45	207281.14	183342.1	197095.6	200213.64	193004.39	199861.42	0	0	0	0	0	0	0	0	0
"sp|Q04773|YMW4_YEAST"	"YEAST"	93241.055	86125.26	90165.695	89670.945	99573.83	92333.11	94588.4	83788.62	84264.266	0	44494.676	0	0	0	0	42366.73	46042.324	34969.223
"sp|Q04792|DCE_YEAST"	"YEAST"	0	0	0	0	0	0	0	0	0	0	0	0	0	0	0	0	0	0
"sp|Q04869|YM94_YEAST"	"YEAST"	278572.8	348839.88	152245.39	148717.83	112059.49	290459.47	326738.4	342371.12	357800.84	0	0	0	0	0	0	0	0	0
"sp|Q04894|ADH6_YEAST"	"YEAST"	465310.22	554902.44	685300.75	640178.25	654880.5	623324	298269.75	596603.4	574853.2	0	60533.516	169913.12	180505.33	56401.645	86877.375	80368.945	86129.984	0
"sp|Q04947|RTN1_YEAST"	"YEAST"	893247.9	1105978	1095308	873778.1	1053674.4	740745.9	871302.25	859024.25	1100647.4	162129.2	392570.66	355461.44	195447.17	346326.56	313822.38	383893.7	310861.75	328489.3
"sp|Q05016|YM71_YEAST"	"YEAST"	905893.3	606194.2	648368.25	378760.94	282789.66	419878.7	830511.25	723464.56	572248.6	128778.11	336741.06	139912.8	182994.9	124927.73	108721.03	111729.64	161308.17	119979.266
"sp|Q05022|RRP5_YEAST"	"YEAST"	0	0	0	0	0	0	0	0	0	0	0	0	0	0	0	0	0	0
"sp|Q05050|EIS1_YEAST"	"YEAST"	0	0	0	0	0	0	0	0	0	0	0	0	0	0	0	0	0	0
"sp|Q05359|ERP1_YEAST"	"YEAST"	259956.6	188890.45	245496.38	188677.19	155876.25	236972.4	207130.36	163858.62	249621.05	0	0	0	0	0	0	0	0	0
"sp|Q05506|SYRC_YEAST"	"YEAST"	1091462.1	774977.3	901177.1	1045606.8	1063036.5	987611.75	1079905	1016574.94	691527.9	242268.66	95631.82	173889.97	265605.28	182774.33	243181.56	0	297393.4	297575.4
"sp|Q05515|SVF1_YEAST"	"YEAST"	305478.94	731254.4	102455.05	598187.4	563591.4	402006	512845.34	569894.3	714672.7	0	0	0	0	289078.75	0	387179.2	0	288837.7
"sp|Q05584|GLO2_YEAST"	"YEAST"	0	0	0	0	0	0	0	0	0	0	0	0	0	0	0	0	0	0
"sp|Q05775|EIF3J_YEAST"	"YEAST"	319932.38	479774.44	785356.94	339866.38	795703.56	724280.56	227094.62	437252.3	513283.4	85423.62	48754.746	0	62223.14	0	0	0	0	0
"sp|Q05905|HRI1_YEAST"	"YEAST"	242503.25	380530.34	114108.04	138101.7	171298.55	334482.88	240868.03	107718.35	121911.19	0	0	0	0	0	0	0	0	0
"sp|Q05911|PUR8_YEAST"	"YEAST"	2326863	2434679.8	2419836	2439298	2372309	2041205.5	2101241.2	2130542	2367190	1028702.5	911202.44	1162260.2	1105878.8	1008739.94	1056837.6	746540.4	1024456.1	723167.6
"sp|Q05933|ARPC3_YEAST"	"YEAST"	0	0	0	0	0	0	0	0	0	0	0	0	0	0	0	0	0	0
"sp|Q06103|RPN7_YEAST"	"YEAST"	0	134065.67	0	0	0	105050.76	0	105774.2	0	0	0	0	0	56270.477	0	0	0	0
"sp|Q06142|IMB1_YEAST"	"YEAST"	58878.688	64446.99	0	53845.09	0	48842.55	65862.55	0	61081.465	0	0	0	0	0	0	0	0	0
"sp|Q06151|DCPS_YEAST"	"YEAST"	270543.53	202214.58	411081.7	180436.98	273484.2	241914.48	192467.03	755940.2	258612.06	126871.59	0	0	92507.32	87601.05	124740.21	0	62655.242	0
"sp|Q06177|TMA10_YEAST"	"YEAST"	1247187.9	1220272	1130757.2	1187348.1	1359441.5	1090734.2	1163725.9	980281.9	1011653.7	616243.4	265342.5	562040.75	630165.9	689043.75	532579	599288.8	490029.8	607726.9
"sp|Q06205|FKBP4_YEAST"	"YEAST"	279751.75	381382.34	475839	225683.4	438375.6	417795.38	234512.84	364805.75	368493.2	578600.06	885173.1	828488.3	605382.5	932097.6	948479.1	702649.2	933207.3	959792.5
"sp|Q06252|YL179_YEAST"	"YEAST"	579247.75	619010.94	764637.56	567343.75	564084.75	407641.53	808304.1	0	540423.9	415928.8	0	0	0	0	325412.5	0	0	0
"sp|Q06406|LSM6_YEAST"	"YEAST"	0	0	0	0	0	0	77943.23	0	0	0	0	0	0	0	0	0	0	0
"sp|Q06494|PLR1_YEAST"	"YEAST"	0	0	0	0	0	0	0	0	0	0	0	0	0	0	0	0	0	0
"sp|Q06505|IWS1_YEAST"	"YEAST"	0	0	0	0	0	0	0	0	0	0	0	0	38159.527	0	0	0	0	0
"sp|Q06706|ELP1_YEAST"	"YEAST"	0	0	0	0	0	0	0	0	0	0	0	0	0	0	0	0	0	0
"sp|Q07451|YET3_YEAST"	"YEAST"	109693.03	0	148426.5	0	123749.72	132785.45	80150.43	104210.49	107126.664	0	0	0	0	0	0	76110.99	0	0
"sp|Q07478|SUB2_YEAST"	"YEAST"	1286327.9	1519177.8	1557124.9	1412637.5	931720.8	1231846.4	1462623.8	1765595.9	1521594.5	410415.66	359224.06	418232.5	320474.47	527692.9	465167.3	392431.16	701126.6	608978.25
"sp|Q07551|KAR_YEAST"	"YEAST"	1904058.4	1801519	1908559.5	2034137.1	1861745.4	1950597.9	1840016.8	1866228.1	1523083.6	736639.4	906788.25	891987.1	773280	786418.5	603404.6	485491.5	923480.8	439351.3
"sp|Q07716|AIM6_YEAST"	"YEAST"	113862.95	100912.37	91208.36	0	94556.49	98172.31	0	0	98431.37	0	0	0	0	0	0	0	0	0
"sp|Q08245|ZEO1_YEAST"	"YEAST"	2335196	2686663	2904690.5	2316673	2671588.5	2749083.8	2065550.6	2479549.2	2747542.5	1079444	1445309.9	1422723.6	1258327.1	1542737.4	1377711.6	1569850.6	1388549.2	1650625.9
"sp|Q08601|MCA1_YEAST"	"YEAST"	37085.516	0	0	0	0	0	0	65374.277	0	0	0	0	0	0	0	0	0	0
"sp|Q08723|RPN8_YEAST"	"YEAST"	376287.97	181045.03	368015.38	389680.38	193452.58	315453.03	365599.34	335244.88	165863.12	73411.25	86747.875	79018.305	85626.445	84523.54	73416.49	86586.35	736199.9	96033.52
"sp|Q08745|RS10A_YEAST"	"YEAST"	89725.56	117543.8	119317.35	0	104976.51	122686.67	0	121261.43	108606.58	35070.004	66998.195	0	45938.785	0	0	0	46320.89	65037.99
"sp|Q08971|YP225_YEAST"	"YEAST"	877930.5	620416.3	814322.7	773013.1	927275.9	598288.25	844519.5	952678.6	920961.6	227322.25	290920.22	293440.38	290079.6	284113.16	287298.44	292056.28	228886.62	0
"sp|Q08972|NEW1_YEAST"	"YEAST"	505125.2	440548.97	538465.75	544717.94	687570.9	677660.5	527745.75	592927.06	346042.34	154004.22	56002.32	142477.83	160015.53	67446.08	0	143868.17	73478.414	77718.27
"sp|Q08977|CUB1_YEAST"	"YEAST"	386435.8	0	276914.84	0	0	217401.03	230441.19	238958.03	0	0	0	0	0	0	0	0	0	0
"sp|Q08985|SAM4_YEAST"	"YEAST"	225700.34	0	187737.47	259941.97	134618.72	141354.33	153288.05	296123.53	246393.03	0	76755.99	89138.31	0	0	0	0	0	0
"sp|Q12008|PMG2_YEAST"	"YEAST"	50840.92	0	0	58487.67	0	0	0	0	0	0	0	0	0	0	0	0	0	0
"sp|Q12034|SLF1_YEAST"	"YEAST"	0	0	0	0	0	0	0	0	0	0	0	0	0	0	0	0	0	0
"sp|Q12068|GRE2_YEAST"	"YEAST"	24174.215	43399.203	0	0	501576.16	0	0	0	0	0	0	0	0	0	0	0	0	0
"sp|Q12074|SPEE_YEAST"	"YEAST"	772069.75	588606.44	435269.9	569801.9	706581.4	387538.38	1095498	1443983	618102.2	399974.84	194863.97	76257.305	249500.19	0	0	125920.28	36967.754	190325.83
"sp|Q12109|SYWC_YEAST"	"YEAST"	103891.97	103810.91	78848.586	94886.91	100034.66	352861.84	650667.6	95512.6	81169.555	0	0	66241.805	0	0	0	50331.99	0	0
"sp|Q12117|MRH1_YEAST"	"YEAST"	721514	612188.75	514410.5	652901.25	566405.5	513546.3	631357.4	516686.75	539277.1	244504.34	53875.082	0	67552.805	222958.25	0	277965.22	44273.965	192347.05
"sp|Q12118|SGT2_YEAST"	"YEAST"	1360632.5	1792404.1	1401119.8	1470277.1	1693590	1656367.1	1224079.2	1816760.6	1728250.5	370111.88	412804.44	91716.7	616808.56	602482.25	676379.6	264666.94	658632.4	360507.44
"sp|Q12122|HOSM_YEAST"	"YEAST"	102577	0	122083.805	119915.24	116483.42	114344.2	133275.25	0	0	67529.81	0	0	70946.266	0	0	0	0	0
"sp|Q12123|DCS2_YEAST"	"YEAST"	0	0	0	0	0	0	0	0	0	0	0	0	0	0	0	0	0	0
"sp|Q12154|GET3_YEAST"	"YEAST"	1620115.2	1500734.8	1587730.6	779333.1	2126315	1299711.8	1447679	1045301.1	1256511.4	149967.83	1225299	181652.28	82242.75	297009.1	914953.94	260197.05	950969	149502
"sp|Q12159|YRA1_YEAST"	"YEAST"	483190.16	884333.75	723098.9	305422.9	478845.3	483530.3	541861.75	907636.1	492457.5	265971.9	167619.08	215652.03	66761.86	341454.9	150877.38	234900.38	83140.44	189156.61
"sp|Q12165|ATPD_YEAST"	"YEAST"	0	0	0	0	105860.76	107420.74	147030.08	102665.2	0	0	0	0	0	0	0	0	0	0
"sp|Q12213|RL7B_YEAST"	"YEAST"	0	0	0	0	0	0	0	0	0	0	0	0	0	0	0	0	0	0
"sp|Q12230|LSP1_YEAST"	"YEAST"	2728619.5	3376010.5	3076992.5	2688120.5	3093607	3116164.5	2615956.8	3203502.2	3124633	1136581	1313829.4	1373903.2	1235159.9	1595064.4	1203202.2	1191572.5	1670998.5	1368750
"sp|Q12250|RPN5_YEAST"	"YEAST"	140319.78	197553.6	94824.87	103535.89	117366.875	121708.695	103145.43	111137.55	109993.18	0	0	63114.17	0	54789.934	0	0	0	0
"sp|Q12285|MDY2_YEAST"	"YEAST"	138617.72	30192.754	58987.14	42376.832	117911.72	89373.01	0	116700.54	0	0	0	0	0	0	0	0	0	0
"sp|Q12305|RDL1_YEAST"	"YEAST"	619579.4	585697.5	515087.8	525370.75	560358.06	586064.9	532014.25	470055.56	560323.44	275983.75	86631.37	175054.14	221173.8	246327.72	206559.7	333724.97	182291.89	99667.64
"sp|Q12306|SMT3_YEAST"	"YEAST"	764155.1	901773.25	909948.2	804806.1	901985.6	807493.1	684825.56	420940.7	511724.75	184015.58	296395.38	350628.25	252246.62	187804.75	148959.47	278534.66	197562.03	160172.22
"sp|Q12314|SFM1_YEAST"	"YEAST"	59339.598	0	85975.46	0	0	66409.94	0	91140.04	59934.445	0	0	0	0	0	0	0	0	0
"sp|Q12329|HSP42_YEAST"	"YEAST"	22568.363	28884.604	0	23903.152	0	0	21854.283	24349.814	0	0	0	0	0	15945.238	0	0	0	0
"sp|Q12335|PST2_YEAST"	"YEAST"	1583840.1	1551982.4	1280900.9	1320889.5	1216809.6	1377682.5	1409683.8	1243188.4	1187819.9	624324.4	507308.06	482563.56	530399.7	469446.94	457008.9	529173.1	531983.56	461846.97
"sp|Q12363|WTM1_YEAST"	"YEAST"	2029555	2151843	1998724.4	2146110.8	2022557	2013420.6	2058737.4	1840452.5	1705078.1	667344.9	598061.5	783734.06	807602.4	921615	815230.3	643609.8	663712.3	891881
"sp|Q12377|RPN6_YEAST"	"YEAST"	336278.88	0	0	296529.97	0	0	0	122329.57	0	0	0	0	0	0	0	0	0	0
"sp|Q12402|YOP1_YEAST"	"YEAST"	582680.9	848204.9	619651.2	757706.25	1081818.6	648748.75	432963.1	658643.75	0	0	0	0	0	0	0	0	2648642.2	0
"sp|Q12443|RTN2_YEAST"	"YEAST"	146012.66	0	0	68820.66	73489.195	111672.84	0	0	133286.12	0	0	0	0	0	0	0	0	0
"sp|Q12447|PAA1_YEAST"	"YEAST"	1487187.5	1309245.1	1485947.2	1356201.6	1291427.9	1297351.5	1225329.2	1318521.5	1284553	322598.53	432323.94	404287.06	356791.38	482337.7	339276.34	536655.56	349408.94	534658.1
"sp|Q12449|AHA1_YEAST"	"YEAST"	154125.03	0	104119.484	63166.496	83795.45	62441.21	76241.35	57579.184	96372.72	0	0	0	0	0	0	0	0	0
"sp|Q12458|YPR1_YEAST"	"YEAST"	287033.88	319663.4	217657.3	384600.16	0	512919.94	466580	390094.38	442755.6	0	0	0	0	0	0	0	394687.7	0
"sp|Q12460|NOP56_YEAST"	"YEAST"	860739.75	921776.2	1171557.5	984188.7	1018853	810396.44	1098141.8	1089966.2	653314.7	351252.7	132232.6	184706.81	394771.38	121245.2	180104.2	69741.11	103310.08	154974.95
"sp|Q12493|NKP1_YEAST"	"YEAST"	0	0	418159.12	0	0	0	0	0	362495.5	0	0	0	0	0	0	0	0	0
"sp|Q12499|NOP58_YEAST"	"YEAST"	1359114.2	720881.25	819906.8	648211.6	1495475.2	680319.75	740296.9	1324989.5	662187.2	170943.9	197056.66	192075.72	190226.61	408992.12	192677.48	184088.89	190854.23	212345.56
"sp|Q12513|TMA17_YEAST"	"YEAST"	153049.05	253350.81	237028.64	171191.97	189946.69	208385.81	140320.5	177914.42	210256.77	102864.38	144394.1	157224.48	70354	0	153330.42	0	139830.25	156520.94
"sp|Q12522|IF6_YEAST"	"YEAST"	97276.94	0	129457.48	0	0	0	116565.77	102825.46	0	0	0	0	0	0	0	0	0	0
"sp|Q12672|RL21B_YEAST"	"YEAST"	82785.44	110687.516	121941.266	83018.82	108735.984	123501.3	77217.29	111001.6	112206.94	0	0	0	0	0	0	0	0	0
"sp|Q12680|GLT1_YEAST"	"YEAST"	139687.17	0	0	0	146952.08	0	0	0	138117.23	0	0	0	0	0	0	0	138656.78	159968.53
"sp|Q12692|H2AZ_YEAST"	"YEAST"	0	0	0	0	0	0	0	0	0	0	0	0	0	0	0	0	0	0
"sp|Q3E764|TMA7_YEAST"	"YEAST"	57122.2	50249.2	74805.24	48178.586	65934.766	52200.207	52552.05	62088.457	51488.875	0	0	0	0	0	0	0	0	0
"sp|Q3E7Z5|YI002_YEAST"	"YEAST"	38111.836	39694.73	42335.742	35036.652	38222.363	31690.71	35271.473	36670.65	35583.72	0	0	0	0	0	0	0	0	0
"sp|Q3E835|CENPS_YEAST"	"YEAST"	0	0	0	0	0	0	0	0	0	0	0	0	0	0	0	0	0	0
"sp|Q3E841|YN034_YEAST"	"YEAST"	1503849.9	1228497.8	1631747.8	1399067.8	1544877.6	1536569.2	1326179	1645983.5	1830534.8	745542.44	634553.06	656825.06	696553.9	733757.25	660871.9	704643.9	647282.44	796646.1
"sp|Q6Q547|NOP10_YEAST"	"YEAST"	38646.055	0	32714.895	36322.832	33767.137	38690.99	37531.28	36547.24	36989.445	0	0	0	0	0	0	0	0	0
"sp|Q99257|MEX67_YEAST"	"YEAST"	0	0	0	0	0	0	0	0	0	0	0	0	0	0	0	0	0	0
"sp|Q99258|RIB3_YEAST"	"YEAST"	205408.06	207643.8	144309.2	108358.875	95944.555	309164.16	101975.94	161254.16	436151.56	157139.5	149695.25	207567.55	0	0	0	0	0	0
"sp|Q99383|HRP1_YEAST"	"YEAST"	32498.492	0	37496.035	0	0	39709.94	49876.56	46842.34	0	0	0	0	0	0	0	0	0	0
"sp|P00350|6PGD_ECOLI"	"ECOLI"	1510070.5	45254.54	0	1324013.2	42395.184	145684.05	1601688.1	85438.19	31394.654	1650714.4	1039221.6	2247995	1547293.6	1688961.9	2027599.6	1466695.5	2402338.8	1405237.2
"sp|P00448|SODM_ECOLI"	"ECOLI"	0	0	104519.28	0	202604.55	206399.9	0	0	97814.29	933514.6	837284.25	1026893	961415.25	964806.44	905311.94	924007.9	883071.75	964700.3
"sp|P00452|RIR1_ECOLI"	"ECOLI"	0	0	0	0	0	0	0	0	0	0	0	0	0	0	0	0	0	0
"sp|P00509|AAT_ECOLI"	"ECOLI"	0	0	0	84619.836	0	0	0	0	0	319497.94	387836.75	391450.88	351899.72	348811.88	110001.58	325548	345314.62	385329.56
"sp|P00722|BGAL_ECOLI"	"ECOLI"	0	0	0	0	0	0	106987.08	0	0	311440.53	567213.1	304579.38	508046.7	544180.56	333576.7	365315.12	513015.38	335932
"sp|P00956|SYI_ECOLI"	"ECOLI"	1444850	1874686.2	2408198	1371628	2831803.5	1942738.6	1531122.8	2452664.2	1411957	2712832.2	1898114.5	1389392.2	1891749	1322871.4	228425.02	1975545.1	1404054.6	1973736.6
"sp|P00959|SYM_ECOLI"	"ECOLI"	0	0	0	0	0	0	0	0	0	0	422247.12	412683.72	0	0	0	0	0	0
"sp|P02358|RS6_ECOLI"	"ECOLI"	97613.05	116390.484	118884.125	108388.28	115709.7	117256.19	64598.906	53215.1	140504.55	260764.61	416595.62	397578.06	355867.7	525755.8	580433.25	470447.06	407825.44	520956.8
"sp|P02359|RS7_ECOLI"	"ECOLI"	366530.84	552844.8	411880.94	401946.72	410182	387799.7	353237.38	399910.9	283852.53	1960535.9	2145497.5	1784284.8	1839911	1775107.8	2102044.5	1884076	1896652.5	1823969
"sp|P02413|RL15_ECOLI"	"ECOLI"	28356.852	28108.453	0	81902.27	33476.434	37679.188	25329.32	0	30122.234	772328.06	973954	1044486.1	837199	970300.3	847272.44	534849.8	889725.06	953407.75
"sp|P02925|RBSB_ECOLI"	"ECOLI"	525464.25	137665.78	59742.86	76572.37	84525.305	519495.25	322048.28	76500.86	0	2345122.5	2003089.5	2116403.2	1949975.8	2277956	2186316.5	2375415.2	1969382.9	2253663.2
"sp|P03841|MALM_ECOLI"	"ECOLI"	0	0	0	0	0	0	0	0	0	92569.82	98399.484	106371.69	96193.28	94049.19	103450.23	61970.484	0	117722.945
"sp|P04825|AMPN_ECOLI"	"ECOLI"	0	0	0	0	0	0	0	0	0	0	85530.17	94325.83	0	0	0	0	0	0
"sp|P05042|FUMC_ECOLI"	"ECOLI"	0	0	0	0	0	0	0	0	0	86938.695	107164.02	224278.72	190755.89	0	0	0	0	0
"sp|P05055|PNP_ECOLI"	"ECOLI"	81499.6	121778.62	71857.15	65351.12	70238.47	94311.34	58921.56	56968.414	84405.41	32814.137	0	0	0	0	0	0	0	0
"sp|P06959|ODP2_ECOLI"	"ECOLI"	0	0	0	0	0	0	0	0	0	0	31892.77	0	34864.348	0	37273.34	0	34647.773	43238.07
"sp|P07014|SDHB_ECOLI"	"ECOLI"	0	0	0	0	0	0	0	0	0	0	105477.984	110033.875	117313.375	121460.41	99919.79	97419.32	104071.2	117674.98
"sp|P07395|SYFB_ECOLI"	"ECOLI"	137499.12	189622.17	233283.89	0	262429.1	239021.84	262148.88	231632.31	268195.12	231156.75	303314.94	414216.75	418433.16	404594.5	330500.9	403285.53	454740.6	263485.6
"sp|P07913|TDH_ECOLI"	"ECOLI"	0	0	0	0	0	0	186419.45	0	0	300697.75	271308.4	223133.5	150623.11	201925.03	151301.16	234451.77	269781.44	193816.5
"sp|P08178|PUR5_ECOLI"	"ECOLI"	0	0	0	0	0	0	0	0	0	0	0	0	0	0	0	0	0	0
"sp|P08194|GLPT_ECOLI"	"ECOLI"	0	0	0	107280.94	0	0	0	0	0	188715.64	268082.5	234840.55	174859.62	254070.28	196938.48	222020.69	260666.97	147976.17
"sp|P08200|IDH_ECOLI"	"ECOLI"	621021.75	2592413	601239.94	869160.2	602696.06	34096.457	681449	55639.434	37772.21	3705900.5	3404056.2	5426763	3418579.2	3913482.2	5222714	4886528	2944448	4048562.2
"sp|P08312|SYFA_ECOLI"	"ECOLI"	0	90521.9	0	0	60899.797	44440.656	0	0	0	0	0	0	0	0	66057.87	0	0	77332.695
"sp|P09373|PFLB_ECOLI"	"ECOLI"	0	0	0	0	0	0	29434.016	0	0	1289745.9	1300175.9	1044603.94	1332592	979906.25	976372.7	1137460.6	842191.06	1133934.5
"sp|P09394|GLPQ_ECOLI"	"ECOLI"	0	0	0	0	0	0	0	0	0	911640.8	843148.5	847818.3	570455.7	863195	825709.6	625342.56	751255.2	859643.2
"sp|P0A6A8|ACP_ECOLI"	"ECOLI"	810061.5	864254.94	804652.1	790630	826321.44	863364.3	773280.56	842441.94	912286.44	2626966	2746958.8	2887407	2592817.8	2810679.2	3001024	2909637.8	2862016.2	3037494.2
"sp|P0A6B7|ISCS_ECOLI"	"ECOLI"	95028.29	311155.28	131854.38	0	127290.68	0	0	0	111761.336	259077.02	223911.72	296063.44	0	349194.66	214252.94	204802.5	274158.22	98876.195
"sp|P0A6E6|ATPE_ECOLI"	"ECOLI"	0	0	0	0	0	0	0	0	0	0	0	0	0	0	0	0	0	0
"sp|P0A6F3|GLPK_ECOLI"	"ECOLI"	2777329	2999693	3274500.2	2676354.8	3035089.8	2692225	2770880	2953682.8	2584735.8	12558730	13726290	13408870	11599645	13668926	13572707	13594539	13902478	13991093
"sp|P0A6F5|CH60_ECOLI"	"ECOLI"	1348331.6	2048864.2	1720329	1341758.2	2114192.8	2204214.2	1136781.9	1623525.2	1857048.2	4087890.5	2893052	4453172	3455284	4517627	4746032.5	2543701	4669138.5	3078209.8
"sp|P0A6F9|CH10_ECOLI"	"ECOLI"	94811.94	90223.17	54328.402	57370.52	93911.484	0	0	69611.81	132852.9	1059017.8	1253690.8	1237213.9	998395.1	1216141.4	1208032.2	1132584.9	1302727.1	1279207.8
"sp|P0A6K6|DEOB_ECOLI"	"ECOLI"	0	0	0	0	0	0	0	0	0	165172.23	106488.29	0	0	150836.47	257568.02	126290.695	0	0
"sp|P0A6M8|EFG_ECOLI"	"ECOLI"	710760.94	516598.2	776106.94	895917.94	398942.1	361629.28	933348.75	332818.56	573765.8	3556285.8	4079619.8	3944358	3624731.8	4051670.5	3803107.5	3944811	3974271.8	3771261.8
"sp|P0A6N4|EFP_ECOLI"	"ECOLI"	0	43250.45	0	0	0	47117.652	51297.652	0	0	168531.22	173361.25	145113.03	180341.83	147108.31	172178.67	149781.9	158310.52	174302.2
"sp|P0A6P1|EFTS_ECOLI"	"ECOLI"	66309.45	0	139540.31	190224.97	251583.77	281602.75	257702.84	107585.734	189426.97	1435836	2024131	1530542	1345759.5	1714379.5	1983681.1	1674642.9	1781920.5	2139569
"sp|P0A6P9|ENO_ECOLI"	"ECOLI"	488509.9	546380.1	505400.5	451794.97	269612.75	447009.56	612254.3	525180.1	694605.5	3124700.8	2911076	3760108.8	2970755	2912416	3105358.5	2224675	3384080.8	2936563
"sp|P0A6Q3|FABA_ECOLI"	"ECOLI"	0	0	0	0	0	0	0	0	0	0	0	0	0	0	0	0	0	0
"sp|P0A6R0|FABH_ECOLI"	"ECOLI"	0	0	0	0	0	0	0	0	0	97004.88	0	0	0	0	0	0	0	0
"sp|P0A6T9|GCSH_ECOLI"	"ECOLI"	0	92077.695	0	0	111800.266	0	0	0	0	191784.02	239374.36	286470.94	158908.36	274539.88	209590.22	193220.6	231169.97	299488.97
"sp|P0A6X7|IHFA_ECOLI"	"ECOLI"	0	0	0	0	0	0	0	0	0	283657	0	0	36821.426	181610.55	0	0	134914.5	0
"sp|P0A6Y1|IHFB_ECOLI"	"ECOLI"	0	0	0	0	0	0	0	0	0	0	0	0	0	0	0	0	0	0
"sp|P0A6Y8|DNAK_ECOLI"	"ECOLI"	184999.64	496210.03	375545.12	41031.99	489057.44	395557.97	58866.516	431015.5	347266.2	1817952	2003891.6	1864991	1738017.6	2047278	1792294	1749913	1903335.5	1844530.5
"sp|P0A6Z3|HTPG_ECOLI"	"ECOLI"	0	0	0	0	0	0	0	0	0	0	0	0	0	0	0	0	0	0
"sp|P0A707|IF3_ECOLI"	"ECOLI"	0	0	0	0	0	0	0	0	0	0	0	0	0	0	0	0	0	0
"sp|P0A717|KPRS_ECOLI"	"ECOLI"	182626.36	196104.3	228903.6	0	260039.2	255186.58	197221.38	0	185583.73	221338.98	253287.89	188512.62	198743.27	188042.58	226505.47	258284.5	163638.8	233636.73
"sp|P0A763|NDK_ECOLI"	"ECOLI"	258236	368361.1	284419.3	298506.06	298666.22	207159.8	254208.33	248713.56	270899.1	1585099.9	1591988.1	1575807.4	1620901.5	1650384.6	1423966.1	1846890	1929090.5	1784394.6
"sp|P0A796|PFKA_ECOLI"	"ECOLI"	0	0	0	0	0	0	0	0	0	0	0	0	0	0	0	0	0	0
"sp|P0A799|PGK_ECOLI"	"ECOLI"	777499.25	698375.44	286106.88	405907.88	772164.3	867039.6	567797.9	654741.3	317024.06	2999591.2	2965660.2	2996802.8	3349837.2	3170571.5	2636201.2	2825229.5	2881545	2924530.2
"sp|P0A7A9|IPYR_ECOLI"	"ECOLI"	0	0	0	0	0	0	0	0	0	0	0	0	0	0	0	0	0	0
"sp|P0A7D4|PURA_ECOLI"	"ECOLI"	254135.53	181468.31	196849.61	257061.75	204132.02	226712.38	326745.5	198187.11	173455.16	1400171.8	1568589.5	1301541.4	1797773.1	1401466.6	1192843.2	1308975.1	1508802.1	1307155.5
"sp|P0A7J3|RL10_ECOLI"	"ECOLI"	183957.38	204569.28	398686.06	105399.71	124951.06	0	129923.16	246016.84	159238.56	1571739.2	1224076.5	1385862.5	1417280	1628599.8	1306289.9	1213570.2	1305139.9	1344595.4
"sp|P0A7J7|RL11_ECOLI"	"ECOLI"	165051.86	253976.19	171767.67	165933.84	170152.5	205442.2	57267.98	132546.05	86862.07	789411.1	810567.1	834482.44	704714.25	818634.8	837399.8	804824.5	831200.4	912626.9
"sp|P0A7K2|RL7_ECOLI"	"ECOLI"	1071814	1122180.9	1317825.2	1143227.6	828491.3	1184414.6	905029.6	1120626.5	1308629.5	4263582.5	4659733.5	4568866	4108473.2	4556359.5	4651415.5	4605418	4582639	4771754.5
"sp|P0A7K6|RL19_ECOLI"	"ECOLI"	0	0	0	0	0	0	0	0	0	77203.27	243704.94	236630.5	379705.4	97738.36	236952.38	356225.66	271587.72	240142.44
"sp|P0A7L0|RL1_ECOLI"	"ECOLI"	272688.12	0	333932.7	234346.31	0	399000.44	0	219936.62	223340.45	819763.2	915669.44	899240.6	884962.9	947372.4	1018602.8	882720	921440.1	965816.06
"sp|P0A7L3|RL20_ECOLI"	"ECOLI"	0	0	0	0	0	0	0	0	0	72656.25	88836.1	0	0	78102.47	0	0	84751.05	0
"sp|P0A7L8|RL27_ECOLI"	"ECOLI"	0	0	0	0	0	0	0	0	0	0	254401.31	313030.4	150595.25	258677.1	266618.56	0	175595.36	206105.86
"sp|P0A7M2|RL28_ECOLI"	"ECOLI"	6878030.5	0	0	0	0	0	0	0	0	0	0	771143.44	5129211	0	0	0	0	766958.94
"sp|P0A7M6|RL29_ECOLI"	"ECOLI"	182074.9	83140.3	162609	166151.67	161371.03	138260.08	177554.66	145725.45	124685.71	587995.7	539840	532178.2	603041.56	568183.25	528764	542698.2	548524	540084.56
"sp|P0A7M9|RL31_ECOLI"	"ECOLI"	0	0	0	0	0	0	0	0	0	291356.62	289298.25	378350.9	271088.94	370062.6	368644.88	262315.2	420423.88	434394.47
"sp|P0A7N4|RL32_ECOLI"	"ECOLI"	0	0	0	0	0	0	0	0	0	0	0	0	59699.875	0	0	0	0	0
"sp|P0A7R1|RL9_ECOLI"	"ECOLI"	0	248619.42	47722.223	242393.52	276228.78	68620.445	189203.58	0	54101.934	803785	1097345.4	665466.1	614109.9	906755.75	499088.94	707627.1	471617.44	486821.38
"sp|P0A7R5|RS10_ECOLI"	"ECOLI"	0	0	0	0	0	0	55734.184	0	0	810586.06	852150.6	529728.7	803079.9	757420.06	771949.1	882611.44	720040.25	774254.25
"sp|P0A7R9|RS11_ECOLI"	"ECOLI"	0	0	64961.89	49520.883	0	0	0	0	51898.13	99593.4	239148.97	210684.05	181862.78	182703.08	163170.4	274377.88	245722.72	251591.75
"sp|P0A7S3|RS12_ECOLI"	"ECOLI"	0	0	0	0	0	0	0	0	0	195099.44	202147.28	244133.66	311343.56	216678.45	214354.94	366796.88	178891.48	211364.33
"sp|P0A7S9|RS13_ECOLI"	"ECOLI"	0	0	0	0	0	0	91757.695	0	0	859150.6	782207.9	838387.5	944905.56	667026.1	700381.5	789731.6	460507.62	884110.75
"sp|P0A7T3|RS16_ECOLI"	"ECOLI"	128653.17	241596.33	216455.1	202551.84	77097.49	211323.25	137804.28	157353.83	0	421713.7	426936.72	467229.9	508914.06	294712.16	350351.2	378291.12	445258.4	380722.38
"sp|P0A7T7|RS18_ECOLI"	"ECOLI"	0	96746.35	0	0	119222.17	0	68003.37	0	0	210479.08	287739.03	198225.42	180854.1	216301.97	476094.12	317868.72	345873.34	404415.34
"sp|P0A7U3|RS19_ECOLI"	"ECOLI"	0	0	0	43631.594	0	0	37480.758	0	0	175866.83	192946.16	203818.38	207673.52	149896.23	175600.16	456684.2	162077.11	189585.42
"sp|P0A7U7|RS20_ECOLI"	"ECOLI"	0	0	0	0	0	0	0	0	0	43266.035	60323.17	51332.047	47063.53	48269.785	60188.867	0	0	0
"sp|P0A7V0|RS2_ECOLI"	"ECOLI"	0	0	0	326448.44	388907.75	366100.5	248597.6	0	293091.16	819077.7	958270.2	290699.94	819310.4	913564.9	1181594.5	1318632.4	1196445.1	961449.2
"sp|P0A7V3|RS3_ECOLI"	"ECOLI"	146130.06	213626.16	128990.836	133057.03	0	155899.06	144170.89	158144.5	167107.19	957775.56	991380.56	909022.44	839756.25	951053.2	764064.2	911453.2	943225.8	928243
"sp|P0A7V8|RS4_ECOLI"	"ECOLI"	392793.7	563329.3	732279.7	424104.56	461885.66	474537	557294.44	469380.28	633791.3	1931456.6	2245602.8	2641706.2	2147005.2	2431975	2326147.2	2522503	2616451.8	2415593.5
"sp|P0A7W1|RS5_ECOLI"	"ECOLI"	0	38970.223	0	31824.297	0	0	0	30238.96	0	238155.9	258604.66	223583.19	268343.03	93304.76	126759.88	258964.66	228290.8	251734.23
"sp|P0A7W7|RS8_ECOLI"	"ECOLI"	0	0	0	0	0	0	0	0	0	256460	291272.12	110825.766	187856.66	240716.56	137121.45	239195	145348.4	146975.44
"sp|P0A7X3|RS9_ECOLI"	"ECOLI"	47582.04	0	78463.92	0	37789.062	48644.75	0	0	54591.914	119824.8	198577.02	198935.47	161976.73	188285.61	249667.77	200003.34	239014.31	245286.67
"sp|P0A7Z0|RPIA_ECOLI"	"ECOLI"	0	0	0	0	0	0	0	0	0	0	0	0	0	0	0	0	0	0
"sp|P0A7Z4|RPOA_ECOLI"	"ECOLI"	0	0	0	0	0	0	0	0	0	177947.42	151030.9	296851.03	176092.2	164626.14	302285.9	203191.55	397474.53	0
"sp|P0A825|GLYA_ECOLI"	"ECOLI"	39036.25	0	0	0	0	0	27591.97	0	0	1196917.8	893580.2	752737.8	1027600.75	929073.25	570773.5	821253.75	1214183.2	1057805.6
"sp|P0A836|SUCC_ECOLI"	"ECOLI"	207429.17	275739.4	317623.6	321731.6	321441.94	290355.75	281843.38	257529.28	209316.27	1866655.5	2056701.5	1954584.5	1824748.5	2162201.5	1980360.5	2041802.1	2316909	2020487.6
"sp|P0A850|TIG_ECOLI"	"ECOLI"	374266.75	308934.9	469460.38	173937.67	182040.45	342247.75	304072.97	152141.36	187414.03	1526905.6	1467967.5	1722099.4	1524962	1348402.2	1598869.1	1454115.1	1790385	1167011.5
"sp|P0A853|TNAA_ECOLI"	"ECOLI"	9144100	9457413	10700867	9847374	9937019	9458508	9390965	10350484	8862351	36868664	37594376	39797910	37251068	37392260	36723976	38573320	41653480	37223424
"sp|P0A855|TOLB_ECOLI"	"ECOLI"	0	0	0	0	0	0	0	0	0	29456.719	0	0	0	0	0	0	0	0
"sp|P0A858|TPIS_ECOLI"	"ECOLI"	0	0	0	0	0	0	0	0	0	0	30205.137	31854.51	33106.69	0	32624.908	30887.82	0	35793.49
"sp|P0A862|TPX_ECOLI"	"ECOLI"	170943.31	0	0	119234.26	85953.84	154100.12	66538.39	61961.207	0	1450498	1783000.4	1248117.9	1682335.8	1656449.8	1312401	1790999.8	898648.2	1896663.8
"sp|P0A870|TALB_ECOLI"	"ECOLI"	121152.875	59217.49	0	117750.01	0	39349.918	31211.326	34883.78	0	331050.62	310895.06	278758.25	342236.44	319948.47	315967.5	272868.38	299854.2	301955.25
"sp|P0A8F0|UPP_ECOLI"	"ECOLI"	0	0	0	0	0	0	0	0	0	52562.59	0	40123.68	47783.254	0	0	0	0	36195.133
"sp|P0A8L1|SYS_ECOLI"	"ECOLI"	0	0	0	0	0	0	0	0	0	0	0	0	0	0	0	0	0	0
"sp|P0A8M0|SYN_ECOLI"	"ECOLI"	0	0	0	0	0	0	0	0	0	0	0	0	160405.36	0	0	161643.33	0	0
"sp|P0A8M3|SYT_ECOLI"	"ECOLI"	0	0	0	0	0	0	0	0	0	0	0	0	0	0	183806.31	0	0	0
"sp|P0A8T7|RPOC_ECOLI"	"ECOLI"	0	0	0	0	0	0	0	0	0	582412.5	320491.88	190880.97	184743.86	406709.06	187022.81	159145.39	349293.12	299832.8
"sp|P0A8V2|RPOB_ECOLI"	"ECOLI"	0	0	0	0	0	0	0	0	0	246501.53	323647.25	0	231163.66	0	0	0	345962.8	0
"sp|P0A910|OMPA_ECOLI"	"ECOLI"	0	0	66336.66	0	0	0	0	0	0	211520.53	219469.88	280239.25	259074.42	197982.89	170994.17	199942.25	276492.03	229529.02
"sp|P0A930|WZA_ECOLI"	"ECOLI"	0	0	0	0	0	0	0	0	0	0	0	0	62870.293	0	0	0	77996.62	0
"sp|P0A953|FABB_ECOLI"	"ECOLI"	0	0	0	0	55365.555	0	0	0	0	206513.42	219425.4	257258.14	177415.4	195165.72	201231.6	191505.92	227742.25	0
"sp|P0A955|ALKH_ECOLI"	"ECOLI"	258315.86	243944.53	273096.47	266702.47	229090.17	243050.36	295086.38	250944.62	255016.67	1030392.7	1013789.06	1171117.4	1010715.06	1030041.5	971060.06	1025326.6	1213847.2	1037313.1
"sp|P0A972|CSPE_ECOLI"	"ECOLI"	143867.02	145125.42	108922.05	153218.44	123339.234	96757.47	123779.87	115368.98	93206.25	464093.22	310727.2	301096.4	336313.7	275767.9	263880.47	498233.8	269673.53	269450.03
"sp|P0A9A6|FTSZ_ECOLI"	"ECOLI"	0	0	0	0	0	0	0	0	0	121465.79	122746.13	89656.414	96776.29	0	60216.207	101580.734	86863.51	61905.75
"sp|P0A9B2|G3P1_ECOLI"	"ECOLI"	952058.56	649301.9	758489.75	923102.75	764287.75	822325.06	799319.56	846571.75	698774.94	3872558.2	4060047.2	3999655.2	4035250.8	4198525	3917583	4130441.5	4187457	4076322
"sp|P0A9C0|GLPA_ECOLI"	"ECOLI"	0	0	0	0	0	0	0	0	0	0	0	0	0	0	0	0	0	0
"sp|P0A9C5|GLN1B_ECOLI"	"ECOLI"	237941.42	210684.23	214997.45	211519.92	0	207179.48	238123.23	0	0	665976.3	687071.5	600238.6	675571.5	744543.5	659377.94	735087.5	707025.7	314647.03
"sp|P0A9C9|GLPX_ECOLI"	"ECOLI"	0	0	0	0	0	0	0	0	0	0	0	0	0	0	0	0	33816.11	0
"sp|P0A9D8|DAPD_ECOLI"	"ECOLI"	0	0	0	0	0	0	39623.008	0	0	270126.34	0	172728.8	258384.67	192617.66	137314.16	0	171907.36	180814.94
"sp|P0A9G6|ACEA_ECOLI"	"ECOLI"	0	45576.027	0	0	0	0	0	0	0	610533.5	581335	624433.5	740845	673204.94	713075.6	775829.9	644572.56	658441.9
"sp|P0A9K9|SLYD_ECOLI"	"ECOLI"	0	0	0	0	0	0	0	0	0	0	125191.414	0	0	0	125573.88	146241.2	0	112124.06
"sp|P0A9L3|FKBB_ECOLI"	"ECOLI"	0	0	0	0	0	0	0	0	0	0	0	0	0	0	0	0	0	0
"sp|P0A9M0|LON_ECOLI"	"ECOLI"	0	0	0	0	0	0	0	0	0	0	0	0	0	0	0	0	0	0
"sp|P0A9P0|DLDH_ECOLI"	"ECOLI"	0	0	0	0	0	0	0	0	0	774724.7	507441.25	665590.6	254302.89	696192.7	690388.2	663896.4	440375.2	842820.4
"sp|P0A9Q7|ADHE_ECOLI"	"ECOLI"	58255.754	0	0	52538.258	0	42009.426	0	51766.215	0	1057516.4	1322009.6	1065820.5	1120006.8	746009.56	1182530.4	995020.4	991409.5	1067880.9
"sp|P0A9V1|LPTB_ECOLI"	"ECOLI"	0	0	0	0	0	0	0	0	0	0	0	0	0	0	0	0	0	0
"sp|P0A9W3|ETTA_ECOLI"	"ECOLI"	0	0	0	0	0	0	0	0	0	104334	115912.76	98979.664	113153.77	104892.16	110600.16	108145.31	0	121646.34
"sp|P0A9Y6|CSPC_ECOLI"	"ECOLI"	352539.2	401615.88	187420.53	342430.47	435899.44	311474.53	120284.195	206148.33	207691.22	1318001.8	1331380.4	1206463.9	1286689.9	1160261.2	1000319.75	1336504	1016764.56	1076567.6
"sp|P0AA04|PTHP_ECOLI"	"ECOLI"	0	0	0	0	0	0	0	0	0	153195	183374.69	189118.97	128229.13	177153.28	163180.1	195134.2	173579.58	216748.3
"sp|P0AA10|RL13_ECOLI"	"ECOLI"	0	0	0	0	0	0	0	0	0	157090.48	139515.12	180113.23	0	156016.45	131296.83	199972.53	105066.12	155115
"sp|P0AA25|THIO_ECOLI"	"ECOLI"	312747.12	171239.58	220821.23	275762.7	274244.12	211906.81	312408	161461.88	311048.22	1225491.2	1019992	1125078.8	1218383.6	1157961.5	940019.56	1007079.4	1119781.9	1012320.2
"sp|P0AAI9|FABD_ECOLI"	"ECOLI"	0	0	0	0	0	0	0	0	0	121213.91	0	0	116253.19	96469.64	0	0	0	0
"sp|P0AAT9|YBEL_ECOLI"	"ECOLI"	53055.477	0	0	0	0	0	0	0	0	119263.8	58586.53	0	128702.695	0	0	85166.86	91787.164	0
"sp|P0AAZ7|YCAR_ECOLI"	"ECOLI"	0	0	0	0	0	0	0	0	0	177042.23	0	0	0	0	203064.36	0	0	0
"sp|P0AB71|ALF_ECOLI"	"ECOLI"	0	0	78807.08	0	133026.31	63728.06	96294.984	123007.516	0	873343.44	973521.1	846138.1	820344.5	931225.8	1052706.2	939450	827535.4	982864.06
"sp|P0AB77|KBL_ECOLI"	"ECOLI"	0	0	0	0	0	0	0	0	0	106546.09	79526.93	0	108458.62	105389.19	75278.98	0	0	0
"sp|P0AB89|PUR8_ECOLI"	"ECOLI"	0	0	0	0	0	0	0	0	0	0	0	0	115591.69	54162.215	167660.11	0	0	91247.42
"sp|P0ABB0|ATPA_ECOLI"	"ECOLI"	164590.78	130814.734	138267.72	222996.53	153561	214910.81	140086.89	165717.58	151933.9	1083050.5	1373183.8	1448395.5	1150535.9	1220831.4	1328646.2	1387854.9	1233307.5	1436550.1
"sp|P0ABB4|ATPB_ECOLI"	"ECOLI"	0	0	0	0	0	0	0	0	0	1871521.5	1145734.1	1357494.4	1682810	1157861	1048885.5	1713074.8	1475677.8	1216181.8
"sp|P0ABE2|BOLA_ECOLI"	"ECOLI"	0	0	0	0	0	0	0	0	0	0	0	0	45381.29	0	0	50320.96	0	0
"sp|P0ABH7|CISY_ECOLI"	"ECOLI"	128691.45	40648.27	68324.06	51781.77	32553.027	74219.16	138246.06	0	36098.09	1307271.6	965983.94	925494.75	1290995.8	1423415.1	1136267.5	1562551.2	957874.06	959150.2
"sp|P0ABK5|CYSK_ECOLI"	"ECOLI"	0	0	0	0	0	0	0	0	0	447823	493713	420976.66	509737.9	483495.62	328333.94	429290.75	451852.94	374474.4
"sp|P0ABP8|DEOD_ECOLI"	"ECOLI"	0	0	0	0	0	0	62260.34	0	0	75973.695	180707	113819.625	96297.164	98235.28	183138.98	178835.94	90035.77	129191.57
"sp|P0ABT2|DPS_ECOLI"	"ECOLI"	0	0	0	0	0	0	0	0	0	613096	397286.44	510257.06	552861.2	906327.06	579217	439315.56	411143.62	435275.75
"sp|P0ABZ6|SURA_ECOLI"	"ECOLI"	0	0	0	0	0	0	0	0	0	0	0	0	0	0	0	0	0	0
"sp|P0AC33|FUMA_ECOLI"	"ECOLI"	0	0	0	0	0	0	0	0	0	449692.84	533135.94	735544.06	538879.7	635964.4	657605.25	554280.75	749310.1	615539.6
"sp|P0AC38|ASPA_ECOLI"	"ECOLI"	0	351228.2	400273.62	0	204255.48	271541.22	161733.27	93607.41	131408.9	1322366	1609875.1	1117059.1	1533173.4	1488744.6	1349171.9	1915809.1	1140696.4	1840877.6
"sp|P0AC41|SDHA_ECOLI"	"ECOLI"	0	0	0	0	0	0	0	0	0	115215.305	118737.33	117204.44	112147.73	119883.84	241510.22	101741.83	325026.38	112501.37
"sp|P0ACA3|SSPA_ECOLI"	"ECOLI"	0	0	0	0	0	0	0	0	0	0	0	0	0	0	0	0	0	0
"sp|P0ACF0|DBHA_ECOLI"	"ECOLI"	1423793.2	1181828.9	1413153.8	1386474	729131.06	1209556.5	1548983.6	1145930.5	1378120.2	4583268	4360375.5	3823226.5	4691342.5	4138579.5	4311196	4069419.8	4196896	4130504.2
"sp|P0ACF4|DBHB_ECOLI"	"ECOLI"	303689.9	205372.58	265324.1	116444.8	0	113250.83	225983.31	61896.953	0	815057.94	776694.5	697988.5	685589.4	624997.2	738174.9	859277.75	671170.6	673483.75
"sp|P0ACF8|HNS_ECOLI"	"ECOLI"	707041.9	600248.3	738437.25	685000.25	569408.8	704107.9	741038.1	676360.6	668992.5	2768716.5	3018217.2	3009397.2	2963030.8	3024675.2	3064183.2	2704585.2	3068435.2	3157964
"sp|P0ACI6|ASNC_ECOLI"	"ECOLI"	0	0	0	0	0	0	0	0	0	332046.84	168283.34	409533.72	361141.78	227684.88	257284.44	0	349435.3	323411.84
"sp|P0ACJ8|CRP_ECOLI"	"ECOLI"	0	127641.69	0	0	0	0	126936.22	0	0	232747.61	178753.42	141780.33	0	33905.562	169318.8	0	152057.77	154611.66
"sp|P0AD61|KPYK1_ECOLI"	"ECOLI"	0	0	0	0	0	0	0	0	0	998206.56	851733.5	486939.6	1025880.75	846888.5	874423.75	460113.62	463294.53	332993.03
"sp|P0ADN2|YIFE_ECOLI"	"ECOLI"	0	0	0	0	0	0	0	0	0	0	446634.22	551631.56	434619	467400.94	536248.75	489486.78	421460.2	551736.75
"sp|P0ADY3|RL14_ECOLI"	"ECOLI"	0	0	0	0	0	0	0	0	0	188553.75	89014.21	135584.38	0	212546.3	76146.75	140100.11	96094.92	0
"sp|P0ADY7|RL16_ECOLI"	"ECOLI"	0	0	65871.42	0	0	0	0	0	0	360059.4	268397.66	425678.25	406955.2	485868.06	448549.38	401529.4	354104.16	477313.44
"sp|P0ADZ4|RS15_ECOLI"	"ECOLI"	0	78894.53	0	0	0	73483.05	50407.684	0	0	160000.16	245344.84	281706.47	146585.33	222428.97	266972.53	201150.38	242333.66	242481.8
"sp|P0AE08|AHPC_ECOLI"	"ECOLI"	376806.25	337497.25	270412.8	317107.6	270362.3	319693.1	358902.4	307624.75	362824.38	1939417.4	2545515	2217628.8	2193789	2435240.2	2483520.5	2464673.8	2342064.8	2606400
"sp|P0AE37|ASTA_ECOLI"	"ECOLI"	0	0	0	176160.53	0	0	0	76869.336	0	117406.4	0	145602.27	133959.89	272886.9	80039.9	0	172984.45	207689.66
"sp|P0AED0|USPA_ECOLI"	"ECOLI"	0	0	0	0	0	0	0	0	0	799525	702899.25	656151.7	792023.25	642522.3	554907.3	647504.3	612868.3	572728
"sp|P0AEE5|MGLB_ECOLI"	"ECOLI"	722055.3	1022363.75	867540.6	849225.1	956957.2	924505.1	933634	806068.06	841348.7	4586046	4314710	4446437.5	4096680.2	4826397	4729379	4328165.5	4887884.5	4331740
"sp|P0AEH5|ELAB_ECOLI"	"ECOLI"	0	0	0	0	0	0	0	0	0	58830.664	71120.43	70376.445	67750.7	70123.54	61726.645	92518.95	63602.527	91841.91
"sp|P0AEK2|FABG_ECOLI"	"ECOLI"	0	0	0	0	0	0	0	0	0	172088.14	0	146753.22	154058.78	0	175296.53	141168.78	138766.55	163509.94
"sp|P0AEK4|FABI_ECOLI"	"ECOLI"	0	0	0	0	0	0	0	0	0	0	0	0	0	0	0	0	0	0
"sp|P0AEM9|TCYJ_ECOLI"	"ECOLI"	0	0	0	0	0	0	0	0	0	0	116862.3	0	64673.94	111744.27	0	454707.12	0	127103.664
"sp|P0AEQ3|GLNH_ECOLI"	"ECOLI"	226040.48	0	0	99690.14	0	0	155456.27	82920.75	0	905485.75	702504.8	934309	1002204.4	851915.4	866359.6	717631.9	849863.5	806732.6
"sp|P0AES9|HDEA_ECOLI"	"ECOLI"	0	0	0	0	0	0	0	0	0	380393.7	335965.88	441595.94	0	403908.25	0	0	480103.16	0
"sp|P0AEU7|SKP_ECOLI"	"ECOLI"	0	0	0	0	0	0	0	0	0	492256.7	546638.4	472345.62	464720.34	682293.2	511171.2	337351.28	650675.6	477379.16
"sp|P0AEX9|MALE_ECOLI"	"ECOLI"	644919.4	794542.75	797203.06	636868.56	389824.1	515247.44	1041618.2	250348.8	564256.56	4498945	5094367.5	4961161.5	4608808.5	4944808.5	5263308.5	5955197	5100713.5	5318236
"sp|P0AF93|RIDA_ECOLI"	"ECOLI"	0	67437.555	0	0	0	0	0	69758.38	0	294334.22	202377.39	173715.89	241891.03	358640.94	383030.75	338809.9	204240.78	198774.19
"sp|P0AF96|TABA_ECOLI"	"ECOLI"	0	0	0	0	0	0	0	0	0	0	0	0	0	0	0	78403.21	108511.734	0
"sp|P0AFD1|NUOE_ECOLI"	"ECOLI"	0	0	0	0	0	0	0	0	0	0	0	0	0	0	0	0	0	0
"sp|P0AFF6|NUSA_ECOLI"	"ECOLI"	0	0	0	0	0	0	0	0	0	0	0	0	0	0	0	0	0	0
"sp|P0AFG3|ODO1_ECOLI"	"ECOLI"	0	0	0	0	0	0	0	0	0	75848.28	55345.69	0	0	0	37539.45	0	0	36213.492
"sp|P0AFG6|ODO2_ECOLI"	"ECOLI"	40784.793	0	0	138042.6	119315.05	24735.363	0	35921.96	0	1185869	826599.44	1073179.6	972714.8	1079677	974686.25	796324.8	1193790	914173.9
"sp|P0AFG8|ODP1_ECOLI"	"ECOLI"	0	48014.035	0	0	0	0	0	0	80401.79	369903.9	372438.9	451319.38	391960.5	376172.56	349389.25	165272.64	439993.47	246294.69
"sp|P0AFH8|OSMY_ECOLI"	"ECOLI"	63439.406	0	76303.26	66526.36	0	0	52692	85841.57	99343.17	353872.1	389436.3	509069.5	337571.97	525218.75	578932.44	385866.6	533281.9	543932
"sp|P0AFW4|RNK_ECOLI"	"ECOLI"	0	0	0	0	0	0	0	0	0	0	0	0	0	0	0	0	0	0
"sp|P0AG18|PURE_ECOLI"	"ECOLI"	0	0	0	0	0	0	0	0	0	47380.64	0	0	0	0	0	0	0	0
"sp|P0AG44|RL17_ECOLI"	"ECOLI"	227300.4	98856.9	185863.03	86530.38	121784.91	96464.61	196939.58	213377.75	98270.664	1050622	936152.06	943862.9	1048270.2	1009484.1	989512.5	972951.7	950192.8	984048.94
"sp|P0AG48|RL21_ECOLI"	"ECOLI"	0	0	0	322645.7	0	0	0	291518.28	0	942845	917595	831517.3	885691.1	1134323.4	957390.1	956354.5	1007033	891016.44
"sp|P0AG51|RL30_ECOLI"	"ECOLI"	0	0	57444.85	0	63696.734	0	51856.523	0	0	250239.28	223789.95	218780	237455.9	215806.64	234399.52	242529.67	215790.38	201044.86
"sp|P0AG55|RL6_ECOLI"	"ECOLI"	0	0	0	0	126014.75	0	0	0	0	1585911.2	1486509	1615621.6	1257385.6	1609255.4	1354794	1078018.5	1328107.4	1015403.56
"sp|P0AG63|RS17_ECOLI"	"ECOLI"	0	0	0	37243.945	0	0	0	0	0	380873.75	468123	451682.94	309098.6	443337.12	457617.62	528399.56	383176	441467.8
"sp|P0AG67|RS1_ECOLI"	"ECOLI"	364825.28	378080.72	505757.25	512850.56	289731.8	489718.94	282336.06	520185.06	0	3096174.2	2513648.5	2766370	3098126.2	3651569.5	2944872	3801881	3148869	3238815
"sp|P0AG86|SECB_ECOLI"	"ECOLI"	0	0	0	0	0	0	0	0	0	478087.97	352569.3	468143.25	331808.84	422948.44	464431.8	144796.36	461133.3	479405.44
"sp|P0AGE9|SUCD_ECOLI"	"ECOLI"	768383.4	310838.44	245320.64	207290.75	243513.97	0	240291.14	262421.22	245332.12	1897937.4	2075795.9	1905860.4	1410063.4	2216692.2	2355446	1870482.2	2159466.2	2006849.2
"sp|P0C018|RL18_ECOLI"	"ECOLI"	0	0	0	0	0	0	0	0	0	0	0	0	0	0	0	68890.86	0	0
"sp|P0C0L2|OSMC_ECOLI"	"ECOLI"	0	52976.324	0	0	0	0	132997.44	0	0	659819.5	588443.9	649717.9	571852.44	723282.06	729082.25	695900.3	844570	634937.94
"sp|P0C8J6|GATY_ECOLI"	"ECOLI"	0	0	0	52712.508	61643.93	0	43759.36	0	0	256862	273048.5	332119.94	465212.84	263013.34	496424.62	267486.88	252575.02	257412.12
"sp|P0C8J8|GATZ_ECOLI"	"ECOLI"	0	228011.5	309968.03	0	0	294291.72	0	217950.86	292183.8	355413.03	367605.44	389444.2	362873.25	348797.66	359606.84	406538.88	365611.6	387127.72
"sp|P0CE47|EFTU1_ECOLI"	"ECOLI"	4570709	5282684	6443821	4971317.5	5199786	5877660.5	4902685	5138892.5	5350434.5	20800914	23113502	21874962	19968304	22127490	22608008	22181114	22906706	22974512
"sp|P0DMC7|RCSB_ECOLI"	"ECOLI"	0	0	0	0	0	0	0	0	0	0	0	0	0	0	0	0	0	0
"sp|P12758|UDP_ECOLI"	"ECOLI"	0	0	0	0	0	0	0	0	0	0	0	0	0	0	0	0	0	0
"sp|P13029|KATG_ECOLI"	"ECOLI"	266713.53	0	0	0	0	0	0	0	0	341542.25	0	204559.97	136727.39	0	0	174439.56	0	0
"sp|P13033|GLPB_ECOLI"	"ECOLI"	0	0	0	0	0	0	0	0	0	100152.25	0	126437.69	107464.125	0	88405.875	140003.92	0	108939.93
"sp|P13035|GLPD_ECOLI"	"ECOLI"	0	0	0	0	0	0	0	0	0	0	0	0	0	0	0	0	0	0
"sp|P13482|TREA_ECOLI"	"ECOLI"	0	0	0	0	0	0	0	0	0	0	0	34420.277	0	0	0	0	0	0
"sp|P15288|PEPD_ECOLI"	"ECOLI"	0	0	0	32293.574	0	0	194416.23	0	0	278710.7	0	0	53991.29	0	93023.9	114575.95	0	0
"sp|P15639|PUR9_ECOLI"	"ECOLI"	0	0	0	0	0	0	46061.855	0	0	240246.64	0	0	371550.1	275301.12	410727.28	362688.78	110047.56	0
"sp|P15640|PUR2_ECOLI"	"ECOLI"	0	0	0	0	0	0	0	0	0	99217.266	86864.18	132274.69	116016.414	0	82525.484	0	96680.28	0
"sp|P16659|SYP_ECOLI"	"ECOLI"	0	0	0	0	0	0	0	0	0	0	0	64085.13	0	0	0	0	0	66672.125
"sp|P17169|GLMS_ECOLI"	"ECOLI"	0	0	0	0	0	0	0	0	0	69324.516	0	49432.895	76236.445	0	72967.04	65331.227	52478.246	63916.223
"sp|P21367|YCAC_ECOLI"	"ECOLI"	55843.766	109199.08	113055.34	0	97040.49	109595.19	131625.97	109393.3	89707.68	734253.2	772489.94	687475.1	726538.3	583055.4	611112.4	343843.44	538570.75	583853.75
"sp|P21599|KPYK2_ECOLI"	"ECOLI"	0	0	0	0	0	0	0	0	0	238303.88	246187.28	271588.78	247926.52	223025.02	259870.9	227065.28	216700.34	237795.25
"sp|P21888|SYC_ECOLI"	"ECOLI"	0	0	0	0	0	0	0	0	0	0	0	0	0	0	0	0	0	0
"sp|P21889|SYD_ECOLI"	"ECOLI"	21352.047	0	0	18236.555	36954.97	0	0	0	0	216362.42	128483.87	216748.22	167799.38	103911.945	196498.22	28783.75	169628.45	198670.98
"sp|P22256|GABT_ECOLI"	"ECOLI"	0	0	0	0	0	0	0	0	0	76506.76	0	71501.3	82923.82	0	95565.09	0	0	0
"sp|P22259|PCKA_ECOLI"	"ECOLI"	78265.24	28471.146	212060.77	0	0	0	0	0	44619.434	1374294.2	1400015.9	870699.9	1492283.2	1012931.1	1544030.4	1254693.2	1305774.8	1320755
"sp|P23538|PPSA_ECOLI"	"ECOLI"	0	0	0	0	0	0	0	0	0	196129.25	0	262609.4	289707	139087.53	161457.56	0	322743.6	0
"sp|P23847|DPPA_ECOLI"	"ECOLI"	84306.33	88834.61	84363.05	239558.12	0	83841.68	95162.79	0	0	1320004	1153980.2	1283152	1256257.8	1310873.6	1077532.8	1132034.4	1261268.1	1103222.2
"sp|P23857|PSPE_ECOLI"	"ECOLI"	0	0	0	0	0	0	0	0	0	0	0	0	0	0	0	0	0	0
"sp|P23869|PPIB_ECOLI"	"ECOLI"	0	0	0	0	0	0	0	0	0	0	53921.086	0	46646.64	0	0	0	111997.29	0
"sp|P23883|PUUC_ECOLI"	"ECOLI"	0	0	0	0	0	0	0	0	0	106361.26	0	0	108238.37	0	0	0	0	0
"sp|P25437|FRMA_ECOLI"	"ECOLI"	0	0	0	0	0	0	0	0	0	0	0	0	0	0	0	0	0	0
"sp|P25553|ALDA_ECOLI"	"ECOLI"	1558326.1	1358426.6	2002288.4	1678231.4	1646452.9	1560369.2	1895619.6	1943122.9	1733018	5981229	6468028	6359901	6357637.5	6279990.5	6563847.5	6658721	7038524.5	6644552
"sp|P27248|GCST_ECOLI"	"ECOLI"	0	0	0	0	0	0	0	0	0	269496.06	353995.56	138310.2	163872.5	402182.16	131534.6	386486.5	123412.375	377521.9
"sp|P27302|TKT1_ECOLI"	"ECOLI"	0	0	0	0	0	0	0	0	0	152807.8	168500.53	196965.86	164437.73	167813.84	216685	0	178295.42	183043.64
"sp|P27306|STHA_ECOLI"	"ECOLI"	0	0	0	0	0	0	0	0	0	0	0	0	135770.89	89152.164	0	110021.46	134430.4	0
"sp|P27431|ROXA_ECOLI"	"ECOLI"	0	0	0	0	0	0	0	0	0	0	0	0	29788.83	0	0	0	0	0
"sp|P27550|ACSA_ECOLI"	"ECOLI"	197056.25	321894.7	495566.12	86938.51	247386.62	263428.06	359113.06	287303.25	211804.55	2745750	2644654.5	2719289.2	2881216	2798267.5	2701792	2719720.5	2636550	2588727.2
"sp|P33195|GCSP_ECOLI"	"ECOLI"	0	0	0	120148.79	0	0	129965.91	0	0	234613.89	246197.48	382847.75	345611.8	375717.62	439407.56	270117.8	441362.4	247645.62
"sp|P33570|TKT2_ECOLI"	"ECOLI"	0	0	0	0	0	0	0	0	0	0	0	0	0	0	0	0	0	0
"sp|P36683|ACNB_ECOLI"	"ECOLI"	254814.88	608139.3	424073.44	201835.25	344448.38	418333.56	294978.1	127890.7	307769.25	3203938.5	2843448.2	3355111.8	3100991.2	2804436.8	2803966.8	2626532.5	2932002.8	2824056
"sp|P37647|KDGK_ECOLI"	"ECOLI"	356871.5	0	275673.34	64840.797	61867.28	0	63709.734	575685.9	476970.97	1373666.9	1348569	1407319.4	1578845.5	1313572.8	1420514.1	1426023.5	1638323.9	1483029.5
"sp|P37685|ALDB_ECOLI"	"ECOLI"	503021.47	211308.81	515977.16	0	416968.53	165897.44	434449.2	0	397343.44	1056621.4	1246236.6	1045085.94	790736.5	1405411.4	1061717.6	1390511.2	515801.72	1270249.5
"sp|P37769|KDUD_ECOLI"	"ECOLI"	53417.438	0	135934.69	115484.61	117073.11	101966.555	130696.72	0	137230.27	1462466.1	1327104	1677988	1832541.8	1769521.1	1424294	1755467.2	1652313.8	2298026.5
"sp|P37903|USPF_ECOLI"	"ECOLI"	0	0	0	0	0	0	0	0	0	217951.1	230566.55	260986.3	222910.77	225570.88	206726.36	226534.88	233103.81	212986.45
"sp|P39187|YTFJ_ECOLI"	"ECOLI"	0	0	0	0	0	0	0	0	0	0	0	0	0	0	0	0	0	0
"sp|P39325|YTFQ_ECOLI"	"ECOLI"	0	0	0	0	0	0	0	0	0	335196.22	407613.56	357896.53	332244.72	295740.88	158093.78	393148.28	433855.38	326798.12
"sp|P42604|UXAA_ECOLI"	"ECOLI"	0	0	0	0	0	0	0	0	0	0	0	0	0	0	0	0	0	0
"sp|P45523|FKBA_ECOLI"	"ECOLI"	0	0	0	0	0	0	0	0	0	324251.38	119220.76	210764.08	377957	272166.88	296165.2	0	284839.9	336646.8
"sp|P45577|PROQ_ECOLI"	"ECOLI"	0	0	0	0	0	0	0	0	0	0	0	97748.88	0	0	0	0	0	0
"sp|P50457|PUUE_ECOLI"	"ECOLI"	0	0	0	0	0	0	0	0	0	0	234275.72	241183.55	0	339769.2	282916.66	354400.1	355428.28	0
"sp|P56262|DLHH_ECOLI"	"ECOLI"	0	0	0	0	0	0	0	0	0	89992.04	0	105275.85	0	0	0	0	153701.73	95646.35
"sp|P60422|RL2_ECOLI"	"ECOLI"	90078.45	115932.01	0	552837.44	76875.805	86321.79	504874.34	0	42205.09	1164512	1758239.8	2251190.8	1335352.8	2504688.8	2203702.5	2071942.8	2539681.2	2317166
"sp|P60438|RL3_ECOLI"	"ECOLI"	154167.16	0	0	62793.703	210448.44	69271.01	50977.86	0	90745.75	1026625.44	1124808.1	1003329	851667.7	1093728.4	1007703.6	1108229.9	1078142.8	978398.6
"sp|P60624|RL24_ECOLI"	"ECOLI"	26696.707	0	38951.61	30540.664	127263.414	0	0	143027.39	0	490234.7	594396.06	397618.47	354529.56	336244.62	440915.12	717314.7	540297.4	547762.8
"sp|P60723|RL4_ECOLI"	"ECOLI"	329529.84	300156.4	493485.12	365103.62	188804.62	261315.06	192593.83	357006.12	383157.12	1568076.1	1692303.5	1684157.2	1571886.9	1529712.1	1468992.9	1564435.8	1886654.5	1510387.2
"sp|P61175|RL22_ECOLI"	"ECOLI"	0	0	0	0	0	0	0	0	0	371297.38	294660.16	317765.28	372873.3	481918.56	294092.56	303630.47	296186.25	261161.44
"sp|P61517|CAN_ECOLI"	"ECOLI"	0	0	0	0	0	0	0	0	0	0	0	0	0	0	0	0	0	0
"sp|P61714|RISB_ECOLI"	"ECOLI"	0	0	0	0	0	0	36091.86	0	29722.45	155044.8	168847.31	175965.97	164087.75	171006.1	171967.02	148907.66	164312.03	167648.8
"sp|P61889|MDH_ECOLI"	"ECOLI"	1263890.2	1113383.2	968331.7	814437.5	1053215.2	761549.5	863385.2	756764.4	810326.7	5096966.5	4353635.5	4503270.5	4414435.5	4367654	4499608	5214330	4231716.5	4218982.5
"sp|P62399|RL5_ECOLI"	"ECOLI"	189814.47	226385.56	0	262167.84	0	116414.875	0	147206.11	112505.16	1132263.1	848305.94	1238465.4	935755.8	1344168.5	1030334.1	1256649.9	942335.4	1007932.8
"sp|P62707|GPMA_ECOLI"	"ECOLI"	68464.164	0	0	0	0	66127.875	0	78600.836	0	615901.6	549235.4	698488.25	608258.75	664927.06	745207.8	501345.94	677617.3	547188.44
"sp|P63224|GMHA_ECOLI"	"ECOLI"	0	0	0	0	0	0	0	0	0	180519.48	230790.61	209346.1	192782.61	197699.89	200193.52	185268.48	218768.06	215415.2
"sp|P63417|YHBS_ECOLI"	"ECOLI"	0	0	0	0	0	0	0	0	0	0	0	0	0	119413.45	0	114414.09	0	0
"sp|P64581|YQJD_ECOLI"	"ECOLI"	227589.22	275891.5	286454.38	246812.55	252423.86	223873.69	245608.98	246634.03	225747.89	814601.75	878279.25	965974.4	918039.9	960923.25	967235	964714.9	1097174.1	1014546.5
"sp|P68191|SRA_ECOLI"	"ECOLI"	41539.17	0	0	0	0	35577.67	0	0	0	82713.05	79136.83	106440.79	93804.54	85549.945	87279.98	0	74290.98	80932.51
"sp|P68206|YJBJ_ECOLI"	"ECOLI"	0	73427.59	200406.44	0	136351.53	94883.64	45692.652	49273.99	0	387830.22	537326.56	483959.44	356247.12	473202.84	417394.94	456073.5	413763.66	379564.88
"sp|P68679|RS21_ECOLI"	"ECOLI"	0	0	0	0	0	0	0	0	0	72032.34	71799.13	105337.66	63574.03	95570.22	101413.51	88487.516	0	91634.2
"sp|P68919|RL25_ECOLI"	"ECOLI"	158329.45	0	0	324258.34	0	340767.6	0	0	0	865257.75	615635	499492.5	486400.28	445593.12	524244	367478.03	526605.9	340055.1
"sp|P69222|IF1_ECOLI"	"ECOLI"	0	0	0	0	0	0	0	0	0	0	0	0	0	0	0	0	0	0
"sp|P69441|KAD_ECOLI"	"ECOLI"	0	0	0	0	159987.66	117966.41	0	0	0	0	205939.8	270436.34	276314.16	422072.7	354295.62	256647.97	188889.64	381339.62
"sp|P69783|PTGA_ECOLI"	"ECOLI"	294462.3	320821.5	684782.1	255707.75	255548.98	340741.03	223734.25	311597.25	289065.56	1664224.6	1580995.6	1663538.9	1674727.2	1463796.5	1399194.9	1656012.5	1278742.2	1204622
"sp|P69786|PTGCB_ECOLI"	"ECOLI"	0	0	0	0	0	0	0	0	0	0	0	0	0	0	0	0	0	0
"sp|P69797|PTNAB_ECOLI"	"ECOLI"	0	0	0	0	0	0	0	0	0	0	0	0	0	0	0	0	0	0
"sp|P69828|PTKA_ECOLI"	"ECOLI"	0	0	0	0	0	0	0	0	0	81317.66	175878.06	142896.84	0	166888	98143.516	116164.414	136040.5	133550.7
"sp|P76108|YDCS_ECOLI"	"ECOLI"	0	0	169494.83	98092.9	116962.67	131661.03	0	0	109364.09	256861.53	251133.19	321008	145273.97	247005.19	308930.7	215779.02	245794.12	219240.61
"sp|P76402|YEGP_ECOLI"	"ECOLI"	0	0	0	0	0	0	0	0	0	0	0	0	0	0	0	0	0	0
"sp|P76518|ACOCT_ECOLI"	"ECOLI"	117659.94	182954.19	193113.56	132255.16	0	162006.47	0	143896.3	172461.27	106050.98	178277.88	145896.28	95776.086	139771.89	172732.56	163309.08	174945.31	156880.02
"sp|P76558|MAO2_ECOLI"	"ECOLI"	153450.33	0	0	249179.62	0	0	135271.89	0	0	787393.1	737337.4	637289.9	770039.9	647488.5	622735.9	615312.3	667645.94	813049.75
"sp|P76621|GLAH_ECOLI"	"ECOLI"	0	0	0	0	0	0	0	0	0	81648.516	90411.54	71809.195	75545.03	75350.73	52752.383	78660.93	80028.14	0
"sp|P77302|DGCM_ECOLI"	"ECOLI"	0	0	0	0	0	0	0	0	0	0	0	0	0	0	0	0	0	0
"sp|P77434|ALAC_ECOLI"	"ECOLI"	0	0	0	0	0	0	0	0	0	0	0	0	0	0	0	0	0	0
"sp|P77581|ASTC_ECOLI"	"ECOLI"	543204.1	571074.5	531396.6	550580.7	419414	517171.66	481277.6	533677.5	440466.47	1893368.4	1490597.8	1474515.2	2007730.8	1481012.1	1888686.1	1422843.9	2075180.5	1542322.4
"sp|P77674|ABDH_ECOLI"	"ECOLI"	0	0	0	0	0	0	0	0	0	1106066.9	965536.56	711624.94	1134114	785686.4	907105.7	662387.94	824248.9	806077.94
"sp|Q46851|GPR_ECOLI"	"ECOLI"	0	0	0	0	0	0	0	0	0	73177.41	79126.92	104150.27	65734.17	93525.836	110629.9	94742.46	108600.23	0
"sp|Q46857|DKGA_ECOLI"	"ECOLI"	0	0	0	0	0	0	0	0	0	0	0	0	0	0	0	0	0	0
"sp|Q46938|KDUI_ECOLI"	"ECOLI"	70423.33	0	0	0	0	0	0	0	0	672646.44	420125.75	497750.7	630692.44	174752.1	365910.75	0	495127.56	520024.2
