"Protein"	"Organism"	"AA_1.Intensity"	"AA_2.Intensity"	"AA_3.Intensity"	"AB_1.Intensity"	"AB_2.Intensity"	"AB_3.Intensity"	"AG_1.Intensity"	"AG_2.Intensity"	"AG_3.Intensity"	"BA_1.Intensity"	"BA_2.Intensity"	"BA_3.Intensity"	"BB_1.Intensity"	"BB_2.Intensity"	"BB_3.Intensity"	"BG_1.Intensity"	"BG_2.Intensity"	"BG_3.Intensity"
"sp|A0A0B4J2D5|GAL3B_HUMAN"	"HUMAN"	4859068	4911658.5	4943642	3985421	5170794.5	5233572	5198780.5	5054264.5	4649695	5075640.5	5369900.5	5357333.5	6026471	5600737.5	5802577.5	5877961	4901372.5	5917239.5
"sp|A0A2R8Y4L2|RA1L3_HUMAN"	"HUMAN"	3636750.5	3366455	3747648	3349765.5	3308248.8	3607246.8	3481809.5	3550413.8	3296551.2	3576930.2	3490322.5	3482908.8	3415481.5	3416968.5	3611185.2	3484467.5	3463928.8	3302057.5
"sp|A0A804HLA8|GBG5B_HUMAN"	"HUMAN"	320696.06	394217.97	230813.16	375012.5	454567.1	369957.38	420738.53	406046.84	349588.62	228394.72	318861.8	410619.72	259449.39	351953.25	289259.72	309064.22	235848.33	292592.75
"sp|A0AVT1|UBA6_HUMAN"	"HUMAN"	14616685	14324410	16162292	14864090	13516674	14380611	14898062	13529587	14232515	14353464	15920927	15885327	15599749	15826534	15581571	15821504	15558826	14865349
"sp|A0JLT2|MED19_HUMAN"	"HUMAN"	0	0	0	0	0	0	0	0	0	0	0	0	175373.55	110411.36	0	0	0	56012.05
"sp|A0MZ66|SHOT1_HUMAN"	"HUMAN"	447070.75	942404.5	601746.3	817550.25	468265	666313	231214.52	368499.38	650098.75	807060.1	772481.75	1286083.2	1128458.8	1242806.4	1079121.8	718312.1	1016209.44	723636.56
"sp|A2RRP1|NBAS_HUMAN"	"HUMAN"	414227.06	0	422012.5	503107.22	365438.06	0	425035.4	402164.12	526622.75	308277.22	0	0	481019.56	0	0	592556.1	307684.78	0
"sp|A3KN83|SBNO1_HUMAN"	"HUMAN"	0	0	195424.88	188512.72	0	158456.9	0	0	0	0	151196.4	116672	0	0	0	0	175834.3	0
"sp|A4D1E1|Z804B_HUMAN"	"HUMAN"	0	0	0	0	8634.503	0	0	0	0	0	12268.527	0	0	0	20170.03	0	0	0
"sp|A4D1E9|GTPBA_HUMAN"	"HUMAN"	0	0	0	0	249768.6	1574580.5	0	0	0	994321.56	1222379.6	1108473.4	1191594.4	1194323.5	1308871.1	1189566.4	1184570.1	1263821.4
"sp|A5PLN9|TPC13_HUMAN"	"HUMAN"	0	300890.12	0	354213.1	0	316489.8	0	0	0	0	0	0	0	0	0	0	0	0
"sp|A5YKK6|CNOT1_HUMAN"	"HUMAN"	3337171.8	3514798	3025542.2	3097927.5	4221831.5	3328102	4205996.5	4232938	5233515	4719100	5400656.5	4544100	5183936	5266190.5	6187906.5	6182631	4204787.5	5295403
"sp|A6NCE7|MP3B2_HUMAN"	"HUMAN"	1543845	1576671.2	1644472.8	1462760.2	1568171.5	1589271.2	1555216.8	1651646.2	1648182.6	1661730.2	1552164.5	1587754.2	1500804.5	1528756.5	1590396	1532460.5	1628442.8	1574130.1
"sp|A6NDG6|PGP_HUMAN"	"HUMAN"	3159288.8	1166928	3199265	2285310	3221519.5	3197586.8	3497510.2	3398349	4247885.5	2788212.8	4444432	3579373.5	4039058.2	3119414.5	4228028.5	3371912.5	2825583.2	2651268
"sp|A6NDU8|RIMC1_HUMAN"	"HUMAN"	819521.94	904637	311041.28	838871.75	852705.3	1339717.1	1260310	1672786.4	1891741.6	1279141	1879586.8	1606275	1659975.4	746919.25	1638681.5	1974521.6	1312610.1	2703506.2
"sp|A6NGK3|GAG10_HUMAN"	"HUMAN"	0	2365859.5	0	0	0	0	2587639.5	0	0	0	0	0	0	0	0	2535077.5	0	0
"sp|A6NHL2|TBAL3_HUMAN"	"HUMAN"	0	0	4003054	0	0	3194348.5	0	0	3303855	0	0	0	0	11649755	0	0	0	0
"sp|A6NHR9|SMHD1_HUMAN"	"HUMAN"	9739748	7439446.5	8171375	10605804	14711988	9788047	8003141.5	7796143	9004037	9811359	10466181	9747186	9507080	10391012	12246549	9124747	9516211	8687166
"sp|A8MT69|CENPX_HUMAN"	"HUMAN"	0	0	0	0	0	0	0	0	0	0	0	0	0	0	0	0	0	0
"sp|A8MWD9|RUXGL_HUMAN"	"HUMAN"	12310199	12352272	11925220	12405326	12458085	12071068	12691043	12320816	12503930	11484024	11810174	11353085	12044679	11840020	11646346	11064802	11346456	11529718
"sp|B2RXH8|HNRC2_HUMAN"	"HUMAN"	0	0	0	0	0	0	0	0	0	0	0	0	0	0	0	0	0	0
"sp|C4AMC7|WASH3_HUMAN"	"HUMAN"	674563.75	0	0	0	0	0	0	0	488767.75	0	139858.23	0	0	0	0	0	0	0
"sp|E9PAV3|NACAM_HUMAN"	"HUMAN"	45644356	46118840	47619396	44745836	46220932	46100164	45609556	41600176	42897864	44747604	43681500	44615350	45274276	43819930	43857230	45211916	44325696	43943250
"sp|E9PRG8|CK098_HUMAN"	"HUMAN"	606129.94	721213.25	727613.44	771725.75	1056039.8	982042.2	943697.44	1257274.2	872237.94	1372295.8	773038.6	899411.8	721531.9	790101	1085382.8	534031.4	1166337.9	1116756.8
"sp|L0R6Q1|S35U4_HUMAN"	"HUMAN"	0	0	270537.7	0	0	286267.66	0	0	0	0	278954.5	279691.78	327495.72	0	291694.16	275607.94	298567.3	306065.34
"sp|O00116|ADAS_HUMAN"	"HUMAN"	9749197	11043100	11610908	7988411.5	10853604	10805404	11012594	10899354	6166485	9719814	9551192	9641846	10374427	10899827	10093532	10086700	8525432	10475124
"sp|O00139|KIF2A_HUMAN"	"HUMAN"	4729367.5	4309058	4376353.5	2960817.5	3187785.5	3372963	3616269.8	4085746	3668951	2193460.5	2574257.8	1918238.2	4255275.5	2747216.2	3122884.2	1848873	1565083.6	3474761.2
"sp|O00148|DX39A_HUMAN"	"HUMAN"	17125694	18733700	18544264	17970214	19464574	21403550	18025806	19704442	15799944	21513742	20695778	21145582	20863060	22003718	21116282	19618890	19898144	21463902
"sp|O00151|PDLI1_HUMAN"	"HUMAN"	24587154	22916252	21965946	25406008	24206498	24471506	21317774	22311132	26113688	24183540	24188532	24470018	25286438	29125838	24593490	25667618	24080774	21370946
"sp|O00154|BACH_HUMAN"	"HUMAN"	7791724.5	8708997	6984041	5750548.5	8532926	6114518	9129906	5956601	6424300	8666314	6062561	8657138	9355026	8726925	8834809	7466330.5	8971904	5638740
"sp|O00161|SNP23_HUMAN"	"HUMAN"	4361461	1452519.5	3955748.5	2514321.2	4099689.5	2047880.2	4645304	4476363.5	2550983	2517912.8	3032787.5	3505889	3413321.5	3146130.2	2754457.2	3177379.5	3139033.2	3133690
"sp|O00165|HAX1_HUMAN"	"HUMAN"	0	0	0	0	0	0	0	0	0	1950982.5	0	1363725.8	0	0	186553.67	2684500	2283720.5	2669944.2
"sp|O00170|AIP_HUMAN"	"HUMAN"	2872116.8	2781772	2645522	3236758.2	2707391	3295765	2649313.2	3292493.5	2651956.8	3576279.5	3484958	3457415	3034491	2954657	2614906.8	2835408.8	2660645	3930683.2
"sp|O00178|GTPB1_HUMAN"	"HUMAN"	0	0	530087.1	0	0	0	0	400818.38	0	97244.76	0	0	0	0	0	0	0	1072657.8
"sp|O00193|SMAP_HUMAN"	"HUMAN"	1728097.6	1785945.5	1525309.9	1723498.5	1746615.6	1645326	1739048.2	1750616.5	1595205.2	1651654.8	1677648.5	1589593.1	1757731.5	1626899	1576779.2	1692278.2	1598507.8	1651708.4
"sp|O00203|AP3B1_HUMAN"	"HUMAN"	609473.44	610391.25	657939.6	885434.9	1138750.2	303718.97	265705.9	0	695218.4	869276.5	1856584.5	1178479	1454783.1	976921.9	1138624.2	1263826.5	875270.9	1490360.2
"sp|O00217|NDUS8_HUMAN"	"HUMAN"	2839107.5	2579763.5	2275061.5	3170230.2	2823903.8	1632972.5	1667645.9	3114103	2877506	1200346.2	1373418.5	1184713.5	1819068.1	1167265.1	1212832.5	1187666.9	1877062.8	1761305
"sp|O00231|PSD11_HUMAN"	"HUMAN"	39809030	39799300	38443292	41670336	39310284	39129480	39030948	39684704	39375530	37974404	43101276	42805764	42275040	39203464	37771856	34864400	42111370	39218300
"sp|O00232|PSD12_HUMAN"	"HUMAN"	17031490	16806936	16476057	16306443	17540520	18976008	17003806	17553986	17358496	19382674	18614378	20615222	19012054	20493152	19430194	20434524	20072386	18799800
"sp|O00233|PSMD9_HUMAN"	"HUMAN"	3279886.5	2174868.2	2704120.2	2993709	2530908.2	2937881.8	3220466	2554228	3220226.5	3398981.2	3616666.2	3529593.5	3531664	3216611.5	3172329.5	3114728.2	2486014.8	3809821.5
"sp|O00244|ATOX1_HUMAN"	"HUMAN"	2167079.8	2105381	2402335	2128611.5	2213128	2283235.2	2192852	2258670	2164111.2	2121149.2	2115012	2220644.8	2154419.8	2117270.5	2202768.5	2006641.8	2042800.2	2155289.8
"sp|O00255|MEN1_HUMAN"	"HUMAN"	0	0	0	0	0	0	0	0	0	0	0	157685.27	164478.16	0	146147.34	0	112971.49	0
"sp|O00267|SPT5H_HUMAN"	"HUMAN"	8470579	6235957	8847957	7561321.5	9638767	8403693	8987222	8235617.5	9348344	9890551	7321067.5	8625867	7709028.5	9125819	8275640	8944467	8248962.5	8658248
"sp|O00273|DFFA_HUMAN"	"HUMAN"	2047116.2	462335.3	574966.1	1148848.5	1015015.06	659684.4	3037897.8	1293082.6	1877450.2	1774944.6	1574112.5	2379576.8	2275205	2405961.5	2095909.8	2449630.8	1886673.2	1853990.4
"sp|O00299|CLIC1_HUMAN"	"HUMAN"	304880600	302720030	298243680	300494180	292879400	296293400	299893400	302525440	293100670	298429250	293438620	286674880	290847520	288853700	291917630	299853800	295568860	298619780
"sp|O00303|EIF3F_HUMAN"	"HUMAN"	18338702	14694777	16919740	17722112	17534638	16351765	17267548	17783096	15690817	16985064	16710302	16430543	16386711	17208874	16096894	16297596	15875640	16521395
"sp|O00330|ODPX_HUMAN"	"HUMAN"	3560933.8	0	622513.4	3742523.5	0	0	0	0	4225147.5	3115484.5	3055910.8	599427.1	3859245	504297.56	0	613624.8	3983699	492219.12
"sp|O00410|IPO5_HUMAN"	"HUMAN"	42440068	40456016	40091108	42760084	39163212	43085428	41099588	41207460	40384000	42412504	42651024	42108010	45394560	43794132	45590900	43954656	42199268	42788630
"sp|O00418|EF2K_HUMAN"	"HUMAN"	0	0	0	0	0	0	0	0	0	0	0	0	0	0	0	0	0	0
"sp|O00422|SAP18_HUMAN"	"HUMAN"	10961298	9514603	10536623	10801806	11415366	11341389	11304085	10555389	11021611	10807394	10919762	11132859	10716363	11343813	11161168	11227954	11174161	10748219
"sp|O00425|IF2B3_HUMAN"	"HUMAN"	9803026	9125399	11823496	7729531.5	10956299	14158846	9742774	11322186	12122812	13104900	12505750	12105189	10815683	13958204	12573277	13034508	15941242	15392370
"sp|O00429|DNM1L_HUMAN"	"HUMAN"	7455630.5	5792747	5418500.5	5761540.5	6115260.5	6723006	6282400.5	6586743	8486797	9067963	6767757	7843641.5	8080055	6266021.5	7648543.5	8588452	6033250.5	7614910.5
"sp|O00442|RTCA_HUMAN"	"HUMAN"	1631606.2	967157.75	1151902	1859249.8	1367785.2	760015.9	1496441.8	1339044	2533129.2	1032148.06	3436422	2389755.8	769509.3	1255314	1142300.5	1774952.8	975505	3138331.2
"sp|O00461|GOLI4_HUMAN"	"HUMAN"	0	0	0	0	0	0	0	0	0	0	0	0	0	0	0	0	0	0
"sp|O00479|HMGN4_HUMAN"	"HUMAN"	271466.22	203891.7	0	263710.34	269209.9	0	0	0	314550.97	262637.7	244102.88	243247.2	277306.03	0	232377.89	0	268223.47	240356.61
"sp|O00483|NDUA4_HUMAN"	"HUMAN"	2136855	3447406	3653051	2043817.5	3355736	3327779.8	3417582.2	3187374	3498947	3129072.5	3169503.2	3055724.5	3373928.2	2935625	3285532	3081401.5	2739261.8	3254280.5
"sp|O00487|PSDE_HUMAN"	"HUMAN"	11885954	12141365	14747361	12602033	12616577	13068707	11301930	12430382	15025798	15630668	15579825	15915348	16270910	13317780	15857518	13076698	15940091	16143098
"sp|O00505|IMA4_HUMAN"	"HUMAN"	2167964.8	2356688	1873584.6	1162068.9	2170229.2	994549.3	2504347.8	1938556.4	1431007	2475578.2	2642335	1889104.8	1740246.9	2576345.8	2363655.5	2222674.5	2470263.2	1685334.5
"sp|O00541|PESC_HUMAN"	"HUMAN"	1466993.5	4343667	1923977.9	3002748.8	1750543.8	4094572.2	7496462	2505401.5	1558624.2	8374552	8246893.5	7631406	8110063	7205100	7325591	2000972.8	7129116.5	6315942.5
"sp|O00560|SDCB1_HUMAN"	"HUMAN"	295196.25	251057.98	279989.9	0	0	263950.22	0	0	207074.75	311745.94	119138.445	260292.81	0	0	279691.47	0	263814.9	304655.5
"sp|O00566|MPP10_HUMAN"	"HUMAN"	4784430	3714748	5290110	7027464.5	4998010	6128872.5	5987797.5	4739400.5	5909883	6185159	5637055	4778598	7611305	5675606	6617958	6678169	5773268	5795129
"sp|O00567|NOP56_HUMAN"	"HUMAN"	2462143	2006508.1	3465389	2982856.8	4009162.5	2445824	3030172	2151579.2	3786450.5	3356344	5012418.5	3330188.8	3835864	4821625	5583909.5	4626457	4591733	4931165
"sp|O00571|DDX3X_HUMAN"	"HUMAN"	45716504	46674170	49934136	44913760	43113340	43641450	48028104	40657548	48608000	46321224	46106596	49951340	48301976	48473576	45679468	45340916	46477410	49275532
"sp|O00584|RNT2_HUMAN"	"HUMAN"	0	0	0	0	0	0	0	0	0	0	0	0	0	0	0	0	0	0
"sp|O00625|PIR_HUMAN"	"HUMAN"	0	0	98261.84	0	116292.07	0	0	0	138979.94	0	0	0	0	0	0	0	0	0
"sp|O00629|IMA3_HUMAN"	"HUMAN"	7393999.5	8478353	8270733	6604651	9161359	8787511	9347064	5449313	7841621	8301811	9312698	7736987	8227075.5	7564571.5	7882605.5	7504130.5	8117337	7111134.5
"sp|O00743|PPP6_HUMAN"	"HUMAN"	0	0	416980.28	0	421858.97	466501.2	333736.72	384249.72	0	1999105	783495.6	465817.97	2215734	1153536.8	1052596.8	2743931.8	2634334.8	916588.94
"sp|O00764|PDXK_HUMAN"	"HUMAN"	4980622	5007293.5	5422919.5	4947967	4150592.8	4620978	3883842.5	5284786.5	4936875.5	4382448	4577331.5	5097878.5	4222380	4481108	4605501	5538219	4976982	4220056
"sp|O14497|ARI1A_HUMAN"	"HUMAN"	1640467	931802.1	896109.8	2865691.8	2057055.6	1593887.4	684830.1	1635359.2	2475620.8	2904433	3708796.8	2893542.5	2996955	1643641.2	2422315	2019479.8	2683456	2355518.2
"sp|O14519|CDKA1_HUMAN"	"HUMAN"	0	170359.86	0	272806.3	0	0	0	0	0	231685.11	268167.8	0	283164.4	249959.66	283544.3	261317.25	0	333814.66
"sp|O14526|FCHO1_HUMAN"	"HUMAN"	0	0	0	0	0	0	0	0	0	0	0	0	0	0	0	0	0	0
"sp|O14530|TXND9_HUMAN"	"HUMAN"	721485.75	428015.06	428975.12	746709.25	414521.88	422545.78	386139.6	444724.44	378426.47	787842.4	442847.94	781848.25	1256488.6	437521.6	680963.75	760816.6	434981.2	1396117
"sp|O14545|TRAD1_HUMAN"	"HUMAN"	206679.28	260728.25	88817.33	192383.28	171832.45	0	331687.44	440684	202313.05	277784	832801.5	134301.06	578287.25	684167.44	868134.75	272316.62	958297.94	241613.58
"sp|O14561|ACPM_HUMAN"	"HUMAN"	11632361	11598597	11135682	11278917	10986872	11281251	11192353	11508872	11378323	11309768	11243291	9225182	10803852	10876306	9367423	11320747	11060307	9381582
"sp|O14562|UBFD1_HUMAN"	"HUMAN"	1733837	1151409.6	1428627.2	1445993.4	1829070.1	1199878.9	1323552	1547303.1	1239020	1890551.9	1206611.4	1414928.4	912245.7	1935418.5	1048877.2	1947935.1	1079465.5	1350042.8
"sp|O14579|COPE_HUMAN"	"HUMAN"	7033982	5345724.5	6823263	8008465	6537280.5	6381655.5	7223308	6644278.5	7639040	7302620	7533163	7977557	7724009.5	7350340.5	7498743.5	7255805.5	7606447	6983270.5
"sp|O14617|AP3D1_HUMAN"	"HUMAN"	3359377	3507446.8	411644.7	3783921.5	777189.4	1268402.8	1868547	3390754	1116264.4	363636.88	1386792.8	358864.7	1239102.8	1696549.9	320803	558135.75	1264825.8	646613.56
"sp|O14618|CCS_HUMAN"	"HUMAN"	0	265746.12	711790.75	0	0	563804.9	0	328998.1	632637.1	0	528523.4	512479.7	0	0	0	356532.03	0	0
"sp|O14646|CHD1_HUMAN"	"HUMAN"	246630.98	0	0	166371.83	0	0	1297949.5	0	0	0	172908.36	0	128272.11	158539.45	142059.1	232208.28	163803.33	9402.667
"sp|O14662|STX16_HUMAN"	"HUMAN"	0	0	0	0	0	0	0	0	0	0	0	0	0	0	0	0	0	0
"sp|O14737|PDCD5_HUMAN"	"HUMAN"	26352542	12051292	13343641	14849112	26593912	13674226	12806055	13232967	13082739	12623686	12992140	14423525	10667953	12647667	13486274	23237794	11735561	12767174
"sp|O14744|ANM5_HUMAN"	"HUMAN"	19350686	19087366	17269488	19586120	18633596	19125236	22710308	21048832	16694767	23211494	19940126	21645344	22940092	22173424	21476130	20374568	18671816	19830148
"sp|O14745|NHRF1_HUMAN"	"HUMAN"	1536835.6	774538.1	1050306.9	1741147.1	2249783.8	1027862.7	2221897.2	2109266	1193696.9	1937993.6	2015906.4	1421311.1	1873523.8	1914626.2	1645917.6	1087329.8	2083005.4	1404116.8
"sp|O14757|CHK1_HUMAN"	"HUMAN"	0	0	0	0	82434.32	0	0	0	0	66969.59	0	0	0	0	57842.98	0	77915.29	0
"sp|O14773|TPP1_HUMAN"	"HUMAN"	521597.88	570150.8	886226.5	0	418955.16	841763.44	433689.84	636748.25	1085598.8	1144059.8	1035210.75	515641.6	1136842.8	592419.75	448497.1	0	1205523	535420.1
"sp|O14776|TCRG1_HUMAN"	"HUMAN"	9372342	10060559	8570126	10111490	7394857.5	9303169	8710047	8789598	6912287	7855856.5	8191209.5	9661808	10961896	8201455	11484011	10428554	9284817	10144856
"sp|O14777|NDC80_HUMAN"	"HUMAN"	348222.6	882885.3	766887.5	1056687	239311.06	904767.5	0	599432.5	1157696.6	689063.56	0	71616.61	831618.3	842674.2	0	692274.5	777912.75	1076657.1
"sp|O14787|TNPO2_HUMAN"	"HUMAN"	0	0	0	0	0	0	0	0	0	47277.62	0	46693.25	0	52636.312	0	0	0	43040.355
"sp|O14802|RPC1_HUMAN"	"HUMAN"	2540277.8	2884700.5	2526051.8	0	0	187508.16	2302843.2	0	2064142.5	0	1461985.9	329176.44	0	0	182386.9	279074	0	241400.28
"sp|O14818|PSA7_HUMAN"	"HUMAN"	44265600	43216276	43938430	45340550	44201136	44040230	44918852	45332980	46114620	45343820	44996990	45961504	45004384	45176590	45543690	45761270	45285884	44777030
"sp|O14828|SCAM3_HUMAN"	"HUMAN"	0	0	0	0	0	0	0	0	0	0	0	0	0	0	0	0	0	0
"sp|O14841|OPLA_HUMAN"	"HUMAN"	0	0	0	0	0	0	0	0	0	0	0	0	0	0	0	0	0	0
"sp|O14880|MGST3_HUMAN"	"HUMAN"	527498.8	436647.5	557544.3	523476.53	486185.06	555453.8	424747.12	528699.3	449051.97	0	549948.4	512832.2	459581.8	537306.7	441681.1	519991.66	463317.28	533489.75
"sp|O14908|GIPC1_HUMAN"	"HUMAN"	0	766253.2	192215.12	0	0	77176.13	578155.7	179396.3	0	191843.72	203370.19	170588.8	204506.2	214092.3	198987.56	0	747327.25	0
"sp|O14920|IKKB_HUMAN"	"HUMAN"	949371.56	794851.94	1038014.44	917415.2	940268.75	0	958506.75	901905.5	752634.8	38924.875	1003394.7	0	912237.94	1105105.4	0	944928.06	26527.043	0
"sp|O14925|TIM23_HUMAN"	"HUMAN"	1284845.8	0	0	1390201	1415931.6	0	0	0	0	1031338.5	1209387.6	1329025.5	1221852.9	1353075.8	1493445.9	1676420.8	1232006.9	1354574.5
"sp|O14929|HAT1_HUMAN"	"HUMAN"	13201622	13092616	13444886	21632240	19001196	14422714	14030340	14616302	18671526	17907342	17279102	14308073	16569409	16580377	14753261	17395048	13326485	16847466
"sp|O14949|QCR8_HUMAN"	"HUMAN"	817285	578874.94	959798.75	755291.2	695836.1	899210.25	771543.94	724873.2	1430257	3101470.5	1895263.2	2650774.5	1651864.9	2411129.8	1819644	873452.56	969607.75	1691588.5
"sp|O14950|ML12B_HUMAN"	"HUMAN"	11990086	11246336	11962082	11555960	8911213	10596549	12035962	12730583	12299721	12418329	12878829	14200125	12323379	13627959	14127910	11689576	13328965	13557289
"sp|O14964|HGS_HUMAN"	"HUMAN"	629096.4	694247.25	902038	186206.64	0	810680.3	752297.9	1057729.1	919322.7	180971.38	0	0	0	258831.6	0	298912.38	176237.36	413572.47
"sp|O14965|AURKA_HUMAN"	"HUMAN"	0	0	0	0	0	0	0	0	0	0	0	128400.625	0	0	0	0	0	0
"sp|O14974|MYPT1_HUMAN"	"HUMAN"	1808530.5	1544090.2	1689650.2	0	1570815.8	1787941.8	1573514.9	2825385.8	1720113.5	2376568.5	1191572.2	580528.3	1285177.5	2519926.2	106821.54	2274144.5	2002548.8	53093.395
"sp|O14979|HNRDL_HUMAN"	"HUMAN"	36721720	38434050	38669544	36239920	37937270	36570176	39487812	39023664	36957250	38267850	38189004	38807564	38462268	38437344	38298724	39259280	37516496	38455036
"sp|O14980|XPO1_HUMAN"	"HUMAN"	59487276	59854764	59917916	64630390	58584828	62437108	64911376	58851384	63961744	66031470	65127948	64804556	61673140	63901450	68269200	64608948	67156184	65123504
"sp|O15014|ZN609_HUMAN"	"HUMAN"	0	0	0	0	0	0	0	0	0	0	32875.89	33133.184	0	28159.506	0	0	0	0
"sp|O15027|SC16A_HUMAN"	"HUMAN"	0	1062665.5	447645.12	394635.2	1847325.9	1638860.2	399792.7	1466581.4	611115.7	1874391.6	1952405.4	641356.75	1208658.5	1910260.9	1551262.8	1341228.1	1182437.5	1433352.1
"sp|O15042|SR140_HUMAN"	"HUMAN"	8357089.5	5618157	10952543	8418213	9017647	10118326	8167710.5	8750355	10533326	9717748	9586099	9959007	9910474	10565375	9576158	10845342	11271243	6457559
"sp|O15067|PUR4_HUMAN"	"HUMAN"	14571061	16367936	18910200	16862766	16845754	19332410	16514851	19274470	15662143	15333918	15947776	17174574	15363446	18052502	15485194	18187544	17142328	19106352
"sp|O15084|ANR28_HUMAN"	"HUMAN"	137040.03	128849.92	0	159037.23	810925.1	0	5876804.5	0	0	513996.38	6043166	159840.78	1016872.25	432397.8	7032564	237922.8	0	143377.02
"sp|O15116|LSM1_HUMAN"	"HUMAN"	9881063	1540657.9	10010528	9464445	9569349	1454155.5	10138489	1264710.4	1097716.2	2273066.2	10133717	1527816.2	1937539.4	1800682.9	9904427	1473485.2	1609299.9	1038050.06
"sp|O15127|SCAM2_HUMAN"	"HUMAN"	1677216.8	977409.7	1772430.6	1705519	1741002.2	1772253.8	875951.9	1724818.5	1731630.5	1230056.4	938380.4	1092655.1	1282273.6	1251927.2	1246233.1	1674175.9	1175035.1	1397046.5
"sp|O15143|ARC1B_HUMAN"	"HUMAN"	2708029.8	2172808	2507405.8	2400566.8	1904338.1	2468414.5	2633102.5	1885104.4	2390323.2	3199392.8	3019172	3369810.8	3408008.5	3273699	3601448	3338476.5	2490447.8	3381385.2
"sp|O15144|ARPC2_HUMAN"	"HUMAN"	3587694.2	3588705.2	4085098	2862600	4096893	3206702	3496873	3725758.5	3967050.5	2885323.5	3158666.2	1460526.5	3258368.2	3321492	2796406.2	3547644.8	4598333	3949690
"sp|O15145|ARPC3_HUMAN"	"HUMAN"	1207654.4	985402	1044348	1005817.1	1230348.1	1024069.4	1027705.06	1173446.6	995333.4	955510.9	1917918.2	1829922.8	1607037.5	1954002.9	1787627.5	1762652.4	1109235.1	1980094.8
"sp|O15160|RPAC1_HUMAN"	"HUMAN"	5024873	6749796	6670809	7449403	6880655	6942604	7388521.5	6664667.5	5286795	8868534	9995616	9495585	8190792	7504071.5	9158941	8046676	10420166	8894790
"sp|O15164|TIF1A_HUMAN"	"HUMAN"	0	41667.73	303579.9	301307.75	0	278591.88	294683	0	268411.4	289994.97	0	262495.84	213761.33	15441.106	288518.72	307506.03	269102.2	286851.34
"sp|O15212|PFD6_HUMAN"	"HUMAN"	10445354	11670330	11563107	9099060	10302525	11286145	9337134	11464816	12562559	11853692	10030747	10370112	9399190	10746597	12046441	11619667	10611272	11827862
"sp|O15213|WDR46_HUMAN"	"HUMAN"	0	0	0	0	0	0	0	0	0	0	0	0	0	0	0	0	0	1127407.5
"sp|O15226|NKRF_HUMAN"	"HUMAN"	4454578	5838245.5	5551709.5	5003425.5	3354461	6349487	4607634	3359189.5	5009443.5	7343566	5258441	7330355	4822106	5117961.5	3553361	4974562	5793820	4620921
"sp|O15247|CLIC2_HUMAN"	"HUMAN"	4965242	6788783.5	6898128.5	6519717.5	6775563.5	6762938	7202996.5	6424131	6456654.5	6925705	6412626.5	6782495.5	6511853	6646363.5	6142140	5569132.5	6757438	5493377
"sp|O15260|SURF4_HUMAN"	"HUMAN"	732820.1	0	615406.8	489826	510727.72	663334.7	316507.88	316534.38	465936.7	478842	342492.97	179074.45	63042.53	404939.16	146655.97	549921.9	539568.9	157783.05
"sp|O15269|SPTC1_HUMAN"	"HUMAN"	417388.97	582701.44	549600.3	639804.5	591177.4	462635.44	489542.66	555642.6	0	496403.1	520979.47	510163.3	548154.4	523269.12	1951395.6	506805.22	543676.56	553551
"sp|O15294|OGT1_HUMAN"	"HUMAN"	1324784.5	1511342.4	514837.84	823143.25	1080863.8	1044104.2	268189.28	1756375.9	454100.34	928795.6	511310	1242497.6	1812318.8	921243.7	612069.44	1330921.6	948068	517265.44
"sp|O15305|PMM2_HUMAN"	"HUMAN"	0	0	84130.61	0	0	20111.08	0	0	108193.984	0	150723.83	114849.02	0	76658.195	128225.61	0	137170.34	16212.483
"sp|O15347|HMGB3_HUMAN"	"HUMAN"	1841077.8	2150472	2181233	1497855.5	1963681.1	2095043.8	2101906.5	2054844.8	1974534.4	2104620.5	2166612	2131556.2	2923872.8	2063309.5	2136672	1933738.1	2048889.8	2139449.8
"sp|O15355|PPM1G_HUMAN"	"HUMAN"	28493212	27451796	29222642	29770168	30721716	28550432	29648390	26786710	28641290	27166840	28566460	27828976	27565850	28668194	27080756	28450330	26651234	31280156
"sp|O15357|SHIP2_HUMAN"	"HUMAN"	0	0	0	0	0	0	0	0	0	0	0	0	116360.51	143647.77	0	145961.53	138783.52	152755.05
"sp|O15371|EIF3D_HUMAN"	"HUMAN"	11965626	8384355.5	9842971	11128126	10165876	10162174	8988142	7896022.5	13374687	10830627	12759453	13767569	11245063	11002045	11945470	12611228	12417300	10399172
"sp|O15372|EIF3H_HUMAN"	"HUMAN"	11384240	11834592	10799900	8721214	8994930	10764918	12354241	10721721	10390720	10872162	10882028	10240803	10614797	10761891	9443830	9885954	10386239	10311963
"sp|O15379|HDAC3_HUMAN"	"HUMAN"	0	0	0	0	0	0	279119.56	0	0	0	0	0	139983.48	0	0	137637.89	0	0
"sp|O15381|NVL_HUMAN"	"HUMAN"	0	0	0	716626.94	0	503455.62	0	0	0	0	0	0	1217251	0	969224.8	0	0	0
"sp|O15382|BCAT2_HUMAN"	"HUMAN"	0	297493.97	0	0	0	0	0	0	0	337298.16	379041.25	356831.9	410585.28	0	411128	355098.22	418208.5	0
"sp|O15391|TYY2_HUMAN"	"HUMAN"	50105.15	499861.94	0	367585.97	48910.473	0	426769.94	390874.62	357563.22	479685.44	415464.06	362020.88	505005.88	332347.1	400325.34	518888.2	457640.25	360366.62
"sp|O15397|IPO8_HUMAN"	"HUMAN"	1021952.75	0	1083419.5	240516.73	517616.8	1362412.6	254639.3	0	1232910.2	551388.9	294573.94	0	225513.9	0	1086578.9	299378.75	0	0
"sp|O15400|STX7_HUMAN"	"HUMAN"	946907.44	1064630.2	1168606.9	940581.44	1028785.1	905963.7	603074	698874.9	855784.56	875307.75	1028062.56	1204756.5	1057557.5	1190129.1	1562757.2	1633631.1	1245314.9	1165302.4
"sp|O15446|RPA34_HUMAN"	"HUMAN"	0	0	0	0	0	0	0	0	0	0	0	0	0	0	0	311354.5	0	0
"sp|O15479|MAGB2_HUMAN"	"HUMAN"	8086433	6606926.5	7627216.5	7104800	7273748.5	6966793	7372080.5	8289655.5	7456296	9164854	7784074	8779722	9239519	8810674	7013717.5	7894419.5	9067572	8854202
"sp|O15498|YKT6_HUMAN"	"HUMAN"	365241.97	480760.03	0	0	0	0	491583.06	0	461979.47	943456.06	427367.03	1034930.25	524226.7	1146590.6	909798.94	410153.06	1105016.8	1821491.9
"sp|O15511|ARPC5_HUMAN"	"HUMAN"	0	0	0	0	0	0	0	0	0	0	0	258891.9	261302.02	0	243684.14	0	209776.36	0
"sp|O15514|RPB4_HUMAN"	"HUMAN"	1516116.4	1632758	1406765.2	1583369.2	1535169.8	1395117.1	1602058.5	1646256.4	1559515.4	1436930.6	1411699.5	1455093.9	1461987	1454223.5	1508766.4	1526312	1388298.1	912494.06
"sp|O15523|DDX3Y_HUMAN"	"HUMAN"	0	0	0	0	0	0	202357.77	0	0	0	0	0	0	0	0	0	0	0
"sp|O43143|DHX15_HUMAN"	"HUMAN"	20898946	23961058	23657564	24345970	26242878	23445924	24650606	24308110	26036400	27410814	23751446	20423134	22815656	22997734	25307578	23409272	22379126	23867256
"sp|O43148|MCES_HUMAN"	"HUMAN"	1660672.8	1237677.2	1340166.4	980002.56	1157674.5	1006590.56	1172198.6	960528	1080825.4	2708456.8	2953148.5	2713707	2478602.8	3138210.5	2577456.8	2595019.5	3199356.2	2519340.5
"sp|O43149|ZZEF1_HUMAN"	"HUMAN"	0	0	0	0	0	0	0	0	0	0	47407.88	0	0	0	0	0	0	0
"sp|O43159|RRP8_HUMAN"	"HUMAN"	0	0	0	0	0	0	287172.12	272746.8	0	0	267041.47	286612.88	249134.61	261428.66	0	0	0	270372.38
"sp|O43169|CYB5B_HUMAN"	"HUMAN"	0	0	0	0	0	0	0	0	0	0	274224.8	390944.2	355221.03	250227.11	0	388088.6	268747.9	343578.47
"sp|O43172|PRP4_HUMAN"	"HUMAN"	4616770	3741913	4525663.5	3636780	4566882	3421563.5	4596761.5	2805256	3447031.5	5642160	4154212.2	3803567	4541770	3723186.5	5039358	4094298.5	6486708	6075289
"sp|O43175|SERA_HUMAN"	"HUMAN"	25745362	22082670	25878214	24526354	28780730	22187398	27592104	24272318	22680442	25141422	25437922	25464348	28629924	24428978	24510298	27337960	27377138	27216756
"sp|O43181|NDUS4_HUMAN"	"HUMAN"	80084.24	0	89655.96	95297.65	0	99765.84	128292.02	0	88061.31	81257.38	0	84197.39	152335.16	0	0	126912.88	0	0
"sp|O43182|RHG06_HUMAN"	"HUMAN"	0	0	0	0	0	0	0	0	0	0	0	0	0	0	0	0	0	0
"sp|O43184|ADA12_HUMAN"	"HUMAN"	828383.6	0	875047.5	794227.44	0	823413.2	0	833924.9	812512.75	856512.4	920653.3	843396.5	830010.44	852009.06	857680.7	869554.2	908639.2	846647.06
"sp|O43242|PSMD3_HUMAN"	"HUMAN"	20413388	32448418	26856248	19304206	19056924	26310888	17998414	19905610	29694576	25901094	27509912	27610694	27956294	26295170	29562026	25305502	25699090	25720908
"sp|O43251|RFOX2_HUMAN"	"HUMAN"	335696.1	0	0	0	0	0	0	0	0	0	0	0	0	0	0	0	0	0
"sp|O43252|PAPS1_HUMAN"	"HUMAN"	389735.94	3728020	361349.34	2402654.5	2029291.6	2186220.8	1441900.9	3074475.8	1237532.9	2064746.4	3363891.5	3025758	3400898.5	2337443.8	3842008.5	2996622.5	2248830.8	1413796.9
"sp|O43264|ZW10_HUMAN"	"HUMAN"	2175601.5	2237010.8	1711549.8	1958217.8	4158147	2063480.6	2141695.2	2350309.8	1114606.2	2004568.6	2635176.2	1589417.5	2369892.8	1968256.2	1692859.8	1827543.5	1608831.2	1708684.5
"sp|O43290|SNUT1_HUMAN"	"HUMAN"	2835888	2070986.4	2119083.5	2006158.8	2409924.5	2741313	2955356.8	2481765.8	2261014.2	1612784	1835194.6	4917123	1553041.8	5531222.5	3742316	3274113.2	3455921.5	1154707
"sp|O43314|VIP2_HUMAN"	"HUMAN"	734200.06	1084547.1	804901.5	795707.8	838710	834735.06	721959.2	925028.4	800387.44	844713.6	1137921.4	1100904.9	900833.94	969040.56	983817.75	907994.44	896446.75	1130489.5
"sp|O43324|MCA3_HUMAN"	"HUMAN"	6326267	10072200	7284880	10532436	10153450	10723592	11004752	10639960	9273356	12585956	6142124.5	6162361	8491534	8598748	6352395.5	6478195.5	13293552	12948669
"sp|O43390|HNRPR_HUMAN"	"HUMAN"	44973444	47130904	45148244	43363260	43456412	45053136	45027476	43751884	45868056	44138684	44761380	43803748	47199252	44844956	46335690	44641420	43883220	44917644
"sp|O43395|PRPF3_HUMAN"	"HUMAN"	1737127.5	2514088.2	2341490	4210206	3834220.8	2476878.2	3945302	3309176	3843075.5	2309848	3145535	4504499.5	4543870	3732044	3889019.5	2250508.5	2545515.2	3846359.2
"sp|O43396|TXNL1_HUMAN"	"HUMAN"	9380437	8416477	7994766.5	8791117	8811388	7998421.5	8547963	7974368.5	9460216	7134913.5	6195226.5	8739431	7447027.5	6571330	6673261	7527490.5	7851380.5	8459241
"sp|O43399|TPD54_HUMAN"	"HUMAN"	13520374	13005593	14054652	13372015	12980986	10696695	12126549	13543596	13372817	12377698	11837088	12789443	12682478	11613715	12189026	12789823	12801843	13016001
"sp|O43402|EMC8_HUMAN"	"HUMAN"	0	0	152786.36	925396.75	0	148930.92	0	0	158007.14	688925.25	284989.62	614317.6	0	743638.2	196156.84	1337445.1	0	1113726.2
"sp|O43414|ERI3_HUMAN"	"HUMAN"	0	0	259046.34	0	0	0	0	0	0	0	0	0	0	0	0	0	218944.03	0
"sp|O43447|PPIH_HUMAN"	"HUMAN"	15095048	14550160	15617738	16243210	14403503	15496656	15239222	15711348	15029787	15192176	15406847	15415629	14939555	15935115	15402882	14383865	12807650	15361732
"sp|O43463|SUV91_HUMAN"	"HUMAN"	0	0	0	0	0	0	0	0	0	0	0	0	0	0	0	0	0	0
"sp|O43464|HTRA2_HUMAN"	"HUMAN"	632729.6	667624.56	616500.3	617402.75	599883.6	639599.94	636298.25	590852.8	623049.4	636423.06	571228.1	599092.7	636209.4	567830.75	593835.7	576617.8	570325.94	528919.56
"sp|O43482|MS18B_HUMAN"	"HUMAN"	0	0	0	0	0	0	0	0	0	0	0	0	0	0	0	0	0	0
"sp|O43488|ARK72_HUMAN"	"HUMAN"	1305891.1	463905.9	1319269.5	843969	872399.2	1018496.4	878474.5	383301.3	668015.1	1107548.8	881928.75	963987	1293892.2	1035327.5	1138787	0	769701.5	999669.4
"sp|O43491|E41L2_HUMAN"	"HUMAN"	395786.47	333694.25	332317.9	258813.92	277488.2	407717.06	1278836.5	239972.83	234289.05	2008050.2	115678.734	0	949743	1877775.8	1001433.8	1535921	150169.12	905207
"sp|O43502|RA51C_HUMAN"	"HUMAN"	0	0	0	0	0	0	0	0	0	0	537920	551368.3	0	0	0	634404.6	0	0
"sp|O43504|LTOR5_HUMAN"	"HUMAN"	2626551.8	2156063.2	2601648	2669279.5	2548170	2578581.5	2447784.8	1800866.8	2455753	2575517	2834710	2532436	2394122.2	2589409.5	2463537.2	2457350.2	2594679.5	2763207
"sp|O43583|DENR_HUMAN"	"HUMAN"	4328960	4207663	4420422	4885357	5019311	3893099.5	4510143	4921459	5051001.5	5342861.5	5563429	5657449	5451272	5412046.5	5553310	5412665.5	5386843	4781367.5
"sp|O43592|XPOT_HUMAN"	"HUMAN"	3269780	3522181.5	3189362	3277303.8	3688565.8	3515941	3863695.8	3067175	2940387.2	4123858.5	4496192	3856107.8	4059994.2	3297058.5	4465805.5	3196158.5	4399857.5	5123905
"sp|O43598|DNPH1_HUMAN"	"HUMAN"	2532959	2955466	3086947.2	3006104.5	2853608.2	3046483.8	3183085.8	2291721.2	3000810	3597423	2874621.8	2827212.5	1019100.6	2956532	3084728.2	1304970.6	3407629.5	2836121.8
"sp|O43615|TIM44_HUMAN"	"HUMAN"	9106506	7759108	6684177	7446106	7700863	8505986	8040064.5	7772832.5	8280742	7570871	7754059.5	7700465.5	8526822	7584837.5	8306966	9888683	8079479.5	8858332
"sp|O43617|TPPC3_HUMAN"	"HUMAN"	2581997.5	3198317.2	2178420.5	2353166.5	1384024.8	2001759.5	2373429.5	2918749.2	2478982	2310057.2	2197894.8	2735274.2	2168288	2816017.2	2166312.5	2053456.8	2326572.5	2687473.2
"sp|O43633|CHM2A_HUMAN"	"HUMAN"	1702460.8	1650403.2	1409286.2	1745956.5	1734009.8	1209684.2	1718015.8	1420108.1	0	0	0	1447154.4	0	0	965694.06	0	0	0
"sp|O43660|PLRG1_HUMAN"	"HUMAN"	162741.84	147220.81	150932.81	182797.56	125650.26	178931.66	208761.81	159418.03	166799.16	157669.25	381925.06	158640.97	502738.78	168515.11	278321.34	156527.3	168194.03	211713.4
"sp|O43663|PRC1_HUMAN"	"HUMAN"	675622.06	647096.44	173751.97	0	0	0	0	756715.1	0	1580039.2	1463144.6	722477.6	1615027.6	1154326.8	0	1397163.5	1553089.2	0
"sp|O43665|RGS10_HUMAN"	"HUMAN"	677516.94	1443257	1416664.4	465155.22	490355.62	1339665.1	1090446.5	468281.28	454774.34	2023474	2149429.5	1394347.6	1132130.6	1261783.9	1345646.6	1935169.8	0	1261599.9
"sp|O43670|ZN207_HUMAN"	"HUMAN"	7728768	7335023.5	7754114.5	7921777	7231202	7038475	7858421.5	7898134.5	7781308.5	7486061.5	7355026	7698765.5	7457542.5	7881352.5	7322233.5	7259448.5	7852169	6311085.5
"sp|O43674|NDUB5_HUMAN"	"HUMAN"	215619.2	0	273575.75	274377.8	353685.94	0	151890.9	0	286803.9	748153.6	179034.73	629809.5	256139.64	646117.25	448133.53	410734.94	805699.5	0
"sp|O43676|NDUB3_HUMAN"	"HUMAN"	0	0	0	0	0	0	0	0	0	547208.3	0	441562.12	343606.84	437432.53	346232.9	0	0	0
"sp|O43678|NDUA2_HUMAN"	"HUMAN"	1824493.2	2045530.1	555962.4	2290787.8	2379662	1853680.2	2319408	1737113.5	2494516.5	541454.75	2482205.8	1873999.2	515051.22	1793089	2249330.2	2315124.8	2486521.5	2348063.8
"sp|O43681|GET3_HUMAN"	"HUMAN"	4404969	4504214.5	4592313.5	4305826	4412534	4718193	4238581	4400750	4495616	5394240	4657920.5	4043427	4979186	4679230	5016351.5	4855116.5	5101452.5	5057738.5
"sp|O43683|BUB1_HUMAN"	"HUMAN"	0	0	0	0	0	0	0	0	0	0	0	0	0	0	0	0	0	0
"sp|O43684|BUB3_HUMAN"	"HUMAN"	14546446	13945102	15249455	15798190	16626767	14349046	15454093	14303599	15518259	14762811	15527463	16349258	15096009	13916533	16819610	14950138	14979418	16565163
"sp|O43707|ACTN4_HUMAN"	"HUMAN"	142838300	141998740	143883120	150485230	145634420	144814500	145474060	148251660	149053100	146880930	152431660	148285710	150250820	150702540	143011820	153453440	154558900	148330080
"sp|O43708|MAAI_HUMAN"	"HUMAN"	0	0	0	0	0	0	0	0	0	0	0	0	0	0	0	0	0	0
"sp|O43709|BUD23_HUMAN"	"HUMAN"	0	0	0	0	0	0	0	382638.75	359594	909735.9	874003.6	313173.97	612253.7	633224.4	1007985	1071324	305608.44	1027699.25
"sp|O43719|HTSF1_HUMAN"	"HUMAN"	1399839.8	1136769.2	1275408.8	883171.1	1877602.8	1408785	1130265.6	1364252.6	1178635.1	1345440.9	1582708.9	1127923.2	1024246	1262122.4	1331637.6	1518917.8	1592548.5	1494420.1
"sp|O43747|AP1G1_HUMAN"	"HUMAN"	2760767.8	3045965.5	2574355.5	2815333	3086211	853757.9	2532588	3162460.8	2821784	2432541	2484079.8	2659739.5	2534489.5	2797046.5	3525761	2803042.2	3002291.8	3202436.5
"sp|O43760|SNG2_HUMAN"	"HUMAN"	0	659355.2	0	283755.3	1174340.8	590371.56	653004.75	520955.2	633925.3	689783.25	792014	812657.7	0	0	0	0	704779.44	781819.44
"sp|O43765|SGTA_HUMAN"	"HUMAN"	11128338	11779353	10096226	10884310	11615910	12552159	11418392	12104960	10726019	12195614	12535540	11105091	12500432	11390690	10834292	12086607	11649968	11129245
"sp|O43768|ENSA_HUMAN"	"HUMAN"	4160689.8	7101056	3964698.2	7760747	3877091	4653137	4050336.5	8164034	4131992.5	4778008	5064447.5	4791591.5	5060975	5203811.5	4788106.5	4692377.5	4673754.5	4861424.5
"sp|O43776|SYNC_HUMAN"	"HUMAN"	34014330	28994856	35425650	34914012	34997190	35267570	31167648	36311516	32567530	31820094	30798916	33005606	33176314	31417484	35577236	33093770	35524650	36539630
"sp|O43808|PM34_HUMAN"	"HUMAN"	0	0	0	303064.16	0	0	268644.62	0	0	0	0	0	308749.78	359433.62	0	305617.75	338915.62	366293.44
"sp|O43809|CPSF5_HUMAN"	"HUMAN"	5158488.5	7430371.5	5634976.5	4655909	4944328.5	7240983	6764541	4890750	6066700	6408738.5	7361357.5	6733476.5	6860104	6799962	6918184	5324614	6557214.5	6861040.5
"sp|O43813|LANC1_HUMAN"	"HUMAN"	1381634.4	1306632.4	617702.7	1419681.5	2665176	844468.3	0	473530.34	893442.75	1683391.8	1150639.5	2123385.2	1720309.2	1166017.2	582566.9	3072986	0	2490793
"sp|O43815|STRN_HUMAN"	"HUMAN"	0	0	0	0	0	0	0	0	0	0	0	0	0	0	0	0	0	0
"sp|O43818|U3IP2_HUMAN"	"HUMAN"	715113.7	1507698.5	1943786.6	2057512.4	816047.2	1266262.5	687066.6	1207246.1	6085168.5	1582642.4	5371592	6145212	5850632.5	4946271	5663240	1998400.1	5763524.5	4777882
"sp|O43823|AKAP8_HUMAN"	"HUMAN"	213849.6	71202.94	695172.56	719074.44	710334.2	708123.44	705249.1	637378.75	784222.06	778972.06	59612.605	517316	60220.414	82105.45	0	647689.44	0	62403.74
"sp|O43837|IDH3B_HUMAN"	"HUMAN"	1021005.56	1419856.6	1612686.4	1085175.9	1847939.4	1329077	1907318.6	1744557.8	1589423.8	2077633	1265030.2	2324483.8	1952143.9	1844402.1	1694296.8	1095683.1	1243683.6	2249039.5
"sp|O43847|NRDC_HUMAN"	"HUMAN"	13845998	13541911	14394913	14530687	13396574	13906929	11472884	12145603	11482508	13142266	12077999	11009186	13591634	10399742	13677638	13665835	14505205	13984152
"sp|O43852|CALU_HUMAN"	"HUMAN"	27375640	25606468	27451090	26264958	27282086	21963634	26147532	27077480	25240722	30566360	26253308	30222646	27584810	28073936	30306314	25802118	28708904	30274630
"sp|O43865|SAHH2_HUMAN"	"HUMAN"	0	0	0	0	0	0	0	0	0	59035.715	0	0	150492.8	0	141966.12	0	0	0
"sp|O43913|ORC5_HUMAN"	"HUMAN"	0	0	0	267910.8	0	0	0	0	0	208824.64	0	193796.16	242401.44	160209.12	0	220578.77	158840.86	174039.61
"sp|O43920|NDUS5_HUMAN"	"HUMAN"	979834.75	1047375.56	1006684.3	916987.25	934982	966343.7	951957.94	1061322.6	990079.4	933909.1	923889.1	913169.94	982253	879055.6	898730.1	947549.56	910294.25	981036.1
"sp|O60216|RAD21_HUMAN"	"HUMAN"	690203.1	841110.94	869501.6	881061	996611.1	890461.7	938436.1	1047941.4	813311.94	1500898.9	2119767.8	1926823.9	1483333.8	1933811.1	4135698.5	949877.4	2128314	2262868.2
"sp|O60220|TIM8A_HUMAN"	"HUMAN"	4622987.5	5275211	4893186	4916895	5448834	4420523	4505424	4746916	5480216.5	1550500.9	5032778	4609904.5	2031440.5	4130822.5	4705023	4133079.8	2355391.5	3931956
"sp|O60231|DHX16_HUMAN"	"HUMAN"	0	940546.4	929800.6	1010596.25	773123.9	889121.9	0	769498.4	745026.3	976505.25	190324.05	205460.62	977062.94	171129.14	0	176202.3	192214.23	168017.4
"sp|O60232|ZNRD2_HUMAN"	"HUMAN"	1262096.8	1291940.9	607092.3	549470.1	1275974.4	503304.62	547311.6	628474.44	573310.75	1709607.5	790155.25	1444062.8	586546.6	1385684.5	1800951.4	1266793.9	1060072.8	894757.75
"sp|O60234|GMFG_HUMAN"	"HUMAN"	0	0	0	0	0	0	0	0	0	447852.7	0	415352.94	0	505587.38	0	0	0	0
"sp|O60244|MED14_HUMAN"	"HUMAN"	0	0	0	0	0	0	0	0	0	0	0	0	0	0	0	0	22907.883	0
"sp|O60256|KPRB_HUMAN"	"HUMAN"	2005152	1969796.1	2094606.8	1791398.6	1604674	1790211.5	1970331.2	2123729.5	1966104.8	1801998.6	2155914.2	2235988.2	2002338.5	1595170	1929832.8	1929257.8	1729786.2	2069284.8
"sp|O60264|SMCA5_HUMAN"	"HUMAN"	7080282	5919632.5	6355683.5	5003533	7190585	3769714.5	6707492.5	5889939.5	6342827	6313119.5	7219869.5	8086667	8789305	7808976	7573335	6182409.5	6770672	10240900
"sp|O60271|JIP4_HUMAN"	"HUMAN"	383828.53	511249.6	245734.83	1987567.5	647716.06	528796.75	575690.1	1139059.8	1128160	1964855.4	282348.12	226157.86	726823.9	246517.97	732716.1	1063064.4	241403.83	270527.47
"sp|O60287|NPA1P_HUMAN"	"HUMAN"	127385.77	0	375977.72	118213.63	140086.14	132678.42	132161.14	522266.56	113989.27	595203.6	566258.9	1373119.1	128167.82	130920.86	268785.88	499881.2	143580.77	546496.7
"sp|O60306|AQR_HUMAN"	"HUMAN"	2676324.2	941312.06	1573746.5	3001253.2	2743998.8	2130525	2232547.2	1903182.2	2188146.2	2210436.2	1469970	2372466.2	1555955.2	1648310.5	2251737.8	1505827.2	1321635	2129239.8
"sp|O60313|OPA1_HUMAN"	"HUMAN"	3236032.2	2246205	2025458.9	2299247.5	3075168.8	2001883.5	2557712.8	2365068	1637995.5	3082250.5	2989051.5	2249716.8	3365225.8	2572716.8	2620807.5	2771190.8	2497744.5	2175416
"sp|O60318|GANP_HUMAN"	"HUMAN"	121774.47	0	0	0	0	26584.05	0	134254.14	0	0	0	0	720015.44	0	0	0	524070.53	641103.8
"sp|O60341|KDM1A_HUMAN"	"HUMAN"	7821371	7576285.5	10226528	11423690	9775648	6736134	7639422.5	7348134.5	7202052	12453882	10912088	12563428	11257576	10971291	11459663	10760289	12549712	12846976
"sp|O60427|FADS1_HUMAN"	"HUMAN"	0	95542.79	0	94804.8	98773.08	0	95305.91	0	0	0	0	92704.89	0	101619.99	100254.08	0	96352.99	0
"sp|O60488|ACSL4_HUMAN"	"HUMAN"	3190451.5	3100437	2489136.2	2850540.2	0	1741469.1	2904211.5	2703814.8	2001569.5	1927547.2	2529140.8	1864431.9	0	2372812	2565126.5	816087.6	0	266902.97
"sp|O60493|SNX3_HUMAN"	"HUMAN"	7922679	9108681	2174649.8	9368295	7910764	8398732	8540876	9926556	6676022	3344977.2	5215687.5	7831805	2939279.5	3346971	3085372	7236302	9343465	6815379.5
"sp|O60502|OGA_HUMAN"	"HUMAN"	743178.5	0	525694.6	776171	860643.5	255544.88	795973.56	776510.9	0	309840.34	264393.22	0	774215.25	705673.4	741588.5	1111883	765372.4	239404.44
"sp|O60506|HNRPQ_HUMAN"	"HUMAN"	99746130	97301070	94039140	94117010	94449100	95303530	96738696	95353016	96447096	102525690	98894900	99019570	97320800	110406920	111998580	101568940	108628060	103159270
"sp|O60524|NEMF_HUMAN"	"HUMAN"	0	0	0	0	0	0	0	0	0	0	0	0	0	0	0	0	0	0
"sp|O60547|GMDS_HUMAN"	"HUMAN"	0	0	0	0	0	0	0	0	0	0	0	0	0	0	0	0	0	0
"sp|O60563|CCNT1_HUMAN"	"HUMAN"	0	0	131319.3	365348.8	0	113715.85	97573.41	116401.46	0	86137.25	0	288131.94	0	0	231968.62	0	0	0
"sp|O60566|BUB1B_HUMAN"	"HUMAN"	0	0	47747.316	0	0	0	167601.44	0	0	0	0	0	244298.16	408410.53	0	0	0	0
"sp|O60610|DIAP1_HUMAN"	"HUMAN"	34922300	33584492	34562620	37827100	38213732	31081438	37628444	37665796	36800180	34710052	36539132	34177036	36717824	30936390	35082580	38659024	34885708	36496064
"sp|O60613|SEP15_HUMAN"	"HUMAN"	0	0	0	0	0	0	0	0	0	0	0	0	0	0	0	0	0	0
"sp|O60645|EXOC3_HUMAN"	"HUMAN"	420394.1	538717.44	992308.56	676028.8	507961.28	756390.1	473933.6	307305.12	644480.7	633748.75	662664.2	783454.5	777724.94	747986.2	613781.44	613345.5	647511.8	676664.5
"sp|O60664|PLIN3_HUMAN"	"HUMAN"	19518636	17420544	16493023	17048956	16947566	15144210	16377797	15267310	17938176	14041343	13789757	14509904	15180000	17223442	14653509	16439821	15368053	14769100
"sp|O60678|ANM3_HUMAN"	"HUMAN"	1778371.5	914923.6	1563343.2	937884.75	823582.9	1716319.8	1143985.4	784549.9	1857306	1751276.1	2474222.8	1647685.9	2042126	1388271.4	2143382.2	2447597.2	1697156.5	1493917.5
"sp|O60684|IMA7_HUMAN"	"HUMAN"	2788653	2921737	4136021.8	3584258	1229159.6	2435864.2	2878125.2	2233890.5	193235.06	3343951.5	3616013	2643767	2838694.5	2471387.5	3301815	3715684	3089451	2342978.5
"sp|O60701|UGDH_HUMAN"	"HUMAN"	933027.4	929730.3	1067620.4	978476.5	1201267.9	1042094.44	934552.7	986687.44	0	1021734.8	1039850.6	0	0	885902.8	1014919.75	1197264.9	1014264.25	0
"sp|O60716|CTND1_HUMAN"	"HUMAN"	1483970.5	1475070.9	2316076.5	1982811.1	1421315.1	2561863.8	2445252.8	1711077.1	2717974.5	1432152.8	2144878.5	1697274.4	1935283.4	2017695.8	1784564.6	1507289.2	1968988.2	1563881.6
"sp|O60732|MAGC1_HUMAN"	"HUMAN"	5825001.5	6909657.5	4204425	6900496	5082589	4351841.5	5122245	5257383	5798872	3290992	3351790.5	3858287.5	3068274	3244076	3187373.8	4749433	2978608.5	2837289.8
"sp|O60739|EIF1B_HUMAN"	"HUMAN"	1988826.2	2078984	1373072.2	2019023.6	1875046.6	1772117.2	1900136.2	1870301.2	1838234.5	1880969.2	1768466.4	1705985.8	1882667.1	1683390.5	1838512.6	2043951.6	1830804.8	1733562.5
"sp|O60749|SNX2_HUMAN"	"HUMAN"	1855541	2990030.8	2044942	1659752.2	1618326.2	1722657.5	2235147	2056096.4	2030920.6	3393066.2	3050796.2	3207071.2	3341510	2454961.2	3813076.5	3687009.2	2675511.8	4007063
"sp|O60762|DPM1_HUMAN"	"HUMAN"	0	0	0	0	0	0	0	0	0	0	0	0	0	0	0	0	0	0
"sp|O60763|USO1_HUMAN"	"HUMAN"	5481865.5	4096558.2	4563077	5020866.5	4575759.5	4712781	5583165	4564551	3366429.8	6110615	6389451	5590425.5	6805987	5871245	6149218	4408302.5	5370646.5	6704615
"sp|O60783|RT14_HUMAN"	"HUMAN"	0	0	0	0	0	0	0	0	0	0	0	0	0	0	0	0	0	0
"sp|O60814|H2B1K_HUMAN"	"HUMAN"	843279550	853670460	833614300	853229100	872462600	851778100	856555100	861594900	808553100	852127900	867783230	850801540	798563460	540905600	862650400	855927940	857208700	858417000
"sp|O60826|CCD22_HUMAN"	"HUMAN"	0	0	0	0	0	0	0	0	0	0	0	0	0	0	0	0	0	0
"sp|O60828|PQBP1_HUMAN"	"HUMAN"	1382735.2	1792002.8	1465671.9	1352905.6	1576753.6	1288057	1320404.2	1337129	843909.94	1291577.1	1311292.4	1057245.2	1206395.1	1191362.5	1265769	1141425	857400.56	873920.8
"sp|O60832|DKC1_HUMAN"	"HUMAN"	9829965	5339010.5	4757280.5	7219457.5	5437123.5	4425795.5	6682286	7215260.5	7779462.5	6734789	9351315	6370952	10009918	8225610.5	7513861.5	10264054	8903028	7611913
"sp|O60841|IF2P_HUMAN"	"HUMAN"	33427124	32149758	32405984	33918330	37122590	32366066	36252684	35310336	32439238	32821952	31271458	31757918	32476492	32745990	32613922	31890648	30532052	32230310
"sp|O60869|EDF1_HUMAN"	"HUMAN"	3721649.2	4679749	3923537.2	3830577.2	3598024.8	4282008.5	3547453.5	2982335	3949142.8	5940730.5	5458396.5	4913327	5550558	5734353.5	4566639	5481484	4742374	4180870.8
"sp|O60884|DNJA2_HUMAN"	"HUMAN"	14225184	16128372	12983268	14511028	16598994	14123330	15951049	15732695	16085107	12123106	12565764	12775611	12743625	9905300	12899533	11028070	13368218	12351061
"sp|O60885|BRD4_HUMAN"	"HUMAN"	4216392	4584947	4040322	4214635.5	4146887	4764009	4292683	4593827	4586802	3445498	3488908.5	4623997	3560829.5	4880044.5	3307392	3121159.5	3640416.5	2906269.2
"sp|O60888|CUTA_HUMAN"	"HUMAN"	17196320	13221791	17333082	16953318	16402846	14277106	13571789	14782302	16529569	17302196	14538363	17240772	14693738	17196974	17237812	14888014	14792315	14925066
"sp|O60921|HUS1_HUMAN"	"HUMAN"	1425711.5	1204384	839378.3	1122130.6	921798.06	1229475.9	1395249.5	1113404.4	0	484096.2	0	0	0	0	488191.03	0	687453.6	0
"sp|O60925|PFD1_HUMAN"	"HUMAN"	5665382	5522779	5762795	6769019	6213506	6654336.5	6632025	6656002.5	6048057.5	5529401	5584068.5	5824872.5	6160470	6493425	6404241.5	6595578.5	5789746	5918669.5
"sp|O60934|NBN_HUMAN"	"HUMAN"	0	0	0	0	0	0	0	0	0	0	0	0	0	0	0	0	128386.72	0
"sp|O60942|MCE1_HUMAN"	"HUMAN"	0	0	0	0	0	0	0	0	0	0	0	301537.8	0	0	0	0	212060.5	0
"sp|O75044|SRGP2_HUMAN"	"HUMAN"	0	0	0	0	0	0	0	0	0	0	0	0	0	1416427.8	0	0	0	0
"sp|O75061|AUXI_HUMAN"	"HUMAN"	0	0	0	0	0	0	0	0	0	0	0	0	0	0	0	0	0	0
"sp|O75081|MTG16_HUMAN"	"HUMAN"	990617.6	187540.02	217121.97	1213710.9	281478.3	1362751.4	215426.03	329116.25	175316.1	1368734.4	1007503.3	1086247	1154931.5	1174210	1235168.1	1344433.6	1088177.5	1251224.2
"sp|O75083|WDR1_HUMAN"	"HUMAN"	20944918	20790970	22023664	21177262	19160350	23437838	21945848	21923014	23178988	20229618	19686254	20291536	21091810	18835940	23088398	22145104	22405562	22910988
"sp|O75116|ROCK2_HUMAN"	"HUMAN"	0	0	0	0	0	645940.5	0	604594.1	743290.25	1451373.5	1261909.8	2215013.8	1314757.1	1326596.1	471946.38	1314093.9	1379890.6	1333028.4
"sp|O75122|CLAP2_HUMAN"	"HUMAN"	336034.62	690268.25	628593.5	687208.5	649910.5	618755.75	601116.6	645531.25	705747.4	376141.7	1107983.5	354744.4	1013329.9	767580.1	345896.16	712427.44	374237.44	1309032.8
"sp|O75131|CPNE3_HUMAN"	"HUMAN"	2872168.8	3441289.8	2938791	2224270.8	2627078.8	3127945.8	1747461	2412271.2	4997751	2989403.8	1088586.2	2312946	830663.1	2414901	2202967.8	1045704.7	2193125	1983858
"sp|O75147|OBSL1_HUMAN"	"HUMAN"	0	0	0	0	0	0	0	0	0	0	0	0	0	0	0	0	0	0
"sp|O75150|BRE1B_HUMAN"	"HUMAN"	0	0	0	130136.88	0	0	0	0	0	0	0	0	0	0	0	0	0	0
"sp|O75152|ZC11A_HUMAN"	"HUMAN"	358580.3	2204321.2	344659.03	374780.28	314876	350987	12312.564	0	0	2153928.5	1821729.8	1577915.9	2054428.8	1893649	1778801.6	1764857.1	1636397.6	1766923.6
"sp|O75153|CLU_HUMAN"	"HUMAN"	5154320	2503271.2	3697215.8	3862670	4535738.5	3900994.2	4328899.5	4852890	3029536.5	4838389.5	6288964	4889987.5	6351525.5	4728103	6899907.5	6832582.5	4202980	6953675.5
"sp|O75157|T22D2_HUMAN"	"HUMAN"	0	0	0	0	0	0	0	0	913649.2	0	0	1682331.4	0	0	1170044	1240657.8	0	0
"sp|O75175|CNOT3_HUMAN"	"HUMAN"	0	0	1853279.4	702114.9	1456894.5	1515302	1001829.75	984116.8	0	1374765.1	3065149.5	893032.25	2268258.5	1641196.8	866135.7	0	0	991245
"sp|O75179|ANR17_HUMAN"	"HUMAN"	638131.44	612465.8	0	602251.9	980916.4	593396.8	562373	1875051.4	584037.8	2917843.2	2821212.5	1850247.4	2711594	2515433.8	762963.75	716485.6	1715716.8	910611.5
"sp|O75190|DNJB6_HUMAN"	"HUMAN"	1440401.8	1287572.4	1264365.2	690620.9	655373.75	830011.5	1082174.5	1116841.6	2330600.5	2712760.2	2433550.5	3078638.8	2754846	2501130	1114221.2	664774.1	2321457	781086.06
"sp|O75223|GGCT_HUMAN"	"HUMAN"	3097325	7240020	3238916.2	2862375.5	2462663	7277626	3072706.2	3246019.2	3135392.5	9551002	6921628	10186751	9046606	7388525.5	7202539.5	7461442.5	10034266	8503647
"sp|O75251|NDUS7_HUMAN"	"HUMAN"	3312615	3796993.8	3911106	4302212	1966151.1	3518552.5	3049385.5	4072098	1656424.1	3426876	3852506.8	4038455.2	4253919	3558935	4155990	5276538	4721056	3364808
"sp|O75306|NDUS2_HUMAN"	"HUMAN"	2904520	2361799.5	1075589.1	978197.4	2547745.8	1206947.4	1698134	1469673.6	2412300	3497364.5	3439635	1803822.9	1338051	1790633.2	1844030.8	1432278.1	1690497.6	1710518.1
"sp|O75312|ZPR1_HUMAN"	"HUMAN"	7765035.5	6434711	5696811	5697546	4747564.5	4541725	4922989.5	4879532	3697000.5	2759301	2734824	2518459.5	3921568.8	2489204.5	3593529.5	2493282.5	2342821.2	2596272.5
"sp|O75323|NIPS2_HUMAN"	"HUMAN"	0	0	0	556537.75	637486.8	0	0	101506.39	244930.19	0	0	0	0	134212.45	0	0	0	0
"sp|O75330|HMMR_HUMAN"	"HUMAN"	395398.16	0	418129.66	535717.4	250859.1	950353.75	454977.06	359082.03	0	566587.75	1675558.8	640027.2	809821.1	2615659	616339.25	1929646.5	479767.94	1984643.5
"sp|O75340|PDCD6_HUMAN"	"HUMAN"	9172098	8413825	8260468	8445173	10108792	8927827	8217569.5	11340111	8719794	8219934.5	8267190.5	8443221	8513310	8059924	10190749	8626149	8404518	10316152
"sp|O75347|TBCA_HUMAN"	"HUMAN"	15107829	13963348	14512794	14649371	19244718	17586182	19073938	13939626	18996780	17960200	17904468	18310412	18008190	20965728	12977075	17534136	16908418	14131976
"sp|O75348|VATG1_HUMAN"	"HUMAN"	1831855.5	2045971.1	2005642.1	1897244.5	1804530.4	1168504.5	1761369.2	1918428.2	2020205.8	2071624.2	1969113.8	2059281.9	2121968.8	2137335	2047010.8	1909861.2	2174479.8	2212658.5
"sp|O75351|VPS4B_HUMAN"	"HUMAN"	875027.6	857467.4	866975.4	869193.25	728041.75	734220.9	0	730887.9	812531.2	834413.3	940344.75	822892.3	852476.56	920406.75	819455	867507.3	919151.06	911268
"sp|O75367|H2AY_HUMAN"	"HUMAN"	6780238	4897736	5895810	6037884	6615748.5	6273761	4523742	6902296.5	6475099.5	6026933.5	6809706.5	5792030.5	5619561.5	6968698	4791803	7265551	6448949	5951524.5
"sp|O75368|SH3L1_HUMAN"	"HUMAN"	5137334	4884376	5306122	5755355.5	5213597	6504100	6692874.5	4915714	5388642	5107425	4929307.5	5889914.5	5191282.5	5172342.5	5330720	6281121	5070908.5	6503117.5
"sp|O75369|FLNB_HUMAN"	"HUMAN"	21608644	13044987	14546631	18742510	18638880	12661341	17621186	17245678	15996906	12652191	13200399	16532168	12641450	14372937	13698954	15797408	12339090	13480716
"sp|O75376|NCOR1_HUMAN"	"HUMAN"	0	127723.66	0	0	0	0	0	0	0	100558.125	0	0	0	0	0	0	0	0
"sp|O75380|NDUS6_HUMAN"	"HUMAN"	415356.22	0	376606.44	0	353230.62	0	0	0	453480.7	395523.38	0	431350.78	477594.4	0	0	0	444795.9	490131.25
"sp|O75381|PEX14_HUMAN"	"HUMAN"	318177.8	0	0	0	0	0	0	82291.914	0	501278.16	214960.08	311062.72	427008.12	0	181345.78	272877.62	0	198153.11
"sp|O75390|CISY_HUMAN"	"HUMAN"	34092828	34143596	37652492	36164612	32898114	32743488	32478406	36727700	34728076	36890816	32348996	36635244	35489820	33955180	34554650	35490990	34107820	36168840
"sp|O75396|SC22B_HUMAN"	"HUMAN"	0	998811.44	0	968077.1	865449.7	1027527.2	941664.4	849594.8	1043819.5	708522.1	792422	838056.7	914142.8	881299.9	1122721.8	919784.6	889036.5	0
"sp|O75400|PR40A_HUMAN"	"HUMAN"	18663196	14074852	14319455	13493407	13745354	16478233	13882581	11586963	14877323	15417278	15653854	15286557	15201951	15787342	13854379	14055486	15704189	15000600
"sp|O75419|CDC45_HUMAN"	"HUMAN"	1244676.4	632709.4	1214913.1	1369272.9	701704.8	1108340	678477.7	1123974.9	1928208.6	1752482.6	1306322.1	1797209.6	1978306.1	1853245.8	2467847.2	1430866.2	1708291.8	2004522.5
"sp|O75431|MTX2_HUMAN"	"HUMAN"	901774.2	949250.7	908425.44	3176119.8	3251274.5	977924.4	914308.1	3190354.2	974324.06	1980787.4	5597599	2451342.5	2108016.5	2238575.5	4390650	5097057.5	942332.9	1148376
"sp|O75436|VP26A_HUMAN"	"HUMAN"	5972018.5	7733164.5	3933913.5	4523426.5	5758389	4939612.5	4727760	7500205.5	7007341	6517466	7314062.5	7014897	7617795	6535118.5	6184165.5	5744259	6910367	5381465.5
"sp|O75438|NDUB1_HUMAN"	"HUMAN"	815699.7	1230137	917178.06	993186.9	910834.5	906716.5	954761.7	823594.25	1230796.6	739241.5	1338285.5	767736.1	1320125	764861.44	783311.25	909691.4	845299	727202.25
"sp|O75439|MPPB_HUMAN"	"HUMAN"	6151248	4498481	4730748	5794458	4318747.5	6415234.5	6735439.5	6054043.5	4119019	6152110	7012387.5	7073154.5	5178524.5	6343723.5	4643623	6129425.5	4651570.5	7234950.5
"sp|O75449|KTNA1_HUMAN"	"HUMAN"	0	0	0	0	0	0	0	642030.3	0	0	0	0	1023346.4	406251.84	0	629581.44	0	0
"sp|O75459|PAGE1_HUMAN"	"HUMAN"	1033342.6	1148785.6	988164.3	1134652	1206023.6	1014250.3	1217897.8	1170146.9	283600.88	1386568.8	1323021.4	1351721.5	1198676.5	1451515.5	1311790	1454977.6	1494381.2	1366664.1
"sp|O75475|PSIP1_HUMAN"	"HUMAN"	3228624.8	1706558.1	2644357	2038298	3211371.5	2962267.5	2791594	2191621.8	4215073	3830915.5	2515390.5	3634666.2	4178505	1713703.5	4049069.5	2354884.5	1318751.1	2004692.6
"sp|O75489|NDUS3_HUMAN"	"HUMAN"	3676813	4120407	4554953.5	3319124	3032241.8	3112626.2	3292636.8	2710295.8	4557045.5	5723897	5319899	3812368.2	6108508	6432248	6351110	6125295.5	4232676	6696158
"sp|O75494|SRS10_HUMAN"	"HUMAN"	10512288	11460649	9802949	10943758	11342685	10007986	11564683	10375045	11080963	11251033	13856462	10499188	11466877	11300732	12949865	14001242	11563052	10196979
"sp|O75496|GEMI_HUMAN"	"HUMAN"	297326.94	957817.3	796828.1	1366954	266074.78	978035.75	1217655	790755.2	934536.5	311911.3	969346.25	0	815609.5	1069292.8	2057089.5	1885791.2	1088799.2	1997778.5
"sp|O75506|HSBP1_HUMAN"	"HUMAN"	1807371.2	1581448.1	1047910.94	1522495.6	1037650.6	2043755.4	1548007.5	1493556.1	1821595.5	1014054	1329391.2	747438.25	1597230.2	1153678.5	0	1053261.1	1507508.4	982394.9
"sp|O75521|ECI2_HUMAN"	"HUMAN"	6702442.5	5834777.5	6447813	6763947	5766341.5	5358763	7131158.5	7452957	6173990.5	6073396	5555336	6296709.5	5662625	6302230	5647148	6932283	6879425	5493195
"sp|O75530|EED_HUMAN"	"HUMAN"	479483.1	0	210480.53	264400.75	579704.5	761515.75	0	854984.25	334730.25	283717.72	232880.19	272309.72	626495.9	269520.3	315088.97	263291.38	278769.2	471432.44
"sp|O75531|BAF_HUMAN"	"HUMAN"	13661438	13434660	13909647	12904260	13899226	14610970	13330525	13903965	14208704	13907774	13931616	14031281	13411825	12217689	14661903	14169081	12186665	12224578
"sp|O75533|SF3B1_HUMAN"	"HUMAN"	28215974	28599916	27396212	28690964	28429228	29390644	27243874	28420260	28274362	33252934	30308906	30133774	33814124	34212644	29521666	31731024	27668818	28236682
"sp|O75534|CSDE1_HUMAN"	"HUMAN"	27982718	19429752	31068182	20706830	22384280	27531928	20994390	21537558	21182994	22624158	25327786	30018422	24869076	23879680	24124772	23857104	24289132	24204482
"sp|O75554|WBP4_HUMAN"	"HUMAN"	0	0	0	0	0	0	0	0	0	0	0	0	0	0	0	0	0	0
"sp|O75569|PRKRA_HUMAN"	"HUMAN"	0	0	0	0	0	272408.9	406261.56	0	0	625959.6	0	466728.1	738082.1	373562.1	917003	0	708729.25	0
"sp|O75600|KBL_HUMAN"	"HUMAN"	1182389.2	630023.7	1197424.2	1008431.25	1009790.5	1072243	1065047	1117671.9	1056252	516618	255572.42	318615.84	1035732.75	487368.5	339036.56	887420.5	527708.4	642589.7
"sp|O75607|NPM3_HUMAN"	"HUMAN"	10605459	11177200	10725811	10939792	8949180	10675768	10403838	10841756	10416123	9735256	9150816	9429492	9711150	9236512	9247574	9752624	9131045	8500749
"sp|O75608|LYPA1_HUMAN"	"HUMAN"	7541167	5644089	7851393	7215242	7008431.5	7965270.5	7020627	7261268.5	7587579	7375344.5	6807931	6903182.5	7416320	5815543	7215788	7103281.5	6373846.5	7224650.5
"sp|O75629|CREG1_HUMAN"	"HUMAN"	1397881.8	1472654.5	2269872	1357708.6	1443817.1	2608856.8	2622103	1467557.1	1157142	1393803.4	1394486	2193463	1402425.4	1410300.1	2495261.5	1512537.5	1379409.1	1370826.6
"sp|O75643|U520_HUMAN"	"HUMAN"	70575370	63777640	71476270	67766850	68874780	71285780	74041770	70325160	67901040	74938880	74838010	71801240	73472930	73931740	71629600	75871336	76847830	73012024
"sp|O75663|TIPRL_HUMAN"	"HUMAN"	5256021	2309519.2	2598997.8	3914467.5	2988134.5	4332220.5	2875660.8	3807365.2	4191048	5849602	5599306.5	5363405	4723751	5217573	4817459.5	5596710.5	5092719.5	4747185
"sp|O75665|OFD1_HUMAN"	"HUMAN"	0	0	0	0	0	0	0	0	0	0	0	0	0	0	0	0	0	0
"sp|O75683|SURF6_HUMAN"	"HUMAN"	1199341.5	208946.72	1305433.6	755211.56	147611.72	1431817.6	1681895.9	1059105.8	1575068.8	2638465	2455279.2	2034422.5	2931262.8	2667654.5	2955466.8	1564736.6	1329069	2304322
"sp|O75688|PPM1B_HUMAN"	"HUMAN"	1534149.6	1406632.5	2009785.2	1559037.1	1333854	1216579.1	979679.25	0	1378932.2	929069.44	0	1176441.6	0	688811.8	1039984.75	0	1322513.2	1278113
"sp|O75691|UTP20_HUMAN"	"HUMAN"	0	80392.14	0	0	0	412217.88	560139.5	0	266531.56	572965.3	0	563430.44	0	0	634993.75	0	0	0
"sp|O75694|NU155_HUMAN"	"HUMAN"	12584211	8617812	9691225	13025436	11381595	11026405	11387540	13196245	10305262	16664187	16020641	16313937	14263813	15480495	14472334	16096402	14565176	16290235
"sp|O75717|WDHD1_HUMAN"	"HUMAN"	23589464	0	0	84985.555	21118932	0	20340992	110824.28	28124656	226139.98	24236104	325403.28	13336839	2684575	7493718.5	5451973.5	68793.516	0
"sp|O75718|CRTAP_HUMAN"	"HUMAN"	0	0	0	0	0	0	0	0	0	0	0	0	0	0	0	0	0	0
"sp|O75791|GRAP2_HUMAN"	"HUMAN"	1347196.5	0	0	1333704.4	1245598	0	1307970.9	1832531.2	0	1530761.8	1896628	1831460.4	1839741.9	1360230.2	0	2254718.5	1727061	2128000.8
"sp|O75792|RNH2A_HUMAN"	"HUMAN"	0	0	658421.8	0	0	0	0	0	0	0	0	0	0	0	0	0	0	0
"sp|O75794|CD123_HUMAN"	"HUMAN"	539022.9	1672117.2	484483.12	529875.94	572744.75	517556.53	523004.8	565160	301583.7	337561	306309.22	557145.44	559785.94	558830.75	573600	299853.56	578315	299237
"sp|O75817|POP7_HUMAN"	"HUMAN"	0	0	0	0	0	0	0	0	0	0	515582.12	0	0	0	0	1551588.6	0	0
"sp|O75818|RPP40_HUMAN"	"HUMAN"	608987.25	275919	755709.06	246641.9	22103.025	523872.34	402312.6	1009604.6	450736.06	1080441.4	768091.75	994328	560242.5	786673.6	329439.3	415064.53	776646.44	765122.44
"sp|O75821|EIF3G_HUMAN"	"HUMAN"	26684332	27075792	25264756	25301274	26244532	26092846	26735654	26983160	26433976	26043440	28254304	27421152	25886584	26411758	26417866	26324810	26498012	26346852
"sp|O75822|EIF3J_HUMAN"	"HUMAN"	12293068	10871577	10334429	12389630	11013946	11344096	11065649	11837061	11161701	11374519	11644664	11422846	12625313	11784646	11270111	12360761	11917477	11340689
"sp|O75832|PSD10_HUMAN"	"HUMAN"	2653870	828817	718612.7	1661046.1	2983301.5	696926.44	2231146.5	1448478.5	792361.06	1390493.5	649761.25	1641338	3307786.8	2179095.2	1877139.9	785835.4	1879196.8	651332.9
"sp|O75844|FACE1_HUMAN"	"HUMAN"	0	0	37984.066	0	0	0	0	0	0	0	0	0	0	0	0	0	0	0
"sp|O75874|IDHC_HUMAN"	"HUMAN"	9679235	14630151	15138281	11898294	16287959	14801263	14022473	15809964	15326814	16664188	17984340	17896692	15511206	15593119	15997671	18103048	17465630	16085285
"sp|O75879|GATB_HUMAN"	"HUMAN"	0	725127.2	0	0	0	755236.3	0	0	674776.06	0	0	0	0	0	0	0	0	0
"sp|O75909|CCNK_HUMAN"	"HUMAN"	0	0	0	0	0	0	0	0	0	0	0	0	373429	0	0	0	0	0
"sp|O75934|SPF27_HUMAN"	"HUMAN"	5471753	4881195	4514013	5282584.5	3637313.2	4640567	3754079.5	4813779	3567156.2	4731997	6137117	4976961.5	5411406	4270985.5	5747845	6272401	4316774.5	5847044.5
"sp|O75935|DCTN3_HUMAN"	"HUMAN"	0	0	0	581738.44	0	1123342.1	0	0	1065750.5	1514755	649513	0	673386.7	619884.7	1490527.2	660505.3	572040.25	0
"sp|O75937|DNJC8_HUMAN"	"HUMAN"	9272072	10069871	10003678	10002663	11258060	11072150	9099460	9256238	10097526	10292428	10919051	11501451	10900580	11248725	10775445	10779533	10845536	11459416
"sp|O75940|SPF30_HUMAN"	"HUMAN"	1585032.1	1551020.4	1720125.1	2129655.8	1578102.2	1558613	1526247.5	1486451.2	1546636.9	2252555.8	3107981.8	3007304.5	3455717.5	2513874	2234009.5	1803314.8	3718869	1941638.9
"sp|O75943|RAD17_HUMAN"	"HUMAN"	0	0	0	0	0	0	0	0	0	471496.94	0	0	0	0	0	0	0	0
"sp|O75947|ATP5H_HUMAN"	"HUMAN"	11194124	11702592	11698357	10385476	11603359	12430524	10502862	11187787	10079185	9807187	9886500	8946549	7961054	8210405.5	8711092	8376734.5	10114886	10052156
"sp|O75955|FLOT1_HUMAN"	"HUMAN"	3554966.8	4523125	2269357.5	5069479.5	4306781.5	1586605.8	3027867	5374143.5	2432308.5	6638150	3125906.5	4588448	4477212.5	2788526.2	6184244.5	6047463	5756642.5	3423228.2
"sp|O75964|ATP5L_HUMAN"	"HUMAN"	4763448	5685723	5105153.5	5600220	5755877	4951905	5273973	5736814	5500099	4664548	3065203	2502691.8	4160438.5	2857640	2526659.2	3222560.2	2534361.5	2528955.5
"sp|O76003|GLRX3_HUMAN"	"HUMAN"	18360538	18992910	18249424	19092748	17702276	19512530	18449240	16112896	18646774	18338716	19513030	18158298	17860280	18351160	16873246	18418626	20039234	19688366
"sp|O76021|RL1D1_HUMAN"	"HUMAN"	8735997	7806433	7326952	8793168	7526199	7260044.5	9180650	7918161	8238631.5	9595684	10147743	9722738	10373105	10106456	10247616	10327640	11377627	10691291
"sp|O76031|CLPX_HUMAN"	"HUMAN"	5980007	5757500	3709109.2	3974223.5	922595.56	5245058	3328317.2	6596529	5513524	6027913	4782229.5	5265882.5	5902579.5	5287208.5	4023186.2	5312809.5	2812269	6110389.5
"sp|O76070|SYUG_HUMAN"	"HUMAN"	4612969	4693576.5	4680307	5004287.5	5921224	4690146	6256789.5	5400617	5284822.5	10137704	5757184	10964437	6030633	6090089.5	6279597	5954046.5	5442458	5881127.5
"sp|O76071|CIAO1_HUMAN"	"HUMAN"	108572.88	119606.195	531557.4	94455.05	0	266679.75	510787.78	95358.24	67284.62	122248.234	197671.77	0	286024.56	318620.25	136779.3	246214.33	310196.72	263548.12
"sp|O76094|SRP72_HUMAN"	"HUMAN"	9335217	6909283	10145673	10974239	9347987	9324561	10664512	10920838	12417612	9431018	11402443	13523114	9756064	10169374	12165568	13913640	10391802	12702870
"sp|O94763|RMP_HUMAN"	"HUMAN"	0	0	0	0	0	0	0	0	0	603055.5	632419.8	691625.6	446648.1	0	540086.75	736347.1	724246.44	609182.6
"sp|O94776|MTA2_HUMAN"	"HUMAN"	14375524	10900472	11627480	13736517	13760072	11155214	12171081	11808779	13668129	14607129	14771326	15781604	13442723	15148934	16283701	13546200	14745392	14788319
"sp|O94782|UBP1_HUMAN"	"HUMAN"	0	995973.1	0	0	1009413	0	938413.1	850715.1	0	364402.62	567190.4	0	446359.4	0	450799.28	0	0	0
"sp|O94788|AL1A2_HUMAN"	"HUMAN"	35861076	34696616	34385544	32779690	34478016	38267280	36118124	34093332	32839330	35852230	37293040	34425390	32587034	34545940	35605030	36534564	35976188	35099904
"sp|O94822|LTN1_HUMAN"	"HUMAN"	399922.75	412048.25	0	0	1710469.1	0	0	0	376647.9	1583421.2	271754.88	0	0	0	1365663.9	0	0	2323243.5
"sp|O94826|TOM70_HUMAN"	"HUMAN"	4025461.2	5316325.5	4537130	4890307.5	4150492.8	3945904	5245358.5	5478912.5	4951830	3036393.8	3919307.8	3307028.2	3142332.2	3418934.8	3735144.8	3392624.8	3266450.8	3088567
"sp|O94832|MYO1D_HUMAN"	"HUMAN"	0	0	88647.38	0	0	0	0	0	0	96680.65	0	0	73106.55	0	0	0	196770.12	0
"sp|O94842|TOX4_HUMAN"	"HUMAN"	0	3249194.8	0	0	0	0	0	0	0	0	1847827.2	1930481.4	2145526.2	2083316.2	2345133.2	4741140.5	2342318.8	1951087.2
"sp|O94874|UFL1_HUMAN"	"HUMAN"	10179710	8569812	7425448	7453840	6849218.5	7360691.5	7159184	6644789	8592705	5864876	5600458	4811026	5752246.5	5360334.5	6340072	5513118	5240918	4833549.5
"sp|O94888|UBXN7_HUMAN"	"HUMAN"	2183615	1573529.8	2759096	1483664	2033329.9	2177490.2	1084532.6	2914352.5	1520664	1556434.4	2234953.5	3173634	3090021.5	1798151.4	2939924.8	2384161	1424220.8	1953589.6
"sp|O94903|PLPHP_HUMAN"	"HUMAN"	0	419692.84	0	0	0	141794.52	294726.88	353584.06	0	0	0	265232.06	375233.44	0	0	0	289052	0
"sp|O94906|PRP6_HUMAN"	"HUMAN"	9745929	5905793	8764462	7030279.5	9725779	7306090	7103837	9204706	10372104	10247917	9149159	7308656	7639606.5	9619461	8595308	7993483.5	8381267.5	11040317
"sp|O94913|PCF11_HUMAN"	"HUMAN"	154559.16	0	386637.94	318229.84	0	175786.05	0	183260.8	135543.83	277073.22	221249.22	150231.22	0	821286.8	183633.34	209743.42	975253.6	0
"sp|O94925|GLSK_HUMAN"	"HUMAN"	1216679.4	1599667	2164737.8	1091501	850859.2	1648634.9	376852.75	1477650.2	1288811.2	2014353.2	2101102.2	2031374.1	2183344.8	1762567.8	1977924.5	1392478.5	1779211.8	1716613.5
"sp|O94973|AP2A2_HUMAN"	"HUMAN"	2118889.5	0	0	333217.94	0	0	339043.16	212324.75	1180500.5	0	0	357329.72	0	0	789950.6	330941.5	0	360245.56
"sp|O94979|SC31A_HUMAN"	"HUMAN"	13966160	11949672	13026680	14809198	13494333	14898935	12327077	14499449	15002344	16932472	16482335	15972634	16008387	15326026	16400863	15354059	15818511	14827834
"sp|O94992|HEXI1_HUMAN"	"HUMAN"	296825.53	354411.56	391109.2	384902.12	400117.75	0	412827.6	364986.66	375903.47	401427.44	417856.72	420820.2	464513.16	419073.16	0	395316.62	414070.94	372762.88
"sp|O95071|UBR5_HUMAN"	"HUMAN"	1669601.1	571810.25	1907489.9	2141862.2	1616839.4	1641931.5	1618619.9	1592221.2	1637991.1	2560331.5	2387822.2	1649666.9	1706134.4	1928755.1	2073385.2	1841929.5	1751175.6	1334855.5
"sp|O95104|SCAF4_HUMAN"	"HUMAN"	1052140.8	1114045.2	1638674.4	2156648	1630870.6	1739301.8	1079363.5	1571188.1	1587079.8	1596368.2	1639084.4	1646450.1	1624387.6	1777419	1920771.5	1512168.6	1566929.2	1594401
"sp|O95139|NDUB6_HUMAN"	"HUMAN"	768139.7	0	0	748201.9	778717.3	403076.97	753952.1	0	0	193209.95	778824.6	0	688672.9	0	792952.3	655484.4	634073.6	484693.88
"sp|O95140|MFN2_HUMAN"	"HUMAN"	0	9012009	0	0	0	0	0	0	0	0	0	184354.86	4820020	4948750	0	4894318.5	5025533	4816469.5
"sp|O95149|SPN1_HUMAN"	"HUMAN"	0	0	0	0	0	45559.3	0	0	0	0	0	1189122.1	0	0	0	0	0	0
"sp|O95155|UBE4B_HUMAN"	"HUMAN"	436865.38	332348.2	0	478627.28	477715.03	0	475062.25	875444.75	421673.5	0	0	0	0	0	0	0	0	0
"sp|O95159|ZFPL1_HUMAN"	"HUMAN"	0	0	0	0	0	0	0	0	0	0	0	0	0	0	0	0	0	0
"sp|O95163|ELP1_HUMAN"	"HUMAN"	349133.56	1847408.4	1901379.9	1889113.4	1782755.9	1489906.1	1423605.8	1449193.2	0	533156.2	453558.75	1875587.9	1456870.8	0	1480205.4	1805978.6	1556905.4	1506795.4
"sp|O95168|NDUB4_HUMAN"	"HUMAN"	0	0	0	0	0	0	0	0	0	322155.03	339014.9	0	0	0	329626.66	297312.62	0	0
"sp|O95182|NDUA7_HUMAN"	"HUMAN"	0	0	0	0	0	0	0	0	0	0	0	0	104898	0	0	0	0	182787.08
"sp|O95197|RTN3_HUMAN"	"HUMAN"	0	504238.8	595612.44	553184.25	0	539376.6	0	532546.75	0	451046.6	472594.16	609473.75	600390.7	605882.3	632196.1	487458.47	695135.2	687637.06
"sp|O95202|LETM1_HUMAN"	"HUMAN"	7227246.5	9549208	8820378	7464210	7701757	5882884	6739642	8434058	6969608.5	10618591	9208582	10792165	10747577	10425757	10000725	9690811	9260852	8049306.5
"sp|O95218|ZRAB2_HUMAN"	"HUMAN"	4863515.5	4339211	3967884	4845736.5	5178695.5	5329843	3873900.2	3963606.5	4084242.5	5334437.5	4609707.5	4191646.8	3929991.2	5120131	5428311.5	4744039	6661704.5	5417155
"sp|O95232|LC7L3_HUMAN"	"HUMAN"	9833611	10155617	11473101	10141320	10655866	10453626	11253014	11855126	10760266	10116187	10754656	11448118	10500591	12977298	9540722	10319989	9722628	9698978
"sp|O95239|KIF4A_HUMAN"	"HUMAN"	1274124.4	1259900.2	0	1327826.6	1090357.2	897962.5	0	0	57703.96	1750772	2034804.5	1485150.4	1778497.9	1382525.2	1295819.6	1262961.2	1888060.2	2194901
"sp|O95292|VAPB_HUMAN"	"HUMAN"	320528.06	0	0	373481.22	888582.44	1075035.5	795906.8	297217.34	0	0	281842.72	252567.67	264671.44	850045.94	0	0	330550.2	0
"sp|O95295|SNAPN_HUMAN"	"HUMAN"	0	0	0	0	0	0	0	0	0	0	0	0	0	0	0	0	0	0
"sp|O95298|NDUC2_HUMAN"	"HUMAN"	0	0	0	0	0	0	0	0	0	0	0	0	0	0	0	0	0	0
"sp|O95299|NDUAA_HUMAN"	"HUMAN"	2228624.2	1166836.6	2063854.2	1430665.2	1495199	1853424.6	972742.1	1155647	2509803	1833282.2	1805834.2	1190816.2	1751689	1857402.6	1120144.1	1711732.5	1535889	1877060.1
"sp|O95319|CELF2_HUMAN"	"HUMAN"	1313893.4	390084	0	325237.62	329652.25	389811.3	437191.12	423596.7	397691.72	379444.88	284934.4	341498.2	0	0	0	1852460	1407085.8	0
"sp|O95336|6PGL_HUMAN"	"HUMAN"	4164822.5	4452706	2264003.8	3500098.2	2869092.2	3340008.5	3473213	3168608.5	1659439.1	3005316.2	2951028.8	3182695.5	3303102.5	3190651.8	3902439.2	3019023.2	3088727	3543440
"sp|O95347|SMC2_HUMAN"	"HUMAN"	8152822.5	10399531	10721307	8097215	11142152	8205484.5	11168142	8836363	9610450	11805528	9511069	12398072	12416209	11507143	11112008	13501198	11137255	10970860
"sp|O95372|LYPA2_HUMAN"	"HUMAN"	3107118.8	2071482.8	3032158	2346257	2138457	1299614.8	3849956	2383010	1874492.8	2815135	3518081.2	2881148.8	2740497.2	3438591	2905556.5	1826175.2	2934976.5	2854508.5
"sp|O95373|IPO7_HUMAN"	"HUMAN"	29583022	30827900	25172672	33943216	28949436	28633958	28372498	27504214	27115316	22781390	26733842	25151846	24278006	22157872	23656016	23581036	27286846	28929686
"sp|O95376|ARI2_HUMAN"	"HUMAN"	1535204.2	1331446.2	939418.4	1496951.5	1067288.2	1022052.4	997459.2	860073.44	929860.4	858665.6	566929.4	1250158.2	602402.75	900420	0	1019105.4	1090924.1	1355536.1
"sp|O95391|SLU7_HUMAN"	"HUMAN"	185883	0	144899.92	227463.92	0	0	159376.47	230249.62	0	0	0	0	0	0	1246321.4	0	191285.77	0
"sp|O95394|AGM1_HUMAN"	"HUMAN"	848479	1464906.5	830205.75	776568.2	1936302.6	1260268.8	831459.1	1322610	1306565.9	2510742.5	2859030	2037140.6	2958126	2037966.2	1430029	2158252.5	1629326.4	1144755.6
"sp|O95400|CD2B2_HUMAN"	"HUMAN"	2173966.2	2193632.2	1743665.8	459179.44	1951662.5	0	2132976.8	2254878	1278757.9	2034640.4	429662.84	1572080	299950.78	0	901062.44	723944.3	1031623.75	1539449.1
"sp|O95429|BAG4_HUMAN"	"HUMAN"	310470.25	271575.12	290146.7	342520.28	236763.47	334690	247774.33	250022.97	275873.47	312144.8	293112.16	299089.94	281300.75	413303.88	293344.62	347032.1	270403.2	284278.97
"sp|O95433|AHSA1_HUMAN"	"HUMAN"	20387816	24867876	19122944	23928590	23883892	19980408	24969316	25510494	22613200	22478752	21882800	22889596	24331282	26595646	21726932	23808976	22715830	22412722
"sp|O95453|PARN_HUMAN"	"HUMAN"	0	1041704.8	1074593.8	0	381140.97	0	0	810571.56	386485.88	1128045.4	999530.1	496736.38	841626.75	1342099.6	1843739.8	1874676.2	1736425	1526234.5
"sp|O95456|PSMG1_HUMAN"	"HUMAN"	7435540	7553392	4987988.5	4594249	4424616	3854337	4680167	4926898	3587229	8035080	7690902	6035543.5	8125124.5	7500880	7181093	6092657.5	4713410	5931685
"sp|O95478|NSA2_HUMAN"	"HUMAN"	0	988202.56	0	0	0	0	0	0	0	944913.8	1163968.2	0	313850.6	1314778.5	1025755.75	749019.75	873362.4	842085.2
"sp|O95486|SC24A_HUMAN"	"HUMAN"	355821.75	410775.97	350393.06	245214.75	420511	379985.5	147699.64	403912.88	303176.75	319746.34	114891.195	343386.3	245291.02	0	315025.3	0	264979.1	285660.75
"sp|O95487|SC24B_HUMAN"	"HUMAN"	0	0	0	0	105875.766	0	93177.305	0	0	159971.19	192979.77	130532.93	0	0	0	0	0	92340.695
"sp|O95551|TYDP2_HUMAN"	"HUMAN"	0	0	0	0	0	0	0	0	0	0	0	0	0	0	1521913.8	0	0	0
"sp|O95562|SFT2B_HUMAN"	"HUMAN"	0	0	0	0	0	0	0	0	0	0	119876.41	184979.08	149544.61	0	144194.31	0	0	129264.625
"sp|O95563|MPC2_HUMAN"	"HUMAN"	1571826.8	1849728.1	1544752.5	1349764.2	1457317	1648363.2	1464470.9	1628647	1718203.5	1327917.8	1238382.6	1319782.2	1484224.2	1169664.2	1216892.6	1745427.2	1486685	1075214.2
"sp|O95602|RPA1_HUMAN"	"HUMAN"	7507496	0	2588145	8278717	7156875.5	7200544	7966871	9363942	7490145	4176040.5	3716182	3310949.5	3206743.2	4457938	918523.25	2995046	5275626	4044220.5
"sp|O95613|PCNT_HUMAN"	"HUMAN"	0	0	0	0	0	0	0	0	0	0	0	0	0	0	0	0	0	0
"sp|O95630|STABP_HUMAN"	"HUMAN"	366783.3	0	0	289535.1	0	360164.1	0	380226.22	391478.72	0	0	261875.08	0	400281.62	353898.5	0	321568.22	0
"sp|O95639|CPSF4_HUMAN"	"HUMAN"	859081.25	826092.44	760382.75	914785.9	865814.56	905042.75	835143.3	840745.56	877637.7	825030.5	872375.44	839626	780851.5	914315.4	772534.75	970475.75	900422.56	862895.9
"sp|O95671|ASML_HUMAN"	"HUMAN"	422937.12	0	0	0	328615.22	0	326099.16	0	253536.42	182545.81	191568.75	0	258846.67	221597.17	0	220291.89	186209.52	268766.03
"sp|O95684|CEP43_HUMAN"	"HUMAN"	6330564	0	6000361	5429552.5	5945937.5	5918416.5	5906647	5875696.5	6054851.5	4048293.5	3688197.5	3785169	0	0	3302543.2	0	3534496	3281252
"sp|O95714|HERC2_HUMAN"	"HUMAN"	0	0	0	0	0	0	0	0	0	0	0	0	0	0	0	0	0	0
"sp|O95721|SNP29_HUMAN"	"HUMAN"	5781947	6740995	6396740	5904826	5840642	5794786	6288010	5961519.5	6193449.5	8666390	7747292.5	8194346	9123372	7863558	7420008	7394389	8459699	8260819
"sp|O95747|OXSR1_HUMAN"	"HUMAN"	5778929.5	6551573	6179008	3434645	5254534	6662567.5	4815129	5876461	3400945.8	7261989	8409088	7788103.5	8541948	6198348.5	8835510	5873700	7931865.5	9000089
"sp|O95749|GGPPS_HUMAN"	"HUMAN"	0	0	0	0	0	0	0	0	0	0	0	0	0	0	0	0	0	0
"sp|O95757|HS74L_HUMAN"	"HUMAN"	3278465.5	5920533	3390349.2	3974021	4396296	5780174	4588350.5	4026452.8	2689297	3743381.2	4915381	5304996.5	6802050	4673642.5	6744609	6241447	6392643	6702674
"sp|O95758|PTBP3_HUMAN"	"HUMAN"	9829206	9975394	8373676	10521704	8066641	9255757	10007628	9242635	9425972	11251824	10153650	10711180	10129191	9874923	11029559	8934504	10590859	9985356
"sp|O95777|LSM8_HUMAN"	"HUMAN"	12134310	13402507	10600634	10946720	11022772	12871103	10905524	12033238	11871079	13157293	13325165	9748656	13223497	11612403	12417258	13826550	13044317	13516467
"sp|O95782|AP2A1_HUMAN"	"HUMAN"	20505864	21867954	21618644	22705926	19526088	18660100	21012028	24328098	23771262	24361344	20813322	22019036	23826860	21663714	23579064	26007768	19771904	23088518
"sp|O95793|STAU1_HUMAN"	"HUMAN"	2812123.2	2767846.5	1830241.6	2825816.2	2242913.5	2636369	2139060.2	2216138.8	2404533	3203718.8	3433583.2	3656586.5	3299846.5	2854475.2	3126880.5	3224143.5	3176154	3493333.8
"sp|O95801|TTC4_HUMAN"	"HUMAN"	10789708	2498224.8	1503445.4	9966700	4434054.5	4904046.5	1812463.8	7146001	7095488	2043014	3537633.2	2120194.2	3082365	4824682	2701295.5	3273020.8	5783224	2375989.5
"sp|O95810|CAVN2_HUMAN"	"HUMAN"	1807729	4002858.5	1829449.4	2200636	4113683	2018981.1	2154581.8	1792465.4	1931309.4	2129460.2	1878043.4	1896784.8	1840098.2	2351637.5	3675467.5	1850204	1930415.5	1953753.4
"sp|O95816|BAG2_HUMAN"	"HUMAN"	13289997	11562098	12574692	11977455	12096255	12560513	12196381	12021561	11926715	13018026	13383441	13128914	13561258	14006915	13134517	12898582	13068209	13350381
"sp|O95817|BAG3_HUMAN"	"HUMAN"	0	0	0	160368.36	0	204491.55	374976.56	310472.7	392518.6	0	0	0	0	0	302920.03	0	0	0
"sp|O95819|M4K4_HUMAN"	"HUMAN"	1003403.2	1173004.6	1428627.2	770412.4	1162815.5	1318763.6	906810.7	1479946.6	1239020	1144613.2	1061615.1	1153621.2	1014877.2	1167949.1	998010.5	1152507.9	1137426	1130334.6
"sp|O95831|AIFM1_HUMAN"	"HUMAN"	17916070	14012326	19314764	17893522	15674158	19274448	16348588	20898124	19795022	15595390	17062600	16064030	17007504	15825336	15825361	15288183	16537174	17233052
"sp|O95834|EMAL2_HUMAN"	"HUMAN"	0	0	0	1868185.2	1192760.1	0	0	0	1476602.9	446850.5	0	0	599109	0	0	465502.16	0	0
"sp|O95861|BPNT1_HUMAN"	"HUMAN"	4025250.5	4264694	4819340.5	5490082	4771111.5	5067505	5068865	3727695	5552995	3677366.5	3364403.5	3449224	3059210	3943140.5	3589420.8	3665798	3631942.5	3824220.8
"sp|O95865|DDAH2_HUMAN"	"HUMAN"	2908256	0	0	0	2605726	2158591.5	0	2730249.2	3874038	0	0	0	0	0	0	2461360.5	0	0
"sp|O95881|TXD12_HUMAN"	"HUMAN"	848546.25	837831.4	804846.4	1880368.4	836495.06	1862767.9	1795519.8	1936314.2	1858670.2	1837473.8	1757101.2	1922332.8	1808287	1831461.5	1728573.2	1765012.2	1835457	1801166
"sp|O95926|SYF2_HUMAN"	"HUMAN"	0	0	0	0	0	0	0	0	0	424883.12	563920.56	0	0	0	0	802468.1	0	552974.56
"sp|O95983|MBD3_HUMAN"	"HUMAN"	2369157.5	2477100.5	2432438	2415858.8	2648284.5	2599894.5	2346840.2	2609258.5	2024223.8	2537241.8	2009170.1	2410582.5	1929714.5	2098871	2437793.5	2528352.2	2596356.5	2054815.6
"sp|O95989|NUDT3_HUMAN"	"HUMAN"	3986742.5	4482411	3027720.2	3458690.5	3463775.5	3366757	3120057.5	3298141.5	3288709.8	3537223.8	3009173.5	3838034.5	3736829.8	3042296.8	4176659	3260882.5	3356172.8	2589139.2
"sp|O96000|NDUBA_HUMAN"	"HUMAN"	6113686	5236638	4928175.5	5554112	4713149.5	5632222.5	4482418.5	2282447.2	4433233.5	6387346.5	6194465	6354681	6287109	5569123	5986511.5	6190002	6652765.5	3589622.5
"sp|O96007|MOC2B_HUMAN"	"HUMAN"	0	320670.9	0	298623.7	286098.78	247756.67	0	291352.22	0	189526.53	328093.7	288661.3	279577.06	278740.25	0	208102.3	301145.75	310998.53
"sp|O96008|TOM40_HUMAN"	"HUMAN"	2660727.2	2167951	2546960.2	3885080.5	1994215.1	3714789	1918184	2316280	1906409.2	3475310.5	3744979.5	3582917	2226089.5	3652090.2	3811910.5	3614609.2	3814707.8	3847390
"sp|O96019|ACL6A_HUMAN"	"HUMAN"	26391922	23271048	25787196	25505890	24360930	24038452	26098642	26620552	25112080	24833620	26197068	26038424	23085578	25513616	26375860	26146488	26059288	23380082
"sp|O96028|NSD2_HUMAN"	"HUMAN"	338271.7	0	0	0	0	0	0	0	0	0	0	0	0	0	0	0	0	0
"sp|P00338|LDHA_HUMAN"	"HUMAN"	298221700	259324320	259385760	280891620	267263090	275679740	279066000	291478000	279094800	271383650	258704670	266587780	263303920	257514560	273673120	247250000	274123000	267849710
"sp|P00352|AL1A1_HUMAN"	"HUMAN"	0	0	536367	511859.3	0	0	0	558518.25	0	1952137.6	760595.6	1433599.8	440007.06	1678674.8	1757147.9	1551008.5	828471.2	1352287.9
"sp|P00367|DHE3_HUMAN"	"HUMAN"	12821618	12913490	11111619	13712653	14520071	13130129	13114855	10869247	16130153	16761376	16846538	17721566	14333894	15588881	17175930	16297606	15404984	12742524
"sp|P00374|DYR_HUMAN"	"HUMAN"	5493948.5	4455969	3920762.8	2589725	4991938.5	5138448	4849157	2507189.8	4150848	2996175	4634173.5	4681447	4363477.5	4961593.5	4752532.5	4779166	4385772	4650414.5
"sp|P00387|NB5R3_HUMAN"	"HUMAN"	411630.03	419810.97	0	0	410308.84	376528.25	0	702140	282179.94	314267.88	339259.62	715316.4	699160.9	352215.75	734063.9	337772.4	570556.4	393032.06
"sp|P00390|GSHR_HUMAN"	"HUMAN"	19481132	17848348	17575942	21563936	19892530	19665502	18870334	18551844	19629294	18145828	19275320	18111014	20382118	20241550	17985856	19931542	19168640	20247924
"sp|P00395|COX1_HUMAN"	"HUMAN"	1055990.2	1030150.06	1055113	995148.9	1044052.56	1005452	1144006	1158169.4	1124555.1	1235510.6	1184492.2	1093028.8	1104559.1	1105558.1	1145531.9	1096831.4	1187308.4	1115575.9
"sp|P00403|COX2_HUMAN"	"HUMAN"	5595601.5	5467691	6920541	6652658.5	6457021	6735435.5	5420805.5	6731115.5	6580059.5	5590029	5441297	5584065.5	5354438.5	5487975.5	5460309.5	5283505	5592095	5504997.5
"sp|P00414|COX3_HUMAN"	"HUMAN"	0	0	0	0	0	0	0	0	0	0	0	0	0	0	0	0	0	0
"sp|P00441|SODC_HUMAN"	"HUMAN"	45250196	45259188	44159444	44891744	46433250	45158030	45371144	42999630	45836436	40908704	44891572	43248204	45303210	45295020	44483796	46233320	44168990	43979870
"sp|P00491|PNPH_HUMAN"	"HUMAN"	31883444	31517400	31088876	31586174	34449664	28305112	32739116	31419702	28405712	34928050	36080570	36757744	35343884	35680270	35957620	35629230	36578484	33753060
"sp|P00492|HPRT_HUMAN"	"HUMAN"	18422300	27662140	19289508	22411292	17975520	18250218	20934484	18549622	26078012	16273933	21254664	16095285	16304093	17002164	16825574	17106432	16453323	17566040
"sp|P00505|AATM_HUMAN"	"HUMAN"	6823870.5	9379332	6926841	8084847.5	5395239.5	7265845	6457782.5	6617498.5	7531597.5	7044179.5	9914398	9482406	10183770	9362864	9868959	6875797	8224326	7222943
"sp|P00519|ABL1_HUMAN"	"HUMAN"	0	0	0	0	480067.3	0	0	0	0	531424.25	511877.28	0	0	0	460216.22	414207.06	504943.7	573582.6
"sp|P00558|PGK1_HUMAN"	"HUMAN"	330862750	315345700	279908800	322568220	324305730	327411300	323354020	324604860	327915070	262233060	286229020	289250800	289667840	285340830	285447040	280685020	293573700	292392540
"sp|P00568|KAD1_HUMAN"	"HUMAN"	2739943	2585368.8	3240179.2	2215896.5	2634784.2	3221161.2	2435868.5	2842321	3562673.8	3352705	3574930.5	3714882	3407866.2	3125365.8	3489620.8	3585350.5	4361530.5	3435930.2
"sp|P00734|THRB_HUMAN"	"HUMAN"	3943578	4332012	3356452.8	5616424.5	3276556	4040482	4929037.5	4616895.5	5203020.5	5122977.5	3679624.5	3765862	4844219.5	3632743	4473674	6021438	3997693.8	5383773
"sp|P00742|FA10_HUMAN"	"HUMAN"	0	0	0	0	0	0	0	0	0	0	0	0	0	0	0	0	0	0
"sp|P00846|ATP6_HUMAN"	"HUMAN"	0	0	0	0	0	0	0	0	0	0	0	0	0	669619.8	0	0	0	0
"sp|P01008|ANT3_HUMAN"	"HUMAN"	952651.1	879417.44	1055051.1	1020124.1	823604.56	677070.44	930051.4	1104459.2	773434.44	798112.94	0	0	1252721.9	227344.55	0	0	0	1093913.5
"sp|P01023|A2MG_HUMAN"	"HUMAN"	0	0	0	0	0	0	0	217038.3	196651.06	241290.73	242209.1	0	231902.86	263628.88	273494.1	0	0	198098.92
"sp|P01024|CO3_HUMAN"	"HUMAN"	1311572	1398601.2	1476197.8	1523234.2	1448897.4	693127.2	1195437.8	1768541	717425.5	609858	1437864	639867.4	1305406.5	541919.4	630429.06	1675670.2	542782.8	593865.56
"sp|P01111|RASN_HUMAN"	"HUMAN"	366957.4	2250845	736539.9	1095418.2	950041.25	2438676	411298.2	721410.6	355515.97	1292603.9	906154.25	816636.75	1868606.8	978899.25	909826.4	932307.2	510834.62	1011870.6
"sp|P02008|HBAZ_HUMAN"	"HUMAN"	165054220	160774750	162397550	165276350	163294460	166021520	160132620	162864770	166994910	164262020	165851200	167196200	166593040	165108000	165997580	162339940	166902820	167529340
"sp|P02042|HBD_HUMAN"	"HUMAN"	8536695	6862730	4569848.5	7767904.5	4876525	5867238.5	8192977	7850402.5	8776249	4802529	3016358.8	2667727.2	3050684.5	3202998.2	5272143	3000723	3072678	3130644.5
"sp|P02100|HBE_HUMAN"	"HUMAN"	116936850	114473020	113762420	117986330	119444990	118569700	119854370	116660100	116268340	117135180	119040330	116746290	116646540	117814080	117822984	116615500	116907840	116679470
"sp|P02545|LMNA_HUMAN"	"HUMAN"	109076350	102396540	110172620	106918410	111716456	105408950	110779816	103962190	110578490	110184710	115533144	112471180	115967910	111929624	112502056	110206890	112081020	115927784
"sp|P02549|SPTA1_HUMAN"	"HUMAN"	11777728	11200694	12419866	11734680	15505070	10460212	11234293	7861251	11415877	10034514	10210375	9590406	10882394	9592050	12056511	10497130	9661897	16659920
"sp|P02647|APOA1_HUMAN"	"HUMAN"	3282936.5	2753521	3451704	689604.56	3458167.2	3904245.5	622727.44	2813370.2	3118674.8	3167650.2	598337.5	597140.6	614349.94	539366.75	2634103.2	696785.6	3413586.8	3218258
"sp|P02649|APOE_HUMAN"	"HUMAN"	678794.6	0	744215.75	754267.56	771570.25	0	816230.5	846695.75	832179.4	1460131	1310055	781149.1	1222358	997664.4	1227307	1108930.5	1398562.2	1495259.5
"sp|P02655|APOC2_HUMAN"	"HUMAN"	2051698.4	1641327.8	1822836.1	1372341.1	1766099.1	1316271.1	1816088.1	1806807	1891175.2	1750656.2	1323803.5	1660932	1705725.5	1872419.8	1760471	1751388	1546830.4	1625035.6
"sp|P02748|CO9_HUMAN"	"HUMAN"	0	0	0	0	0	0	0	5436186.5	0	0	0	0	0	0	0	0	0	0
"sp|P02765|FETUA_HUMAN"	"HUMAN"	5506318	4005039.2	6570152.5	7943671.5	7939770.5	5509697	7450772	4765215.5	5525809	5053317	6016278	6330128.5	5539946.5	5569104	5293512	4225826	5730981	5512223
"sp|P02786|TFR1_HUMAN"	"HUMAN"	108503050	103494344	108161080	105607870	104131224	102959010	103971410	103120730	105118570	104924580	103295150	100778860	103179840	102224760	104990600	100142830	101973160	101638670
"sp|P02788|TRFL_HUMAN"	"HUMAN"	3947157.8	3867561.8	2972347	4033237.5	3882960.8	4123853	3783574.2	4466203.5	3470398.5	3944893	4669178.5	4092508.2	2668861	3059528.2	3901520	4374081	4250811	2674360.2
"sp|P03905|NU4M_HUMAN"	"HUMAN"	88844.3	0	0	0	0	0	0	0	0	107105.13	103858.91	0	155461.86	0	54092.445	0	115548.02	137749.2
"sp|P03928|ATP8_HUMAN"	"HUMAN"	0	545143.6	0	0	0	0	0	0	0	350376.47	0	288865.53	0	398067.25	0	488768.4	308718.5	0
"sp|P04004|VTNC_HUMAN"	"HUMAN"	1367310.4	1598221.5	1355944.6	1351998.8	1308961.4	1361008.9	1405750.6	1297205.9	1303559.4	1401956.9	1302053.9	1222212.1	1291449.6	1230772.4	1135597.8	1471603.8	1382208.1	1267174.5
"sp|P04040|CATA_HUMAN"	"HUMAN"	22159194	21673362	21508796	21766324	22738182	22459908	22202622	20083332	19603200	19135628	24032894	23809536	23392716	24383040	26163468	28288658	23951692	24693382
"sp|P04075|ALDOA_HUMAN"	"HUMAN"	484829730	493392320	473935840	470666180	487376400	488309540	468477220	472934500	483909820	501808350	462209800	456667070	483164770	458062900	464336960	460877300	476496300	473355550
"sp|P04080|CYTB_HUMAN"	"HUMAN"	14276776	13194794	12629560	13862580	13975811	13452154	14027852	14040747	13350503	14502914	14933642	14961897	15372577	14650439	14860533	14146183	14347847	14994130
"sp|P04083|ANXA1_HUMAN"	"HUMAN"	163490060	156904500	163284880	155397800	154234800	164544400	154651680	154812750	159639090	167081010	157632020	158143470	155061040	153601650	158719000	158858240	151480590	152295620
"sp|P04179|SODM_HUMAN"	"HUMAN"	0	0	0	0	0	0	0	0	0	0	406610.94	0	465539.5	0	0	0	0	0
"sp|P04181|OAT_HUMAN"	"HUMAN"	29726456	28961262	26808972	27930068	29511254	28973042	29153756	29708634	28441078	28166174	29753078	28445142	28333788	29231256	27908512	29224360	27657352	28482588
"sp|P04183|KITH_HUMAN"	"HUMAN"	18002890	18120520	14920816	18458846	14632681	18116978	18158018	16935930	17156896	15128574	19521212	15182870	18751562	15137653	11756694	20007154	16249446	18084912
"sp|P04406|G3P_HUMAN"	"HUMAN"	596823100	569406800	597176700	595983000	564941060	601640450	564788100	597331140	590290900	593109200	597997200	596224700	591694600	597860900	600545700	603878000	593698500	596366700
"sp|P04424|ARLY_HUMAN"	"HUMAN"	124633.19	0	0	143176.38	0	0	127402.695	140862.56	0	129409.375	122156.555	160491.55	0	146776.3	152507	127062.79	118186.01	0
"sp|P04632|CPNS1_HUMAN"	"HUMAN"	10138928	9829636	11321443	10089106	9126738	9518796	10174908	10676277	10481076	11483352	11107913	11347741	9884623	10224010	9571610	10485374	11974253	10565157
"sp|P04792|HSPB1_HUMAN"	"HUMAN"	43541636	44253344	44357044	43980330	45848740	43554376	46186716	46529390	44015016	46440636	45145700	44934540	45747210	46462364	45479110	45118456	45570864	45558580
"sp|P04818|TYSY_HUMAN"	"HUMAN"	9013844	8812470	7253856	7730761.5	6265424	9437044	8357519.5	9709528	9371526	9075211	8051227.5	9371232	9081887	9059382	7328697.5	8951173	8518159	9410293
"sp|P04843|RPN1_HUMAN"	"HUMAN"	592478.6	763531.94	713623.4	720287.4	813040.4	685329.94	776715.6	803476.75	1022957.94	4098994.2	1171867.8	1147847	1461333.2	672252.25	1578319	865916.2	812021.7	1832817.6
"sp|P04844|RPN2_HUMAN"	"HUMAN"	0	0	0	0	0	0	0	0	0	749430.94	0	669165.75	0	0	0	0	64430.984	0
"sp|P04908|H2A1B_HUMAN"	"HUMAN"	577658200	575792000	560958900	566572540	576408960	570299300	566176600	572103400	582351940	567509200	570778600	562615400	570183040	569907200	567355200	576538400	565895550	579838460
"sp|P05023|AT1A1_HUMAN"	"HUMAN"	19732264	22376114	19513328	20745074	19012906	20603680	17486056	19145312	20488418	24870766	24288066	22690604	21139198	19796752	20804328	20532566	21988872	21190034
"sp|P05091|ALDH2_HUMAN"	"HUMAN"	2176387.2	3920932.5	1780345.9	1425386.5	1467213.8	1654957.4	4079298	1675110.2	1888048.2	3515403	2530427	1325128.5	587115.4	2127849.5	2429291.5	1582464	1553651.9	1574794.9
"sp|P05114|HMGN1_HUMAN"	"HUMAN"	5765656.5	4797846	4170107.5	4652796	5348952	5315235	4612225.5	5390133.5	4595717.5	5127742	5509337.5	4578986	5115098.5	5719992	4576416.5	5153622.5	5201943.5	5629171
"sp|P05141|ADT2_HUMAN"	"HUMAN"	145518050	71953100	72085920	72731000	140069920	77270580	146620050	73981080	73067960	75527570	75230090	77055140	74919100	126980270	75102490	72455060	74911270	75416590
"sp|P05161|ISG15_HUMAN"	"HUMAN"	0	0	0	0	0	0	0	0	0	0	0	0	0	0	0	0	0	0
"sp|P05198|IF2A_HUMAN"	"HUMAN"	22455422	22527476	27479236	23278774	27774466	27317464	23600838	29076898	24252364	26471748	26294070	28070688	24969132	31824618	28802324	24290696	29554246	29961912
"sp|P05204|HMGN2_HUMAN"	"HUMAN"	4201743	3375234	4017287	3978038.5	3688074	4269050.5	3762535.2	3727269.8	4332618	3976380.5	3706773.5	3915295.2	3668739	3964994.5	4000905.5	3591818	3660502.2	4174973.5
"sp|P05362|ICAM1_HUMAN"	"HUMAN"	739488.94	886533.5	0	0	0	0	988114.7	593351.8	816684.4	0	0	0	0	0	0	0	0	0
"sp|P05386|RLA1_HUMAN"	"HUMAN"	49633948	52963536	50941212	50533336	50401696	50983776	50147290	50874824	49142696	54212576	49806292	49475068	48887660	53273644	49444028	51237400	50542020	48583256
"sp|P05387|RLA2_HUMAN"	"HUMAN"	110380720	113712584	117348220	110060370	111295864	112630376	112645820	110062380	114418696	117122410	116162960	116579304	118055336	116376930	116905900	117104600	117445390	115158024
"sp|P05388|RLA0_HUMAN"	"HUMAN"	107690220	108910620	107408136	108402936	107333900	109224260	112519330	107722570	110563144	112862480	117922250	113059390	113641890	118707370	117750856	121510910	113441470	113561620
"sp|P05455|LA_HUMAN"	"HUMAN"	134445230	133166010	131668744	133162930	134672880	133772480	134937010	136558190	135121500	135733920	136475870	136025360	136902670	133642490	133946810	134177690	134599950	134292130
"sp|P05771|KPCB_HUMAN"	"HUMAN"	8158155	6964960	9334538	8740254	8601857	5684101.5	6615464.5	7391336.5	6549468	5671300	6002731.5	7360036.5	8278489.5	8987269	7720038.5	5983276.5	6084055	7819379
"sp|P05783|K1C18_HUMAN"	"HUMAN"	40517480	40549828	38739830	38946464	38670604	40457564	35901950	41342412	37940070	44336316	41554130	41175628	43159124	40729716	53033724	47886064	43025416	53644620
"sp|P05787|K2C8_HUMAN"	"HUMAN"	82924260	80207256	79304450	82607730	76175016	80112344	79535640	80078300	84134530	83836940	81954880	86620440	83347384	82978190	81205030	81678520	84748264	81422570
"sp|P05937|CALB1_HUMAN"	"HUMAN"	2369631	1329051	4761894	2401086.5	1471276.4	1637429.1	1569793	1474342.9	1886265.5	2605768.8	1642826.9	2509607.8	2855722.2	2506819	2891944.2	3345443.2	1725263	2460243.5
"sp|P06132|DCUP_HUMAN"	"HUMAN"	19093360	20251384	18866858	17063130	17633688	20175982	19751158	19999668	20014268	17639050	19001714	20435002	19818388	17593652	19148468	20581238	19900526	19573658
"sp|P06396|GELS_HUMAN"	"HUMAN"	1872248.5	1055425	2260035.2	2108026.8	1565933	2026089.6	2273045	2215205.2	2185141	1514689.1	2128801.8	1566663.2	1997412.2	1492596.5	1912591.5	1581408	2046344.5	2147945
"sp|P06400|RB_HUMAN"	"HUMAN"	0	1341853.9	0	1675194.4	1469902.9	1452201.5	1539457.8	1650834.9	1518221.2	0	0	0	0	0	0	0	0	0
"sp|P06454|PTMA_HUMAN"	"HUMAN"	41127020	39428116	40058624	42665356	40551164	43517144	40673460	40127668	42262380	41788460	41042140	43315464	41423100	42271116	42552704	40495044	40442436	42781800
"sp|P06493|CDK1_HUMAN"	"HUMAN"	70718100	22807830	23218690	19402640	21134922	21531270	23415042	70087000	24999192	25764118	24033446	22420366	22961496	25274254	22658754	22499454	23549392	27157188
"sp|P06576|ATPB_HUMAN"	"HUMAN"	169680800	169823410	169493980	168085500	169263900	164857600	169221040	168295870	164013680	162772290	160761660	161454850	158558350	161185090	160127570	165642560	161859600	161383280
"sp|P06703|S10A6_HUMAN"	"HUMAN"	0	0	0	0	0	0	0	0	0	1701904.8	0	0	0	0	0	0	2145815	0
"sp|P06730|IF4E_HUMAN"	"HUMAN"	6000105	5776941	6429876.5	7502168	7106645	6088362	6087605.5	6230939	6353560.5	6381862.5	7093581	6725494.5	7499404	6418519.5	6702865	6247569	6407267.5	6640461
"sp|P06733|ENOA_HUMAN"	"HUMAN"	1073399400	1087167200	1083383400	1077328500	1070973400	1081037800	1059562240	1077924400	1079739300	1098858400	1086389200	1080816500	1081550200	1085158300	1090660500	1093102800	1075798800	1078044200
"sp|P06744|G6PI_HUMAN"	"HUMAN"	108237440	105810300	110848180	108533950	110712456	110617990	108924264	110214216	108846536	107486350	110251690	106622490	112630210	110084900	107601310	108586780	109061040	112288830
"sp|P06748|NPM_HUMAN"	"HUMAN"	347871420	345846600	325122850	350460200	349330700	335092860	323412670	328870340	331737120	326664200	342050050	341445250	342815140	349488580	347769800	351710820	343508380	353281300
"sp|P06753|TPM3_HUMAN"	"HUMAN"	26806040	27230610	27310524	27297238	26660532	26931088	26675946	27520478	27167828	26790824	28068316	26787506	28591990	26520836	26988352	26257632	28396142	26791444
"sp|P06865|HEXA_HUMAN"	"HUMAN"	0	0	0	707577.1	281150.97	328139.38	377387.6	0	0	343560.3	0	0	0	274133.06	261065.72	0	176671.64	273817.72
"sp|P07108|ACBP_HUMAN"	"HUMAN"	3045395.5	3392197.8	3502909	3255419.5	3238908.5	2900440.5	3213442.5	3273240	3225276.2	2972253	3204038.2	3003134.5	3162953.5	2901368.2	2961569.2	3208275	3177631.8	3123544.5
"sp|P07195|LDHB_HUMAN"	"HUMAN"	167376640	161555890	167340510	160901630	179040420	159088370	159523280	160296590	160224780	167158780	160629710	160739940	166163300	158921840	158093600	158359200	156799230	159167840
"sp|P07237|PDIA1_HUMAN"	"HUMAN"	42378170	43263750	43512300	46708810	47273400	47840460	44598476	47537240	42011656	45669276	42531264	41851692	42832576	45038176	42341370	45045972	42529560	42389052
"sp|P07311|ACYP1_HUMAN"	"HUMAN"	853182.44	2464059	1354470.8	1419346.1	1171016.1	991276.75	899449	1465861.9	1286109	1231601	1197032.4	1315674.5	1403138.8	2364271.2	1595292.6	1758647.8	1170326.4	880678.44
"sp|P07339|CATD_HUMAN"	"HUMAN"	5249249.5	6178276.5	2976247.8	5249140	5001011	4691264	4836891	4594562.5	4200851	4046113	4461719	5367382	5229428.5	4321102.5	3541486	4618157	5203781	4235271
"sp|P07355|ANXA2_HUMAN"	"HUMAN"	83025340	83269784	82611816	81234696	85617496	80297050	83014470	83541730	81680640	86054900	86427096	86004080	86901300	87547210	87834410	86198760	86325590	86853864
"sp|P07384|CAN1_HUMAN"	"HUMAN"	20281212	20623788	20269808	18406200	21940566	18353716	18951752	20898324	19900368	22030564	21109266	22978982	22285416	24036276	22725822	23706670	25098892	21469718
"sp|P07437|TBB5_HUMAN"	"HUMAN"	1085113900	1119484000	1088447900	1080085900	1069035840	1105259300	1075096700	1077451000	1050480600	1083550000	1052232300	1085350800	1061777100	1094538400	1090855700	1074558800	1005447230	1074541300
"sp|P07602|SAP_HUMAN"	"HUMAN"	10651871	10006219	9565910	7686414.5	10211890	9786132	10784905	11038093	10850122	10642353	10972059	11557682	10397899	10594197	10491321	8784015	10732373	10870196
"sp|P07686|HEXB_HUMAN"	"HUMAN"	2433056.8	3626343.5	1546434.9	3780796.5	3078686.8	2536670.8	3517714.8	3476665.8	2051388.2	2779763.5	2908153.5	2150295.5	2444676.2	2735749.8	2612093.2	3893187	3082425.2	3160091.8
"sp|P07711|CATL1_HUMAN"	"HUMAN"	0	0	0	0	0	0	0	0	0	0	0	0	0	0	0	0	0	0
"sp|P07737|PROF1_HUMAN"	"HUMAN"	188563940	193798200	186361780	187115230	184258670	182722860	179749920	187338560	187573380	184034820	183335200	186005840	184581170	182829300	186069980	182303520	186178670	180718700
"sp|P07738|PMGE_HUMAN"	"HUMAN"	0	0	0	0	0	0	0	0	0	0	370495.72	296072.44	359148.7	311500.78	0	331213.94	349704.62	0
"sp|P07741|APT_HUMAN"	"HUMAN"	23913136	22262314	22605570	22576002	22654890	22421138	21441194	20369432	22776734	22838382	25244560	23354668	26562572	24029486	23316038	24744972	22179560	23175658
"sp|P07814|SYEP_HUMAN"	"HUMAN"	93774904	92865460	103334880	100085360	98285870	97344456	92275260	101218920	98838300	93180696	104771660	103624344	103221416	95052460	102113490	93332850	104469030	95097550
"sp|P07858|CATB_HUMAN"	"HUMAN"	562571.3	865546.56	1162357.9	1465682.4	822029.44	1178777	765126.7	1022246.44	1313574.5	1415124	1203649.2	1020137.1	1510425	1123424.2	1296087	595909.3	1151574	1493422.2
"sp|P07900|HS90A_HUMAN"	"HUMAN"	916176100	900571650	905003900	915787840	927022800	882197700	893770900	914031200	888569800	908152260	900639000	900310800	886640600	908943360	901943700	879765600	903316540	898692000
"sp|P07910|HNRPC_HUMAN"	"HUMAN"	178391860	175244860	177994600	177268290	178670530	176706850	176926180	175977260	178953060	174003660	176642530	178656160	176754140	176863000	177809860	173801090	177039040	179784050
"sp|P07919|QCR6_HUMAN"	"HUMAN"	7166372.5	7709018	6454386	7656080	7916841	7591547	6713795	6672727.5	7919561.5	6892940.5	6905844	7767217.5	7477116	7469911	6893036.5	7697964	7432913	7245882.5
"sp|P07948|LYN_HUMAN"	"HUMAN"	619287.94	0	0	2235355.2	2029636.2	0	514539.38	893389.75	617494.8	746224	0	174841.52	1204531.8	1092215.5	948668.5	994997	154479.3	153955.69
"sp|P07954|FUMH_HUMAN"	"HUMAN"	54807652	58773656	57370390	60876890	56693170	62426280	57988990	63047310	62419612	65895424	59803480	62356844	58533000	57666440	63595650	60806610	60358330	63501390
"sp|P07996|TSP1_HUMAN"	"HUMAN"	1196509.4	0	1107041.2	1187174.6	0	0	1012984.3	0	636014.6	639371.7	2654915.8	2876077	2317441.5	2675132.5	2744025.8	2509960	1654726.5	2195473.5
"sp|P08047|SP1_HUMAN"	"HUMAN"	0	0	0	20068.93	0	0	30120.87	0	0	0	0	0	0	0	0	0	24956.375	0
"sp|P08134|RHOC_HUMAN"	"HUMAN"	607809.2	581720.8	817401.5	907480.25	774768.7	724008.94	995151.8	700921.9	805839.56	966948.75	993005.1	754612.44	821390.56	944412.8	825051.6	897205.44	0	873179.3
"sp|P08195|4F2_HUMAN"	"HUMAN"	9344194	11105189	8800707	10648547	9148509	8516073	9652727	11570784	9598209	9875251	11088882	10154025	10296050	10723703	9958781	10094309	10089926	9605058
"sp|P08237|PFKAM_HUMAN"	"HUMAN"	306299.5	1254471.5	851921.06	1022738.5	1497256.5	278942	1384625	1200688.2	575785	291852.06	1888586.2	232858.16	272037.6	1486731.9	375095.75	701462.9	0	2286276
"sp|P08238|HS90B_HUMAN"	"HUMAN"	654703550	654584400	663068000	661041150	686315460	687625150	686847940	690438340	659506700	686661800	686660900	682476300	689509500	689806900	684225500	683677300	686501440	683924300
"sp|P08240|SRPRA_HUMAN"	"HUMAN"	0	0	0	0	188780.16	0	0	0	0	0	0	0	0	0	330871.72	134532.55	0	0
"sp|P08243|ASNS_HUMAN"	"HUMAN"	65284670	66636710	67411336	68544616	68847304	65143052	66340140	70150600	64471060	67874470	67821160	67824300	66516950	69863304	69949520	67142210	69730030	72777256
"sp|P08397|HEM3_HUMAN"	"HUMAN"	26966944	26908514	28100696	25958900	26381344	27209492	26351296	26843396	26619182	28232732	28944160	31766256	28047512	27472180	29317268	27405992	28511298	28847232
"sp|P08559|ODPA_HUMAN"	"HUMAN"	7546321	9344565	8456877	8325902.5	8273281.5	9237834	6786677	6699967	9287432	5286683	5705539.5	6279622	6250362	7412418.5	8608449	7913181	8459000	7368363.5
"sp|P08574|CY1_HUMAN"	"HUMAN"	3911421.8	5386360	5682976.5	6517362.5	5927432	5693350	6177573.5	4333994.5	4154771.8	5605185.5	6790792	5764799.5	6312244	5558642	5604832	4368460	5308145.5	6372323
"sp|P08575|PTPRC_HUMAN"	"HUMAN"	1840390	1072241.1	2225265	1537885.1	637564.75	1388634.2	1532464.8	726054.9	1506080.2	1478691.2	1702724.4	2309503.8	2090649.4	1445924.8	2479637	2169321.2	1139294.8	2050910.5
"sp|P08579|RU2B_HUMAN"	"HUMAN"	6718503.5	6468770	4077937.8	6832026	5085299.5	6226881	6795572.5	6932431	6668964	6883194	6433014	5926584	5883670.5	6815517	5591552	5211121	5494318	5434178
"sp|P08621|RU17_HUMAN"	"HUMAN"	17664134	16340423	17843448	16774106	17311534	17779642	17475212	16574182	17791346	17767298	18349308	20970096	17854324	17558818	18317576	18852930	18093488	18800750
"sp|P08648|ITA5_HUMAN"	"HUMAN"	0	0	0	0	0	0	0	0	0	0	0	0	0	0	0	0	0	0
"sp|P08651|NFIC_HUMAN"	"HUMAN"	0	0	0	0	0	0	0	0	0	0	0	35430.996	0	0	0	0	0	0
"sp|P08670|VIME_HUMAN"	"HUMAN"	120844980	121238260	120292536	123783670	124347540	123736980	124607150	124611840	125910664	117675224	123769190	125973220	121827310	122808616	125281760	121130860	126895820	122308140
"sp|P08708|RS17_HUMAN"	"HUMAN"	32563914	32638980	33218270	32162430	32571392	32348876	28329320	33823396	31351940	32663342	32235480	33997944	31873268	33662460	34231584	33473444	31735896	32490016
"sp|P08727|K1C19_HUMAN"	"HUMAN"	13952038	15817221	16688569	17176772	17287738	16981288	16548301	18082636	17658278	18227514	17050900	15312758	15619240	17636754	15897986	17913998	17758892	17877592
"sp|P08754|GNAI3_HUMAN"	"HUMAN"	3513807.5	3703751.8	3483874	3232219.5	3746560.8	3711724.2	3608400	3404533.8	2484486.8	5613025.5	4085218	4682943.5	4169681	4761111	5318075	5355947	5950623.5	4676320
"sp|P08758|ANXA5_HUMAN"	"HUMAN"	10998455	12150254	10879363	10333083	10627204	10674433	11386901	12112033	11101295	11592485	11407739	12090082	11636924	11894098	11936335	11651486	12128229	12448662
"sp|P08865|RSSA_HUMAN"	"HUMAN"	140555120	138594800	139105360	140956600	136083330	143752100	138939740	139345760	139322300	121199420	113981730	119785480	115763390	117997704	119966710	117811176	118987016	120570570
"sp|P08962|CD63_HUMAN"	"HUMAN"	0	0	0	0	0	0	0	0	0	0	0	0	0	0	0	0	0	0
"sp|P09001|RM03_HUMAN"	"HUMAN"	0	0	0	0	0	0	0	0	0	259814.08	0	222174.83	191507.2	218255.36	209619.66	390471.25	0	278354.25
"sp|P09012|SNRPA_HUMAN"	"HUMAN"	16729232	15916938	15403728	17124226	17278010	18095042	15848192	18127630	14068259	17792584	18112144	18245928	17014980	16559037	18510696	16382240	17374044	17431722
"sp|P09104|ENOG_HUMAN"	"HUMAN"	0	334713.4	0	263967.53	0	0	0	0	0	0	0	274079.66	0	0	728281.94	509541.34	0	0
"sp|P09105|HBAT_HUMAN"	"HUMAN"	401949.2	351071.28	0	175389.06	0	0	0	0	0	0	0	0	0	0	0	0	0	0
"sp|P09110|THIK_HUMAN"	"HUMAN"	526333.75	401800.9	496881.12	551967.06	375555.53	406833.34	367859.72	414425.66	384717.8	676262.1	710610.3	521609.56	545826	567432	581617.25	445355.78	587624.94	779758.25
"sp|P09132|SRP19_HUMAN"	"HUMAN"	495757.5	599396.8	508611.8	558360.6	546564.4	566181.06	531438.1	588558.56	541264.4	547675.56	541726.44	675803.75	524963.44	477761.38	519228.47	652261.56	521892.75	526220.06
"sp|P09211|GSTP1_HUMAN"	"HUMAN"	195299890	193645180	193437520	191495250	192914610	192121150	193310420	194971070	186989020	193978690	191978080	193860750	191952930	193507020	192504420	193504400	193640130	192142020
"sp|P09234|RU1C_HUMAN"	"HUMAN"	9527019	9390596	9422518	9468347	9264319	9761762	9268252	9137900	9090523	9147866	9213545	8666760	9088594	9126617	9099626	9120139	8994920	8910306
"sp|P09382|LEG1_HUMAN"	"HUMAN"	32615002	33858452	36736590	32344314	31319186	32963802	36295944	33227198	35669896	36614372	36696344	36972460	37276876	36487332	37120700	36419936	36133470	36448540
"sp|P09417|DHPR_HUMAN"	"HUMAN"	0	278332.75	0	463764.8	0	0	0	0	0	0	0	0	0	0	0	0	0	0
"sp|P09429|HMGB1_HUMAN"	"HUMAN"	37328604	37248796	36331310	36210988	39792976	38177612	35741584	36896412	39391970	39444336	39261920	40874720	39136244	38915980	40894480	36405180	40521760	38599932
"sp|P09488|GSTM1_HUMAN"	"HUMAN"	1083640	1346515.2	1883890.1	1173779.1	0	1305886.2	1090368.4	983750.5	1278134.6	0	0	564734.1	0	0	0	0	0	0
"sp|P09493|TPM1_HUMAN"	"HUMAN"	772317.56	891268.56	811561	865989.2	1035755.06	820965.8	779471.7	788131.2	813870.6	881584.4	756810.6	1007832.5	970623.06	920089.2	902925.1	577619.75	948616	1056729.9
"sp|P09496|CLCA_HUMAN"	"HUMAN"	7138327	4674455	6740922.5	5795264.5	5133463.5	5899058	6161420	6009392.5	6789125	7376089	6205750	7930061.5	7533243	7423090	6860968	5010248.5	8705228	5269566
"sp|P09497|CLCB_HUMAN"	"HUMAN"	1318329.8	1511500.5	1253151.5	1724352.2	650388.4	1332685.2	573002.8	1302956.1	1683943	1314571.5	1610589.5	804574.1	1749002	2333705.5	1994351.2	1406322.2	1529689.8	1433395.2
"sp|P09543|CN37_HUMAN"	"HUMAN"	341190.12	290170.62	0	263098.16	0	333663.94	0	264065.38	0	427432.3	0	627313.1	415158.88	385860.75	0	185332.81	0	0
"sp|P09622|DLDH_HUMAN"	"HUMAN"	37410540	33353146	34014516	33210430	35516856	35616984	37258944	36373530	37996956	35084844	36805056	32745034	34132530	39361240	32191624	30654886	37979110	32806240
"sp|P09651|ROA1_HUMAN"	"HUMAN"	302707230	291840450	304105400	304900450	288574980	311257600	291368960	307123700	306307680	324448060	318141950	317223360	317207000	318186620	325159040	320455100	311364960	319554180
"sp|P09661|RU2A_HUMAN"	"HUMAN"	11803552	13738091	13445988	14733421	14580263	14137585	14274614	13656659	15290755	13182138	14428884	13990239	15157298	10373440	14341490	15190098	12552113	15201156
"sp|P09669|COX6C_HUMAN"	"HUMAN"	368928.47	364085.97	378526	431684.5	307786.94	301982.8	0	323198.6	614233.1	1598256.8	1779331	1499378.8	1320216.9	1335096.9	1650637.4	1414818.1	1496471.5	1566868.1
"sp|P09874|PARP1_HUMAN"	"HUMAN"	53072176	54455400	55299384	53153830	52885430	52695756	54708700	55793376	52243390	69492770	65075110	64214052	55953356	62714140	64760876	63564228	64327524	67554210
"sp|P09884|DPOLA_HUMAN"	"HUMAN"	0	0	0	0	0	0	0	0	0	0	0	0	0	174600.27	0	0	0	0
"sp|P09960|LKHA4_HUMAN"	"HUMAN"	4498180.5	4633086.5	4249560	4561361	3980888.5	4301470	4411249.5	4005507.8	4455004.5	4626692	4454585	4718779.5	4287329	4526628.5	4170094	4422564.5	3257699	3716813.2
"sp|P09972|ALDOC_HUMAN"	"HUMAN"	60003068	65203644	64324644	60836784	63879644	65687736	59731340	64338532	60274864	64829490	64829596	65007504	64357450	64047480	60649044	61953010	60828704	62467910
"sp|P0C0S5|H2AZ_HUMAN"	"HUMAN"	13602808	14057336	12608534	13940678	14708597	12919272	14298928	13961960	12950365	14190712	14092873	12151375	14194764	12748853	12936622	12823672	12908747	12783649
"sp|P0C7M4|RHF2B_HUMAN"	"HUMAN"	585345.8	724295.3	190007.06	711768.56	788036.4	668403.9	622696	180222.16	681240.6	716069	700357.25	537664.8	536502	653278.3	722869.6	626853.75	709452.5	477642.7
"sp|P0CG21|NHLC4_HUMAN"	"HUMAN"	0	0	0	0	0	0	0	0	0	0	0	0	0	0	0	0	0	0
"sp|P0DJD0|RGPD1_HUMAN"	"HUMAN"	0	0	0	0	0	0	0	0	0	0	0	0	0	0	0	0	0	0
"sp|P0DMU9|CT45A_HUMAN"	"HUMAN"	2423077	2262770.5	68279.56	1393549.1	1818288.6	1319107.4	1298305	1310979.5	1314891	1961330.2	1797786.5	1129917.9	1224733.1	2241755.2	523838.03	2102946.5	1304639.2	2311112.5
"sp|P0DMV8|HS71A_HUMAN"	"HUMAN"	421257300	426339900	436653280	415221540	423089800	416060220	419241730	416660300	421942460	386461980	383503550	389917920	369846600	372683550	371700860	381678080	382988000	383009180
"sp|P0DP23|CALM1_HUMAN"	"HUMAN"	55508292	55018580	55610292	54186210	55332620	55810052	54956828	55455750	56085256	55503412	56270212	56547252	56319676	56029910	57220370	56560520	56422724	56640296
"sp|P0DPB6|RPAC2_HUMAN"	"HUMAN"	2138757.8	1654540.8	1074502	1786559.8	1944137	1918812.9	2175974.8	1755763.5	1861224.5	1921388.9	1940196.5	1668264.9	1877016.2	1748243.8	1972956	1940868.2	880787.6	1844782.8
"sp|P0DTW1|GAGE1_HUMAN"	"HUMAN"	17821438	17596204	18329922	17643046	17082480	17911644	17425348	20689266	17142580	17920340	17762534	18240646	17429992	17477078	18188166	17711106	18330836	17630424
"sp|P10109|ADX_HUMAN"	"HUMAN"	245432.98	0	290697.94	0	0	303013.97	67591.41	345770.34	0	237480.19	252721.84	230041.11	264156.66	272447.78	0	227541.03	268924.5	0
"sp|P10155|RO60_HUMAN"	"HUMAN"	9361466	9265378	9073200	7454284.5	8206734.5	9347568	8002550	10076138	9296728	9189148	9296013	11084313	8754135	9004205	8825885	8434292	9235627	9838235
"sp|P10176|COX8A_HUMAN"	"HUMAN"	0	0	0	0	0	0	0	0	0	0	0	0	0	0	0	0	0	0
"sp|P10301|RRAS_HUMAN"	"HUMAN"	0	0	0	0	0	0	0	0	0	0	0	0	0	0	0	0	0	0
"sp|P10412|H14_HUMAN"	"HUMAN"	16854760	17482952	17013278	17363278	16923978	16542526	17076804	16598198	17969966	16206420	15872773	15842440	16778804	15665942	15359740	15955086	15240156	15890001
"sp|P10515|ODP2_HUMAN"	"HUMAN"	23096022	24558636	25329790	23690352	29537000	26497308	25973838	29969028	26847396	23540496	27529710	29484672	24524312	25164538	28048218	26174538	25145798	29015596
"sp|P10599|THIO_HUMAN"	"HUMAN"	51914972	51707140	53594190	52570900	52464104	51194790	51259884	51250096	51054156	52497370	51777784	52483976	51962956	52787704	51407212	52506296	53224764	52805028
"sp|P10606|COX5B_HUMAN"	"HUMAN"	3378296.5	8624965	11898308	9057717	8604334	11037412	10587395	10609926	8100089	10929462	8647760	11776386	11303439	10939755	11638608	10257812	11099359	10543293
"sp|P10619|PPGB_HUMAN"	"HUMAN"	1562144	0	2167589.5	2236080.5	2104421.8	2709212	1529359.1	0	2363221.5	1767992.2	0	1818906	1177308.6	1569491.9	2010382.9	1368803.6	1382662.5	1191396.8
"sp|P10644|KAP0_HUMAN"	"HUMAN"	613024.44	569808.4	827280.6	596302.2	728407.4	601441.8	706989.8	646769.2	0	865992	477806.12	585658.25	752092.1	692512.5	627484.8	598713.5	662435.9	526038.3
"sp|P10746|HEM4_HUMAN"	"HUMAN"	0	0	0	0	0	0	0	0	0	0	0	0	0	0	0	0	0	0
"sp|P10768|ESTD_HUMAN"	"HUMAN"	30174250	31848072	30902456	30746852	30656282	30574856	30804408	31926654	32131394	30355796	30546504	27982296	29894866	29837832	27396158	30313222	30201444	26160878
"sp|P10809|CH60_HUMAN"	"HUMAN"	271789730	267076780	275265950	262298220	258238370	275560130	259773650	259381890	270647460	266190380	267167420	272990620	264938740	261617620	266482910	267322800	260840460	270532600
"sp|P11021|BIP_HUMAN"	"HUMAN"	72746370	70977930	67247670	65255784	70840970	66227268	69037144	70202690	66137616	70292970	63896570	67627490	67387260	71470440	65242040	67413370	65278748	68740240
"sp|P11142|HSP7C_HUMAN"	"HUMAN"	932466500	918274200	917333000	908856200	910748160	918434400	914996400	916983200	908285400	878090600	868047900	865192770	863287600	860351740	876090000	865210800	860668100	879953300
"sp|P11166|GTR1_HUMAN"	"HUMAN"	1256252.4	1186989.4	862704.5	1170855.8	1420653.8	922523	1521103.8	1147072.8	881658.6	1154324.1	1164841.8	1374111.5	1239939.2	1130592.2	1182713.9	1371843.9	1129517.8	1140608.5
"sp|P11169|GTR3_HUMAN"	"HUMAN"	0	0	272209.34	0	274938.9	0	228655.53	0	211947.67	250655.88	279031.6	224122.28	251529.83	254718.03	0	257204.58	236692	234324.61
"sp|P11171|EPB41_HUMAN"	"HUMAN"	6333259.5	5107656.5	4426636	6292558	5632013.5	6587429.5	8366289	5543050.5	7476260.5	7665260	4993427.5	4542822.5	8002678.5	6872394.5	8718708	4336706.5	4638038.5	8324484
"sp|P11172|UMPS_HUMAN"	"HUMAN"	4569963	3203383	3219304.5	956271.6	4936575.5	4273769.5	2518868	4554722.5	1065845.2	4282774	4063691	4386666	3130322.2	3360567.8	3042448	2722412.8	4365068	2545619
"sp|P11177|ODPB_HUMAN"	"HUMAN"	13209034	12429242	16905660	10889442	6693713	14326652	15041766	14585257	17535826	16195909	13117052	13208163	14700935	12738498	10350495	10245832	13124091	14916282
"sp|P11182|ODB2_HUMAN"	"HUMAN"	453377.6	520857.03	607606.2	1179252.1	0	0	0	488253.78	544491.75	331812.2	0	1001816.44	0	438051.1	0	0	352170.12	0
"sp|P11233|RALA_HUMAN"	"HUMAN"	1382964.8	289485.97	813561.1	1222825.9	1243691	628930.25	1519470	1187799	974085.2	603872	1404014.8	2002126	1455742	1308807.8	1278374.5	1573401.1	928184.06	1434619.5
"sp|P11274|BCR_HUMAN"	"HUMAN"	0	0	0	0	0	0	0	0	0	0	205272.56	185017.38	195701.36	222429.27	220460.33	180358.42	0	176421.94
"sp|P11277|SPTB1_HUMAN"	"HUMAN"	0	282081.62	69289.04	708299.3	770889.4	595219.4	178478.1	572513.1	2370883.2	1484151.6	1237880.4	1291750.1	746102.94	1048724.1	1320910.5	522786.8	1797275.8	714939.1
"sp|P11279|LAMP1_HUMAN"	"HUMAN"	1530943.5	1687240.6	1902729.1	1719817.5	2120852.8	1944782.2	2237831	1004006.6	1427766.8	2358926	2054304.2	2016802.6	3146682.8	2397335.2	2148508.2	1837479.1	2250587.5	1856172.2
"sp|P11310|ACADM_HUMAN"	"HUMAN"	6990617	10313867	9639377	5925400.5	8136670.5	10795787	7222152.5	8252409.5	12196803	19048870	14335773	9607832	18198116	10020400	10334460	11201686	18886818	18186874
"sp|P11387|TOP1_HUMAN"	"HUMAN"	1100903.8	148679.27	671609.4	2219634.5	867627.1	387528.44	1893686.2	1315518.6	89721.92	1552308.2	2854890.8	1473054.2	1575147.1	2142211	2958084	1217885	2328218	2736731.5
"sp|P11388|TOP2A_HUMAN"	"HUMAN"	0	0	37743.465	52278.41	65505.84	0	73316.62	0	0	0	33537.547	0	0	38744.383	51430.438	37658.758	0	0
"sp|P11413|G6PD_HUMAN"	"HUMAN"	57037696	57917716	59562664	56406044	55840790	55343110	56802070	57957220	57418176	59081740	62442948	62441636	62693416	61961456	58778036	59780476	63056710	63930240
"sp|P11441|UBL4A_HUMAN"	"HUMAN"	709563.06	1326439.5	0	0	648387.06	1579663	1937645.8	713754.2	1406168	654180.75	1099719.9	0	1310722	1111974.5	662611.25	0	1254694.2	706855.4
"sp|P11498|PYC_HUMAN"	"HUMAN"	340563.56	0	0	281614	324953.9	0	284901.2	370757.72	291730.62	252929.16	320749.62	290105.6	311070.1	888746.25	280458.88	0	337865.75	0
"sp|P11586|C1TC_HUMAN"	"HUMAN"	36472084	32166246	33091006	28691794	27522524	31720580	30179442	29738156	34407308	26650780	29237618	27955026	30647620	29808664	30442524	27486422	27352746	33271912
"sp|P11717|MPRI_HUMAN"	"HUMAN"	4898623.5	6706011.5	4064433.8	7183456	5483721.5	6108169.5	6519019	6754180.5	6728128.5	7609115.5	6233954	7461591.5	7072896	5887123.5	8009890	6740344.5	6062926.5	7551099
"sp|P11766|ADHX_HUMAN"	"HUMAN"	26957554	23342590	26183380	27723904	25393662	26455214	26201322	25287082	27271706	27702978	27806742	30569094	29520744	27261054	29479340	27613558	29823950	28941070
"sp|P11908|PRPS2_HUMAN"	"HUMAN"	3419983.2	2455208	2562204	2352141	2414058	2433862.8	3004452	2271215	2726170.8	2869017.8	2774689	3086827.5	3877085	3836259.5	2112438.5	3950012	2699800.2	3891413.8
"sp|P11940|PABP1_HUMAN"	"HUMAN"	90955190	89461890	97219660	90728936	93661950	97550110	94085910	93261100	94601600	93988920	100644970	101758430	94046270	96846650	97500030	101474460	95905620	101352420
"sp|P12004|PCNA_HUMAN"	"HUMAN"	56268750	57935652	63186428	59433576	60189270	62643320	60415790	55572160	59330836	52623090	55820764	57073620	52320256	52432860	56225830	52879108	51578080	55866844
"sp|P12074|CX6A1_HUMAN"	"HUMAN"	1802088.4	1801671.2	1762278.4	1994133.9	1802197	1862725.6	1817843.6	1800452.5	1680658.6	1932703.8	1847708.4	1968936.5	1941116.2	1913589.9	1898299.2	1905030	1906083	2083422.9
"sp|P12081|HARS1_HUMAN"	"HUMAN"	18511302	20661020	17604986	16641525	15743606	13601294	17664684	16779274	19065324	21942568	18416798	20086440	18629150	17820866	17530974	19293988	19824376	18407808
"sp|P12235|ADT1_HUMAN"	"HUMAN"	4641766	4911826	8357807	4841085.5	7746842	7007017.5	4643381	5649423	4734778	5322790	5132439.5	7854437.5	7376036	5272310	8163377	5906173	8931804	7498725
"sp|P12236|ADT3_HUMAN"	"HUMAN"	5726458.5	5775116	6005296	5974736	5843487.5	5881247	5913061.5	5541723.5	5556447.5	5577169	6055305.5	5926479.5	5965558.5	6218873.5	6115053.5	6163786	6160645	6185166
"sp|P12259|FA5_HUMAN"	"HUMAN"	0	0	495655.94	0	488346.62	406655.03	495510.1	0	0	410022.06	370907.66	389714.72	536036	428246.03	409840.78	441723.6	378517.9	388327.3
"sp|P12268|IMDH2_HUMAN"	"HUMAN"	61908156	60416068	56845850	61671684	60921948	61313004	61788690	60469340	59098532	57214770	58333284	60734292	57499252	58291736	57542076	55637600	58903284	59819604
"sp|P12270|TPR_HUMAN"	"HUMAN"	49297356	44800030	46493908	53545536	47737820	48523356	48899372	54324708	52495600	52670904	56219332	53125964	53512400	52405924	58772250	56407540	55780240	54863190
"sp|P12277|KCRB_HUMAN"	"HUMAN"	109774850	116015650	111952510	107619810	113019940	112389270	113368320	119298456	108286280	115416590	118028830	122036170	114121430	117818690	117915640	118660616	116232800	111870410
"sp|P12532|KCRU_HUMAN"	"HUMAN"	1608425.1	1832269.5	1204531.5	1283543.6	1257560	1291563.8	1690340.1	1248947.9	1689668.4	1285677	1234926.5	1292076.9	1240454.6	1271034.8	1283934.1	1279684.1	1213141.9	1188259
"sp|P12814|ACTN1_HUMAN"	"HUMAN"	8350705.5	7731089.5	7713972	8168535.5	7789333.5	7107251.5	7555169	7111521	8715434	9979727	9020938	9894773	8856629	8102431.5	6991064	7997626	7206921.5	7627467.5
"sp|P12829|MYL4_HUMAN"	"HUMAN"	25110926	22270678	22404324	23778214	22192936	24388476	24025792	23401542	24811302	23487872	23872628	24093660	23443062	24000772	24431724	24386592	23536804	24021428
"sp|P12955|PEPD_HUMAN"	"HUMAN"	0	0	0	0	0	0	0	250527.33	0	149029.31	586301.75	394346.34	111582.78	1332587.6	0	0	0	445996.03
"sp|P12956|XRCC6_HUMAN"	"HUMAN"	68241860	68567736	64447590	63936924	66919348	60776284	64768144	65101650	66869308	67456930	66681204	67575170	63826980	63089884	66268584	66230228	67431770	69525176
"sp|P13010|XRCC5_HUMAN"	"HUMAN"	56477180	62966070	61286336	60729130	62405416	63725704	61202096	59742970	63073388	66843596	62879500	58764970	62778890	61933908	61473360	65154172	59532884	63344056
"sp|P13073|COX41_HUMAN"	"HUMAN"	10984148	10183925	11087368	11364626	11008620	11587300	10300607	10995041	11580489	11294162	11556830	11933842	11190262	10943772	11452640	11206226	11676327	11836702
"sp|P13224|GP1BB_HUMAN"	"HUMAN"	0	0	0	0	0	0	0	0	0	0	0	0	0	0	0	0	0	0
"sp|P13284|GILT_HUMAN"	"HUMAN"	0	0	0	0	0	0	0	0	0	0	0	24741.496	0	0	32131.31	0	0	0
"sp|P13473|LAMP2_HUMAN"	"HUMAN"	849449.25	1660940.2	1434486	1525657.9	805600.1	1092465.8	1437539.1	872960.1	1369209.1	1547025.1	934583.2	1455998.1	1338229.2	1245674.8	1608282.9	1461554.2	1395791.8	1644097.2
"sp|P13489|RINI_HUMAN"	"HUMAN"	45959796	44127396	42209116	43521450	44993716	43984300	43116244	44494340	46300664	41789824	37883108	39579012	41097652	43264332	39525376	43494844	43070732	42908436
"sp|P13639|EF2_HUMAN"	"HUMAN"	457635680	444978980	458207580	449161100	445774200	464207140	442784200	444931000	462307070	463603650	445035100	463925470	452071870	442439700	464673950	447378850	444240420	457029400
"sp|P13645|K1C10_HUMAN"	"HUMAN"	0	1447884.6	1389129	1655207.2	1628802.9	1328817.8	0	22012.178	1614442.5	0	1822927.5	0	0	1456569.1	0	1725476.9	0	1521054.8
"sp|P13667|PDIA4_HUMAN"	"HUMAN"	29856738	29152214	25436686	31333444	29995446	29707556	28334288	29215154	31693474	31911224	32027718	31066332	35278864	29561310	31402882	30804440	30487576	32475902
"sp|P13674|P4HA1_HUMAN"	"HUMAN"	608108.8	683594.1	0	0	218906.05	755911.1	681427.3	879747.06	0	643126.9	737987.8	436429.34	724977.6	668674.56	754610.6	790927.56	599072.75	746814.6
"sp|P13693|TCTP_HUMAN"	"HUMAN"	29732792	29564084	31764236	31302540	30676444	30427914	31802422	32852220	23744460	23631476	23489384	24226744	22641418	22494236	21860630	22976006	23330518	22693118
"sp|P13796|PLSL_HUMAN"	"HUMAN"	74787680	68479590	81378820	78509144	76023630	76321656	78172570	74725416	73286220	76238580	81011750	79885976	81692840	80758210	77907816	81947120	78348136	80227490
"sp|P13798|ACPH_HUMAN"	"HUMAN"	5801237	5561248.5	3387229.8	7092618.5	6031201	5769359	5379548.5	5819604	5939505.5	5943544	6877023	6625812	6337167	6907379	6017707	6830620.5	7345059.5	6535666
"sp|P13804|ETFA_HUMAN"	"HUMAN"	21313918	25794570	26484704	28131336	22219662	26599928	34327516	24195532	26025056	23200376	25391600	23549174	22378456	27421776	26274528	26583348	25036426	26129668
"sp|P13807|GYS1_HUMAN"	"HUMAN"	0	772380.6	428619.44	664359.94	626596.1	373916.8	632981.1	0	0	626813.56	533077.8	761504.1	737335.44	583152.8	697462.56	659359.4	0	695743.25
"sp|P13861|KAP2_HUMAN"	"HUMAN"	3408230.8	890800.2	2600680.2	2912512.5	2150493.5	1944148.5	2603607.2	3644523.5	1811748.6	3971883	3078807.5	3270987	2311671.8	1221679	2057633.2	3105597.2	1775078	2142135.8
"sp|P13929|ENOB_HUMAN"	"HUMAN"	0	0	0	0	0	0	0	0	0	436440.88	0	0	625684.5	308437.03	488541.8	639793.06	390872.22	488606.97
"sp|P13984|T2FB_HUMAN"	"HUMAN"	1845500	1999676	945953.8	487357.06	1602602.9	1290406.1	933531	1590437.5	985353.25	1998891.2	1533500	772376.6	212987.53	598637	1132103.2	861772.44	1089537.1	686520.06
"sp|P13987|CD59_HUMAN"	"HUMAN"	309428.72	204874.98	0	374093.44	374710.9	276830.53	291312.5	327116.66	359506.7	332357.34	389121.16	356493.1	391984.66	465879.34	0	379136.7	417406.97	314999.2
"sp|P13995|MTDC_HUMAN"	"HUMAN"	5427514.5	6010383	4639428	1735948.9	4392513.5	4849330.5	4680997.5	5037932	4748757	5717951	5235272	4013404	4330956.5	1534502.1	3554053.5	5864411	4483340	5925446
"sp|P14174|MIF_HUMAN"	"HUMAN"	29912340	30059164	30307296	30361000	31325740	28684942	31007300	30857056	29589340	29007466	14396005	29615270	29733304	30618458	32311244	28349006	31094014	31833204
"sp|P14314|GLU2B_HUMAN"	"HUMAN"	11595746	14705147	15337922	13310189	13749798	13814763	13951369	13866837	13451942	16434972	16547491	18058176	11413626	16278399	13163842	16943376	12649559	14966294
"sp|P14317|HCLS1_HUMAN"	"HUMAN"	0	0	0	0	0	0	0	0	0	0	0	0	0	0	0	0	0	0
"sp|P14324|FPPS_HUMAN"	"HUMAN"	16740194	16268734	15126047	16670760	14824372	16083578	16551672	15753961	16606657	15022957	13949535	15211861	15371420	15257508	15122040	15509269	15285097	15241072
"sp|P14406|CX7A2_HUMAN"	"HUMAN"	4454393	5996997	5046588.5	5284077	5191156	5162156.5	5610863	4732085.5	3840779	5559038.5	5242090.5	5375684.5	5029095.5	5282203.5	5319262	5293011	5472890	5325278
"sp|P14550|AK1A1_HUMAN"	"HUMAN"	4262943	4565391.5	2923437.5	6106138	3793417.2	3908259.5	3606836.5	2905376.5	4476439	3916126	5622762	3463073.8	3959547.5	5977564.5	4110461.8	5814287	4876787	4647095
"sp|P14618|KPYM_HUMAN"	"HUMAN"	202867500	200655520	209625680	206181220	204472900	205952420	208931950	212529950	213474300	202460500	199068080	196330600	207978420	193337100	200767280	207987870	197846180	198669090
"sp|P14625|ENPL_HUMAN"	"HUMAN"	63100600	65376770	66175704	65929016	68280936	60970420	63451624	68041010	65555280	65062744	64895772	71297176	69952310	65143540	66814020	69485280	73127540	66340344
"sp|P14635|CCNB1_HUMAN"	"HUMAN"	0	305515.44	0	0	383758.88	418621.3	304378.2	0	0	585662.25	201274.12	0	410970.7	492620.9	422620.25	446915.53	340908.3	330875
"sp|P14678|RSMB_HUMAN"	"HUMAN"	23390586	24084622	23403718	25084864	22102328	24842896	25936892	25547676	25783562	19269926	24037632	20334862	22965882	23338370	18261140	21871120	21404592	21241060
"sp|P14735|IDE_HUMAN"	"HUMAN"	623696.4	1152674.5	1893584.4	990675.9	2653633	839850.06	0	540319.2	551695.06	1702378.4	1152672.9	322152.6	1962884	1771041.5	2037495.5	409228.7	1278588.8	2340503
"sp|P14854|CX6B1_HUMAN"	"HUMAN"	15160505	14729763	16441890	14901322	15761172	12423388	11404118	16858818	14803106	15173994	15792999	13364744	16137452	15786510	16021482	13524453	12191120	13301104
"sp|P14859|PO2F1_HUMAN"	"HUMAN"	0	1019650.75	0	0	0	588884	0	0	642681.4	666134.4	773603.25	0	858755.06	0	0	854961.3	759183.56	0
"sp|P14866|HNRPL_HUMAN"	"HUMAN"	79261900	74510490	78351656	78653656	76433576	76721350	79310350	77427080	79730504	77922520	79498590	79014936	79657770	78660430	79366060	77718230	79393580	78568600
"sp|P14868|SYDC_HUMAN"	"HUMAN"	47368668	47438436	47423456	47753750	46125024	50171108	47228590	46158120	48973560	46624376	46520416	46717940	44836144	47025430	42953830	48775460	49334264	49798490
"sp|P14927|QCR7_HUMAN"	"HUMAN"	1666384.5	1836666.6	2194369.8	1264859.6	1574144.6	1693404.2	1572715.4	1622483.1	1665735.1	1717566.2	1541093.2	1988953.1	1615524	1958628.8	1826543.1	1606491.1	1651225	2007876.8
"sp|P15104|GLNA_HUMAN"	"HUMAN"	1340067.5	1997058	1488821.2	2011021.1	1167395.2	1587416.5	1472791.8	1350997.2	2278716.5	3089953	2067971.1	2259493	2219608.8	1795364.8	2867724.8	2225208.8	3256495.5	1753749.8
"sp|P15153|RAC2_HUMAN"	"HUMAN"	837528.2	0	0	0	0	579492.7	0	832810.3	773456.9	0	0	854404.56	794976.3	738762.44	0	0	744998.25	0
"sp|P15170|ERF3A_HUMAN"	"HUMAN"	27654796	29406404	27666630	28264042	27246844	27638272	29587030	28211366	29418544	29605722	27590962	29942562	28744976	31742608	30176598	29756238	29956262	29254988
"sp|P15311|EZRI_HUMAN"	"HUMAN"	28883796	32209182	35985452	31036082	32582666	30163318	33291208	32493622	32221688	34757068	33446788	34834670	34576948	33253192	34349530	33167226	31928126	32417132
"sp|P15374|UCHL3_HUMAN"	"HUMAN"	3262579	5249893	4636156.5	5377744	3969475.5	4379518	4738296.5	5590147.5	4530582	5447006	6026651.5	5088433	6197359.5	5617153	4978626	6821924.5	8077309.5	4417665
"sp|P15531|NDKA_HUMAN"	"HUMAN"	46309584	45581420	42391790	47205096	46581510	45558690	47247216	46786770	47474252	46468430	47148452	45776004	46092070	46703790	46439290	45439064	45996064	46873110
"sp|P15559|NQO1_HUMAN"	"HUMAN"	1469886.5	777525.94	566044.5	1836311	520618.47	1685761.9	982613.56	1514531.5	560850	1893905.8	1841927	1703915.9	2059144	4645692.5	1519017	2281013.5	1458006.8	1831125
"sp|P15880|RS2_HUMAN"	"HUMAN"	64166944	64509740	67974950	65732020	63969560	70043640	65182600	67247960	66503476	68255610	68723100	69419304	66561188	65551780	70337230	68116690	69590056	68098904
"sp|P15923|TFE2_HUMAN"	"HUMAN"	0	0	0	0	0	0	0	0	0	0	0	0	0	0	0	0	0	0
"sp|P15927|RFA2_HUMAN"	"HUMAN"	7739708	8006678.5	8424786	7738158	7832409	8156652.5	7678314.5	7796849	7883631	7945949	8480176	8935408	8250809	8224609	9077276	8598693	8728448	8400678
"sp|P15954|COX7C_HUMAN"	"HUMAN"	3407067.5	2899319.2	3435652.8	3318232.2	3019294.2	3140085.2	2858902.8	2976514.8	3022001.5	3227274.2	2989902	3350979	3144625.5	2732549	3112431.8	3798295	2945212.2	3094803.2
"sp|P15976|GATA1_HUMAN"	"HUMAN"	463543.8	0	0	718244.6	0	708261.1	548422.6	559826.44	587501.06	674277.4	181757.2	968391.25	516815.34	199301.16	847143.5	568496.06	194681.34	455447
"sp|P16083|NQO2_HUMAN"	"HUMAN"	677145.9	807466.4	1664296.2	713793.8	0	1564116.8	1601416.9	697535.06	765976.56	1285914.9	1556156.2	848119.7	1387559	822640.75	1539390.6	1561192	1569012.4	1326575.8
"sp|P16150|LEUK_HUMAN"	"HUMAN"	0	0	0	0	0	0	0	0	0	0	0	0	0	0	0	0	0	0
"sp|P16152|CBR1_HUMAN"	"HUMAN"	665895.9	0	293993.88	782265.06	660128.06	0	595063.5	309202.1	353068.25	366175.1	1034491.56	637068.9	1112925.1	622794.3	0	726379.5	1117520.5	1072804
"sp|P16157|ANK1_HUMAN"	"HUMAN"	9422366	7481495	11447809	8456732	8974050	9003738	11665239	10610605	5782353.5	10153921	9820967	12839936	10097694	13081780	12835445	10662275	13665428	13866828
"sp|P16219|ACADS_HUMAN"	"HUMAN"	0	0	0	0	2094725.1	0	0	0	0	2533760.5	3336600.2	2638930.5	2283187.8	0	1718992.4	2940720	0	2463419.2
"sp|P16278|BGAL_HUMAN"	"HUMAN"	207454.69	166762.27	0	191815.89	0	186247.58	178104.38	190325.94	0	0	218426.8	217172.4	228418.98	0	202093.12	220601.34	183815.06	441744.94
"sp|P16401|H15_HUMAN"	"HUMAN"	0	0	0	0	0	0	0	0	0	0	359761.56	0	0	0	0	0	0	0
"sp|P16403|H12_HUMAN"	"HUMAN"	918448.3	1027769.5	1341455.9	832695.94	1075360.8	1338579.6	1318826.9	614189.2	1110416.2	1454521.9	1343205.1	1432111.5	1255414.5	1390125.6	1265469.1	1511190.1	1252125.8	1481976.5
"sp|P16435|NCPR_HUMAN"	"HUMAN"	0	2027949.1	3285232.8	2014683.2	1549979.5	1733204.1	3433717.2	1514630.1	1816310.1	1495293.8	1937338.6	1374994.6	1773649.4	1602829.4	0	1404254.8	1250436.8	564251.9
"sp|P16615|AT2A2_HUMAN"	"HUMAN"	0	0	0	213359.16	0	0	0	0	0	0	0	0	0	0	0	0	0	0
"sp|P16930|FAAA_HUMAN"	"HUMAN"	16035200	14278943	17171000	16194131	14677633	14222314	15354846	16983366	13993433	9249410	7585024	9507845	16766041	15959358	10030752	16349458	16869284	10061923
"sp|P16949|STMN1_HUMAN"	"HUMAN"	96326170	96135930	94952700	96957380	96347960	95515570	95431600	95257220	95416856	92844320	92844400	92022460	94234210	94536760	93048104	92190950	91665790	92563680
"sp|P16989|YBOX3_HUMAN"	"HUMAN"	1793702.5	1001021.6	1520826.8	1735211.4	1668692.4	1886224.8	1992363.6	1371386.1	1526116.5	1972047.5	2204683.8	2679607.5	2040865.2	2557920	2216470.2	2014875	1650863	2021973.6
"sp|P17028|ZNF24_HUMAN"	"HUMAN"	206263.55	0	0	0	0	0	158759.17	0	0	0	171001.86	0	245827.86	222797.86	0	0	0	0
"sp|P17096|HMGA1_HUMAN"	"HUMAN"	25717954	22553096	21864898	23187600	24759100	24924234	19038364	23509760	27446124	25928374	25222692	27296128	26340138	25669824	25254112	24632158	26065408	27093318
"sp|P17152|TMM11_HUMAN"	"HUMAN"	0	211988.64	0	122410.73	0	0	0	104680.58	0	0	0	0	0	0	0	0	0	0
"sp|P17174|AATC_HUMAN"	"HUMAN"	30979394	28812068	27540506	25101820	30411738	28366976	29422248	29423964	28163252	29649906	28637636	29014870	27892694	29863006	30342498	29410008	27006926	29214972
"sp|P17480|UBF1_HUMAN"	"HUMAN"	3965480.2	2265772.5	2196100.5	3129841.5	2224532	2220894.8	2773713.2	4596947	4148317.2	4824717	2530522.8	4456384.5	4349678	4524131.5	3535037	4536988.5	2805585.5	4340723
"sp|P17568|NDUB7_HUMAN"	"HUMAN"	0	115550.375	312932.97	0	0	0	0	0	0	0	177849.52	0	123530.03	370956.5	0	0	0	146370.81
"sp|P17612|KAPCA_HUMAN"	"HUMAN"	1781940.2	1647702.4	1438561.9	2062167.5	1629647.1	1287582.1	863117	1132797.6	1774053	1088047.9	1468621.5	1122390	1250226.2	1255923.5	1628063	1077368	1042444.1	1439376.6
"sp|P17655|CAN2_HUMAN"	"HUMAN"	4530828	3562545	3676162.2	3790679.5	5572568.5	4575120	4538779.5	3130407.8	4436166	5218114	4510061	6517086.5	5538480	4544077	4261175.5	5103314.5	4569117	6148948.5
"sp|P17812|PYRG1_HUMAN"	"HUMAN"	16503306	15653843	14740354	20025684	16972150	12976555	17312746	16632136	14827760	16629526	16770243	9536306	17134528	11266895	13548769	13508599	14825194	17798990
"sp|P17844|DDX5_HUMAN"	"HUMAN"	150718620	149236720	144617820	150617300	143198930	148020690	143641060	146612690	143306450	150993300	148125620	150414460	146498020	147389230	144116460	146178020	149438990	147480460
"sp|P17858|PFKAL_HUMAN"	"HUMAN"	4669244.5	3674165.8	3079088	4148033.5	3089006.5	3720580	4993622.5	3655702	4288153	3704724.5	3406080.2	6480449	6009408.5	2800180.2	2636290.8	4696959	5986707	4453142
"sp|P17980|PRS6A_HUMAN"	"HUMAN"	32176864	29232878	29721202	28922598	32149250	30456196	29448680	29156462	29603876	31733916	31982566	27553080	35948640	31657348	29221968	31544150	36674116	29673892
"sp|P17987|TCPA_HUMAN"	"HUMAN"	143876500	144904460	148669800	145530820	146093330	144607410	146715360	145215310	146295710	151498880	155091360	152319420	152091580	151202620	152334290	148410130	149933310	153253170
"sp|P18031|PTN1_HUMAN"	"HUMAN"	4782500.5	4791407.5	2835726	3544420	3074669.2	5460246.5	3647661.8	4583867.5	4996111	4828363	5172754	5203861.5	5206001.5	4093968.5	4527113	4791157	3994569.5	3696524.5
"sp|P18074|ERCC2_HUMAN"	"HUMAN"	0	0	0	0	0	0	0	0	0	530464.4	0	0	0	0	0	0	0	0
"sp|P18077|RL35A_HUMAN"	"HUMAN"	14970986	12771101	13880069	14117202	13629186	13139578	13978012	14362646	16501320	17081198	15140036	17894896	15003149	15129819	16987714	14549662	16264376	17854728
"sp|P18085|ARF4_HUMAN"	"HUMAN"	4351492	4472605.5	4159444	4142724.5	4112239.8	4464685	3816636.5	4210933.5	4158338.8	4273857	4017962.8	4434235.5	4206300	4031075.5	4292489.5	4441657	4371226.5	4233261
"sp|P18124|RL7_HUMAN"	"HUMAN"	47464236	43670104	46938364	46460404	46642400	45967916	46775504	45351644	47007444	47409184	48781660	49751036	46875344	50670004	49885036	45972068	51257144	50942492
"sp|P18206|VINC_HUMAN"	"HUMAN"	103902350	93964700	93037736	100818130	99690140	105689140	100823704	97718856	99340730	115905160	113485690	112676440	119316300	119899460	118589510	116567190	116301780	121251020
"sp|P18583|SON_HUMAN"	"HUMAN"	12514290	9652101	14345578	11860090	13572734	12283588	10737632	11385457	12242071	14028364	17846082	14742772	15402068	15067015	17225078	15336758	13612832	14131949
"sp|P18615|NELFE_HUMAN"	"HUMAN"	3220539.5	0	3036523.5	2930203.5	0	0	0	0	0	0	0	1837622.1	2186413	0	1891828.5	0	0	0
"sp|P18621|RL17_HUMAN"	"HUMAN"	34053980	33742696	34966776	34860904	32409938	34701496	33763920	28161048	34958550	20620972	16213249	17137940	20000760	22259432	21018404	21757978	18297244	19410288
"sp|P18669|PGAM1_HUMAN"	"HUMAN"	58630264	58438836	57729812	57333184	57934820	55075308	59354148	57629924	55708748	56555932	57661024	56406510	56666570	58057560	56486236	56939292	58694124	58704748
"sp|P18754|RCC1_HUMAN"	"HUMAN"	42125268	38145730	39771176	40504980	35607850	43903572	38574476	31934378	44256290	34606440	40944988	33969064	34090090	39711016	40179376	32869522	40659610	40334770
"sp|P18846|ATF1_HUMAN"	"HUMAN"	0	0	0	0	0	0	0	0	0	0	229306	0	0	0	0	349783.8	0	299937.22
"sp|P18858|DNLI1_HUMAN"	"HUMAN"	1085434.5	303813.5	1896427.5	1156202.2	1668028.2	1260168.8	336940.03	0	836323.5	1417265.5	1081779.5	1084761	1636386.2	1661383.5	1076285.2	1556854.6	547933.7	1481564.2
"sp|P18859|ATP5J_HUMAN"	"HUMAN"	9029294	5422833.5	4688492.5	5121683.5	12148276	4880629	9903207	9780374	11368806	8798314	7446436.5	10085013	8355904.5	9294231	10068086	7210776	7751441	9136715
"sp|P18887|XRCC1_HUMAN"	"HUMAN"	0	0	0	0	0	0	0	0	301026.06	0	0	386595.12	0	0	0	0	0	0
"sp|P19174|PLCG1_HUMAN"	"HUMAN"	0	0	0	0	0	0	0	0	0	0	0	0	0	0	0	0	0	0
"sp|P19338|NUCL_HUMAN"	"HUMAN"	167602640	162000400	168125650	165649600	166325340	169104140	162136020	163046200	165736100	167579400	178731280	168992110	173759090	162991250	162310140	162650850	171477220	173619400
"sp|P19367|HXK1_HUMAN"	"HUMAN"	7887987	9722092	5819308	6709046	7385922	5584546	8455313	7823571	6620957.5	8642079	9525399	8921518	6962079	6751158.5	9151592	8332035.5	8937515	10376286
"sp|P19387|RPB3_HUMAN"	"HUMAN"	3569119	1014999.44	2391945.8	1524649	1508820	4718283	3332598	1932801	3450833.5	4341827.5	2133524.2	3327434.2	2453390.8	2232366	4141846.2	1711053.5	1307225.6	1258137.8
"sp|P19388|RPAB1_HUMAN"	"HUMAN"	6229182	7609815	5490069	4564720.5	6171881	5551695	5714964	6367820	4935846.5	7967526	7045724.5	6670500.5	6996241	7024779.5	8525883	6933233.5	5442215.5	7080371.5
"sp|P19404|NDUV2_HUMAN"	"HUMAN"	577388.4	2110310.5	2571348	590051.5	2048512.5	1666146	583103.1	636032.75	531925	1978388.8	1951798.5	2466305	2258823.2	1752794	1782445	1846374.5	1662932.4	1453537
"sp|P19447|ERCC3_HUMAN"	"HUMAN"	2178613.8	1954041.2	2119311.2	2259606.5	2004909.1	1569450	2570390.5	2182631	2973368.2	0	0	0	980534.75	978379.25	0	1362991.6	0	1099643.2
"sp|P19525|E2AK2_HUMAN"	"HUMAN"	406869.9	405796.94	380343.78	396543.5	367390.9	376909.66	409219.97	388620.12	346303.6	401715.2	566491.94	423451.88	412314.9	369337.7	403378.5	397423.44	391121.1	399177.78
"sp|P19623|SPEE_HUMAN"	"HUMAN"	30221620	31419246	30098956	31851008	30171182	31849846	31967874	31229398	29195384	28004688	28811776	29053648	29501912	28044156	29255536	28330594	28570252	29417986
"sp|P19784|CSK22_HUMAN"	"HUMAN"	2595453	2281415.8	1464219.2	3287964	2524731	2417744	3387755	2974821	1811354.8	1653661	3009862.5	2427511	2553699.8	2910970	1983332.8	2321876	2202136	2797121.5
"sp|P20042|IF2B_HUMAN"	"HUMAN"	15538155	15094875	15095818	15523782	14785793	14834058	15987959	15768621	14475065	18398242	18108214	16959216	17400368	16924330	22632992	18088970	18065964	17845908
"sp|P20073|ANXA7_HUMAN"	"HUMAN"	15391322	16495419	20989504	23588250	21516858	19963580	21451172	17836574	18770572	18319090	21893930	19329824	18522940	19210926	21773158	20348354	16691938	20540402
"sp|P20290|BTF3_HUMAN"	"HUMAN"	18796352	19568476	19552370	19960110	19304992	19417676	20160822	19824252	19291122	19623188	20654310	19126140	19606926	19326370	19637128	19851198	19265198	19035976
"sp|P20339|RAB5A_HUMAN"	"HUMAN"	129141.086	0	0	0	0	0	0	966011.4	0	914074.4	636210.25	895577.56	684431.9	0	684052	668367.94	701222.6	728446.8
"sp|P20340|RAB6A_HUMAN"	"HUMAN"	2842724	2811393.8	2910768	2637100.2	1573307.2	2996742	1502819.4	2874598.8	2719474.8	3094144.2	3119892.8	3135223	2985480	3245354.5	3583038	2372025	1832325.2	3311187.5
"sp|P20618|PSB1_HUMAN"	"HUMAN"	16305588	17042324	18368676	17820802	17603782	18505266	17675776	16588070	17702216	16901130	17014784	17632662	16980772	16942014	15064268	17284572	18591786	18623982
"sp|P20645|MPRD_HUMAN"	"HUMAN"	2289192	1877713.6	2375529.5	2390887	1339192.2	2294524.8	2832073.8	2102221.5	1934372.6	2100358.2	1935864.2	2731099	1627117	2752644.5	2029913	2476653.8	2112159	2929996.2
"sp|P20674|COX5A_HUMAN"	"HUMAN"	13197190	12365823	11201505	11283334	11099427	11989178	11224226	11496000	11296856	11162992	11928845	13763544	11501561	12521534	11614195	12517646	11736674	14025458
"sp|P20700|LMNB1_HUMAN"	"HUMAN"	74770460	79097450	79817016	81089430	74054060	75550250	77391470	73022560	79881690	86243560	80239940	80679900	79683336	76935080	79897890	82496170	77216560	79527656
"sp|P20810|ICAL_HUMAN"	"HUMAN"	3683463.8	1793439	1493687	2590626	1505605.2	1575495.6	1647696.5	1547701.5	2407984.5	3925659.2	3850095	1647500.5	4081406.5	2233331.8	2810163.5	4110016.8	3073610	1872848
"sp|P20839|IMDH1_HUMAN"	"HUMAN"	4355195.5	4205876.5	4500730.5	4395753	3437784.5	4504009.5	4359852	3988284.2	3703817.5	4094024.8	3071239	3789877	3894012	3569916.2	3337746.2	3822552	3268184.8	3639404.5
"sp|P20962|PTMS_HUMAN"	"HUMAN"	6393090.5	7106090	5652258.5	4715053.5	7971138	7719038	7980814	5390916.5	6197991	6201506.5	6731096	5247379.5	4808215	8767273	5816694	5906214.5	6061344.5	6457285
"sp|P21127|CD11B_HUMAN"	"HUMAN"	4301064	3173092.8	4664527	2521315.2	2762524	2834458.5	4330774	3969876.2	4360722.5	4425565.5	5185302.5	4666589	4392746.5	5019154.5	4980410	5146937.5	3365544.5	4594997.5
"sp|P21281|VATB2_HUMAN"	"HUMAN"	14905200	14054950	12946318	14504820	14284737	11660405	13306714	15257669	10226447	14213398	13990701	13079926	16066369	16298933	13705420	14744658	14900821	14694088
"sp|P21283|VATC1_HUMAN"	"HUMAN"	1306108.9	1255118.5	976880.9	1724895	1842453.8	941228.25	2054890.5	1641684.8	1025401.5	1555275.8	1159357.9	1013046.75	1544244.6	1079779.2	1008184.4	2032107.8	1836906.2	991661.56
"sp|P21333|FLNA_HUMAN"	"HUMAN"	136535250	132663850	142200210	136162380	134520800	137211140	142580240	135424580	144019540	141480850	147629550	144776600	140649020	142199140	142276060	155520430	151983550	136060270
"sp|P21359|NF1_HUMAN"	"HUMAN"	0	255347.02	0	0	232232.12	588235.9	814079.7	319180.4	0	552422.9	1267327.5	1297877	564839.2	1458402.2	498990.66	1186249.8	0	491615.62
"sp|P21399|ACOHC_HUMAN"	"HUMAN"	3238281.8	3341686	3369777.5	2473887.8	2576582.2	3811038.5	3719076	2982857.5	3447855.8	2757154.5	2523081.2	3610216.5	2736692	2989193.8	3877176	4277906.5	2540837.2	3096556.2
"sp|P21796|VDAC1_HUMAN"	"HUMAN"	44198036	45399124	44164070	43889010	44495860	44949572	44118260	44397292	43844616	44413316	44452372	44685212	44515270	44059148	44353270	46055616	44300924	45448424
"sp|P21912|SDHB_HUMAN"	"HUMAN"	9603141	9936141	10773030	9632384	10432846	9903669	8096444.5	10359530	11781804	10209357	9139103	8673209	10459327	7921737.5	8854170	11808794	7896168.5	10059405
"sp|P21964|COMT_HUMAN"	"HUMAN"	12570325	12854252	13243920	13588782	12737172	13138207	13369698	9794057	13756302	12566143	11878112	13943900	11777504	11086543	12030708	13321452	11578894	11212404
"sp|P21980|TGM2_HUMAN"	"HUMAN"	17653704	16287714	14524791	13607484	17738900	16741092	15576777	14240864	14576115	16626901	15102100	13831913	15978667	15613366	27227750	17480344	16756270	14894572
"sp|P22033|MUTA_HUMAN"	"HUMAN"	0	0	0	0	0	0	0	0	0	22257.693	0	0	0	0	0	0	0	0
"sp|P22059|OSBP1_HUMAN"	"HUMAN"	4540777	6157194.5	5559033	5924310	4462399	5750458	6972677.5	5253285	5681708	7991357.5	3803166.5	5112357.5	6032901.5	6996685.5	6971376	6988804	5998310	3469333.2
"sp|P22061|PIMT_HUMAN"	"HUMAN"	37725310	33763924	37156356	37260144	38337532	35627356	35682932	37002380	39016468	38342350	35512108	35788830	35868870	36640340	36462250	35549030	36405700	36760750
"sp|P22087|FBRL_HUMAN"	"HUMAN"	28543252	29316218	27397914	28269444	31280610	29140602	30338872	31310350	29073434	31545490	31580612	29721038	31460384	33241024	32241064	30585310	32625904	32329982
"sp|P22102|PUR2_HUMAN"	"HUMAN"	149274340	141925700	148926430	151834820	148730980	149257100	147798370	147883580	146658430	148572100	151059000	148894960	155083360	150752900	150603250	151908750	149937730	150704400
"sp|P22234|PUR6_HUMAN"	"HUMAN"	86938400	84173100	83256300	84158350	84904130	85069160	83309020	84137000	84091784	82703910	82242550	84227064	85167890	82722410	82184584	82534320	82805864	83449016
"sp|P22307|SCP2_HUMAN"	"HUMAN"	2938959.5	2057563.5	3279171.8	2120839	2451458	844823.5	2485005.8	3275953.8	2628875.2	2210764.8	2246312.8	1550239	2625704	1111981.9	4409581	1577525.1	2631470.5	2287554.5
"sp|P22314|UBA1_HUMAN"	"HUMAN"	60692676	61332216	60593804	59481896	60821320	59004450	61479196	61132948	61338596	60986250	62503456	60337544	60024680	60850550	59921084	62160956	64079460	57769764
"sp|P22352|GPX3_HUMAN"	"HUMAN"	1135307.1	1049717.5	1116876.4	861469.2	1084785.1	1202324.5	955463.2	849227.94	1098753.6	827007.75	1159756.5	1157853.6	1052467.2	1000603.4	1128553	776514	907207.7	814853.75
"sp|P22392|NDKB_HUMAN"	"HUMAN"	120283040	114213750	116204540	122082790	122247790	120800024	121002450	119428710	124510184	121257864	124847496	117239300	121713320	124793450	120996990	116708890	118455256	122039470
"sp|P22415|USF1_HUMAN"	"HUMAN"	0	0	0	0	0	401321.72	0	0	0	367955.38	400578.8	357567.5	0	353658.47	356289.28	271395.3	0	320169.03
"sp|P22570|ADRO_HUMAN"	"HUMAN"	878734	947295.4	896685.7	1187067	944742	1136596.2	1232853.2	941973.9	1133126.4	1363010.9	893194.6	895634.6	1420158.6	1246143.4	914055.3	1129767.6	1200522.8	922331.9
"sp|P22626|ROA2_HUMAN"	"HUMAN"	267155860	267032420	264054370	273211170	270256700	267228740	270181760	270480060	270722620	269522050	269277150	270924930	270529380	271985020	270790620	265313860	268628600	271595140
"sp|P22695|QCR2_HUMAN"	"HUMAN"	17940090	17684994	17555750	17812620	17421876	19015852	17492886	17487340	16869654	18307594	26165862	25550348	17903938	26069910	26231786	22272530	24019962	22498074
"sp|P22830|HEMH_HUMAN"	"HUMAN"	915608.44	878061.75	775441.1	1002622.56	934995.44	901404.9	872084.56	1354558.5	907300.7	44166660	43940980	46107224	843602.44	818826.4	879944.56	40893012	42568780	43633388
"sp|P23193|TCEA1_HUMAN"	"HUMAN"	9646568	7131905	8473921	10935481	9418672	11463388	9907854	9960607	14269708	7450506	8845301	8294947.5	9449127	13125757	8892421	8900615	9276429	12570151
"sp|P23246|SFPQ_HUMAN"	"HUMAN"	108529260	104206500	106600440	113518590	110556360	111148610	111003510	108589330	110991810	108543200	109088220	114742824	111104210	110327620	109868616	106470840	107841630	110444200
"sp|P23258|TBG1_HUMAN"	"HUMAN"	2553335.8	2716848.2	2079140.9	2711125	2560970.2	2940649.5	2758381.5	2186948.2	1944065.9	3751964	2216651.5	3207593	1605826.9	3047772.5	2402851.2	1774044.8	3239239	2415953.5
"sp|P23284|PPIB_HUMAN"	"HUMAN"	39142708	37060068	36038176	39765936	40474948	38550930	37288136	39543164	36826612	44062376	39738460	38596172	39004084	39179044	40696276	37380500	42513740	40583024
"sp|P23368|MAOM_HUMAN"	"HUMAN"	280007.72	0	379314.72	347658.9	403132.2	562635.1	260746.84	433788.28	507811.12	575226.9	349242.1	671507.1	0	0	404514.56	299741.28	405461.8	380640.97
"sp|P23381|SYWC_HUMAN"	"HUMAN"	38974708	38925324	39466520	37072284	35699030	39526230	39901110	39044750	38854596	40401708	41301852	38235560	40214428	40480776	38669308	38900424	40763990	41172356
"sp|P23396|RS3_HUMAN"	"HUMAN"	111176910	101818500	106484240	108080024	108670310	107468620	109238664	104610760	107865530	106905270	107824616	110298070	108290530	107594264	106424560	105735310	107247630	108073690
"sp|P23434|GCSH_HUMAN"	"HUMAN"	2881952.5	2794069.5	2167422.8	2868438.5	2674689.8	2034308.4	2200811.5	2252299.5	2366877.2	2870850	2975647.5	2865739.8	2853206	2232259.5	1978270.5	2726632.2	2992940.5	2582196
"sp|P23497|SP100_HUMAN"	"HUMAN"	0	0	0	186133.25	0	170712.61	133959.45	186718.25	0	0	0	0	0	0	0	0	0	0
"sp|P23526|SAHH_HUMAN"	"HUMAN"	61047450	58480660	58758612	56186624	60258516	71664290	60372308	65257964	59653316	55536204	69364190	69071416	57761744	56649332	66611016	54916236	53586136	68887860
"sp|P23528|COF1_HUMAN"	"HUMAN"	162707570	160799100	164009700	164392240	164709620	164261360	165523500	162320910	165707460	171176660	169668540	171397980	171026580	171004320	168969780	166709360	171614240	166452180
"sp|P23588|IF4B_HUMAN"	"HUMAN"	19553414	15792319	16748742	19570832	19144208	18863384	19082178	17908698	18220142	19922186	19234648	17820114	19039486	20038486	18028550	17871690	18165166	19488984
"sp|P23634|AT2B4_HUMAN"	"HUMAN"	0	287220.84	580441.56	0	204298.88	0	291815.62	405605.88	0	201330.56	0	443495.5	0	320564.12	0	0	406538.38	520987.9
"sp|P23786|CPT2_HUMAN"	"HUMAN"	0	0	478098.66	0	0	0	195688.14	0	505501.12	460085.7	790562.06	679407.3	705534.75	0	0	557665.56	0	713070.56
"sp|P23919|KTHY_HUMAN"	"HUMAN"	1232635.2	464280.2	510807.8	1207763.1	385005.7	418620.9	0	1921725.1	2515404.2	2439231	957423.94	2416315.8	2317964	2143620	2502261.8	883432.4	1390781.8	390877.34
"sp|P23921|RIR1_HUMAN"	"HUMAN"	17700318	21043558	21716460	22679978	19441100	20269616	21556322	21921532	22214248	23216760	24961994	21996188	26856172	25727862	19919530	24471196	24071820	25342796
"sp|P24311|COX7B_HUMAN"	"HUMAN"	0	0	0	0	0	0	0	94459.19	0	534380.25	241211.94	216887.7	0	0	428484.2	703758.6	0	279006.25
"sp|P24534|EF1B_HUMAN"	"HUMAN"	61463396	61749830	57219950	59247476	56716016	56979556	61963612	56886976	58036836	60700144	62834990	57755360	65254276	57391056	57595610	60475860	59824250	59509270
"sp|P24539|AT5F1_HUMAN"	"HUMAN"	7594063	1656038.8	5749081	3240589	5580894.5	6680499.5	4563137.5	4263432.5	5166032.5	8789989	4611930	9068970	9255833	9126125	5035654.5	8417847	7832255	7184624
"sp|P24666|PPAC_HUMAN"	"HUMAN"	9847118	8949089	9375004	8864596	8614649	9214892	10077667	9798497	9083022	10666898	8980948	8885208	9906617	9362690	10317536	10651001	10481335	9226919
"sp|P24752|THIL_HUMAN"	"HUMAN"	13958982	14544743	14115834	13901837	13805719	11284432	13800948	13461889	13193726	14581626	13659620	16172991	14803440	14122730	14793533	15386932	15249918	13818197
"sp|P24928|RPB1_HUMAN"	"HUMAN"	3314701	1887234.1	3543907.8	2911555	2114573	2379367	2667611.2	2277516.2	2351910.8	1989002.2	1307096.9	1496988.1	2408786.2	709999.6	1520678.2	1938161.5	1579563.4	2649150.2
"sp|P24941|CDK2_HUMAN"	"HUMAN"	3069910.5	2058058.5	2157882.8	2499721	2294114.5	2005376.8	3785200.5	2546329	2618553	4078979.5	3646527.2	2600618.5	3533112.5	3435658.5	3734607.5	4001823.8	2836066	3457364
"sp|P25098|ARBK1_HUMAN"	"HUMAN"	0	0	0	0	0	0	0	0	0	0	393347.22	553121.9	167242.69	331843.5	816866.5	609836	0	296007.44
"sp|P25205|MCM3_HUMAN"	"HUMAN"	53894264	57174348	52622220	52934744	54416876	54761344	55049468	55113852	56648920	61574188	61066836	60710936	60508484	61203570	58405284	61014372	59572212	60450590
"sp|P25208|NFYB_HUMAN"	"HUMAN"	0	0	0	0	0	0	0	0	0	0	0	0	0	0	0	0	0	0
"sp|P25325|THTM_HUMAN"	"HUMAN"	5046325	1510998.9	1973495.5	4851401.5	3222461	3325958.2	2302593	5020834	2276337	1936859	2163862.2	2883035.5	2377789	2472648.8	2121460	1850118.2	2435037.8	2163619
"sp|P25398|RS12_HUMAN"	"HUMAN"	49992580	45122664	48990896	51275544	47561510	53796348	51071372	54128900	46584024	51139950	55634840	53992996	51308304	50355236	53959284	50551076	53196944	54283050
"sp|P25685|DNJB1_HUMAN"	"HUMAN"	8665299	5607118	3385264.5	6167865	6275272.5	6749591	5495731.5	7875840.5	8306050.5	3229328.2	5492907.5	4289564	4085400.8	6228858	4655624	4614945	3415401	4384694
"sp|P25705|ATPA_HUMAN"	"HUMAN"	129442776	135485420	137297970	132267736	135342670	136342050	137468770	135402160	134003200	134009830	136371740	133280750	135492780	128511110	134867220	133279890	137818000	130902610
"sp|P25786|PSA1_HUMAN"	"HUMAN"	51596892	48152420	46869300	51401904	51515028	50119468	51893556	49206990	48307464	50160824	55117720	56886616	54068304	52935060	55833240	51950428	56814800	54805650
"sp|P25787|PSA2_HUMAN"	"HUMAN"	20782564	20633674	20720776	21090974	19451350	21995268	19248634	21443952	21794558	21994280	21826552	21782418	21311682	21340306	21698420	20597058	21782300	21614168
"sp|P25788|PSA3_HUMAN"	"HUMAN"	18901386	18225148	17049896	19763972	18542098	18798732	20021800	18995214	20356742	20559258	22032830	21475764	22530752	21417634	20438048	20560084	20987566	21716836
"sp|P25789|PSA4_HUMAN"	"HUMAN"	34012456	33457504	34448460	33617064	34432060	34926240	34138412	33366428	33968640	33356492	30781208	30839972	31579532	31969880	32133366	31930212	32986090	28753600
"sp|P25815|S100P_HUMAN"	"HUMAN"	0	593633	0	268568.97	0	0	200202.48	237192.67	0	962361.6	547484.56	833147.2	216842.38	670344.5	798517.44	961685.4	760412	896023.6
"sp|P26038|MOES_HUMAN"	"HUMAN"	124082344	117064380	126351224	121735700	113907736	124561864	119867880	121853896	127775680	120851630	122300190	123418650	122393110	121245200	124067880	114105580	124491624	132561420
"sp|P26196|DDX6_HUMAN"	"HUMAN"	10015821	9247242	10279891	10497336	9715337	8205259.5	9545897	10034481	10703214	10644338	11888868	11687926	11652891	11248571	9151487	11322739	12294850	10182799
"sp|P26232|CTNA2_HUMAN"	"HUMAN"	0	0	0	0	0	0	0	0	0	2957852.5	418023.03	0	1972444.2	2751824.5	0	0	2728407.8	2294606.8
"sp|P26358|DNMT1_HUMAN"	"HUMAN"	1027858.1	680680.9	535105.4	511498	725509.25	511637.03	780554.6	293021.88	507339.1	764950.56	499028.47	494407.34	823993.2	780518.6	839588.06	516287.84	844296.8	820288.1
"sp|P26368|U2AF2_HUMAN"	"HUMAN"	40921720	41978070	41415812	39433508	40057596	40859750	40609480	40499916	40476600	41051600	40596596	51335384	40053624	38866224	39743104	50226260	41181536	40506972
"sp|P26373|RL13_HUMAN"	"HUMAN"	30587116	30927422	31051894	32943364	32981404	31719566	32632642	32085642	33157442	34702840	34756176	34671084	35590548	33480818	34389804	32854242	32575284	33979196
"sp|P26374|RAE2_HUMAN"	"HUMAN"	0	0	0	0	0	0	0	0	0	0	0	0	0	0	0	0	0	0
"sp|P26583|HMGB2_HUMAN"	"HUMAN"	18898798	17888498	18534826	18930278	19233060	20071534	19212054	18780582	19818836	19923378	20482412	15112236	18805290	19341644	20422612	18875464	15223436	20919638
"sp|P26599|PTBP1_HUMAN"	"HUMAN"	102125770	102442520	98655300	94835210	99095190	100896580	106344860	100011384	102311304	106002810	105152744	106554130	104964480	107249384	106895130	106403624	105974184	109144780
"sp|P26639|SYTC_HUMAN"	"HUMAN"	73432000	70329510	73082080	73134664	69901816	70735800	70305270	76732390	73693770	78037160	79965304	77564140	84802680	84607500	79310696	77223220	81143100	76472310
"sp|P26640|SYVC_HUMAN"	"HUMAN"	44231030	44096296	45451360	45503736	43994156	38834910	46111304	43277508	45194616	49034972	51448696	51570490	48836468	49253096	45665350	45027320	52486044	52868960
"sp|P26641|EF1G_HUMAN"	"HUMAN"	136984020	137254180	141395100	141038910	138956800	140267310	137441890	139186980	139909220	143709380	141368830	134047544	127929380	143051410	137895200	139060590	138185800	139868260
"sp|P26885|FKBP2_HUMAN"	"HUMAN"	2532985	3032734.2	2806201.5	3022828.2	2952347.8	3167056.2	2811229.5	2920841.2	2925665.8	2891874	2911348.2	2717431.5	2743033.5	2709247.8	3614219.8	3147407.2	2980598.5	2875493.5
"sp|P27105|STOM_HUMAN"	"HUMAN"	0	0	289860.97	280902	0	0	0	0	0	269965.1	287762.03	0	228939.39	226010.2	254808.36	0	0	0
"sp|P27144|KAD4_HUMAN"	"HUMAN"	0	0	0	0	0	0	0	0	0	0	0	0	0	0	0	0	0	0
"sp|P27348|1433T_HUMAN"	"HUMAN"	35533380	34995964	34667948	34916016	34560640	31959490	30459058	31870200	35266924	33946972	34178170	32953488	34299268	33073858	34534440	33861276	34829212	33889960
"sp|P27361|MK03_HUMAN"	"HUMAN"	0	0	218572.27	0	0	0	0	0	0	0	0	0	0	0	0	0	0	0
"sp|P27540|ARNT_HUMAN"	"HUMAN"	0	0	0	0	0	0	0	0	0	0	0	0	0	0	0	0	0	0
"sp|P27635|RL10_HUMAN"	"HUMAN"	38541200	38318090	37696284	38658770	38480390	37800836	39527520	39170548	39690016	37475690	36442084	35377644	36777356	37288750	38214468	35511484	36747356	36543092
"sp|P27694|RFA1_HUMAN"	"HUMAN"	9198283	11029842	7976337.5	12591122	12929038	13065248	9137003	9648094	14411670	20771368	15926051	14162251	15210312	15413869	18963964	15374524	14642780	14489781
"sp|P27695|APEX1_HUMAN"	"HUMAN"	13214559	11724464	9815766	12496863	11407123	11714942	13519414	10646364	12651646	12904264	13737421	10310246	11915000	10778602	10892775	13565727	12750550	10790829
"sp|P27707|DCK_HUMAN"	"HUMAN"	1030426	0	1363339.6	567991.5	958150	0	519606.97	1007695.3	393423.53	1097425.2	829521.8	360348.25	996302.1	1464321.1	1360825.2	1337792.1	1153811	857716.5
"sp|P27708|PYR1_HUMAN"	"HUMAN"	48768304	20868486	25139964	44079148	41523710	45520084	32117644	26880526	44986020	32868524	40419864	46034196	58776290	51764590	34999560	57185970	34812260	53947252
"sp|P27797|CALR_HUMAN"	"HUMAN"	55450010	54859676	49833144	50585900	56391520	51665656	52937828	51520516	51010828	59364380	55438030	54313020	58549864	50876570	58820068	54740910	53300016	50185704
"sp|P27816|MAP4_HUMAN"	"HUMAN"	35328880	34938148	35006588	36613240	34979410	33982372	33092434	33994764	36873676	38851384	44532676	43652890	43394260	36910400	35926710	41102504	40651790	38098376
"sp|P27824|CALX_HUMAN"	"HUMAN"	9354849	7408370.5	8538444	10699023	9373077	7744884.5	9397992	5426384.5	9771711	9786924	6535353	9638002	9696522	9292363	7084032.5	10547620	9349912	10718330
"sp|P28066|PSA5_HUMAN"	"HUMAN"	52795490	47090556	46385600	44416144	46274170	45875284	47154240	46591596	46569948	50904944	52960604	52404132	51037572	51519144	52433376	53188100	54315444	53236964
"sp|P28070|PSB4_HUMAN"	"HUMAN"	12153147	15922542	13146576	15754075	15192265	15573302	15992937	16315341	14975188	17369094	16274368	16250146	15127213	16918948	16450180	16956022	16174425	16556433
"sp|P28072|PSB6_HUMAN"	"HUMAN"	8641428	8725296	8820210	8560945	9245809	8630202	8952807	8675901	9983769	10361887	10036518	10408058	10412419	10896189	10307142	9883729	10124579	10701304
"sp|P28074|PSB5_HUMAN"	"HUMAN"	14727903	14054365	15099732	13354140	14995018	15352598	15093940	15693369	15223445	15157719	14739954	17241598	13652047	18646782	18135766	14317869	17624080	18297254
"sp|P28288|ABCD3_HUMAN"	"HUMAN"	246691.17	260893.36	259423.19	213700.6	215686.8	263742.56	218362.6	0	250830.47	0	127952.555	200662.58	190310.94	165087.14	0	187544.28	194010.83	224228.86
"sp|P28289|TMOD1_HUMAN"	"HUMAN"	0	0	1995295.6	0	0	0	1583646	1447314.8	1286814.8	1743455.8	422376.34	298163.34	715614	400692.47	2373769.5	439987.9	568474.25	2449716.2
"sp|P28331|NDUS1_HUMAN"	"HUMAN"	3590809	3940616.5	3621397.2	5597244.5	3626887.5	3371336.2	6371213	4756858.5	4141358.8	4286249.5	6404731.5	6103571	6050823	6730940	7055421	4381324	4721548	5698202
"sp|P28340|DPOD1_HUMAN"	"HUMAN"	1185993.1	779087.2	879656.25	411389.06	778128.8	645840.75	1627548.8	2276027.8	1221656.5	1838205.2	1566115.1	2916034.5	1322271.6	2685660.2	1027689.44	917263.75	1899375.5	3165076.2
"sp|P28482|MK01_HUMAN"	"HUMAN"	39516876	35676770	37094080	35050910	35822210	40757176	38267536	35161796	43418256	30491772	34649590	40821116	41188028	35396460	33318242	35092012	32291192	35551748
"sp|P28702|RXRB_HUMAN"	"HUMAN"	1949908.5	2066918.9	1609253.4	1673683.8	1748657.1	1573050.4	1542853.5	1883642.6	1801225.6	0	0	0	0	0	0	0	0	0
"sp|P28838|AMPL_HUMAN"	"HUMAN"	29063242	24277290	33362524	28545302	27047294	32836098	28710238	33965308	30097044	28192346	27135262	29560652	28866504	29075532	29526326	29784280	31111828	31206142
"sp|P29083|T2EA_HUMAN"	"HUMAN"	373538.1	561577	0	0	0	0	411039.88	0	339532.56	0	278601.38	370381.34	361223.97	326639.88	243868.12	262449.6	0	337240.25
"sp|P29084|T2EB_HUMAN"	"HUMAN"	0	0	0	0	0	0	572444.7	0	0	0	0	0	292210.5	532765.6	511775.2	0	361785.25	556723
"sp|P29144|TPP2_HUMAN"	"HUMAN"	5555621	4132555.5	4629264.5	6519801	5711816	4702587	5197122	5204907.5	6175681	5860642.5	7319308	4260392	5088276.5	6802607	7817061	6099476	5644673	4376691.5
"sp|P29218|IMPA1_HUMAN"	"HUMAN"	554538.94	585321.8	0	486498.22	580503.3	1924228.2	630861.2	514194.47	505594.84	540870.44	588836.94	483510.84	468289.3	458985.78	875957.6	574732.06	553563.9	596265.1
"sp|P29353|SHC1_HUMAN"	"HUMAN"	0	0	0	0	0	0	0	0	0	0	198019.75	329921.12	317215.56	0	0	199634.1	259160.77	380109.28
"sp|P29372|3MG_HUMAN"	"HUMAN"	466200.78	349625.28	0	253069.14	0	305535.5	0	0	317519.72	0	0	0	279437.78	0	0	0	0	0
"sp|P29401|TKT_HUMAN"	"HUMAN"	92160300	89427384	90561144	88796680	91315100	83459510	92115920	90404800	90720730	93452296	94123920	96335840	94265430	94612060	92875050	92433940	95271050	97105210
"sp|P29590|PML_HUMAN"	"HUMAN"	0	0	0	349085.62	421657.3	687442.4	1078719.6	789463.2	0	0	277589.75	1716032	378088.2	757798.94	0	0	0	0
"sp|P29692|EF1D_HUMAN"	"HUMAN"	88024350	99772100	82442750	95032560	93431960	93595200	95870380	97153760	98449940	92087420	92866560	94492344	91725850	91095544	92682360	93779656	91361970	94005070
"sp|P30040|ERP29_HUMAN"	"HUMAN"	11304929	11090424	12126421	11386885	12084222	11094133	10886210	9721624	11733378	11249350	10758113	11159497	11237816	11225954	10380297	11552417	11487972	10899081
"sp|P30041|PRDX6_HUMAN"	"HUMAN"	153983330	151706000	156577940	153871440	153377570	153272200	152799090	151648160	152927150	159212700	158577860	161174660	157500130	157395700	159408380	160868430	159356400	157234740
"sp|P30043|BLVRB_HUMAN"	"HUMAN"	81440940	83207304	83518456	81264550	81208290	83884160	83225940	81908664	82748024	84795040	84669610	84216030	83826870	85279010	83600610	85536296	83653840	84517480
"sp|P30044|PRDX5_HUMAN"	"HUMAN"	18319418	18979478	19741880	20667518	19990460	18148756	17456796	17980594	18149012	17194218	17462176	17217488	16843846	16596659	17243628	18358828	17165414	17133814
"sp|P30046|DOPD_HUMAN"	"HUMAN"	7812057.5	6726796	6732352	6714556.5	7010810.5	6509154	7020191.5	6686526	6344809.5	6334088	5930392.5	6538321.5	6457140	6630462	6446557	6448525	6236143	6367824
"sp|P30048|PRDX3_HUMAN"	"HUMAN"	16722885	16288845	16351062	16495485	16470500	13984818	16413590	16354699	14237829	16118155	17116656	17753336	18383092	18890086	16796488	18481748	16906328	17830296
"sp|P30049|ATPD_HUMAN"	"HUMAN"	3268747	3245979	3636832.2	3440352.2	3124845.8	3473707.8	3273431.8	3427725	3405328.8	4559696.5	3473773.8	4166761	3869850.5	3565545.5	4340305	3487891.2	2963115	4578227.5
"sp|P30050|RL12_HUMAN"	"HUMAN"	53153852	53060970	52385412	53601640	52494510	56937044	52741852	52260016	52197690	57620920	57791076	56548810	57931256	57274944	56801948	57902420	57308716	56100784
"sp|P30084|ECHM_HUMAN"	"HUMAN"	7242874	6804421	8756557	6811952	6132161	7232917	7327440.5	7061535.5	8207689	6503302	7220672	5962251.5	6561377	8689908	6495126	9496437	6512070	8134154.5
"sp|P30085|KCY_HUMAN"	"HUMAN"	17266994	16939868	17246226	20431572	17030834	16597765	20862090	17435572	17504726	20757556	20861338	20144998	20440744	20093960	20354652	20166692	20877708	20887726
"sp|P30086|PEBP1_HUMAN"	"HUMAN"	46173764	48041428	46697980	45976520	45426860	49815296	46474640	45357016	47300864	50154200	48864880	50828956	50602720	50697492	49166804	50032464	50329068	51034640
"sp|P30101|PDIA3_HUMAN"	"HUMAN"	69457030	70882360	70809440	71378600	69742250	64062296	67008880	69834880	70290040	70884530	71425080	71414380	71760744	71254850	68111320	73154280	71679860	71155720
"sp|P30153|2AAA_HUMAN"	"HUMAN"	47906668	42328508	51172460	43024064	45163944	45975056	43380108	41745320	48916190	43508880	53038410	50581108	41574452	47437690	45377788	54212660	43659452	51583228
"sp|P30154|2AAB_HUMAN"	"HUMAN"	3965828.2	3545885	3795582.5	5022277.5	3740667.2	3838392.5	3784118.2	4575260.5	3398962	4814153.5	4415538	4467936	4663239	3726701.5	4674005.5	3697382.8	3895570.8	3934710.5
"sp|P30260|CDC27_HUMAN"	"HUMAN"	1029708	0	649784.06	907468.4	1208402.2	0	461781.9	355350.25	0	0	364378.5	0	980667.6	0	376397.1	360785.16	344287.72	0
"sp|P30405|PPIF_HUMAN"	"HUMAN"	10688011	9751078	10386892	10381816	9403877	10858121	14285878	14047750	13570838	13480785	13020101	14189688	14428689	13564384	14093040	14125189	14951117	13657563
"sp|P30414|NKTR_HUMAN"	"HUMAN"	0	0	0	0	0	545336.6	0	0	296270.4	504569.5	0	0	258832.19	0	0	0	0	0
"sp|P30419|NMT1_HUMAN"	"HUMAN"	7068910	6267719	7693672.5	7428566.5	5833947	9376798	7269257	9185252	7606995.5	10496796	9448404	10467902	7963489.5	8592006	11110518	9728766	8286072.5	10624902
"sp|P30520|PURA2_HUMAN"	"HUMAN"	14085030	14352979	14630297	14029656	15467267	14723743	15217680	16455899	13978837	16985346	16665647	14510013	15815702	14782312	15964906	14534190	15133383	15847619
"sp|P30533|AMRP_HUMAN"	"HUMAN"	77048.4	0	241003.98	247769.58	266478.84	273412.7	0	554143.4	0	150548.14	417933.3	247521.08	461238.9	259969.14	255978.78	179590.83	0	208721.4
"sp|P30566|PUR8_HUMAN"	"HUMAN"	9065709	7076181	9865720	7570013.5	9259662	9225482	6489892	9261648	9791222	9683199	9849136	9869526	8803447	10478223	7271039	9672429	9763407	8477913
"sp|P30613|KPYR_HUMAN"	"HUMAN"	24623366	25338918	22439960	22394982	22776482	21753202	23723884	22829322	23873674	24353822	26185936	22537442	25270720	23398888	23054850	26925990	25327016	23499796
"sp|P30622|CLIP1_HUMAN"	"HUMAN"	0	0	0	756763.7	762961.44	0	1407170.9	665570.7	0	1266704	1297062.6	757558.2	1463664.5	688509.7	724109.4	1331943.5	627246.56	647920.7
"sp|P30626|SORCN_HUMAN"	"HUMAN"	7558599.5	6608848.5	6801337.5	7504837	7177517	6593187	9369790	7148910.5	6478864.5	7608550.5	6915011	6309531	6926099.5	7891057	7720710.5	6373870.5	7222871.5	7630261
"sp|P30740|ILEU_HUMAN"	"HUMAN"	9241503	10113670	7882544	9184357	7501065	7953763	9323385	7904921.5	9233025	9570186	12372767	11199943	12394942	12597221	15043758	11634992	12055630	13169883
"sp|P30825|CTR1_HUMAN"	"HUMAN"	0	0	0	0	0	0	0	0	0	254259.31	417784.66	330271.9	225703.9	0	0	344405.4	326588.9	223543.03
"sp|P30837|AL1B1_HUMAN"	"HUMAN"	6213262.5	6774408.5	6261002	4110255.8	5612968.5	8280777.5	6419716	5161174	4432038.5	1467770.2	6988426.5	1777409.5	5201093.5	5153690.5	3597698	7285711.5	1493134.4	5469289
"sp|P30876|RPB2_HUMAN"	"HUMAN"	2497087.8	1635022.6	1687759.9	1856494.4	1371002.1	1650435.9	1778488	1857905.5	2012092.4	1396399.6	1462633.1	1411386.2	1595368.5	1453704.2	1409654.6	1461338.2	1713093.2	2369044
"sp|P31040|SDHA_HUMAN"	"HUMAN"	18992628	19129394	16981192	19885032	17878256	17887680	19416684	18034796	19936930	21107428	17303524	19795184	19095998	14522019	17956324	19046338	18689308	19980122
"sp|P31150|GDIA_HUMAN"	"HUMAN"	673536.4	631972.9	426644.53	2579050.8	379721.25	723992.25	339631.56	1344582	703774.5	806236.3	838322.75	947580.8	483652.1	454263.78	921841.3	1068738.2	393336.47	1016293.1
"sp|P31153|METK2_HUMAN"	"HUMAN"	31734776	32652100	25280840	26619388	34877092	31116696	31640892	28808074	29648658	26567266	21408224	27804784	30192506	27648974	28030402	28578212	26126322	27686492
"sp|P31323|KAP3_HUMAN"	"HUMAN"	3380239.5	3423454.5	2156248.8	3101031	3506755.5	3596082.8	2899736.2	3306562.2	2798044.2	4777574	3098688.8	3795407	4186483.8	4708132.5	3308886.5	3900696.5	3416115.2	3399031.8
"sp|P31350|RIR2_HUMAN"	"HUMAN"	7723112	7819577	8186965.5	7659925	7298639	7660788.5	8015185	7385808	7490688	8124833.5	8037988	8977800	8042123	8443486	7852595.5	8667026	8675913	7839221
"sp|P31483|TIA1_HUMAN"	"HUMAN"	6268913.5	4691914	5526693	6066926	6215972.5	4578469	5727333.5	6024794	5996299.5	4342681.5	6499370.5	6309525	5457677	6951383.5	4827311.5	6111964	5112515.5	4376756
"sp|P31689|DNJA1_HUMAN"	"HUMAN"	21200558	21805504	21769168	20446490	21048536	20131714	18546220	21070972	20427124	29549596	25432616	26788712	25946878	24318296	27062416	26797452	25910604	24990830
"sp|P31930|QCR1_HUMAN"	"HUMAN"	25194488	20763280	22851786	26912656	19480776	24341360	19757370	21487102	24266724	23638320	25145420	26836442	27450102	27251090	25429678	22166642	27122360	24734224
"sp|P31937|3HIDH_HUMAN"	"HUMAN"	1857427	513654.25	2161251	2628741.8	2879350.5	2067319.2	1707237	2017944	2477445.8	1900996.8	487021.7	406230.5	2150926.8	2319959.5	1945924.8	1453782.8	1474832.6	1883378.5
"sp|P31939|PUR9_HUMAN"	"HUMAN"	73036660	74543100	77543160	73627470	70812040	74324000	74359570	72591710	71244616	73957640	72538670	70495220	72618890	69444830	72576940	74063900	72117190	73966290
"sp|P31942|HNRH3_HUMAN"	"HUMAN"	29845222	30326418	28688286	30805742	30189242	29821990	30565724	30827288	30178082	31334318	31320270	30377110	31545942	30350290	30759386	31126048	30841380	31384960
"sp|P31943|HNRH1_HUMAN"	"HUMAN"	77939380	88348264	85627960	89520300	85855620	85988160	84167960	85535210	79897300	80792320	78206410	82895540	84421790	84096900	82798130	83051864	79996650	84822936
"sp|P31946|1433B_HUMAN"	"HUMAN"	31952226	35860264	33525074	31681848	33658696	34772800	32976436	31232090	33049190	35439224	35454184	34510810	34878180	33154450	35441096	34418136	35207020	34613700
"sp|P31948|STIP1_HUMAN"	"HUMAN"	128852080	121067660	125739150	127992880	131253096	128895840	127305544	128571940	130267970	130654424	129660570	127914410	128543450	130723760	129391000	125550160	129226960	130679920
"sp|P31949|S10AB_HUMAN"	"HUMAN"	10818321	10986748	11194962	11353971	11246312	11286706	10662332	11192674	11324499	11826034	11418722	11548326	11899700	11878602	11181024	11783391	11218809	8640380
"sp|P32019|I5P2_HUMAN"	"HUMAN"	469384.88	0	0	0	230622.97	0	591983.25	0	0	0	0	517452.34	0	0	0	407109.16	454205.2	622656.44
"sp|P32119|PRDX2_HUMAN"	"HUMAN"	58913490	58768004	58889590	59807900	59962476	58469508	58633870	57763756	58294988	60053732	61194516	61651644	60415770	58415270	61558676	60206708	60259092	60288684
"sp|P32321|DCTD_HUMAN"	"HUMAN"	0	0	0	48947.457	0	53568.12	3907515.5	0	0	4650404	4552375	0	4539334.5	3995239.5	46158.566	4385248	4273615	0
"sp|P32322|P5CR1_HUMAN"	"HUMAN"	9820059	7312318	10219085	9771554	9958991	10262919	9513956	9710456	10036359	9165408	8833410	9347175	8843184	8838689	9394339	9593370	9407061	9477851
"sp|P32780|TF2H1_HUMAN"	"HUMAN"	0	0	0	0	915638.75	126406.5	0	0	0	0	0	0	47657.305	0	0	0	0	554760.94
"sp|P32929|CGL_HUMAN"	"HUMAN"	2897754.2	2495990.5	2516717.8	3021799.5	2345943	2856935.5	4382802	2481587.5	3895968.2	4202889	3969458.8	4525834	4270024.5	6013155.5	3518916.5	2934453.8	4354581	3993398.5
"sp|P32969|RL9_HUMAN"	"HUMAN"	46663310	49928696	45142504	48477220	47558270	46284508	47853050	46272536	45557036	44960830	45513204	44329516	46204636	44542030	45568916	44637736	44827410	45430816
"sp|P33176|KINH_HUMAN"	"HUMAN"	7749059.5	6362260.5	7057594	8414060	7568147.5	5883814	6974556	9605149	7956198.5	8270548.5	9946397	12473900	9364100	9445490	7449539.5	11149048	9093411	9367465
"sp|P33240|CSTF2_HUMAN"	"HUMAN"	9001060	8068440.5	6838437	7690288	7873540.5	8378710	10727000	7400212	8368763.5	8669195	8454087	10707558	10174472	9180175	9047694	8648468	8558807	8715719
"sp|P33316|DUT_HUMAN"	"HUMAN"	39723444	40196216	37704004	42743896	41734444	38286708	38431444	39355390	38982916	40682410	40443612	41283480	40797680	41059340	41850720	41292104	41868080	38758930
"sp|P33981|TTK_HUMAN"	"HUMAN"	184195.19	0	142588.2	143329.81	0	162738.06	0	155511.5	170883.31	163268.33	0	143662.12	0	0	163847.23	0	0	0
"sp|P33991|MCM4_HUMAN"	"HUMAN"	56468956	58014956	58887988	62195336	56079030	58076800	59010480	57028930	50626820	56240840	63022230	61036740	57148536	63272240	53624132	59862560	58129700	60703864
"sp|P33992|MCM5_HUMAN"	"HUMAN"	34107344	31758696	30976784	31716340	30717924	30622742	37187524	33641644	31604588	34700056	33390708	33789370	36769440	36728530	35110348	35368870	33032772	33362992
"sp|P33993|MCM7_HUMAN"	"HUMAN"	49491024	47338376	47876332	55559456	47343504	51882960	53713196	46381724	45847570	56837650	52569956	50176064	53138452	51979000	52354508	50559948	50515076	50773396
"sp|P34897|GLYM_HUMAN"	"HUMAN"	37195644	37622060	41196330	39005220	36699160	36609120	37441056	38033120	40349484	38797036	37361828	39511764	39022116	39074864	39343144	39023256	41235710	39510140
"sp|P34913|HYES_HUMAN"	"HUMAN"	353126.66	382166.1	619302	341412.75	787217.8	498059.38	810311.2	407186.34	151754.42	137435.53	475591.97	747889.1	350618.12	848932.8	299186.53	829874.44	664280.5	297349.66
"sp|P34931|HS71L_HUMAN"	"HUMAN"	0	0	0	0	0	0	0	0	0	0	0	0	0	0	0	0	0	0
"sp|P34932|HSP74_HUMAN"	"HUMAN"	111034830	104936136	109035180	104845570	104904536	110380140	112872490	110502360	106396950	113455016	112814104	112068740	109295160	109643440	110491280	117423410	117288690	110502650
"sp|P34949|MPI_HUMAN"	"HUMAN"	357737.2	328433.4	377401.25	0	0	354511.1	0	385099.22	0	357803.9	407868.53	355211.28	0	286957.6	376004.6	397141.56	0	336435.25
"sp|P35219|CAH8_HUMAN"	"HUMAN"	3523482.2	4453722.5	3758525.5	4444338.5	4060402.5	4204394.5	4655046	3959531.8	4318987	4244117	4364393	3626975	5078760.5	3220750.8	3910866.8	5206456.5	5751104	2912170
"sp|P35221|CTNA1_HUMAN"	"HUMAN"	0	0	0	0	0	0	0	0	0	0	0	144316.28	0	0	0	0	0	0
"sp|P35232|PHB1_HUMAN"	"HUMAN"	63100412	63833724	65283332	61987604	62334530	62152580	60085504	60618696	63847960	62903520	62032004	61383570	62978504	61838784	63357920	64741176	61565480	61732516
"sp|P35236|PTN7_HUMAN"	"HUMAN"	131814.08	0	0	0	0	0	0	0	0	0	0	0	0	0	0	0	0	0
"sp|P35237|SPB6_HUMAN"	"HUMAN"	11305444	12176665	11430270	12728292	11528938	12001365	11396861	10425294	11962742	13453074	11977330	9841711	12424977	9234867	12631996	13621187	10079606	13444352
"sp|P35240|MERL_HUMAN"	"HUMAN"	0	0	0	0	0	0	0	0	0	0	0	0	0	0	0	0	0	0
"sp|P35241|RADI_HUMAN"	"HUMAN"	3175323.8	4023662.5	4659538.5	4094928.2	3202921.8	3618496.5	4035226.5	5873143	3195165.8	4682922	5037127	3947090.5	5637706	3717878.2	3676673.5	4519571.5	4830924.5	5709018
"sp|P35244|RFA3_HUMAN"	"HUMAN"	13041669	12323374	13371890	12778158	11566128	11613682	12111112	12326106	12957906	9448392	9418846	9675851	15317382	13037240	11562666	12603984	13976602	13015126
"sp|P35249|RFC4_HUMAN"	"HUMAN"	12075466	9662698	11478822	12601119	10236606	11298100	7754217	11106330	7264112	12031631	12893885	12203128	11705934	13065376	12950278	10582650	12197666	11158696
"sp|P35250|RFC2_HUMAN"	"HUMAN"	10296275	7817232.5	12720861	12955473	9603455	12354301	11786256	8932856	10279354	12725857	9249591	9714466	11189769	12156602	11695177	8420370	9724019	10629550
"sp|P35268|RL22_HUMAN"	"HUMAN"	38100156	37549410	38873868	38097148	38263564	39377100	39930108	38105480	39449200	37905084	37892060	37418830	37813696	37896092	38084028	38411380	38212076	37547000
"sp|P35269|T2FA_HUMAN"	"HUMAN"	704049.06	689789.2	605218	1491486	1476176	1613663.1	1420406.1	1728301.8	1467472	1303066.5	1293697	1363228.9	529828.94	1472433.2	1166696.5	1479437.5	1597560.8	1287337.2
"sp|P35270|SPRE_HUMAN"	"HUMAN"	387678.75	171596.08	187422.92	361260.88	142018.47	356431.2	148599.16	183347.66	148987.86	160463.3	0	332443.97	173481.3	344598.94	365047.94	390250.25	164036.44	320283.25
"sp|P35520|CBS_HUMAN"	"HUMAN"	20104716	24309378	20764368	21761694	24714962	22519020	21870944	21244386	20637022	20122118	23158312	23805512	21673336	21706994	21526264	20402368	22594078	20928488
"sp|P35573|GDE_HUMAN"	"HUMAN"	0	0	232770.73	1702864.5	518127.1	0	0	0	0	1366192	329795.34	533616.2	818236.5	464008.88	1050951.9	1448828.5	493517.6	0
"sp|P35579|MYH9_HUMAN"	"HUMAN"	65862308	65839136	68977990	70492640	71621300	72194480	68018290	71458460	71400910	69515500	79547656	72570100	63274908	73138010	74415176	73466664	70042600	70012550
"sp|P35580|MYH10_HUMAN"	"HUMAN"	40481004	43813268	40652724	38584600	40213124	38663456	41183720	41939184	37632330	46355230	47954410	47057070	47886780	43905596	42721780	47912880	45186548	48444700
"sp|P35606|COPB2_HUMAN"	"HUMAN"	7654659.5	7363091.5	7622992.5	7374880	8420463	8960196	7789983	8599549	7984674.5	10047268	9698541	10061665	9726911	10900906	10380871	10185922	12006072	11287180
"sp|P35611|ADDA_HUMAN"	"HUMAN"	1867786.2	1333776.5	1758912.5	2037053	1001948.75	1979368.5	2997315	1294079.1	1977892.2	1799662.5	2568188.8	2661706.5	3093521.8	1599524.2	2955717.5	2379957.5	2679688	3156991.5
"sp|P35612|ADDB_HUMAN"	"HUMAN"	1107477.2	448927.47	1242503.5	1222429.2	1345825.8	1109398.8	1195130.1	1196699.1	1196851.9	977013.06	1242941.8	1258934.2	1183183.2	1282859	813805.8	1076223	1305148.1	1369990.6
"sp|P35613|BASI_HUMAN"	"HUMAN"	5188070.5	6844348.5	5990851.5	5957917.5	8795202	6518054	6866953	6919586	6767443.5	7274956	6622972	8504937	8780499	7293242.5	6428476	6282531	6562691.5	7127045.5
"sp|P35637|FUS_HUMAN"	"HUMAN"	40958460	39969780	39016450	40976496	40795440	39070296	40972244	38754804	39885052	46800764	46851490	44156640	46272290	42769676	44700276	42692564	44702100	45540550
"sp|P35658|NU214_HUMAN"	"HUMAN"	18944802	17363718	19439264	20212728	24091472	19691188	18867562	18697360	19683408	17184920	16783840	20305136	18378202	17592146	15851466	18006632	15629967	15373382
"sp|P35659|DEK_HUMAN"	"HUMAN"	14611477	14550294	16477005	13942114	14903451	17333392	16798334	16989568	14215886	17143706	18060184	15448184	16908966	17108026	15985054	16541061	16830896	16904420
"sp|P35749|MYH11_HUMAN"	"HUMAN"	0	978707.9	784108.56	1725614.1	0	0	0	0	1315499.9	0	0	0	0	0	0	0	0	0
"sp|P35998|PRS7_HUMAN"	"HUMAN"	44067536	66470870	46150500	47865780	75129860	42310412	70667850	42932304	41115490	58755360	62033228	65005120	68004400	66917480	69818296	66319776	59295290	64717596
"sp|P36404|ARL2_HUMAN"	"HUMAN"	0	0	0	0	0	0	761255.2	0	0	0	587860.94	0	0	0	0	0	0	457512.34
"sp|P36405|ARL3_HUMAN"	"HUMAN"	419292.4	521742.78	0	0	0	364327.62	287609.25	369507.25	386713.97	0	0	440012	483977.25	0	704095.7	0	0	746963.5
"sp|P36507|MP2K2_HUMAN"	"HUMAN"	0	0	2376248.8	2007903.4	2050967	1884739.6	388680.3	0	433716.6	701855.7	1645210.8	1852570.5	1555610.5	1384481.6	1567023.4	1862809.8	1141706.8	1480110.5
"sp|P36542|ATPG_HUMAN"	"HUMAN"	19148224	16754715	20768990	18455656	19689884	18694056	20476350	19895242	20800892	11362533	20953900	16666771	11618883	15937408	16660295	15843982	19764776	17388504
"sp|P36543|VATE1_HUMAN"	"HUMAN"	6071600.5	5193926	5377307	5643066	5128420	5430396.5	5054076.5	4935190.5	6116602.5	4780566.5	6444452.5	6098157.5	5038834	4703870.5	6667408	5033569	6748868.5	6100113.5
"sp|P36551|HEM6_HUMAN"	"HUMAN"	6835182.5	4617069	7624428.5	7447057	6864353	4116950.5	7379488.5	6476258	5792977	6820448	7276681.5	7241366.5	7179384.5	5702605.5	6147171.5	6124845.5	6754104	8650586
"sp|P36578|RL4_HUMAN"	"HUMAN"	98908664	89518840	94403680	97909144	85707600	93522550	99487240	101011430	94659920	94844424	102519920	97016056	94173000	100687060	100741820	91528210	101272744	97836210
"sp|P36639|8ODP_HUMAN"	"HUMAN"	0	0	0	0	0	0	0	0	0	0	0	0	0	115963.71	0	0	189579.44	0
"sp|P36776|LONM_HUMAN"	"HUMAN"	25261956	23477666	22299910	23258322	21289086	22259512	24529638	24345900	22618846	22699026	24129418	20945564	23502124	21182986	22965232	24649894	23482414	22780702
"sp|P36873|PP1G_HUMAN"	"HUMAN"	3196945	3158871.2	3393296	3418789.8	2978368.5	3342949.2	2590281.8	3339054	3250751	3430541.5	3300577	3350097.2	3377637.8	3411397	3341067.8	3306889.5	2671046.5	3322955.5
"sp|P36915|GNL1_HUMAN"	"HUMAN"	2584488.5	2203687	2191503.2	784677.06	2270351.8	2276859.8	1631343.6	951442.3	858635	941540.7	2522010.5	928726.56	1084146.2	761297.7	375128.53	1523987.5	2436909.5	903312.06
"sp|P36954|RPB9_HUMAN"	"HUMAN"	0	0	0	0	321008.8	0	0	0	463475.75	430880.03	0	430075.7	559183.75	561814.3	722497.3	598316.9	643409.06	889968.6
"sp|P36957|ODO2_HUMAN"	"HUMAN"	560122.44	234451.58	262374.03	241656.55	484124.62	234169.27	237016.89	245203.42	249739.08	248623.77	248723.95	1819282.8	722001.7	739699.1	1700049	1416371.8	2903205.5	3110790.8
"sp|P36959|GMPR1_HUMAN"	"HUMAN"	0	0	476723.94	480553.8	484148.66	862826.7	355035.22	667582.5	346962.66	570211.94	1041315.75	859172.75	469285.06	375137.75	864267.2	1246948.5	400736.34	1078598.9
"sp|P36969|GPX4_HUMAN"	"HUMAN"	1361554	1484535.9	626102.25	1099937.8	668660.06	1302059.5	1367809.5	1549641.8	1322965.2	1588667.5	1334665.6	1602386	1165760.5	1396665.1	1806539.5	1283471.9	1565971	1581810.8
"sp|P37108|SRP14_HUMAN"	"HUMAN"	13003285	13621923	15169230	13762249	12892648	13861076	15092954	13883770	13977834	14453409	13515551	13610742	14956922	14003637	13464300	15196860	14930670	13005347
"sp|P37198|NUP62_HUMAN"	"HUMAN"	6004716.5	4216290	7141738.5	4971511.5	5897096	7260371	5540832	5716738.5	6416911.5	6902770	7387808	7234375	7404550.5	7857302.5	7900095	7427769.5	6760727.5	7901281.5
"sp|P37235|HPCL1_HUMAN"	"HUMAN"	1569883.5	1775648.1	1104325.4	1594924.9	1833245.8	1658697.5	1114068	1650362.1	2269475	585617.6	1775775.2	1069419.2	1773148.1	1731830.2	1018436.7	1062611.2	992042.8	1825350.8
"sp|P37802|TAGL2_HUMAN"	"HUMAN"	121832110	122223576	99707336	121396020	122380980	123166320	122200180	122103050	120671240	113257416	112264560	112667990	111575630	112022520	111770450	113015870	110949200	112553740
"sp|P37837|TALDO_HUMAN"	"HUMAN"	80260920	74186080	76937660	74908940	78975730	78350260	83621700	77959330	83003420	80334030	79598540	79244520	81410340	75671360	75355210	72180350	77137304	76197100
"sp|P38117|ETFB_HUMAN"	"HUMAN"	19563644	19186564	19569308	19569528	19938024	19695488	19784610	18621226	19640804	21307672	20214620	20408196	18277496	20453422	20065926	18317236	20729512	20521676
"sp|P38159|RBMX_HUMAN"	"HUMAN"	44690140	40532700	45267732	45113212	47153652	44184420	46545710	45959150	46896940	42863480	44286564	44025508	43309796	42692140	41961036	41827610	42654710	42803572
"sp|P38432|COIL_HUMAN"	"HUMAN"	1644204	1864737.8	1453540	1916369.2	1989641.6	1839980.4	1848664.6	1702594.6	1650095.5	1940346.2	1747629.6	1716050.2	1943509.5	2193053.8	1890231.8	1865124.9	1849919.2	1697537.5
"sp|P38606|VATA_HUMAN"	"HUMAN"	16582299	13506285	14797594	15639201	17855610	14742542	15224146	16392703	19269870	17630490	14673425	17854972	15176352	18647118	17125900	18758998	16947770	17729684
"sp|P38646|GRP75_HUMAN"	"HUMAN"	154161070	152650700	152029550	152612510	153972980	153205440	146086320	143258060	152822450	150166340	172988370	172331840	162180860	173349010	162047920	174128670	161598900	172755100
"sp|P38919|IF4A3_HUMAN"	"HUMAN"	26804120	26419348	26572586	26656058	28024628	27273694	28224186	28189670	23330092	26148318	28292094	27326010	29519644	28921692	30252894	28878904	28466010	28097768
"sp|P39019|RS19_HUMAN"	"HUMAN"	40484052	40122780	41428740	42214516	42244092	42479916	41043628	41917240	41909100	40105604	41039704	41216784	40194784	39969364	40973788	38511150	41323564	38628660
"sp|P39023|RL3_HUMAN"	"HUMAN"	86355190	81936504	60205052	62721936	85536980	60452920	82096860	87369560	89579980	64631956	62538536	63155348	66169656	65216660	66209348	62149790	64698228	64781580
"sp|P39687|AN32A_HUMAN"	"HUMAN"	67745864	64792170	66543960	67253400	64874310	66425348	64778036	65215268	65479684	67588024	67521270	67266350	67058624	67127880	67213840	67044400	66906800	67174280
"sp|P39748|FEN1_HUMAN"	"HUMAN"	22728020	22116892	24787540	23460752	24338312	23796108	24506518	22671160	23975484	23044544	22391480	22415334	22746190	22435732	23023552	22587322	23149322	22231892
"sp|P39880|CUX1_HUMAN"	"HUMAN"	0	0	0	0	0	0	0	0	0	677776.7	0	0	0	0	0	0	0	0
"sp|P40121|CAPG_HUMAN"	"HUMAN"	1707970.9	957397.8	1623448.2	1571953.2	1465387.2	1857792.8	2229421.8	0	549568.75	2189756.2	2396853	1745605.4	1943107.8	2411476.2	1630628.5	1206133.4	1477505.5	1323753.2
"sp|P40222|TXLNA_HUMAN"	"HUMAN"	4021810.5	4495902	5765160	5130428	5178568.5	5866000	5413802.5	4283000.5	3702510	5374117	4546786.5	5016666.5	4991539	2986961.2	3469329.2	4896244	4657619	4268490.5
"sp|P40227|TCPZ_HUMAN"	"HUMAN"	110923730	109574660	110836536	109201960	107927304	111329830	109639496	107871000	111365576	114954810	115662480	116006360	111943224	110183510	113858310	109786900	112929050	113647660
"sp|P40261|NNMT_HUMAN"	"HUMAN"	428745.28	0	425935.12	386231	542757.25	472510.8	526741.7	576477	518794.72	0	530899.5	296205	0	350754.7	0	0	385741.1	0
"sp|P40429|RL13A_HUMAN"	"HUMAN"	36256572	34444892	35760344	36488600	37798544	36278336	37440404	37256770	36392612	36271180	37895068	36783870	36562010	37425996	37479764	36708090	37970090	37278676
"sp|P40616|ARL1_HUMAN"	"HUMAN"	1988271.2	1080850.9	1402770.1	1311100.5	1805970.6	1852902.2	1399717.4	1228096.1	1322203.9	316840.3	0	312749.12	595323.75	273163.94	1727087.2	221847.84	298899.56	291346.88
"sp|P40692|MLH1_HUMAN"	"HUMAN"	285631.84	296245.2	238210.17	253949.92	227783.19	0	281957.16	303431.56	241732.48	258270.31	249980.36	275462.97	0	0	279603.53	0	286566.03	0
"sp|P40763|STAT3_HUMAN"	"HUMAN"	3701385	4096501.8	3463201	4684628	4438086.5	4403398.5	5029193	3365260.8	4175490.5	3554027.2	4217195.5	3499466	2910503.8	3747082.5	3501795.5	2716170	2510028	3334008
"sp|P40818|UBP8_HUMAN"	"HUMAN"	5248713	5240718	5199483	5167748	5128364.5	4268839.5	4650899	5465441	5155577.5	4876013.5	4809578.5	3454872	3160560.2	2113194.5	3647829.2	2274254.2	4482913	3744526.5
"sp|P40855|PEX19_HUMAN"	"HUMAN"	0	0	0	267830.5	259168.77	323370.25	0	356352.5	0	0	368110.78	296019.75	275488.4	314683.7	293272.9	315841.28	256067.02	303192.88
"sp|P40925|MDHC_HUMAN"	"HUMAN"	49317500	51042908	55897320	56605988	49104296	51096110	56193004	53403370	53850244	53698590	52568148	48392436	47776932	54042184	48077770	46134776	48253004	50374990
"sp|P40926|MDHM_HUMAN"	"HUMAN"	254351100	255882400	260257470	256721800	261103570	264080400	253927710	254207730	256449820	243000500	247938380	244042850	245234130	257683360	247662190	260444590	254527970	250849490
"sp|P40937|RFC5_HUMAN"	"HUMAN"	6213096	4619231.5	5629415.5	6146838.5	5956132.5	6218587	4802833.5	7324418.5	5645708	4617043	6056723.5	5429722.5	6063690.5	6450925	5948300.5	6455707	6067889	5562265
"sp|P40938|RFC3_HUMAN"	"HUMAN"	2244312.8	3291003.2	3165502.8	3360786.5	3035341	2768126.5	2510179.8	3520234	3193436	2315031.2	2675198.2	1944406.8	2330101.5	2557892.8	2219309.2	1979143.4	1792398.6	2001768.2
"sp|P40939|ECHA_HUMAN"	"HUMAN"	42259956	42229100	43112572	44030310	39732090	42752330	40501960	39271404	41945748	42755696	39989316	39888930	39975492	45641790	39738308	42499996	46054980	46430000
"sp|P41091|IF2G_HUMAN"	"HUMAN"	34603850	34454452	36224636	34367096	35487050	35698244	35243144	34316916	34651240	34559836	34671570	35618416	36849270	34821570	37009332	34238960	35256680	36277900
"sp|P41208|CETN2_HUMAN"	"HUMAN"	0	0	0	0	80927.81	0	246788.88	0	0	0	0	0	75426.62	180900.8	0	0	0	0
"sp|P41214|EIF2D_HUMAN"	"HUMAN"	0	2129685	2236664.5	2410683.5	2403475.5	2290759	0	2799228.5	2316857	146841	2345855	1937189.5	2169846.2	1305724.5	2277371.2	1890705.9	2313784.2	2025785.9
"sp|P41223|BUD31_HUMAN"	"HUMAN"	5034962	4250716.5	5359324.5	4890996.5	3630447	3010958.2	5200672.5	6211329.5	5729937	3701437.2	3572050.2	3841127	3622368.8	5111502.5	3476706.2	3468066	5552698.5	1938803.9
"sp|P41227|NAA10_HUMAN"	"HUMAN"	9694522	7900215	9668561	9758022	7755781	8649792	9550230	9245937	8004659	9156378	9122655	8474356	8225018	8453770	7552133.5	7525626	9618858	9114422
"sp|P41229|KDM5C_HUMAN"	"HUMAN"	0	0	0	0	0	0	0	0	0	654871.4	563295.4	0	0	0	441904.44	0	0	1263608
"sp|P41236|IPP2_HUMAN"	"HUMAN"	370625	0	271166.2	0	0	303831.97	0	0	359442.22	442983.16	722931.4	309795.94	768632.9	397467.84	416792.62	654581.8	1141502.1	382499.34
"sp|P41240|CSK_HUMAN"	"HUMAN"	854305.75	370933.56	339132.97	1583780	954798.06	480122.8	1318377.9	1232242.9	1619824.5	2110639.5	1128565.2	1169863	1318956.4	1207295	522283.16	450495.03	933062.4	1829633.9
"sp|P41250|GARS_HUMAN"	"HUMAN"	51191612	52525680	53706590	50873396	49247220	53261052	47647916	53190428	51898628	55709030	53697696	55305884	49929668	50153524	55133200	54252720	52941892	56352950
"sp|P41252|SYIC_HUMAN"	"HUMAN"	46691196	53231828	50820630	51171308	53841068	49061852	51753996	51372260	50347496	56040660	49769810	55382390	54901564	54177124	55262668	54824050	52466890	53931540
"sp|P41567|EIF1_HUMAN"	"HUMAN"	13117055	13780398	13072082	14304628	12675786	16053590	13652896	14317194	12892576	14077443	12614962	14967915	14283763	12755262	13643001	14818269	14520209	14561298
"sp|P41743|KPCI_HUMAN"	"HUMAN"	191176.69	0	0	0	0	430201.12	371264.28	0	0	640240.44	253827.11	0	0	284286.8	268047.4	431893.56	305241.47	312686.22
"sp|P42126|ECI1_HUMAN"	"HUMAN"	10554572	10546834	12132346	12072393	9730623	10615091	10388591	10954393	11650451	9628130	10176365	10646320	10353847	10508157	10541090	10705230	10528126	11826288
"sp|P42166|LAP2A_HUMAN"	"HUMAN"	17451128	20367508	17506716	15175175	15266636	15304456	16725240	18759442	15216779	16920788	19157770	16625011	19899380	16456486	17250606	15567027	14984209	17387856
"sp|P42224|STAT1_HUMAN"	"HUMAN"	5038048.5	9211793	5829255.5	6314207.5	5088300.5	6450192.5	5651685.5	5646416.5	4587676	5897607.5	5119014.5	5724915	6830658	4974283.5	7222347	6846661	5254676	7459711
"sp|P42229|STA5A_HUMAN"	"HUMAN"	16272578	14073953	15413563	16108820	15599830	17187512	15576137	18048770	15518067	17134340	18217516	17398794	16682111	18975998	18208084	14213298	15938195	17757824
"sp|P42285|MTREX_HUMAN"	"HUMAN"	17026180	16135861	15985015	16526989	17437054	19051486	17936476	17311670	17508182	21668468	17972240	16278183	18726032	20570164	15706885	20155606	17171384	19384726
"sp|P42330|AK1C3_HUMAN"	"HUMAN"	1116963.4	1170650.4	1703909.6	1218981.1	1522036.5	1604253	1558579.8	1663521.9	1330200	1596262.8	1662776.6	1729968.5	1449869	1521509.9	1548134.8	1543458	1643647	1745999.5
"sp|P42345|MTOR_HUMAN"	"HUMAN"	463108.06	493145.34	357818	478592.44	162542.12	405275.25	453383.7	392421.12	451213.5	198520.83	446925.88	186907.78	175563.08	419161.3	441894.4	446732.38	188740.81	195803.78
"sp|P42356|PI4KA_HUMAN"	"HUMAN"	2019243	2038805.8	1941056.4	1995151	1872709.2	1972117.1	1942567.6	2082979.6	1729924.2	1480537.8	2108107.2	1443469.1	1881690.5	0	1348115.1	1745605.1	1662593.8	1308678.5
"sp|P42566|EPS15_HUMAN"	"HUMAN"	1132982.8	911534.4	225868.38	650287.4	408185.2	1288822.2	318550.88	429032.6	426257.9	1436767.5	879084.2	1916737	780984.4	1090450	899167.25	2103628	1415621.8	1193679.2
"sp|P42574|CASP3_HUMAN"	"HUMAN"	2254490	1550652.5	2124488	2238099.2	2275802.2	2076478.9	2282729.8	2141075	2567638.5	1903393.5	1480340.5	2198543.2	2119635.2	2010751.9	2132796.8	2097672.2	2014611.4	1972015.5
"sp|P42575|CASP2_HUMAN"	"HUMAN"	0	306421.34	0	247563.31	0	0	298253.3	0	291983.44	254876.9	0	49434.945	294206.53	299238.8	0	0	268065.53	247067.45
"sp|P42677|RS27_HUMAN"	"HUMAN"	16292105	15920861	16207123	15958230	16277479	15640010	16764916	15847915	15972559	16539859	16166802	16802988	16512072	16585594	17526154	16259260	16513500	16576746
"sp|P42704|LPPRC_HUMAN"	"HUMAN"	100072456	96973750	101111290	99873590	101831530	100219490	103578960	102337176	95716904	104134160	99510720	103950570	102647816	99681510	105150000	103007120	100191816	107189580
"sp|P42765|THIM_HUMAN"	"HUMAN"	228824.61	277720.25	287031.72	347141.94	0	500467.4	269274.16	287828.9	331616.78	507167.12	445031.06	0	385699.75	0	441969.4	624703.4	153606.53	173328.83
"sp|P42766|RL35_HUMAN"	"HUMAN"	7233254	6428784.5	6553458	6830310.5	6923662	6873772.5	6386302	6521614.5	6745563.5	6934853.5	6638486	7101502	6855236	7117455.5	6987756	6048384.5	6514620.5	7483178
"sp|P42898|MTHR_HUMAN"	"HUMAN"	2182797	1410045.1	1498017.1	1350684.9	1708258.2	1440291	1456987.5	1361679	1667168.6	1635412.4	1867438	1478239.1	2034001.1	1367430.8	1435591.4	1778451.8	1553601.2	1383907.6
"sp|P43034|LIS1_HUMAN"	"HUMAN"	4881021.5	5071991.5	4387122	4848233	5261138.5	5851300	4395586	5738396	5514266.5	4935692	5154074	6612748	5406481.5	5766567	5431931.5	5458083	4858819	5506830
"sp|P43121|MUC18_HUMAN"	"HUMAN"	0	0	0	0	0	0	0	0	0	0	0	0	0	0	0	0	0	0
"sp|P43243|MATR3_HUMAN"	"HUMAN"	68364520	69102720	63921310	69936890	71921016	62896296	70733490	73257976	67071212	63754828	66645124	68052424	65861910	68905960	67482550	66453756	69781980	62866240
"sp|P43246|MSH2_HUMAN"	"HUMAN"	16180777	15181633	17980566	17385454	17221268	17448802	18806512	16486220	15906506	15689662	16421766	14097135	13496237	16186828	16324626	15468512	16692758	16200305
"sp|P43304|GPDM_HUMAN"	"HUMAN"	218532.83	0	131434.69	0	130318.89	144131.11	119259.64	0	336079.06	262624.5	447062.16	0	146585.66	259286.64	0	521984.8	0	430408
"sp|P43307|SSRA_HUMAN"	"HUMAN"	0	0	0	2745730.5	2214768.5	711535	0	0	0	303581.38	0	2353464.2	280478.78	1669361.4	2877058.5	275657.25	349940.72	2222503.2
"sp|P43357|MAGA3_HUMAN"	"HUMAN"	0	0	0	0	0	0	0	0	0	0	0	0	0	0	0	0	0	0
"sp|P43366|MAGB1_HUMAN"	"HUMAN"	0	0	0	446422	1060812.5	1498556.4	1348631	431120.06	343437.6	0	591173.94	1945387.5	2015885.8	2057615.2	1531906.2	1701088	1538698.2	996625.5
"sp|P43487|RANG_HUMAN"	"HUMAN"	97316490	95899670	97361600	99056440	97082550	99196220	98924480	98627576	98885280	97878744	97691000	100382780	97257720	96962930	97598696	95471110	98735550	97203210
"sp|P43490|NAMPT_HUMAN"	"HUMAN"	25890138	26772214	24637512	25963070	25115962	27418432	26580768	25728968	27205980	25129644	23997328	25154812	20122564	25719846	26251180	26376518	24543504	27813420
"sp|P43686|PRS6B_HUMAN"	"HUMAN"	31365732	26394052	30757696	29648358	30723656	29212500	30189204	31896076	32427516	31921740	31329630	30772564	31096200	31006400	30647176	30559744	31363806	30846280
"sp|P43897|EFTS_HUMAN"	"HUMAN"	4409055.5	2558417	3835830	4813268.5	2205592.8	4470085.5	3872471.8	2563384.5	2128555.5	2333303.5	2561409.5	3223215.2	2511687.5	3296643.5	4086796.8	2431134.8	1987865	2685889.8
"sp|P45880|VDAC2_HUMAN"	"HUMAN"	58097268	58504370	57123336	58541372	57100060	58649252	56920364	59098730	58079640	58320360	58364412	57575236	57316788	58909236	58200090	57572870	61576396	59377710
"sp|P45973|CBX5_HUMAN"	"HUMAN"	5749985	6308028	7741938	6885135	3875419	6982417.5	7791426	6552503	8204103	5645643.5	6752347	3987440	5961185	5121273	5450145	5157092	5484706.5	5854650.5
"sp|P45974|UBP5_HUMAN"	"HUMAN"	10288728	10660826	10509686	11781224	10360803	12780863	11135813	10442673	11050771	15225346	10409847	12579350	12556468	13770888	11241139	10709951	9804189	11313879
"sp|P45983|MK08_HUMAN"	"HUMAN"	0	0	0	424061.47	0	0	1897305.2	0	0	348775.12	0	0	0	0	0	0	0	0
"sp|P46060|RAGP1_HUMAN"	"HUMAN"	14542076	22566488	19413762	19054898	14435290	17817434	18267182	20295230	15596067	19295084	18155632	18591104	18915606	17570428	18621932	19195860	18820990	18195436
"sp|P46063|RECQ1_HUMAN"	"HUMAN"	335651.7	700012.25	675555.25	349666.1	387650.06	333074.25	358112.97	448143.28	756944.2	1209874.8	1324333	1265639.6	1415627.4	2266840.2	1210267.8	1299805.4	2444578	1282488
"sp|P46087|NOP2_HUMAN"	"HUMAN"	2076616.5	981781.2	1420358.6	2073939.4	2221072	1694983.5	1176408.1	1804111.2	1508256.5	1207627.5	1725117.8	1644310.2	1623506.1	1878724.9	1447647	1083806.6	1519440.8	1351426.4
"sp|P46108|CRK_HUMAN"	"HUMAN"	339574.97	792348.4	0	198780.1	827145.3	0	0	245692.28	0	382078.03	1457161.8	0	116149.93	139279.56	136840.33	1148831.4	0	311432.38
"sp|P46109|CRKL_HUMAN"	"HUMAN"	47643844	48154580	48926228	46228016	46037920	47458828	49520164	47173516	44014756	49300932	48443264	45368504	49924124	50280310	47921020	50450210	49799772	48786170
"sp|P46379|BAG6_HUMAN"	"HUMAN"	17262188	14250884	16365272	16824576	16110893	15101768	16485671	14981419	18029560	6200021	6973427	6248776.5	5760033.5	6606645	7054984	5641797	7561934	7661860
"sp|P46459|NSF_HUMAN"	"HUMAN"	1892572.1	1491729.5	3261909.5	4785560	4272270	1787725.4	4281019.5	1385320.6	4292544	1300157.5	4236761.5	2646757	1318686.2	1152124.5	407577.3	2084283.2	2254866	1927935.6
"sp|P46776|RL27A_HUMAN"	"HUMAN"	26773720	26400104	27967286	25850478	27471848	28398474	28069254	26683386	27230276	28525508	27037300	27466372	27174392	26976422	27900772	25955178	26325284	27011020
"sp|P46777|RL5_HUMAN"	"HUMAN"	40642892	38875564	43287536	41699492	47310532	40285304	50407828	43155200	53671804	49644364	48811144	50890336	51872800	51558500	51449860	48973444	51438844	55058228
"sp|P46778|RL21_HUMAN"	"HUMAN"	26189416	24997400	26132188	24588996	25765386	26279872	25264156	24816408	25773232	22902516	23682654	23858458	23450792	25043308	23218638	25403880	24035894	23295828
"sp|P46779|RL28_HUMAN"	"HUMAN"	15587099	12347017	13208701	13619362	11857365	12044320	12808108	12628206	11111785	12126284	11485145	12792587	12949165	13419032	12349833	11192300	11033057	11801215
"sp|P46781|RS9_HUMAN"	"HUMAN"	43571376	40416216	37984156	39954984	42865890	39515384	38397732	40006876	39159932	37460410	38738036	38312852	38119908	36695660	38585156	37025904	38281050	38011656
"sp|P46782|RS5_HUMAN"	"HUMAN"	48897190	49045184	48365812	49711124	41548304	49678732	49795270	48959364	48830492	48236944	48039836	40010596	48660852	39947480	41843148	49298964	48106036	49899612
"sp|P46783|RS10_HUMAN"	"HUMAN"	34018000	36099376	35579924	37557452	34530932	37312404	34025890	36429984	34610540	33151030	37084756	35003948	33835644	38351052	36603796	35811420	36131716	37775268
"sp|P46821|MAP1B_HUMAN"	"HUMAN"	3092494.8	3213289	3181799.2	3794865	4877000	3660986.8	4455255	5552689	2534784.5	6105148	4789476	5171523.5	2352075.5	5602382	5416488	3262090.5	1310549	4600799
"sp|P46926|GNPI1_HUMAN"	"HUMAN"	6787516.5	7045214.5	6199274	9309860	8292504.5	6677080	7344304	6640976.5	6643151	7045400	9709138	7645904	7389649.5	5734278	7073754.5	8543904	9227012	9719678
"sp|P46940|IQGA1_HUMAN"	"HUMAN"	13626487	10104567	9461670	10451694	10557910	11589523	11164293	25180564	9738211	25509564	10226649	11427845	14914007	14205258	11668694	12443824	12521269	30764024
"sp|P46976|GLYG_HUMAN"	"HUMAN"	739651	495556.6	684707.56	867665.8	779374.2	635776.6	921143.56	722463.3	636149.7	691892	0	0	812203.94	0	0	324847.62	0	0
"sp|P46977|STT3A_HUMAN"	"HUMAN"	0	0	0	0	0	18826.742	0	0	0	0	0	0	0	11112.601	41855.39	0	0	0
"sp|P47755|CAZA2_HUMAN"	"HUMAN"	1499267	1649903	1818026.5	1715640.5	2150457.5	1735671.6	2185091.5	2393823.2	1635234.8	2761266	2695948.5	2902331.8	2370145.5	2424522.2	2613138.5	2393491.5	2241464.8	2816234.8
"sp|P47756|CAPZB_HUMAN"	"HUMAN"	30219600	30703254	30353278	28480652	29388264	29866106	29159814	27408370	29020240	29595286	30254174	30908458	29176256	29484378	29871974	28879504	29600716	30768052
"sp|P47813|IF1AX_HUMAN"	"HUMAN"	9184787	9006901	9406302	9108000	9433189	9668892	9600476	10058726	9446790	9873706	9791928	9577671	9855405	10256562	9477355	9861109	9554665	10042521
"sp|P47897|SYQ_HUMAN"	"HUMAN"	14126449	18571286	13017559	16192099	15037663	15356733	12642823	18861160	13138441	15205587	16045289	16127206	15669979	16572234	11609038	21079520	16389072	14844873
"sp|P47914|RL29_HUMAN"	"HUMAN"	2328914.5	1895142.1	2112642.8	2352464.5	2724967.2	2515473.5	2126493.5	2506339.2	2895153	2299263.8	2502892	2004984.8	2238781.2	2353718	2259342.2	2000655.5	1946408.6	2564505.8
"sp|P47985|UCRI_HUMAN"	"HUMAN"	4242678.5	3876547	3957554.5	5448723	5393979.5	4428658.5	5311448	4611806.5	4946960.5	4567181	5075305	5362158	3870935.5	2516153.5	4727304.5	3179785	4995008	4188732.5
"sp|P48047|ATPO_HUMAN"	"HUMAN"	20155600	20047404	27621864	19137184	19772278	18853586	19583496	20145606	19413300	19814572	19395026	19611488	20051168	20585838	19399304	19955164	19611142	19974334
"sp|P48059|LIMS1_HUMAN"	"HUMAN"	470460.94	602653.7	924204	482017.12	514114.88	522291.28	552457.75	554871.4	496538.38	1257979.5	977214.1	1136374.4	483591.38	1539331.5	1630789	1249118.2	1220060.2	1284653
"sp|P48147|PPCE_HUMAN"	"HUMAN"	4796813.5	6834209	5435687.5	7128042	2939147.2	6091998.5	7994324.5	6974077	5361106	8412238	7442948.5	7906807	6828832	7852151.5	8283656.5	8215440	8088408.5	7673308.5
"sp|P48200|IREB2_HUMAN"	"HUMAN"	142657.56	256402.02	0	0	222573.23	0	133965.92	540014.5	0	1028936.9	837821	334227.38	948780.44	688621.06	499252.62	1279780.5	898912.25	666708.1
"sp|P48426|PI42A_HUMAN"	"HUMAN"	857805.94	730822.4	1347579.9	1581572	1153789	903116.3	830205.1	867395.75	894540.3	313408.2	805002.94	988633	1230101.5	1164617.4	794033.8	1187559.8	797690.75	815131.6
"sp|P48444|COPD_HUMAN"	"HUMAN"	12582385	11289982	10797020	11418099	11761346	9903821	10880450	12407025	10652833	13166032	13725541	13795285	15081812	13140220	13737982	12346797	13909736	14727797
"sp|P48449|LSS_HUMAN"	"HUMAN"	484002.53	839916.2	1037368.4	0	0	857258.3	0	0	793604.25	867926.25	806786.4	0	0	784799.5	0	769806.7	790091.8	0
"sp|P48454|PP2BC_HUMAN"	"HUMAN"	0	0	0	0	0	0	0	0	0	0	0	0	0	0	0	0	0	0
"sp|P48507|GSH0_HUMAN"	"HUMAN"	4749635	4332919	5377472	5047761	4956937	3002935.2	4653557	4758560	3686940.8	5421436	5357933	5174762	5172563.5	4363307	5646915	4855651.5	4403870	5607431.5
"sp|P48509|CD151_HUMAN"	"HUMAN"	0	0	0	0	0	0	803122.7	0	0	85579.9	59541.582	0	0	0	0	0	0	93408.72
"sp|P48556|PSMD8_HUMAN"	"HUMAN"	10394188	9543571	9477176	8736530	8490304	9284603	9043535	9547162	8139100.5	7143394	4683803	6750830	5540580.5	8690112	8479018	9025057	5044604.5	7109840.5
"sp|P48634|PRC2A_HUMAN"	"HUMAN"	850548.8	361594.7	345097.34	1200583.8	307511.84	1170705.2	918970	608668.8	1112198.2	1040822.2	646488.44	990320.8	1006142.5	894255.7	574364.75	1088290.9	908931.5	638133.5
"sp|P48637|GSHB_HUMAN"	"HUMAN"	2378945	3100887	1964996.6	2662211.2	3014906	2131449.5	4015874.2	2171286.5	2715982.5	15995805	1467205.8	1318205.2	2597423.5	1466931	15547874	1582216	1408958.8	13984111
"sp|P48643|TCPE_HUMAN"	"HUMAN"	157907900	154379100	160088750	157471150	157000340	158084600	149982700	152344210	159220880	167891170	162242560	162795090	159145150	158652460	169161000	156343650	161234780	163696940
"sp|P48681|NEST_HUMAN"	"HUMAN"	72144.68	0	0	0	0	0	0	0	0	0	0	0	0	0	0	109877.26	0	0
"sp|P48729|KC1A_HUMAN"	"HUMAN"	2141415.8	2668334.5	2928697	2106428.2	2653094.5	356404.56	337862.8	2636549.8	2760812.2	2339115.2	1158710.5	2796994.5	2612416.2	2158947	2144301.8	2467810.5	2595235.5	2939009.8
"sp|P48730|KC1D_HUMAN"	"HUMAN"	0	0	0	0	0	0	0	0	0	0	0	0	0	0	0	0	0	0
"sp|P48735|IDHP_HUMAN"	"HUMAN"	8863144	8069188.5	6811517	6134273.5	7284407.5	9107910	8506717	7433752.5	9101858	7177247.5	9358950	8677091	8079080.5	7567585	7088032.5	7521930	7853339	8853035
"sp|P48739|PIPNB_HUMAN"	"HUMAN"	4321328	3698021.8	3332173	3568403.8	2649233	3813299.8	4346590	3820811.5	3462077.5	3943517.5	4834849.5	4117941.8	4329361.5	4233722	4327667.5	4011325.2	3641386.2	4024713
"sp|P49005|DPOD2_HUMAN"	"HUMAN"	0	486986.72	326617.78	0	0	401893.56	868794.75	410783.53	379351.66	531119.6	0	0	0	0	0	0	0	0
"sp|P49006|MRP_HUMAN"	"HUMAN"	4515350.5	3894947.5	4188176.2	4660756	4673605	4302575.5	5243336	4597362	4608962	6650825	6659297	6940419	6282206.5	6526960.5	6656723.5	6340645	5738636.5	6495613
"sp|P49023|PAXI_HUMAN"	"HUMAN"	300748.78	0	265095.4	122443.65	153566.62	0	264741.2	348813.1	0	1096105.8	330102.1	342668.1	192741.34	104627.305	278521.3	160430.97	86555.42	241012.33
"sp|P49137|MAPK2_HUMAN"	"HUMAN"	0	0	0	0	0	941271.56	0	0	928847.44	0	0	0	0	0	0	0	0	0
"sp|P49189|AL9A1_HUMAN"	"HUMAN"	170366.75	233292.77	8938489	8239057.5	2224746.2	8169772.5	1632418	6039300	4218904	3105429.2	3328574	4357493	3134934	3993388	4233954	4938875.5	2797250.8	5197060.5
"sp|P49207|RL34_HUMAN"	"HUMAN"	16921508	15305988	17734138	16813850	15885602	17011272	15622810	15705812	16561262	12780833	12058324	13644155	12003026	10155774	11893290	9732152	12019408	12038605
"sp|P49247|RPIA_HUMAN"	"HUMAN"	4019423.8	1554777.2	1937581	2931869.2	4444583.5	993469.75	1491011.2	1050059.8	2331435.8	4057114.2	3400641.8	4769432	4738853	5633544.5	3827517	5490841	3971093	5906562
"sp|P49257|LMAN1_HUMAN"	"HUMAN"	195471.69	181043	0	0	0	189449.22	0	0	0	0	0	386310.9	0	248725.39	374705.47	0	0	252779.8
"sp|P49321|NASP_HUMAN"	"HUMAN"	82586296	83754150	84144424	86941680	85465256	83616856	84416984	83390470	86612660	88595210	92219150	92431304	91443580	90649140	93418980	84719290	90370110	91093590
"sp|P49327|FAS_HUMAN"	"HUMAN"	207421150	202495330	210401890	215542300	208299660	209581150	206221440	212768910	206072670	211816080	203715310	213109230	205398780	210982130	215435760	205542600	205913260	208387060
"sp|P49354|FNTA_HUMAN"	"HUMAN"	200409.19	416473.97	199496.98	396171.16	175689.22	675872.75	1014451.1	321362.8	0	0	0	0	0	0	548107.6	0	228380.3	481167.8
"sp|P49356|FNTB_HUMAN"	"HUMAN"	0	0	0	0	0	0	0	0	0	0	225587.72	0	194200.77	0	266488.9	0	0	0
"sp|P49366|DHYS_HUMAN"	"HUMAN"	793348.5	563731.1	634574.6	550566.9	742106.1	746259	673111.1	608749.3	559045.9	797028.4	804907.3	738563.1	785607.94	586143.1	851328.4	1017413.7	941988.25	710105.9
"sp|P49368|TCPG_HUMAN"	"HUMAN"	171288580	163037360	167232740	170736020	165687140	164331070	147741840	158514480	161928350	164852030	164857100	166153040	152131950	156020460	161964980	163912370	161216930	163874140
"sp|P49406|RM19_HUMAN"	"HUMAN"	599668.25	709732.6	628348.2	701432.25	369681.22	690370.9	386323.7	579650.9	638876	310226.75	324016.6	0	324649.38	574041.1	209414.64	363570.1	287374.8	235907.72
"sp|P49407|ARRB1_HUMAN"	"HUMAN"	0	0	0	0	0	597173.94	0	0	0	1096700.4	0	990244	0	665049.44	393716.38	399944.28	594493.6	440469.28
"sp|P49411|EFTU_HUMAN"	"HUMAN"	85417890	81429256	85091980	83768080	81678120	88919736	84846104	86781300	85886070	87602500	91090980	90647510	87890830	90841420	90297060	85783700	87199880	86536720
"sp|P49427|UB2R1_HUMAN"	"HUMAN"	702004.2	0	916071	0	0	997510.4	489838.75	588640.75	880643.3	447715.38	511810.28	0	466656.72	0	0	557939	438050.06	476882.28
"sp|P49448|DHE4_HUMAN"	"HUMAN"	0	0	0	0	0	0	0	0	0	0	0	0	0	0	0	0	0	0
"sp|P49454|CENPF_HUMAN"	"HUMAN"	121545.61	114076.67	87693.65	111271.08	0	104154.63	106066.47	118784.75	0	93963.63	272858.06	95404.59	443448.75	375532.97	479744.62	476954.72	347139.03	0
"sp|P49458|SRP09_HUMAN"	"HUMAN"	16802490	16227187	17627600	16745519	17190148	16500161	16867596	15763537	17833132	16664492	16664880	17207406	17028554	17326144	16878408	18186938	17748998	17257842
"sp|P49459|UBE2A_HUMAN"	"HUMAN"	646758.2	1935863.4	1440128.1	1352344.5	1313550.8	1527822	623485.25	1518937.5	1531180	1559653.1	1645726	1483285.5	2630190	2238233.2	2542002	2168713	2394766.2	2293993.8
"sp|P49585|PCY1A_HUMAN"	"HUMAN"	0	0	0	0	0	0	0	0	0	0	0	0	0	0	0	0	0	0
"sp|P49588|SYAC_HUMAN"	"HUMAN"	57537630	58777450	56742230	57209860	59247340	59388812	59796044	57671310	55923480	61284052	59361824	61823720	60328450	60179316	61268788	60221376	58920652	58953564
"sp|P49589|SYCC_HUMAN"	"HUMAN"	5348441	6465306	6604553	6941789	5548499.5	5977000	5883722.5	5819610.5	7206756.5	8394844	6978873.5	7513477.5	8143250.5	8518510	6642533	8100541	7132833.5	9209761
"sp|P49591|SYSC_HUMAN"	"HUMAN"	34609812	31962658	34102652	33693260	32104982	33422100	34130720	32080710	33605252	33075314	32183346	32936598	33384980	33913904	33478162	30375002	33976132	31847080
"sp|P49593|PPM1F_HUMAN"	"HUMAN"	7732663	7645251.5	8899758	7682790.5	8569272	7435144	8332067	8247957.5	8332519	9692700	10222228	8790568	10157862	10999235	8571820	9986368	8918003	8126799
"sp|P49642|PRI1_HUMAN"	"HUMAN"	306635.5	1779156	1170052.5	2059907	972215.5	1208230.8	736317.4	370165.25	806246.7	694929.56	829637	333238.75	846024.2	623164.4	308227.75	406720.1	343747.53	612737
"sp|P49643|PRI2_HUMAN"	"HUMAN"	651947.75	598315.9	557042.9	541295.25	562733.5	595088	616369.3	617244	583247.5	1349784.4	1319036.8	1092490.2	1094433.6	1286449.2	1240339.1	1093470.1	1200261.6	613148.6
"sp|P49720|PSB3_HUMAN"	"HUMAN"	18385640	17988492	18455550	18315126	17839702	18770312	18483216	17196448	18116300	18347742	16316934	18177978	18138154	17187944	18248288	17473404	17424700	17840136
"sp|P49721|PSB2_HUMAN"	"HUMAN"	14226792	13435070	14071252	14753530	13069871	13439596	13986106	13679824	13202400	16090562	16080898	16158190	17201236	16000526	15745151	15826986	15508642	15656830
"sp|P49736|MCM2_HUMAN"	"HUMAN"	37945200	33950264	32640454	37357556	37281236	38006868	36400730	37451340	32795644	37318084	39712416	38280656	39849220	38247104	34847670	36974770	36638760	33526910
"sp|P49748|ACADV_HUMAN"	"HUMAN"	6919523.5	5063239	7292111	7687741	4163546	6725251.5	5788020.5	7173343	7486780	6421748.5	7909269	6445804.5	8621841	7840530	9268072	7101346.5	6664618	7234804
"sp|P49750|YLPM1_HUMAN"	"HUMAN"	0	0	0	303687.47	240136.44	0	0	0	0	263746.56	253186.92	0	0	0	0	0	303856.25	252466.34
"sp|P49755|TMEDA_HUMAN"	"HUMAN"	472566.1	707650.6	738838.4	692907.7	862468.2	1082145.8	0	537220.75	0	0	495313.78	623339.06	711916.5	0	394635.9	705333.6	0	0
"sp|P49756|RBM25_HUMAN"	"HUMAN"	4735550.5	4197969.5	4629720	5012832.5	4617637	5882381	4222827.5	4185451.5	3814784	4990925.5	4217451.5	6146087	2968434	4402918.5	5360825	5406517.5	6048367	4551269
"sp|P49757|NUMB_HUMAN"	"HUMAN"	0	0	0	0	0	0	0	0	0	0	0	0	0	0	0	0	0	0
"sp|P49770|EI2BB_HUMAN"	"HUMAN"	2237037	2482957.5	1707460	2285352	2504819.8	1676511.8	1367006.5	2054618.5	1585948.1	2036382.1	2225375.8	2281404	2338635.2	2154968.8	2513841.8	1807173.5	2376546	2263048.2
"sp|P49773|HINT1_HUMAN"	"HUMAN"	32689150	32641034	33851510	33419026	35792704	31689308	30757596	34478050	33742156	34005820	33637244	34793364	31963106	35463932	30449694	31744738	34064396	33619790
"sp|P49790|NU153_HUMAN"	"HUMAN"	3954126	4631994	2490980.2	2697207.8	2672792.2	4333404.5	2739190.5	3131271.5	3668153.5	3709438	4208452.5	4479997.5	6217954	3289391.5	4885137.5	5208063	2940914.5	3946662.2
"sp|P49792|RBP2_HUMAN"	"HUMAN"	17194624	17477210	19762866	18869324	17722808	20314272	24164596	19882780	20127164	24607388	20454668	27795368	19567552	18698128	19955218	17857620	20170270	20167940
"sp|P49821|NDUV1_HUMAN"	"HUMAN"	4124058	4867703	3926316.5	4794115	4170913.2	3209981	3992394	4285965	3173619.8	3979268.5	3841280	3987643.8	4240660.5	3935234	4785447	5550026.5	4989008	3011758.5
"sp|P49840|GSK3A_HUMAN"	"HUMAN"	0	0	0	0	0	0	0	0	0	0	0	610931.06	298441.88	796610.4	0	333396.12	0	0
"sp|P49848|TAF6_HUMAN"	"HUMAN"	0	0	0	0	0	0	0	0	42078.74	0	0	0	0	0	0	0	84025.836	0
"sp|P49903|SPS1_HUMAN"	"HUMAN"	2082714.8	2112672.5	2628562.2	1472492.4	2194570.5	2220759	2999733.5	3053256.5	2333347	3201834	3470189.5	4017225.5	5268720	5112141	3453818	4450694	4264041	4792708
"sp|P49915|GUAA_HUMAN"	"HUMAN"	72010260	70670840	70978140	70401860	70522480	74701830	66075700	68017970	72631496	74592296	73454380	74542420	72696040	70729840	80123070	71535150	71112880	72131370
"sp|P49916|DNLI3_HUMAN"	"HUMAN"	0	0	0	0	0	600821.3	934468.1	0	0	655333.06	567409.9	445247.25	0	489338.78	915413.7	576869.6	534876.4	1262117.2
"sp|P49917|DNLI4_HUMAN"	"HUMAN"	0	0	0	0	0	0	0	0	0	0	0	0	0	0	0	0	0	0
"sp|P49959|MRE11_HUMAN"	"HUMAN"	3843070.2	4708873.5	2897071	3099720	2244580.8	4329439	4213663.5	2990844.8	3598032.8	4008743.8	3375546.5	4253310.5	9450770	11059026	4420982.5	4956693	3290657.2	4296659.5
"sp|P50213|IDH3A_HUMAN"	"HUMAN"	6144119	5815592	6180887.5	6021750.5	6453381	7160326	6979696.5	6732132.5	6371822.5	7659758.5	7546241.5	6399753.5	7914732	6486885	7525352.5	6236518.5	6295357	9242092
"sp|P50336|PPOX_HUMAN"	"HUMAN"	0	0	0	0	0	0	114371.375	0	0	101497.625	92818.83	0	98618.83	88197.09	0	0	94317.08	0
"sp|P50395|GDIB_HUMAN"	"HUMAN"	80702824	78951860	77773880	79573520	80205170	79460184	80963624	81797370	74798136	81661270	82666140	83023440	80373680	82482810	81002640	82691040	81489460	78818340
"sp|P50402|EMD_HUMAN"	"HUMAN"	505872.8	569489.5	482273.16	464843.88	583337.1	498928.34	494421.38	548100.44	495602.44	525136.2	519174.56	525064.6	519086.6	540343.44	544121.7	618712.56	507431	476013.03
"sp|P50416|CPT1A_HUMAN"	"HUMAN"	0	174115.78	0	211925.73	0	0	0	0	0	0	0	0	0	0	0	0	0	0
"sp|P50453|SPB9_HUMAN"	"HUMAN"	3710984.2	1990039.9	4034142.2	4010693.8	3228109	3810345.8	4698542.5	4275442	4136925	3004443.8	2913563.5	3873308.5	3929198.5	4389526	3712073	4192091.8	4220860	4680632
"sp|P50454|SERPH_HUMAN"	"HUMAN"	19605968	20624650	17573364	15700735	17963918	19373598	16990354	20310284	18018370	20415554	20261348	16957128	19319086	18896152	18633414	20002002	19055244	18992606
"sp|P50479|PDLI4_HUMAN"	"HUMAN"	1005274.8	1668062.8	0	0	0	0	0	0	1663152.8	0	0	0	0	0	0	0	0	0
"sp|P50502|F10A1_HUMAN"	"HUMAN"	28133354	27481074	28893362	27630142	26876910	21157294	27868206	27707068	28482666	27268224	27494798	28064276	28258284	27376404	27842696	27910706	27402934	29118798
"sp|P50552|VASP_HUMAN"	"HUMAN"	13009672	11957483	11535492	12265040	13457906	10465295	12002694	12472888	12843427	12407694	11015523	12509237	11732685	10952368	10405301	9903018	10261932	10837549
"sp|P50570|DYN2_HUMAN"	"HUMAN"	15326530	16084091	14548502	15463136	16836454	16806344	14734317	14289136	14553747	17258816	16085536	16953084	17609594	15275880	16521714	17387372	15801693	15878786
"sp|P50579|MAP2_HUMAN"	"HUMAN"	2422206.2	2638738.8	3521256.5	7279240	2686220	3200352.5	4522965	3207875.2	4450820.5	4465254	6034621	3989940	4932262.5	4431930.5	4662588.5	3725865.5	5691392.5	4679768.5
"sp|P50583|AP4A_HUMAN"	"HUMAN"	0	0	0	151606.38	156876.9	0	150811.44	0	0	150303.5	156060.31	0	160596.05	0	0	0	666217.2	781685
"sp|P50613|CDK7_HUMAN"	"HUMAN"	0	340439.22	0	0	0	0	0	0	0	0	722996.9	179105.9	142412.8	780999.8	0	271106.7	768847.75	1153231.8
"sp|P50748|KNTC1_HUMAN"	"HUMAN"	0	0	0	1206258.4	0	0	19920.215	1094930.8	0	0	0	0	895771.9	227512.06	0	162458.89	0	0
"sp|P50750|CDK9_HUMAN"	"HUMAN"	849400.8	0	0	938119.2	596710.75	0	0	0	0	0	700693.3	0	0	906076.2	906811.75	892382.06	1260613.8	0
"sp|P50851|LRBA_HUMAN"	"HUMAN"	2218512.8	6478371.5	462383.5	4103755.8	3055249.2	853666.9	2639028.8	3566785.8	3487839.5	2670867.5	2265666.2	1866664.8	2991471.5	3566687.5	3045563	4807738	3702532	2088667.6
"sp|P50897|PPT1_HUMAN"	"HUMAN"	1742468.1	1147184.1	1450432.8	867497.4	2426427	801093	1597606.6	1793865.4	2443333	1743907.8	2836161	1989753.5	2803183.2	1776861.1	703463.56	3201841.8	2777485.5	2918817
"sp|P50914|RL14_HUMAN"	"HUMAN"	7517137	7439305	7708976	7513660.5	7626192.5	7693674	7425278.5	7666159.5	7742393	7757352	7561736	7929512.5	7593217	7792530.5	7675643	7842567	7762199.5	7452144.5
"sp|P50990|TCPQ_HUMAN"	"HUMAN"	226026610	228823460	232969680	228317310	229556340	228251380	233272000	227140580	232102900	230661230	228600830	233681070	234300670	233171730	230850100	226331060	233561200	224989100
"sp|P50991|TCPD_HUMAN"	"HUMAN"	126512984	128647620	132985850	131595704	129838456	128128744	127017530	130503820	131459040	130046110	155608460	151488770	129628960	129369870	150952130	126864696	139836200	127550280
"sp|P50995|ANX11_HUMAN"	"HUMAN"	19623066	19306172	19079812	7408765	18749224	18773070	8262442	9145451	7338797	24335020	22863922	9981595	24720316	23034238	7850798.5	19692082	19468100	19374168
"sp|P51003|PAPOA_HUMAN"	"HUMAN"	0	0	358807.88	0	0	0	1489613.4	299317.62	1307699.1	0	0	0	0	0	0	0	0	0
"sp|P51114|FXR1_HUMAN"	"HUMAN"	6668475	5561594.5	5351328.5	6513605	5585656.5	5256710	6141534.5	5705092	5691334	6208850.5	6003104.5	6794266.5	7012341.5	6117934	7248021	6048471	6100974	5549951.5
"sp|P51116|FXR2_HUMAN"	"HUMAN"	0	0	284727.2	0	0	0	0	0	0	302942.84	295349.12	310690.66	292021.1	304526.12	297196.84	353397.44	0	0
"sp|P51148|RAB5C_HUMAN"	"HUMAN"	3750527.8	3809516	3758468	3469227.8	3292981	3637407.2	2366847.2	3892482.5	4007496	4196078.5	3805815.5	4115895	3460126.8	3598181	3164689.5	3538572.2	3229518.5	3191997
"sp|P51149|RAB7A_HUMAN"	"HUMAN"	13836981	17668558	14710408	17614708	16486532	16996684	16437938	17640740	14234136	14984342	12612079	14459435	16711992	13589762	16695593	16939066	15276308	14072760
"sp|P51159|RB27A_HUMAN"	"HUMAN"	974958.6	1891585	3591697.2	2560462	1737403	5244383	2310212.2	4997821.5	2342332.5	5143466	2975847.5	1518258.6	2928999.5	958846.5	5869628	4823336	4573443.5	3493604.8
"sp|P51178|PLCD1_HUMAN"	"HUMAN"	708597.4	2622159	628544.44	651982.25	671359.44	654516.7	680554.56	2973374.2	2915406	3063896.5	3184671	971328.25	1004556.6	868917.06	965446.5	2932646.5	3211318.2	2894378.2
"sp|P51397|DAP1_HUMAN"	"HUMAN"	43398.582	56556.58	45917.973	416064.8	47330.33	48444.957	47417.316	42573.934	54331.816	39505.402	316297.53	34218.59	0	349917.25	53813.234	254395.7	40394.77	51983.34
"sp|P51398|RT29_HUMAN"	"HUMAN"	4559417.5	5409882	3995154	4782422	5430927.5	5184992.5	4464041.5	5012117.5	4528992	4784341	4224788.5	4064316.2	4439674	4235237.5	2897652	4143590.2	4358226.5	4099025.5
"sp|P51532|SMCA4_HUMAN"	"HUMAN"	8382591	8204716	8332142.5	9225588	8617280	8639421	7183267	7161090.5	5727924	8159727	7612022	6250914.5	7029860.5	7600206	7295484.5	4118497.8	6903002	6883772
"sp|P51553|IDH3G_HUMAN"	"HUMAN"	0	1280007.1	0	0	0	0	0	0	0	0	0	0	0	818149.44	0	0	0	0
"sp|P51570|GALK1_HUMAN"	"HUMAN"	0	0	0	333029.47	0	155300.78	0	0	148033.28	0	0	159087.7	95624.875	0	0	0	0	145998.33
"sp|P51571|SSRD_HUMAN"	"HUMAN"	1629013.8	1539266.4	892772	2028927.5	1463143.5	1223223.9	907511.1	1596857.8	529600.3	552292.6	204813.02	758416.44	834204.9	623179.5	565555.2	228016.69	832287.75	739359.1
"sp|P51572|BAP31_HUMAN"	"HUMAN"	2168245.2	345489.9	1555968.2	1614237.4	2056323.1	3473132.5	3736703	2162050.2	246796.2	0	1627243.2	1401281	1454395.8	1691374.2	2842065.2	1204143.8	1514950.6	1772747.5
"sp|P51580|TPMT_HUMAN"	"HUMAN"	2523690.8	1728986.5	2101882.5	3252573.5	1604224.8	2476464	2660337	1752672.4	3108534	8938825	11157622	8076669.5	7283897	8257108	9256466	8437221	8674006	3544346
"sp|P51610|HCFC1_HUMAN"	"HUMAN"	19080980	16796000	20614196	16359708	17520350	19044754	19791254	17888178	17955538	22460484	18159738	20886394	23249682	22331410	21969196	20026994	20672882	20745956
"sp|P51617|IRAK1_HUMAN"	"HUMAN"	0	0	0	0	0	0	0	0	0	0	0	0	0	0	0	0	0	0
"sp|P51649|SSDH_HUMAN"	"HUMAN"	0	0	0	0	0	0	0	0	0	0	0	0	0	0	0	0	0	0
"sp|P51659|DHB4_HUMAN"	"HUMAN"	12372406	12678718	10939016	12612133	11986836	11555662	12063161	11438324	9829914	9024581	11338440	10512649	9774847	4218492	9734034	9057846	8886200	10055843
"sp|P51665|PSMD7_HUMAN"	"HUMAN"	20467162	16933796	20841480	21995164	20814066	21511576	21745754	13231061	21400376	17056964	21818206	17577664	22625852	17404682	21302272	20542404	21583440	21952218
"sp|P51692|STA5B_HUMAN"	"HUMAN"	422829.66	639433.75	782889.7	723923.44	702853.8	710819.8	450908.34	735847.06	673649.6	717183.75	711003.75	774284	772022.5	476623.53	526651.94	684482	765422.1	668766
"sp|P51784|UBP11_HUMAN"	"HUMAN"	7955133.5	7108881.5	7149288	6758572.5	7066770.5	7038993.5	6631140.5	7240608.5	5711483.5	6795787	5490294.5	7192594	7222695	6350455	7303268.5	6560411	7438429.5	4778752
"sp|P51809|VAMP7_HUMAN"	"HUMAN"	2222803	1697322.8	1649029.8	1879034.4	1987797.9	1865370.8	1935795.2	1874112.6	1511757.8	1969043	1474921.1	2156092	1646973.5	1906516.5	1771281.4	1876568.9	1598842.2	1219485.2
"sp|P51812|KS6A3_HUMAN"	"HUMAN"	3058546.5	3428095.5	2258116	2048211.2	5967543	2527028.8	2424755.8	3090492	3484987.2	3914489	2353696.8	4542191	4964928.5	5190078	2641509.5	5142457	3365028	4092344.5
"sp|P51858|HDGF_HUMAN"	"HUMAN"	37237436	32803220	31692478	35355756	32574616	37448940	34100380	31287314	35096636	38952532	38918304	40904944	35245188	34958028	37919324	37996976	38032970	37721100
"sp|P51946|CCNH_HUMAN"	"HUMAN"	687862.75	0	398257.56	602603.1	0	0	232158.03	360328.22	0	0	0	0	680511.44	667792.1	281696	324938.5	665741	415735.8
"sp|P51965|UB2E1_HUMAN"	"HUMAN"	447497.2	784789.44	0	0	0	0	0	544652.5	0	555411.44	1601694.4	621177.3	421803.6	1794398.2	435285.1	1094084	417685.72	1681928.1
"sp|P51970|NDUA8_HUMAN"	"HUMAN"	3942310.2	2770494.5	3942014.5	3460564.8	3581942.5	4157450.2	3539623	3131602.8	3399388	4845937	4462242.5	5102785.5	4996298	4702372.5	4434588	3230859.5	4133043.8	3894100.5
"sp|P51991|ROA3_HUMAN"	"HUMAN"	93676980	96321590	94450296	96546670	95489280	93780750	97036080	93457240	95824060	95398300	93858890	95134420	96180110	96142450	95604376	95483040	94982130	96658660
"sp|P52209|6PGD_HUMAN"	"HUMAN"	92758744	92614070	90499690	91655336	91567380	91841830	98940280	94112056	94658010	100212100	93102240	98863840	94508560	96367400	94359360	97152500	99700510	94047080
"sp|P52272|HNRPM_HUMAN"	"HUMAN"	185661980	178071730	178497710	182899540	183473570	184754190	181900540	182538930	184820130	185518420	198632600	196611700	193979490	188925460	196202820	195693570	194148910	197291660
"sp|P52292|IMA1_HUMAN"	"HUMAN"	40460160	39273624	38620680	43079276	40519440	39843556	38901930	39892460	36284880	46840810	42356344	45499736	45893636	44097644	45052590	45516280	45897110	41512960
"sp|P52298|NCBP2_HUMAN"	"HUMAN"	0	0	0	0	0	0	0	0	0	0	0	0	0	0	0	0	0	0
"sp|P52306|GDS1_HUMAN"	"HUMAN"	0	0	0	0	4335909	0	4445727	0	0	3938818.2	3737100.2	3827984.5	3818825	0	3801895.2	4203324	3907798.2	4184291.2
"sp|P52434|RPAB3_HUMAN"	"HUMAN"	3358205.5	4286139	2728832.2	4819357	4537043.5	3224676.8	4796453	5221753.5	4424359	4688114.5	4880683.5	3954136.8	2843620.2	4078450.5	4159156.8	3392553	4931935	4198641
"sp|P52435|RPB11_HUMAN"	"HUMAN"	0	0	0	0	0	0	0	0	0	0	0	0	0	0	0	0	0	0
"sp|P52565|GDIR1_HUMAN"	"HUMAN"	22374590	22678238	21500820	22416172	21895792	23058692	21695692	22396898	21446178	22127196	21216998	20997936	21792962	21611872	20711654	22823984	20769274	20832946
"sp|P52566|GDIR2_HUMAN"	"HUMAN"	1776679.1	4054474	3667120	1749073.9	1133831.1	4452808	3346367.5	3390449	1528074.1	1062762.8	1413539.8	1018997.3	1472397.5	1540552.9	1011195	1395945.6	906327.6	856574.75
"sp|P52594|AGFG1_HUMAN"	"HUMAN"	0	0	0	0	0	0	0	0	0	0	0	0	0	0	0	0	0	0
"sp|P52597|HNRPF_HUMAN"	"HUMAN"	106507140	107312390	104431610	106610270	105633576	105488710	106214104	104951790	105879910	109123880	107173050	107935230	108900960	106794560	108723064	109563930	107554800	107887600
"sp|P52630|STAT2_HUMAN"	"HUMAN"	0	0	0	0	0	0	0	0	0	0	0	0	0	0	0	0	0	0
"sp|P52655|TF2AA_HUMAN"	"HUMAN"	0	805171.94	0	0	0	858500.25	761657	639531.94	711644.7	0	0	0	1177346.9	0	0	759543.9	0	760423.5
"sp|P52701|MSH6_HUMAN"	"HUMAN"	17138536	15252290	14141625	19537506	16511943	17125334	17173700	14754605	11968805	20597294	18873984	18946330	18294886	22265288	18372656	20093740	19334678	18967446
"sp|P52732|KIF11_HUMAN"	"HUMAN"	7093322	2869273.8	4603335	4335546.5	4994287	5063382	4460624	4131557	5070333	5553544.5	4660667.5	3833421.5	2501868	3866983	3088468	3872523.8	1985931	2179100.8
"sp|P52739|ZN131_HUMAN"	"HUMAN"	0	0	0	0	0	0	0	0	0	0	0	0	0	0	0	0	0	0
"sp|P52756|RBM5_HUMAN"	"HUMAN"	3508533	3399499.5	3418225	3380562.8	3597967.8	4220135	3511361.5	3356557	898607.3	0	0	0	0	0	0	765076.5	0	0
"sp|P52758|RIDA_HUMAN"	"HUMAN"	0	0	0	0	0	0	0	0	0	831984.5	350260	0	412512.53	376751.7	732334.4	360025.38	472682.4	473657.75
"sp|P52788|SPSY_HUMAN"	"HUMAN"	11067792	11250822	11299208	12925648	12084368	12176017	10210636	12570571	11835463	14467978	14948571	12089144	11869851	12766355	12366363	12151350	12523502	12367963
"sp|P52789|HXK2_HUMAN"	"HUMAN"	11106095	9783061	12551089	11258135	11184565	11547169	13120878	9803911	11761485	14356750	13806374	13412002	13383957	11615255	14693636	14737376	14151035	14538104
"sp|P52815|RM12_HUMAN"	"HUMAN"	16738346	16398466	17181472	10007855	16856796	17541334	16560383	18063794	15200883	16667786	17405624	17060580	8818138	15630445	9142680	16083809	17228014	16099308
"sp|P52888|THOP1_HUMAN"	"HUMAN"	4437871	4291811.5	4208499.5	4184336.8	2615575.2	4312944.5	4157325.8	4778586	3807929.5	3310975	2637364.8	4587396	3654024	3523601.5	2904556.5	3915469.8	4050284	3991797
"sp|P52895|AK1C2_HUMAN"	"HUMAN"	0	0	0	0	0	0	174512.3	647033.4	0	724290.06	706582.06	715010.75	657034.3	554925	652857.4	498239.62	516546.16	797063
"sp|P52907|CAZA1_HUMAN"	"HUMAN"	36675784	33850704	38154896	33946470	36283656	36429892	40321150	38651584	36624310	39045684	40116068	40230330	40069020	38652776	38200548	41156590	40483644	39890772
"sp|P52948|NUP98_HUMAN"	"HUMAN"	5487152	42916172	43048136	44082050	17041626	35081964	43069604	44816700	32210652	44290148	17488800	44176920	19751740	18614948	45008348	45987096	44701216	45707870
"sp|P53004|BIEA_HUMAN"	"HUMAN"	7419765	7723196	9027580	8854935	9625110	8375624.5	7399083	7878306.5	8602112	7412699.5	9554912	7568009	9601634	9873216	9242861	9227194	7308768.5	9364953
"sp|P53007|TXTP_HUMAN"	"HUMAN"	11520006	10149097	10510148	10214512	12458383	12640933	10055560	11151520	10954168	13189897	13153483	10343410	13757854	11133483	12126649	14974645	12870475	15288798
"sp|P53041|PPP5_HUMAN"	"HUMAN"	3377431.5	3613057.5	1914583.6	4070036	3902024.8	4058704.5	2672507.5	2842345.5	3219834.8	3742804.2	4706070.5	2831972.8	4895042	3960361	3397666	3139418.5	3845971.2	5284446.5
"sp|P53350|PLK1_HUMAN"	"HUMAN"	4295002	4655664	9223783	4193445.8	3125116.5	4009081.8	3414811.5	4238626.5	8714436	6638675	7374891.5	4915031.5	7036224.5	7184026	3752933.2	6571995	6346394	6456961.5
"sp|P53384|NUBP1_HUMAN"	"HUMAN"	2127289.2	2040516	2432503.2	328666.97	1042189.9	2761466	758303.6	1659582.2	100137.8	2468855	2248740.5	2408014.5	2369070	1947033.2	1238588.9	2282041.5	1112373.8	2127131
"sp|P53396|ACLY_HUMAN"	"HUMAN"	74384940	69680450	74867750	77893900	73387500	74021896	72443270	69015250	77119140	82843730	79203320	81379080	78303220	79767690	79705304	80424664	74196030	79183820
"sp|P53582|MAP11_HUMAN"	"HUMAN"	2264072	1203525.8	2603130.5	1882649.8	1910922.1	2245833	2575518.8	1965906.4	3508570.2	4837044.5	4747350	4648984	3596020.2	3232380	2479441	631550.3	5169733	1755365.2
"sp|P53597|SUCA_HUMAN"	"HUMAN"	1455220.2	1959058.2	1444339.6	2805802	2432252.2	2111625	1454999.5	2644452.5	1992156.5	2934946.8	2978738.5	3772228	2488888.2	2704917.8	3160309	2336397.8	2864366.5	3862385.5
"sp|P53602|MVD1_HUMAN"	"HUMAN"	543450.5	1104345.9	685820.4	692112	627037.5	448611.2	581274.94	443804.5	290462.7	893385.9	800115	827073.9	820094.7	483086.6	628498.5	700658.75	1672600.5	578101.94
"sp|P53611|PGTB2_HUMAN"	"HUMAN"	0	0	1123589.8	0	0	728667.4	118664.625	829096.5	0	287079.56	290110.84	308079.1	0	651729.8	0	451895.34	263079.44	222399.08
"sp|P53618|COPB_HUMAN"	"HUMAN"	18552620	13093911	18578160	19962768	18000976	15406465	16391154	20950028	16117364	15760873	21908188	26673612	22082308	16819842	21530314	15810359	24333748	22614618
"sp|P53621|COPA_HUMAN"	"HUMAN"	13863646	9897815	12496190	15557010	17827314	15377589	11730006	13272112	12546389	20261634	21368062	19967604	19175722	17614704	18821736	19208912	18390828	18706990
"sp|P53634|CATC_HUMAN"	"HUMAN"	1939200.2	1642513	2030616	1743385.4	1963337.5	2014390.2	2097810.8	2773267.2	1564833.1	3255881.8	3312513.5	3326492.5	3179610.2	3303513	2715389	3159081	3276236.2	2909888.8
"sp|P53680|AP2S1_HUMAN"	"HUMAN"	1337280.9	340673.38	891022.6	750725.56	829769.9	2603633.2	1911585.6	2451215	347102.84	864607.06	1771706.5	1230530.2	1460210.8	1561102	1620209	2054831.4	1328021.6	1372789.2
"sp|P53701|CCHL_HUMAN"	"HUMAN"	0	527649.06	533945.94	573540.25	484899.44	172445.86	47438.96	826698.3	359291.28	0	501399.88	803012	366158.12	430000.75	406108.88	348961.22	698956.25	244129.44
"sp|P53803|RPAB4_HUMAN"	"HUMAN"	464124.03	353804.8	714306.56	335460.6	537061.4	382005.66	389613.5	538606.7	651421.75	388638.22	444181.78	524845.2	418629.28	428304.66	344069.9	391725.12	527455.1	471108.9
"sp|P53985|MOT1_HUMAN"	"HUMAN"	2916023.2	0	2161862	2637368.8	751068.44	2067777	1193941.6	2016937.5	2050489	2245368.5	2178038	1950242.2	2736514.2	2929276.5	2775374.8	2368258.5	1999161.4	3280908.5
"sp|P53990|IST1_HUMAN"	"HUMAN"	1275403.4	905783.4	1009932	1153989.6	730470	782712.3	1322820.2	250282.42	742217.9	900651.4	208419.73	495907.5	1100628.8	697993.94	517800.06	791016.4	878704	535548.3
"sp|P53992|SC24C_HUMAN"	"HUMAN"	7991195	6873294	8247239	9097828	8988738	9496028	6910892	8618515	5387586.5	7050683	10295698	7175720	6678088	9245465	8933010	8507647	7259423.5	8716427
"sp|P53999|TCP4_HUMAN"	"HUMAN"	33048484	32192766	32721746	32490566	32691432	32508152	32526100	31709450	32812698	32556410	32817308	32444002	33070340	33036022	32162716	32291292	32783264	32723480
"sp|P54105|ICLN_HUMAN"	"HUMAN"	10660525	10049876	9523532	7860445	8758361	8412828	8560064	7656723	8822904	5186985	6901896	5805144	5597446	5098359.5	6637269.5	6281592.5	5662617	8567183
"sp|P54136|SYRC_HUMAN"	"HUMAN"	32667582	34263416	34844876	38453840	34823868	35873676	31878258	36493764	40017600	37507510	36284084	36735104	36471656	37323124	36724880	32165606	39041304	40406910
"sp|P54198|HIRA_HUMAN"	"HUMAN"	0	0	0	0	0	0	0	0	0	0	0	0	0	0	0	0	0	0
"sp|P54577|SYYC_HUMAN"	"HUMAN"	66381444	67422700	63903676	68642160	65478684	69544730	66632390	67974910	67187480	71763176	71202720	67361210	69681490	70880270	68015560	70469624	70738980	68978960
"sp|P54578|UBP14_HUMAN"	"HUMAN"	36237068	39129156	36614692	36900850	35831124	40479224	42513164	42233050	40359070	41201652	44894870	38079348	44589492	37680296	39939270	40323656	35016610	39998140
"sp|P54619|AAKG1_HUMAN"	"HUMAN"	848086.8	607733.2	655137.06	552142.1	663213.4	4749967.5	737466.6	425136.6	645396.25	0	0	0	1207176.4	1621805	1684173.2	0	777738.7	246633.22
"sp|P54646|AAPK2_HUMAN"	"HUMAN"	271772.12	0	266745.53	0	328061.12	326544.12	286849.38	308096.56	328463.06	345576.7	355898.94	308431.53	0	341458.4	291868.47	328126.7	317730.7	283113.5
"sp|P54687|BCAT1_HUMAN"	"HUMAN"	15529124	14381820	12952120	13522802	14804474	14316043	13428548	13132685	13504832	16829552	15441221	16884958	16633782	15483836	17275984	16540218	14839362	16012767
"sp|P54709|AT1B3_HUMAN"	"HUMAN"	2302898.2	2638653	2758891	2450156.2	3518038	3026578.8	3606671.5	3332012	3393994.2	2931620.8	3087230.5	5107195.5	2781793.2	4323658	3669986.8	2658924.5	4771575	3358818.5
"sp|P54725|RD23A_HUMAN"	"HUMAN"	2524390.5	2218923.5	2231048	2521160.5	1485431.5	2343874.2	2215939.8	2305100	2497562	2555831.2	2424408.8	2020551.2	2491345.8	2430545.8	2535495	2286522.5	2501541	2436995.8
"sp|P54727|RD23B_HUMAN"	"HUMAN"	25165258	27126868	24106318	25087930	26982818	24724804	26619478	24370174	25931158	25290948	26830104	25140848	25137850	25408082	24884646	25013946	26434084	24579602
"sp|P54819|KAD2_HUMAN"	"HUMAN"	52653996	51660980	52634750	55904570	54540904	52499010	53512684	51611784	53639984	56641476	51982784	55260710	55434460	55605070	54616132	54419710	54923630	54947668
"sp|P54886|P5CS_HUMAN"	"HUMAN"	7560083.5	3608330.8	6301132.5	4717476	4224658.5	4823936	8167192	7349851.5	3308111.2	20923100	6677848.5	28599738	6617799.5	26873246	8822540	25988276	29190558	26007608
"sp|P54920|SNAA_HUMAN"	"HUMAN"	7894219.5	7884263	7238091.5	8996192	8177092.5	7344682	7912783.5	8765820	9886313	7501507	9335264	10011238	6620690.5	6845267	8341901	8143709	9298118	6987655.5
"sp|P55010|IF5_HUMAN"	"HUMAN"	12188800	12570022	12244876	14374043	12117771	14049257	11897045	12445934	15719674	14132723	15367465	11431728	13473461	13845354	13563884	14443334	14420267	11385050
"sp|P55036|PSMD4_HUMAN"	"HUMAN"	12413392	13425205	15295351	13840349	11150566	17039324	9214576	16529806	14540439	12435831	12597323	12480190	11481786	12558175	12387870	11644787	12318699	13084975
"sp|P55039|DRG2_HUMAN"	"HUMAN"	181066.9	1424386.4	150155.84	196141.36	0	0	2655864	1601414.6	0	0	0	0	0	0	0	0	0	0
"sp|P55060|XPO2_HUMAN"	"HUMAN"	51389136	49408584	53758960	50898388	56591956	50860490	53567332	52318624	53951516	62815156	60076830	62600668	64414156	63890020	58055100	61046644	58926600	64154720
"sp|P55072|TERA_HUMAN"	"HUMAN"	137251620	130199704	133338450	131206856	126272584	133782740	133025020	133345500	134754460	135591140	138520590	134035976	135623200	136240670	130455830	134367500	133591150	133115530
"sp|P55081|MFAP1_HUMAN"	"HUMAN"	0	0	0	0	386419.25	0	388424.66	0	0	861559	972462.2	1435029.4	554418.75	1743254.8	520592.9	1207842.1	1217028	1529553.9
"sp|P55084|ECHB_HUMAN"	"HUMAN"	12497778	13258696	12465093	14914657	14619939	13536027	11173761	16275473	13534505	15867111	15515478	14719054	14751289	14316999	13734055	12877282	13662226	14640414
"sp|P55145|MANF_HUMAN"	"HUMAN"	0	0	0	0	0	0	0	0	0	0	0	0	0	0	0	0	0	0
"sp|P55196|AFAD_HUMAN"	"HUMAN"	5859275	5692535	7208582	7236417	4145548.5	4458580	9371405	6030574	7094051.5	1972614.4	977379.25	1689277.1	1869801.2	4761019.5	2140703	4423704	4225839.5	2063222.2
"sp|P55209|NP1L1_HUMAN"	"HUMAN"	49443770	49424030	50439068	50823588	48591444	50652470	51247270	50299904	49681524	52169640	50821244	50666108	50764828	51174324	51332516	50103188	50564824	51863360
"sp|P55212|CASP6_HUMAN"	"HUMAN"	447030.75	260526.61	286209.53	289504.44	387886.7	482476.88	300822.3	256465.75	0	322226.78	256614.77	451821.84	280126.8	267318.47	533639.1	246235.33	558904.8	255308.9
"sp|P55263|ADK_HUMAN"	"HUMAN"	7606465.5	7384608	7491415	7250260	8776972	6000724	7649994.5	7825137	6617339	7972600	8641475	7650370	7943161	5793058	7770132	8398698	9243235	7825716
"sp|P55265|DSRAD_HUMAN"	"HUMAN"	8902474	9361488	11976543	10712283	10843215	11614986	11669516	7553588	9030646	10264427	12104260	8758458	7136735.5	9052006	9833857	7896988	9867551	11157707
"sp|P55735|SEC13_HUMAN"	"HUMAN"	13476768	14977034	14569207	15038125	16534249	13412094	15882038	15161258	14437316	16818152	17871134	17954060	19236696	18134732	15006899	17144374	18790730	16311071
"sp|P55769|NH2L1_HUMAN"	"HUMAN"	15393658	14228525	15333739	17580384	17526212	15512262	15686961	15598431	15867109	17485294	19210422	15240668	18302148	19487546	15292572	17244244	17010842	15342087
"sp|P55786|PSA_HUMAN"	"HUMAN"	13071078	13382177	15561548	13333232	14939748	13016791	15931030	14005008	14278701	14155584	13337539	13961360	11887918	13334022	14257565	13473172	12858442	13806874
"sp|P55795|HNRH2_HUMAN"	"HUMAN"	6111465.5	5835962	5789137.5	5968126	5640820	5490406.5	4679250	6089509	5840746.5	6348121	6000018.5	6202595	6301280	4347326	5869920	4585633	4578375	6408688.5
"sp|P55809|SCOT1_HUMAN"	"HUMAN"	1567175	2418827.5	2324084	2666987	1659892.4	1618909	1611733	2398002.5	2711279	2305075.5	1566837.8	2635774.2	2410210.2	2566432	1435878	1719966.6	2188473	1619254.2
"sp|P55854|SUMO3_HUMAN"	"HUMAN"	486598.62	747309.5	469064.66	587217.94	749660.9	523705.28	730603.8	696536.7	585994.2	749180.25	695081.9	672105.6	705164.25	679683.7	663804.44	679618.6	639516.25	694133.7
"sp|P55884|EIF3B_HUMAN"	"HUMAN"	41192172	42163436	39386336	42367536	41303372	43993936	40462772	42257000	43959056	43609404	40538990	44403636	42729760	44343600	39040284	40055420	40568624	41859056
"sp|P55957|BID_HUMAN"	"HUMAN"	3128067.8	2248090.2	2972830.5	3288327.5	3041004.5	3286095.5	2232298.2	2398662.5	3227519	2007490.1	3101007	2234052.2	2140647.2	3029521	2129044.2	2236848.2	2989226	3044706.8
"sp|P56134|ATPK_HUMAN"	"HUMAN"	4209950	4312808.5	4092975	4125999.8	4134844.5	4266440.5	4168887.2	4178241.5	4227151	4202170.5	4111828	4053244	4188104.8	4161155.5	4232193	4166242.2	4189017	4175254
"sp|P56182|RRP1_HUMAN"	"HUMAN"	3849195	3603095.5	2814915.2	3285671	3081558.5	4384816.5	3066773.2	4055837.2	4422252.5	2258165.2	4499145	3539693.8	4838505	3214381.2	4394883.5	6457544.5	3615765	3137530.5
"sp|P56192|SYMC_HUMAN"	"HUMAN"	53264976	31954902	34348984	39594456	35587292	33869020	43360640	34944410	30665758	52289268	34003924	37016750	33192346	41825190	35704696	31942414	37444616	50163760
"sp|P56211|ARP19_HUMAN"	"HUMAN"	0	0	0	0	0	0	0	0	0	0	0	0	0	0	0	0	0	0
"sp|P56270|MAZ_HUMAN"	"HUMAN"	50410.76	33598.26	0	37349.18	0	22074.988	45393.06	0	16277.62	36144.6	46108.25	252694.05	119833.875	280778.97	63678.1	22876.502	331331.56	49795.117
"sp|P56377|AP1S2_HUMAN"	"HUMAN"	6179279	4508556.5	0	0	0	0	0	5058863	0	0	430101.9	0	0	0	0	366219.38	0	0
"sp|P56378|ATP68_HUMAN"	"HUMAN"	895251.2	0	576326.8	904525.56	703811.8	600666.56	643628.9	822935.94	678245	1044393	654223.8	717499.8	505242.44	622042	806186.94	726265	880209.75	645462.4
"sp|P56381|ATP5E_HUMAN"	"HUMAN"	3783984.2	808840	3464206	1289620	1003742.1	1260970.2	1086119.5	3513366	4224834.5	3938557.8	3679602.5	4396538	999458.44	1218948.6	4075694.8	798725.6	4160853	3958209
"sp|P56385|ATP5I_HUMAN"	"HUMAN"	1122879.9	5137677.5	5759042	984021.06	6072587	5303339.5	6012696.5	5783538	448729.06	5086818	4533609	930964.25	1027202.9	1013162.9	1183825.5	4909591	5333910	4434397
"sp|P56537|IF6_HUMAN"	"HUMAN"	25895392	24824654	24123754	28525424	31055868	31127724	23390590	23181804	30811856	32905064	31876448	31127572	30529306	33288254	32552344	38608644	23396748	33539616
"sp|P56556|NDUA6_HUMAN"	"HUMAN"	216164.08	0	0	195219.92	419947.72	0	283378.53	0	346051.25	534821.2	543334.9	285703.5	327942.5	836716.7	0	296398.3	551738.9	1084839.8
"sp|P57076|CF298_HUMAN"	"HUMAN"	1713582	1874449.6	1662024.2	880712.75	855931.1	1572571	656022.4	840710	304002.34	1271970.6	1478381.6	1114304	1689390.5	2141983.5	1484875.8	1073171.2	1082112	1028424
"sp|P57081|WDR4_HUMAN"	"HUMAN"	333910.1	1553320.2	1407082.5	1770538.4	2090766	978604.1	1703742.2	943775.9	1868242.8	1386478.9	1105372.4	1003482.1	1139738.4	1618721.5	615588.3	1910184.4	372369.16	1537914.9
"sp|P57086|SCND1_HUMAN"	"HUMAN"	0	0	0	0	0	0	0	0	0	0	0	0	0	0	0	0	0	0
"sp|P57088|TMM33_HUMAN"	"HUMAN"	862945	0	0	687171.6	0	0	0	0	0	0	0	0	0	0	0	0	0	0
"sp|P57678|GEMI4_HUMAN"	"HUMAN"	234505.4	283412.1	0	211937.06	0	236452.06	273933.22	207603	228899.2	225157.52	190402.06	407918.62	193213.64	156382.12	407836.28	191638.2	197232.08	199926.47
"sp|P57721|PCBP3_HUMAN"	"HUMAN"	8746981	8849574	7579837	8789288	9824288	10084793	10047947	9048061	10580248	9407792	7639871.5	7935272	8559034	7746645	7547072.5	7280684	7868130	8406311
"sp|P57737|CORO7_HUMAN"	"HUMAN"	935244.25	2026742.5	660759.8	2072971	2141893	932044.75	1868141.8	778344.3	936674.25	911473	2293433.2	1033556.8	986677.5	804476.5	979702.56	2232220	953671.9	787995.44
"sp|P57740|NU107_HUMAN"	"HUMAN"	2902006.2	4264187	3408440.8	4484336.5	2741829.5	6379311.5	5334267	4277015.5	3200116.5	5106244.5	6258237	7409502	3187277.5	5450990	5202901	4555523	5990138.5	4275902
"sp|P58107|EPIPL_HUMAN"	"HUMAN"	4731820	7960420	1399816	7242388	7358733	4236686	3816798	8062957.5	2541493.2	7600390	3582498.5	7091218	4962731.5	3367272	6486989.5	5608915.5	6623102	6263096
"sp|P58317|ZN121_HUMAN"	"HUMAN"	0	0	0	0	0	0	0	0	0	0	0	0	0	0	0	0	0	0
"sp|P58546|MTPN_HUMAN"	"HUMAN"	22131898	22425238	22088526	22433426	21296572	21424432	22165310	21063404	21806600	20430522	20524978	20228470	20442702	20166548	21305358	20068708	20616838	20367852
"sp|P59510|ATS20_HUMAN"	"HUMAN"	199385.98	149322.66	0	175243.11	218525.56	203268.12	236506.62	0	0	212102.03	222077.58	0	0	246327.5	236668.34	172947.5	204175.88	0
"sp|P59998|ARPC4_HUMAN"	"HUMAN"	1494581	1629627	1760850.8	2374859.8	1551073.2	1537101.2	1659587.2	1824662.4	2194642	1543342.8	1766114.6	1785867.8	1705917.9	897440	1837265.8	1858105.6	1277509.8	1576928.1
"sp|P60002|ELOF1_HUMAN"	"HUMAN"	0	0	0	0	0	728525	0	0	0	873729.25	794983.2	796269.2	820127.44	792971.8	782515.94	767345.44	839967.7	747259.7
"sp|P60006|APC15_HUMAN"	"HUMAN"	0	0	0	0	0	0	0	0	0	0	0	0	0	0	0	0	0	0
"sp|P60033|CD81_HUMAN"	"HUMAN"	1014712.3	1247704	1074197.5	959237.3	1033195.8	1095309.4	1102434	1009167.5	1102403.9	1038212.9	1093215.5	1211505.5	1026767.75	1059057.1	959750.6	1132191.4	1006459.94	948440.2
"sp|P60059|SC61G_HUMAN"	"HUMAN"	494757.6	0	347559.47	571700.3	526604.6	0	0	0	0	680725	667317.94	475820.88	613723.3	720911.1	0	713878.25	562773.75	576214.3
"sp|P60174|TPIS_HUMAN"	"HUMAN"	170435300	172795220	171721220	172614130	171256110	172586320	170302050	171511840	171225200	172577900	172423400	170569700	172865060	173586080	171678930	171405440	172501420	172315060
"sp|P60228|EIF3E_HUMAN"	"HUMAN"	14764489	15087424	17551908	12099417	16367510	13845951	16162335	18423720	16405748	15217675	13795243	18918976	16371646	16222042	17352326	14939502	14605718	13108195
"sp|P60510|PP4C_HUMAN"	"HUMAN"	683334.6	532230.5	667670	839376.7	672057.1	2433506	626791.2	2161327.5	3069564.2	1246737	1845927.5	1830263.8	1690358.5	1887694.5	1643238.2	3092661.5	3477186	3059215.5
"sp|P60520|GBRL2_HUMAN"	"HUMAN"	491990.56	468898.6	465290.6	423348.03	0	457345.66	411062.7	441595.38	0	571923.25	450379.56	475233.62	469540.9	473100.6	439954.12	429592.4	450718.5	458433.5
"sp|P60602|ROMO1_HUMAN"	"HUMAN"	0	0	0	0	0	0	0	0	650935.75	538234.94	0	0	533207.5	0	520637.25	0	472427.66	465262.16
"sp|P60604|UB2G2_HUMAN"	"HUMAN"	2063345.8	3248174.5	1840357	1876226.5	2620844.8	2862011.5	2847150.5	2955155.2	3104540.2	3201612.5	2977215	3068090.5	2924255.5	3249770	3028348.5	2749049.8	2620511.2	2870400.2
"sp|P60660|MYL6_HUMAN"	"HUMAN"	7526968	7177424.5	7316353.5	6730456.5	6922902	7071466.5	6742883.5	6701718	6740484.5	7616162	7174246	7289485.5	7578713.5	6961403	6701500	7605610	6617304	7471668
"sp|P60673|PROF3_HUMAN"	"HUMAN"	839563.25	753227.7	868699.9	0	839375.25	907403.5	830678.4	804969.5	728236	901102.44	775018.56	936302.94	872830.2	812665.6	878088.2	762900.1	715860	836290.4
"sp|P60709|ACTB_HUMAN"	"HUMAN"	1173256600	1179122700	1167792800	1170070400	1159705600	1166702100	1162822400	1170303000	1174653600	1146088400	1147776400	1139621500	1144055000	1147006700	1147952800	1152424300	1150493200	1145912800
"sp|P60842|IF4A1_HUMAN"	"HUMAN"	125681920	120656170	127159250	125643384	127310744	129229580	126021976	125498456	128160370	129411000	130298270	130619110	130604136	128925064	129345180	125967016	130771850	130565870
"sp|P60866|RS20_HUMAN"	"HUMAN"	24637828	23467938	24457058	24404848	25280578	23857342	24631466	25485390	26340832	23470842	23803462	36111764	23392672	23739472	40935616	22410970	23228640	24465470
"sp|P60891|PRPS1_HUMAN"	"HUMAN"	14569131	13462240	14817483	14835382	13701569	14777798	13970863	14023600	14476755	14719465	14786527	14543974	15621748	13715473	14373756	16140854	14960694	14316905
"sp|P60900|PSA6_HUMAN"	"HUMAN"	40315384	43475040	41377044	42749230	41519052	41362356	42310316	40241240	40955800	38072180	40691220	38199300	41468744	37403324	39005736	41489668	38640850	37917060
"sp|P60953|CDC42_HUMAN"	"HUMAN"	6756120	7460464	7867823	8441417	5122148	7309136	9396536	6011553.5	6434529	8328396.5	8688792	9761877	9421596	9244319	8935489	5189456	10310872	8694811
"sp|P60981|DEST_HUMAN"	"HUMAN"	48034296	6952206.5	3270700.8	8259592.5	42850936	7325577.5	6951358	8050278	6983790.5	8250474.5	6771938	6752085	8412190	6838078.5	8331646.5	7732653.5	7762815.5	7224709.5
"sp|P60983|GMFB_HUMAN"	"HUMAN"	1150287.8	0	1038442.9	1099520.2	1123470.1	851977.8	1011025.6	1144139.8	1106401.8	960715.56	1184003.8	869398.9	1300446.9	969879.9	861460.75	971638.1	1181473.8	937822.9
"sp|P61006|RAB8A_HUMAN"	"HUMAN"	0	0	153675.3	0	0	176278.9	0	0	0	0	0	0	0	184337.94	0	0	0	154354.55
"sp|P61011|SRP54_HUMAN"	"HUMAN"	9442596	8728315	11707925	8190610	11590407	9389225	9953004	9418328	8842988	6793596	8241516.5	7860708.5	7538449.5	9369549	8762241	9412726	8769214	8748344
"sp|P61019|RAB2A_HUMAN"	"HUMAN"	216227.86	189378.73	236841.52	216806.66	219183.53	0	1303365.8	163574.4	201473.77	951660.3	2172253.5	1104701.8	2273593.5	1129338.1	2230085	1064130.4	1183422.5	2238821
"sp|P61020|RAB5B_HUMAN"	"HUMAN"	0	0	0	0	0	0	0	0	0	1911630.1	1816391.8	1964886.5	1980534.6	1569247.6	1795586.2	2079073.6	1849289.1	2019796
"sp|P61024|CKS1_HUMAN"	"HUMAN"	669220.44	0	0	647276.7	720624.75	897765	544479.7	694874.2	633347.44	1113341.5	1286471.2	1391189.8	1036521.5	2141431.5	885276	521014.4	1242302.9	1171955.4
"sp|P61026|RAB10_HUMAN"	"HUMAN"	2959319	4168233.5	4037051.5	2745428.5	3914411.8	4217767.5	3293241.2	4246874	3864481	3826729	3740197.8	4162926.2	4633863.5	3450476.5	3890083	3369434	3917188.8	3472811.5
"sp|P61081|UBC12_HUMAN"	"HUMAN"	5866791	6941141	6458069	5813155	5772534	6061601	6124983	6269506	5700970	4022630.8	4342658	5368707.5	5424572	5057603	5916578.5	6229815	5564200	4829962
"sp|P61086|UBE2K_HUMAN"	"HUMAN"	9738696	17634382	12975024	13463376	9129595	12161919	12374346	12347734	12302655	15516872	12291946	14629880	15537527	14850068	16598200	15794531	15210576	15012651
"sp|P61088|UBE2N_HUMAN"	"HUMAN"	31571394	31834228	31817984	31371276	32332800	30739238	32928904	32046210	29986092	29344360	30766174	29374558	30405014	30674248	32329850	30234974	31310314	32442686
"sp|P61106|RAB14_HUMAN"	"HUMAN"	3242282.8	2241452.8	3374620	3260250.2	2802766.5	3706143.8	2768370.8	3100564.8	2846634.5	2963262.2	2179456.2	2259683	3200526.5	3025059.5	2941146.5	1858302.2	2249564	2108318
"sp|P61158|ARP3_HUMAN"	"HUMAN"	12539750	11382328	12873974	11479284	10750567	12457860	14085980	11836386	11525759	11620515	10559746	13162775	11987694	13389458	13038655	14189395	12227628	12468140
"sp|P61160|ARP2_HUMAN"	"HUMAN"	12141453	11700858	12616223	12768402	15027238	13442726	14011744	12108046	12652259	13666553	13850237	13385536	10759205	14660834	11129387	11411929	13719797	13692230
"sp|P61163|ACTZ_HUMAN"	"HUMAN"	4094250.8	4002427.8	3298240.8	2611167.5	2477366.5	4176952.2	1718796.8	2676894	3150158	3369600.8	3197256	3001898	2576395.5	2638738.8	2598723.5	3365770.2	2791961.2	3302040
"sp|P61201|CSN2_HUMAN"	"HUMAN"	1337435.8	2343841	1177095.6	2287113.5	1923142.2	2129225.2	2038040.5	2213935.5	1845775.5	2820284.2	2184786	2305325.2	2186726.8	2168367.8	2059888.4	1492310.4	2162838	2132938.8
"sp|P61221|ABCE1_HUMAN"	"HUMAN"	27713086	27432460	28488086	27700942	26200490	28564016	29080088	27182516	28328588	28511956	30352584	29169834	26455502	29407154	30540662	28749492	31068044	29399358
"sp|P61224|RAP1B_HUMAN"	"HUMAN"	7366432.5	6924276	7138220.5	6433634.5	8014396	7422517.5	7840715.5	8385562.5	6767570	7583042	7893997	7290438.5	6899660.5	7069206	7209014.5	7457228	7339198.5	7444376.5
"sp|P61225|RAP2B_HUMAN"	"HUMAN"	430725.7	494456.25	763354.25	427312.72	764917.7	465482.8	419715.25	464399.38	433722.9	420551.2	400658.9	787336.25	450608.5	759662.1	486034.88	457628.84	742248.25	466601.53
"sp|P61244|MAX_HUMAN"	"HUMAN"	0	0	0	0	0	0	0	0	0	0	0	0	0	60939.65	0	0	0	0
"sp|P61247|RS3A_HUMAN"	"HUMAN"	77336104	71291230	69316520	75866160	75504630	74977420	73626460	72402620	75160190	68748220	73242380	72004430	70999304	73636550	72156050	64993040	70558740	74748584
"sp|P61254|RL26_HUMAN"	"HUMAN"	15273266	13596478	14099041	15612947	16469529	16501528	15010529	15671793	16510358	17061086	17237470	18662758	17810574	16942936	17380126	17461570	18111480	18926046
"sp|P61289|PSME3_HUMAN"	"HUMAN"	22897706	22567280	19742344	20530262	24413426	22304718	23523582	23034056	22422572	23912128	24377902	22671700	23846884	23214872	21352050	23398296	25073958	22380478
"sp|P61313|RL15_HUMAN"	"HUMAN"	40574068	35190850	37117164	41730224	41024540	39012004	41886800	39937668	39751796	39395348	39943100	39460856	40804296	40002284	39651044	39177304	39177816	40229800
"sp|P61326|MGN_HUMAN"	"HUMAN"	436192.06	498988	529010.3	400964	450332.88	546531	467312.56	505759.25	361864.16	448595.1	506582.94	532603.5	513113.34	503045.72	527235.8	544929.3	514940.75	489455.28
"sp|P61353|RL27_HUMAN"	"HUMAN"	27399032	24611018	26751756	27082920	27739256	27730006	27320330	26556816	30520388	24587210	25649532	25194564	25111136	26972124	24852230	26385500	27223460	25296198
"sp|P61421|VA0D1_HUMAN"	"HUMAN"	1870094.8	2343080	1560480.8	1782087.2	796688.06	1319815.8	1345605.6	1732273.5	3484948.2	2404359.8	2356714.8	2715614	2875557	3035941.5	3273982	1937036.1	976682.1	1991713.4
"sp|P61513|RL37A_HUMAN"	"HUMAN"	9718459	9263428	8645613	8919586	9875248	10449180	10730619	10789766	10234894	10074984	9403179	9707866	9916203	9554245	9064579	8573762	9617208	9476780
"sp|P61586|RHOA_HUMAN"	"HUMAN"	12627393	11882168	12138333	12249376	11990950	10908494	12011322	10574758	11084686	11055085	10663510	11206443	10373689	10651334	10612146	12163498	10245750	10613153
"sp|P61599|NAA20_HUMAN"	"HUMAN"	0	0	203457.95	0	0	0	0	0	0	0	0	196689.34	0	0	0	154839.11	0	0
"sp|P61604|CH10_HUMAN"	"HUMAN"	51787172	47888816	51085660	50920664	53618764	51099708	50494950	50299844	51684550	51584852	51546388	54039870	51285740	51552720	52181560	50192052	51300000	52640296
"sp|P61758|PFD3_HUMAN"	"HUMAN"	11059642	10724500	11084701	9872423	11045755	11032060	10714771	10772195	10784851	11734491	12030314	10994381	11958074	12353208	11060421	11579615	11667395	11733693
"sp|P61764|STXB1_HUMAN"	"HUMAN"	0	0	0	0	0	0	0	0	1763357	0	1038169.8	0	0	0	0	0	0	0
"sp|P61769|B2MG_HUMAN"	"HUMAN"	805022.2	943563.2	800714.56	777373.6	953774.06	843413.44	797219.56	920514.25	800771.4	900302.4	935313.5	751029.4	993328.9	806308.5	733789.25	483976.75	740293.8	735422.5
"sp|P61916|NPC2_HUMAN"	"HUMAN"	249120.92	0	479173.53	0	0	0	0	473421.53	0	0	321007.5	0	0	0	242882.64	268505.4	0	0
"sp|P61923|COPZ1_HUMAN"	"HUMAN"	3320948.5	1058205	3333555	3124718.5	3112541	3177523.5	3233378.8	3469834	3043175.8	3243639.8	4320626	3417909.5	3399291.5	3361979.8	4324493.5	3046662.5	3394805	3267147
"sp|P61927|RL37_HUMAN"	"HUMAN"	791292.06	652238.7	769835.3	700918.75	811407	762136.25	780755.44	635165.94	728647.9	619751.4	785363	676457.3	647029.94	811015.7	791265.75	677017.8	688795.25	693607.06
"sp|P61956|SUMO2_HUMAN"	"HUMAN"	11002768	10716184	10464231	10869650	10552143	10639164	10935698	10567024	11392466	10855034	10745396	10679764	10491557	10535311	10978049	9957260	10191381	10956689
"sp|P61960|UFM1_HUMAN"	"HUMAN"	2986815.8	2627372.2	1514950.2	2775907.2	3234347	2953932.5	3336209.8	2791755	2708743.8	2279492.2	2270698.2	2305191	2359502	2287975.5	2321075.5	2521832	2448160.8	2515005.5
"sp|P61962|DCAF7_HUMAN"	"HUMAN"	1197848.8	1410668.9	1053619.5	963187.75	1206983.5	1238153.9	1221914.8	1186821.2	793982.75	807943.4	1311679.6	764175.75	847166.25	1332715.2	927841.7	1440008.5	749295.2	864709.6
"sp|P61964|WDR5_HUMAN"	"HUMAN"	0	591850.75	0	0	0	0	498103.12	465734.25	490546.78	0	0	62995.55	0	0	0	0	0	0
"sp|P61970|NTF2_HUMAN"	"HUMAN"	6767755.5	6553127	6566702.5	6275435	6865065	6585163.5	6318953.5	6619445.5	6245437	8100928.5	6725271.5	6946686	7301143	7639184	6834016.5	7286547	7185819.5	7789467
"sp|P61978|HNRPK_HUMAN"	"HUMAN"	208567340	207231550	208180720	208247840	206996110	209686140	209313660	207059340	209682350	209005330	209111230	210993340	210097420	207891440	210410530	207599150	208483820	211831420
"sp|P61981|1433G_HUMAN"	"HUMAN"	56628980	49545156	56257356	56440824	56505904	57767540	56038096	55434420	56790724	58434524	56272896	57829250	57074348	56555012	56695504	53815216	55378176	55521836
"sp|P62072|TIM10_HUMAN"	"HUMAN"	2745976.2	2125998.8	2772128.2	2299325.8	2398104.5	2470863.2	2798042.8	2825868.2	3078401.2	2705178.2	3828252.5	2776890.8	3741998.8	2743050.5	2832935	2596530.5	2826918	3137029.2
"sp|P62081|RS7_HUMAN"	"HUMAN"	93940170	98570250	91687544	96383720	95078490	95908770	98193780	97612504	96431350	93741260	93155770	92009430	96568800	94976840	94507800	95975980	93021520	93755256
"sp|P62136|PP1A_HUMAN"	"HUMAN"	24887960	26896522	26133384	24687556	25464996	23570344	25863814	26629956	25331296	23594636	22592816	21111562	23376324	22260950	22531686	24307276	20911720	23327188
"sp|P62140|PP1B_HUMAN"	"HUMAN"	2559302.5	2465058.2	2812566.2	1937607.5	2888430.5	2704664	3238492.5	2635669.2	2768104.8	3587010.8	3719212	2806436.2	3719649.5	3905400	3386956.2	2884752	2896359	3045544.2
"sp|P62191|PRS4_HUMAN"	"HUMAN"	26903194	26590536	26739164	26845710	27739840	26036426	25779914	27776774	23460464	30064250	27369166	26609042	27421122	26701014	28567060	28179914	25488256	28893836
"sp|P62195|PRS8_HUMAN"	"HUMAN"	34799230	51076052	49205996	51069148	49902650	45925004	34668028	46850010	47899548	46277556	34738372	32693344	33725070	32917098	35548804	33685396	35339420	29558526
"sp|P62241|RS8_HUMAN"	"HUMAN"	61006900	57470936	59642668	66463892	59957836	59458220	58632590	67893280	67183420	67159030	60209484	58363068	59144900	59377870	58398580	59362256	65731200	59611340
"sp|P62244|RS15A_HUMAN"	"HUMAN"	29245732	29577932	29454964	29729386	28714428	29791136	29506756	29240286	30401134	29505196	29529786	29817208	30364534	29549516	29336610	27710748	29336856	29970180
"sp|P62249|RS16_HUMAN"	"HUMAN"	25507466	24214172	24888896	26241838	25755752	25176640	25755328	25290042	24223780	24666902	24658016	25425558	24290330	24218594	24891046	24808650	24676510	25448070
"sp|P62253|UB2G1_HUMAN"	"HUMAN"	372065.66	470128.06	424163.72	389308.97	422497.4	389712.56	360313.97	1618155	0	353552.56	325909.97	285457.5	350569.8	308587.84	362531.56	395489.72	358129.22	311547.28
"sp|P62258|1433E_HUMAN"	"HUMAN"	189067710	184835840	192705900	185240400	185340500	192496340	187491070	188028560	196074050	190453060	185666690	191794270	187628510	188383500	192441440	187819820	188552300	189249580
"sp|P62263|RS14_HUMAN"	"HUMAN"	24596652	21991968	23756736	22709156	22936976	22489308	23065714	22224096	23878390	23175550	23709970	23116260	23523784	23072100	23372676	22133512	23053522	22274716
"sp|P62266|RS23_HUMAN"	"HUMAN"	12374876	11567798	11687017	14056415	13205666	12819732	13735087	13106452	13144795	14449070	13741062	12997456	14555907	11867974	13779294	13368813	14961992	14927064
"sp|P62269|RS18_HUMAN"	"HUMAN"	41303052	42157904	40537004	42935860	43176264	39237250	38985360	43265864	42254708	46111652	43047450	45920796	44504310	44071370	45507916	41146464	44501470	44077416
"sp|P62273|RS29_HUMAN"	"HUMAN"	4713684	3929740.5	4589545	4269482	4744361	4383679	4446995	4410933.5	4568729.5	4694714	4928540	4418477	4637732	4440930.5	4310861.5	4367811.5	4695204	5010229
"sp|P62277|RS13_HUMAN"	"HUMAN"	20658158	20212602	24867530	18410480	21455600	20724100	20770842	21340022	24666392	24143330	24979502	24224748	23994068	24766508	23938118	24372696	24168296	23497102
"sp|P62280|RS11_HUMAN"	"HUMAN"	64691988	61644228	50512704	58794364	57821736	47164936	64598496	60919764	65455860	45211640	46892024	39819180	45603590	41424090	46166668	42591404	45453324	42598148
"sp|P62304|RUXE_HUMAN"	"HUMAN"	12595767	13021391	12931100	12049563	12632577	12736294	11272658	10902920	12276316	12025707	11346959	11380966	11784314	11577692	11451894	11591221	11754007	11795823
"sp|P62306|RUXF_HUMAN"	"HUMAN"	34704308	13529858	35076590	33554816	14528699	33778536	14863958	14184403	34578270	34229144	35002930	34805708	14259614	13943889	13592245	34725016	34972710	14410642
"sp|P62310|LSM3_HUMAN"	"HUMAN"	8252496	6957501.5	8100568.5	6196818	7854983	7316498	8375231	6686738.5	8471165	8400925	7888576	7957903	8124025.5	6903994	6974037	6709696	8697491	8273963
"sp|P62312|LSM6_HUMAN"	"HUMAN"	2931625	2873394.5	2873419.2	2594189.2	3064654.8	2531950	2782059	3162419	2922349.8	3054204.2	3147804.8	2980868.5	3361723.5	2703994.5	3043024.5	3019450	3157574.2	2941295.2
"sp|P62314|SMD1_HUMAN"	"HUMAN"	6828710	6264671.5	8020047	6544749	6544916	6591085	6522469.5	7735661.5	8758624	9572021	9385753	10123950	9322525	9654570	10046800	6206268	9805612	7614523
"sp|P62316|SMD2_HUMAN"	"HUMAN"	45491868	44497630	44177260	45069620	45176572	45501284	45370908	44951850	45793756	47672290	44526020	45402800	44320564	44864384	44263412	44053396	44875540	45210500
"sp|P62318|SMD3_HUMAN"	"HUMAN"	23663200	23166670	22056570	23352088	23576822	24491438	24860106	22394922	22431834	27666322	27081378	25189198	24285464	26455504	27465866	26783278	24589474	25455860
"sp|P62328|TYB4_HUMAN"	"HUMAN"	42707188	39190036	41043812	43329140	42714264	42345216	42640356	41368450	43446000	42634496	43024132	44469324	43277812	43344332	43910064	40636068	41476012	44443224
"sp|P62330|ARF6_HUMAN"	"HUMAN"	0	0	0	0	307529.88	0	250805.61	0	0	227517.83	629313.9	0	0	0	289889.72	227512.66	360105.8	0
"sp|P62333|PRS10_HUMAN"	"HUMAN"	26990948	24434300	30095840	23430576	26736766	26776844	27537540	21335254	25854492	32406370	32736172	29987930	32542778	30064052	27316008	31535040	29919298	31474678
"sp|P62424|RL7A_HUMAN"	"HUMAN"	39522124	37091670	38842190	38281950	38794260	37967972	39451664	30489864	31116164	39956068	38236932	31234770	32117268	32011126	31779936	30601164	30459036	32336138
"sp|P62487|RPB7_HUMAN"	"HUMAN"	683868.94	0	803074.25	643978.25	796588	868477.5	719902.06	700998.7	994073.2	525541.44	0	0	846764.1	0	0	411728.38	0	246163.95
"sp|P62495|ERF1_HUMAN"	"HUMAN"	34258896	26572044	33881720	33283844	32894888	34622268	25246410	34705668	30610398	35585560	33741980	34916108	32417122	31961940	35806580	33623356	32585896	33955450
"sp|P62633|CNBP_HUMAN"	"HUMAN"	10275941	9927624	10101846	9752855	9886158	10292317	10198637	10009598	10126624	10521474	10426658	10728193	9921696	10352346	10492387	10164959	10455768	10283086
"sp|P62701|RS4X_HUMAN"	"HUMAN"	90497890	89210570	91976616	91208120	89629220	89496860	92419870	90238776	92172264	90168570	89550110	89812990	90271300	89565290	88677224	87513230	90150900	92382220
"sp|P62714|PP2AB_HUMAN"	"HUMAN"	0	382658.28	0	531511.1	381206.62	0	549729.56	0	532444.75	0	0	0	0	0	0	0	0	0
"sp|P62750|RL23A_HUMAN"	"HUMAN"	39175196	37902356	38004228	38572932	39619860	38741800	38262724	37984616	38982676	38491210	36993680	36905210	38019710	36084750	38526140	38202956	37790744	37281948
"sp|P62753|RS6_HUMAN"	"HUMAN"	25018986	24614260	22687682	24266458	23715922	23712130	24318664	25868432	24499624	24330528	25899820	25566158	24925816	25068974	24387708	24634388	25768288	24359314
"sp|P62805|H4_HUMAN"	"HUMAN"	27035578	25909014	26770446	26287584	26465938	25233904	26494670	25316124	27827602	23248314	20215272	23204140	22627646	22973966	22678436	22610286	22011880	22585752
"sp|P62820|RAB1A_HUMAN"	"HUMAN"	2151257	2126138	1329201	2064328.4	2174873.5	1365360.6	2147940.8	2099009	2161032.5	1913516.5	2105366	2154781.8	2136884.2	1887563.2	2036070.2	2129768.8	2103240.2	2050443.5
"sp|P62826|RAN_HUMAN"	"HUMAN"	173067730	165986960	174517840	169998530	170040560	171857380	171708080	169804080	171580060	163517140	164375650	165041620	163881800	163564850	162969150	158002100	163227340	163356140
"sp|P62829|RL23_HUMAN"	"HUMAN"	46515100	44396180	46955764	45159530	45197644	45685744	45895532	45386812	46259980	46270096	45272604	46031396	45505764	46317816	45804240	44260136	46902428	44337468
"sp|P62834|RAP1A_HUMAN"	"HUMAN"	0	0	0	0	0	0	0	0	0	0	0	0	0	0	0	0	0	0
"sp|P62837|UB2D2_HUMAN"	"HUMAN"	6332634.5	6211445	5026428	6550197	6843760.5	6321899	6362558.5	6540832.5	6015989	7565633	7638621	8276107	8226169	7687513	7439842	7312235	8472993	7431029
"sp|P62841|RS15_HUMAN"	"HUMAN"	21436336	20919406	20375332	21477834	18818100	19122014	20078532	21465958	17788364	19446642	18449796	18601140	19360568	18639762	19365440	19345336	18463716	17940714
"sp|P62847|RS24_HUMAN"	"HUMAN"	22081920	22991740	22274458	22281636	21875644	21978828	22430788	23237916	22022854	20102268	21405172	21318368	20067062	23984460	21172176	22979358	25124446	19718054
"sp|P62851|RS25_HUMAN"	"HUMAN"	30237988	28312090	29601278	29005830	29401836	29534352	29119504	29089972	29332524	30085938	29377750	30614746	29544456	29722660	29171994	28826958	29962192	29750020
"sp|P62854|RS26_HUMAN"	"HUMAN"	27726022	27327534	26447266	27124416	27280916	25783324	26535210	27319408	25939868	22113840	22169344	22768956	22061452	22413190	22670472	22067276	22366168	24453034
"sp|P62857|RS28_HUMAN"	"HUMAN"	23567034	23804908	23939524	24048448	23763262	24105334	23735750	23826186	23852782	24447516	24669356	24717218	24265070	24125960	24162740	24063298	23844284	24110678
"sp|P62861|RS30_HUMAN"	"HUMAN"	10357063	10212811	10360905	10227804	10007237	10090702	9812056	10236708	10013143	10015319	9887712	9991990	9670053	9818208	9980831	9772499	10027967	10028706
"sp|P62873|GBB1_HUMAN"	"HUMAN"	1896246.8	2111777.5	1976307.2	1987742.5	2058564.8	2040145.1	1976196.2	2027313.8	1832459.5	1758422.9	1683658	1739403.5	1934684.9	1694822.5	1721759.2	1870743	1884663.6	1738506.4
"sp|P62875|RPAB5_HUMAN"	"HUMAN"	392237.28	355628.5	393892.12	392009.88	375447.03	0	0	485893.62	0	444623.2	0	0	0	816823.5	0	0	621821.75	0
"sp|P62877|RBX1_HUMAN"	"HUMAN"	1993587	836304.56	670020.75	1997809	2040779.5	930359.6	846558.06	1957450	1976823.1	1756927	1899511.2	1987003.5	1967751.5	2131094	1840276.8	2047183.8	1917330.8	2138583.8
"sp|P62879|GBB2_HUMAN"	"HUMAN"	7973220	8448872	7028659	8161174	8582509	7820714.5	9033755	8222202.5	7955106.5	8067008.5	8467345	8332331	9107379	8496634	9268347	8891685	8167243	8258906
"sp|P62888|RL30_HUMAN"	"HUMAN"	39407610	38193136	37097764	39015860	38663476	37900732	37610724	37501720	38165900	37197440	38203140	37081060	37724544	37255290	37047812	36221840	36732148	36804410
"sp|P62899|RL31_HUMAN"	"HUMAN"	12205154	11139317	13110152	12868588	12426658	12606817	12566759	12513184	11824996	12398649	12583502	12620106	12208536	12736199	12607409	11425170	12335178	13186861
"sp|P62906|RL10A_HUMAN"	"HUMAN"	31552318	28914106	30811974	31897130	31724324	31095630	30405274	30537330	30159578	32090856	33965990	32619246	32198560	31037344	31498390	30582004	32514122	30520470
"sp|P62910|RL32_HUMAN"	"HUMAN"	29410608	28159470	29081470	29791858	29879340	29198982	29114144	28716352	28681342	29142844	30044048	29279550	29616074	29922358	28923930	28367786	29361192	29887558
"sp|P62913|RL11_HUMAN"	"HUMAN"	35774012	32915080	35416268	34788264	34782228	30491036	31310556	31341188	31268764	35429344	34407190	35043616	33976670	40321332	35443536	33138386	41259960	33327702
"sp|P62917|RL8_HUMAN"	"HUMAN"	18624968	16521372	17938336	13898627	18717902	18163972	17557096	20989464	16576164	19049090	18076514	18346022	18717688	19917524	18594102	18145714	18415004	19669376
"sp|P62937|PPIA_HUMAN"	"HUMAN"	316770300	327195200	319239040	315080260	319607580	316718900	322084600	322210020	314754940	324678900	327764160	323625400	317833570	319582370	326383870	333103000	327374430	323392540
"sp|P62942|FKB1A_HUMAN"	"HUMAN"	6515421	5910245	6382820.5	7044595	6720809	6893192	6844595.5	6530715.5	11234654	6431536	7123948	6481775	12885944	6831964.5	11539140	6668544	6921358.5	6855680.5
"sp|P62979|RS27A_HUMAN"	"HUMAN"	95445200	87914360	92831460	90760040	89908810	92833440	88682520	90174870	90264720	76607420	85110936	86493780	83249290	78401210	85999410	77683830	79556680	82995840
"sp|P62987|RL40_HUMAN"	"HUMAN"	0	0	253233.34	0	268652.72	0	0	0	256110.2	0	0	226610.34	0	0	0	0	0	0
"sp|P62993|GRB2_HUMAN"	"HUMAN"	7551662	8129572.5	8440088	8796060	8017935.5	8897444	8241050	8216881.5	8420969	9186620	8447870	8694647	9197616	9122668	9492075	9944031	8737775	9360590
"sp|P62995|TRA2B_HUMAN"	"HUMAN"	21400600	23069714	23546764	23216098	21324126	23779436	22236866	23711496	22702814	24759762	24566876	23837832	24722170	24537206	24610824	24831570	22307230	22025804
"sp|P63000|RAC1_HUMAN"	"HUMAN"	2573866	2703976.2	2136239	2432479	3201778.8	2334669.8	1929415.2	3178225.2	2295382.8	4688166	3900190.5	4523643.5	4169957.8	4458424	3635830	4141854.8	4224004.5	4284490
"sp|P63010|AP2B1_HUMAN"	"HUMAN"	32143776	33889924	35280548	36753164	36531800	29928134	35043656	30592670	32564998	31701466	39208776	35375340	35274172	34645580	34665812	34394388	35639100	34816644
"sp|P63092|GNAS2_HUMAN"	"HUMAN"	0	0	0	0	0	0	0	0	0	175869.55	0	0	0	0	0	0	0	0
"sp|P63098|CANB1_HUMAN"	"HUMAN"	368957.84	0	0	0	0	0	0	0	0	0	0	0	0	0	0	0	0	0
"sp|P63104|1433Z_HUMAN"	"HUMAN"	106771096	107343860	104945870	107693940	108000664	109199440	106992660	126369256	108209576	109797256	109731640	109124100	112911200	108794696	110558640	109490730	109854024	109629576
"sp|P63151|2ABA_HUMAN"	"HUMAN"	6564893	7634695.5	5603469	6537257	5340327	6845162.5	7351195.5	5763503	6231841	7534622	8031993	8473194	9082150	7613857	8176956	8025836.5	7576345	8735949
"sp|P63165|SUMO1_HUMAN"	"HUMAN"	2465685	2811678.2	2365575	2103937.8	2286513	2341575	968498.8	2023148.8	2613419	2014035	3252295	2229948	1938601.8	2622081	2152061	2796171.5	3370704.2	2897917
"sp|P63167|DYL1_HUMAN"	"HUMAN"	3234361.5	2975105.2	3368236.8	3205325.2	3045526.8	3207902.2	3113817.2	3209998.8	3082589.2	3240796	3141255.5	3312926.8	3166566.5	3161985.5	3328932.5	3083588.8	3292733.5	3138199.8
"sp|P63172|DYLT1_HUMAN"	"HUMAN"	1167896.1	1074492.8	1118122.1	1159421.5	1179522	1130509.1	1139873.6	1134900.4	1142402.6	1131508	1129274.2	1098351.1	592065.44	597963.75	1058688.2	554736.56	1060101.8	1059950.1
"sp|P63173|RL38_HUMAN"	"HUMAN"	15399943	12563768	14607904	15465318	14628192	14228166	13701187	15972321	13303374	15117810	14035539	16409900	16468319	13537535	15557108	14369359	14416504	15187491
"sp|P63208|SKP1_HUMAN"	"HUMAN"	16334358	17100072	16180929	16411525	17613636	15613630	16841378	16574894	17072964	16402308	15733707	14526329	16336947	16302989	14196257	17481954	14824201	16077277
"sp|P63220|RS21_HUMAN"	"HUMAN"	37643730	37948860	37359050	37043864	36994776	37217670	36964150	36601996	37972404	36434670	38777510	37333010	36519240	37490844	36899764	36685410	35653260	37939268
"sp|P63241|IF5A1_HUMAN"	"HUMAN"	92931170	88462824	90396340	92009230	91677000	92053680	93617660	93180520	91788740	94811580	93888910	96214510	94426360	95394110	96397976	93391430	93606300	95208800
"sp|P63244|RACK1_HUMAN"	"HUMAN"	147304620	140121300	148872960	148251040	148434380	149669020	142314260	148204100	142148700	145404370	143554990	150796590	143754110	143727170	146611540	141633000	143780350	144016140
"sp|P63261|ACTG_HUMAN"	"HUMAN"	27050926	30338406	27547438	26842656	27717504	27414828	27045066	28191450	26816298	27793156	27136006	26873760	27956232	27660134	27547540	30790940	27613976	27419352
"sp|P63272|SPT4H_HUMAN"	"HUMAN"	1559707.9	1568300.8	1471502.5	1561611.5	1472060.2	1667299.1	1381394	1622971.9	1348228.5	1334450.4	1079500.9	1155324.4	819141.5	780561.56	1066484.6	759645.75	830447.56	998398.75
"sp|P63279|UBC9_HUMAN"	"HUMAN"	17961070	14494396	16282889	17163724	18652918	18068064	18019550	18673702	17966984	17059468	18019288	18093038	17599406	17153524	16955568	20191400	17145602	17544996
"sp|P63313|TYB10_HUMAN"	"HUMAN"	10211945	9113563	6672946	10975693	8742384	9079578	9800132	10142222	7559552.5	9586626	9565234	8337864	9342825	9874254	8610394	10326146	8915718	8975329
"sp|P67775|PP2AA_HUMAN"	"HUMAN"	24896686	18765734	19476452	15962851	19300574	23954836	25157934	19166140	23010926	23948522	20552852	19705786	22657002	19882148	20209540	17298928	16610028	21922772
"sp|P67809|YBOX1_HUMAN"	"HUMAN"	60057660	58553090	59982332	61449212	61697650	59498092	62229484	59704216	61679136	61718980	63404220	60523530	63945824	62043330	62732068	62150068	61927836	64364544
"sp|P67870|CSK2B_HUMAN"	"HUMAN"	7719250.5	9264841	9104771	8316271	7530528	8791832	8223349	9219369	9079701	9000558	8872286	8898264	8369522.5	8705402	8772791	8993708	8873152	8846064
"sp|P67936|TPM4_HUMAN"	"HUMAN"	15829849	15562479	15676299	15787537	16179192	14101920	15342771	15018043	16082814	16849688	16816374	17231984	15786620	16438888	16229683	16830514	15694530	16151594
"sp|P68032|ACTC_HUMAN"	"HUMAN"	102997560	103486070	107191060	103161910	102222344	104690410	103344500	103438520	102146990	103333980	102276376	106215920	103134130	104338140	106098984	104284060	106255144	105397176
"sp|P68036|UB2L3_HUMAN"	"HUMAN"	78567070	79851496	75763010	77206570	111543700	122640240	112494950	77805920	76516510	120914670	76339450	77055130	76488136	77995910	119395610	77783544	76653330	118676100
"sp|P68104|EF1A1_HUMAN"	"HUMAN"	1163043800	1145190700	1160245600	1150909800	1148433300	1133534200	1140978700	1138039800	1154944800	1034890700	1040035300	1033071900	1037775400	1025611800	1031204900	1027831940	1035611840	1031774300
"sp|P68363|TBA1B_HUMAN"	"HUMAN"	10233932	8028294	10087409	9979512	7894806	9834559	7832627.5	10035777	9483376	10635262	10499764	10497238	10103110	9932634	10197792	10305861	10552196	9731438
"sp|P68366|TBA4A_HUMAN"	"HUMAN"	104565290	109744344	107008410	104537170	104806550	107304950	105572110	106916460	105061790	105828780	105260100	105133490	104547040	104265064	99562980	107222050	106365820	105344420
"sp|P68371|TBB4B_HUMAN"	"HUMAN"	64937020	68832310	66704620	61179940	64907570	68979900	64356596	68207680	61318892	62832404	62567148	65826904	60088300	56598024	66729820	62690040	64245676	60983856
"sp|P68400|CSK21_HUMAN"	"HUMAN"	14678417	17099296	14834875	14937133	14839707	15010724	14128680	13322419	14826753	14030283	13762020	13012145	13123183	12021126	12819604	13615384	12915362	13813164
"sp|P68402|PA1B2_HUMAN"	"HUMAN"	5136381.5	5526656.5	5476543	5671733	6076359.5	5899807.5	6371298.5	5220270	5912421	6131801	4938269	6594396.5	6453378	5285452.5	5363245	5760591.5	5726322	5363960.5
"sp|P69849|NOMO3_HUMAN"	"HUMAN"	0	343738.16	296508.75	0	0	275775.8	0	275092.88	0	280182.9	287789.4	0	330764.84	264066.6	308456.03	0	281168.56	258963.7
"sp|P69891|HBG1_HUMAN"	"HUMAN"	76475064	73858370	80160560	77413550	75506600	77217170	75150630	76272650	81524920	78922470	76546820	79974250	76288216	81151944	78427160	80073490	82844630	79079120
"sp|P69892|HBG2_HUMAN"	"HUMAN"	7410076	7079118	7166185.5	7207485	7617383.5	7559128.5	7446284	7248826.5	7611016.5	7138751	7303129.5	7506025.5	7467983.5	7144338	6969851	6927047.5	7069319.5	6932838.5
"sp|P69905|HBA_HUMAN"	"HUMAN"	71122760	71813180	67533960	71107144	71560120	68931464	66575680	70869090	68220776	71220740	73709480	73086344	72151270	72769610	70989750	73193544	73053320	73423496
"sp|P78316|NOP14_HUMAN"	"HUMAN"	223141.25	0	2586642.5	0	103655.63	496666.25	1927634.1	1905008.9	2003342.1	1825324.2	2095802.8	2202304.8	1522395.6	2174493.5	1982000.2	1716740.2	1840520	2127369
"sp|P78318|IGBP1_HUMAN"	"HUMAN"	2237960.2	2007701.6	2297176	0	1982024.8	1806611	290741.9	2279474	0	0	0	0	0	1576033.9	1485713.2	1647127.2	0	64616.027
"sp|P78330|SERB_HUMAN"	"HUMAN"	0	0	332284.5	575727.5	599181.7	651918.25	0	249479.72	801136.56	0	727353.25	0	0	673875.9	796057.94	600596.6	0	0
"sp|P78332|RBM6_HUMAN"	"HUMAN"	362935.75	0	402079.7	408452.6	210779.33	302354.1	344217	0	412261.38	0	0	83939.97	0	0	0	0	0	0
"sp|P78344|IF4G2_HUMAN"	"HUMAN"	13355282	10403770	11708810	13560117	10549632	12582501	11922343	10332767	12208900	13780111	13642683	14508173	13377144	13854781	12913863	12343398	13414498	15176861
"sp|P78346|RPP30_HUMAN"	"HUMAN"	913928.25	382501.28	836369.6	605812.4	412818.7	1159024.5	0	1242027.2	245258.36	246319.84	909478.1	740415.5	416650.2	826447.8	733177.44	793840	355236.7	403626.4
"sp|P78347|GTF2I_HUMAN"	"HUMAN"	7688613	8898226	7003245.5	9153353	9861056	11086137	8078105	8372868	7526719	9305000	10311860	10964431	9064969	9344288	11128518	8904515	9740359	10712504
"sp|P78362|SRPK2_HUMAN"	"HUMAN"	159470.58	150002.98	0	192496.22	174095.2	205950.11	0	223850.53	0	214998.88	175975.88	127745.33	229579.56	219445.83	0	0	242465.72	238276.47
"sp|P78371|TCPB_HUMAN"	"HUMAN"	186345230	184438100	185711780	180788320	186395020	189427040	181452930	183133250	183518350	193069680	188844480	186455260	194079120	189927970	188244480	192903580	194584370	184895440
"sp|P78395|PRAME_HUMAN"	"HUMAN"	3396815	2636894	3252684.2	2876383	3160913	3255248	1275868.8	3029528.5	3311516.5	2467480.2	1433244.8	3464366	2558407	1868233.2	2329499	1885800.5	1409914.8	2524359
"sp|P78406|RAE1L_HUMAN"	"HUMAN"	9657601	10550986	7755552	9170847	8245211	11989498	9790389	10627758	9764876	11460340	11077709	11229480	12692872	11395713	12193561	11600622	12728559	11566484
"sp|P78417|GSTO1_HUMAN"	"HUMAN"	59144708	58038056	57420476	54520296	57985308	56289436	55188212	53461384	58334508	53934120	54243376	54933420	54057436	53026224	54942810	54316256	55167420	57091650
"sp|P78527|PRKDC_HUMAN"	"HUMAN"	104116720	93041040	112025560	103909960	97112390	110767624	98179464	101900800	99967900	105734880	108669440	120275420	106638140	110696610	106008380	116020010	103248930	110147240
"sp|P78540|ARGI2_HUMAN"	"HUMAN"	0	0	0	0	0	0	0	0	0	0	0	0	0	0	0	0	0	0
"sp|P78559|MAP1A_HUMAN"	"HUMAN"	515162.78	287859.66	427952.12	590828.06	0	502773.62	586721.9	497185.3	0	0	473055.88	592100.1	0	0	508891.88	0	625117.1	0
"sp|P80217|IN35_HUMAN"	"HUMAN"	0	0	0	0	0	0	0	0	0	0	0	0	0	0	0	0	0	0
"sp|P80303|NUCB2_HUMAN"	"HUMAN"	196573.27	0	0	484250.34	519694.06	231988.47	523026.56	234612.7	0	212579.4	422664.7	494183.6	540795.44	497610.53	537842.75	259948.77	501116.12	281910.25
"sp|P82650|RT22_HUMAN"	"HUMAN"	3442744.5	4201373.5	3676148	1311911.1	4370205	4725394.5	3069531.2	3150618	3184210.2	4282223.5	4207727	2785588.8	5170704	2512924.5	3844872.5	3716061.5	3744697	4829303.5
"sp|P82663|RT25_HUMAN"	"HUMAN"	0	422447.97	333171.1	0	0	0	0	407455.16	0	412778.12	490747.34	0	503983.78	426784.66	0	537944.6	554338.5	0
"sp|P82664|RT10_HUMAN"	"HUMAN"	269102.88	0	253745.66	245852.64	0	551606.25	265799.5	0	248822.47	0	0	0	0	0	0	0	0	0
"sp|P82673|RT35_HUMAN"	"HUMAN"	597354.9	504362.25	558363.44	519028.75	523326.38	524782.06	554569.9	542773.94	509662.4	559097.9	511103.4	512218.38	529255.2	571740.06	526767.06	529440.9	555686.3	539158.44
"sp|P82675|RT05_HUMAN"	"HUMAN"	0	0	0	0	0	0	0	0	0	0	0	703568.4	0	602685.9	605541.06	0	0	582159.44
"sp|P82909|KGD4_HUMAN"	"HUMAN"	0	0	0	0	0	0	0	0	0	0	0	0	0	0	0	0	0	0
"sp|P82914|RT15_HUMAN"	"HUMAN"	0	0	0	0	0	0	0	0	0	151069.42	156423.14	0	328415.6	242695.31	0	0	0	291081.03
"sp|P82921|RT21_HUMAN"	"HUMAN"	0	0	0	0	0	0	0	0	0	170933.95	262410.06	231431.31	396005.03	0	426323.12	551301.1	0	390935.16
"sp|P82932|RT06_HUMAN"	"HUMAN"	658000.4	0	300204.9	655741.75	326937.06	313525.75	773135.6	258901.11	0	575277.5	358614.38	314341.38	681445.25	410969.78	702899.3	397218.1	461080.3	450241.12
"sp|P82933|RT09_HUMAN"	"HUMAN"	0	337750.06	0	0	1096383.2	2143039.2	364017.16	333989.8	416698.97	387785.5	355626.53	355346.1	271575.97	308158.12	764186.9	168277.25	479574.1	2026546.8
"sp|P82970|HMGN5_HUMAN"	"HUMAN"	2465525.2	2091231.1	2130217.8	2352177	2474357.8	632594.56	2135354	2430195	2731885	2103341.8	2079550.2	2362139.5	415483.56	619116.25	567713.56	326993.9	2080285.8	2363396.5
"sp|P82979|SARNP_HUMAN"	"HUMAN"	16294063	15056896	14770121	14561905	15413704	13824896	16276709	15609140	16091283	13629333	14243855	15436040	14535978	13135979	13327116	12168976	13731197	14161172
"sp|P83731|RL24_HUMAN"	"HUMAN"	11235344	10548216	11514727	11550558	10171802	11715858	10975040	10886613	10719480	16534170	10543140	17848718	16971978	17161700	10409988	10048313	10930754	10585035
"sp|P83876|TXN4A_HUMAN"	"HUMAN"	0	0	0	0	0	0	0	0	0	3257101.5	0	3415254.2	3049468.5	3571589.8	3411525	0	3476156.5	1047737.5
"sp|P83881|RL36A_HUMAN"	"HUMAN"	4262102	3167834.5	3130036	3327877.5	3378020.8	3442632	3470401	3202262.5	3657778	3273588.8	3124039.2	3528777.5	3166834.8	3277390.8	3446507	3124044.8	3068600.5	3312816
"sp|P83916|CBX1_HUMAN"	"HUMAN"	1331442.5	1568141.8	1243837.4	1320589	1270995.6	1341021	1142248.1	1084872.2	1210860.8	2866957.2	2903564	2537570	2616973.2	2239698.2	2312022.2	1192110.8	2823382.2	2509222.2
"sp|P84022|SMAD3_HUMAN"	"HUMAN"	0	0	0	0	0	0	0	0	0	0	0	0	0	0	0	0	0	0
"sp|P84077|ARF1_HUMAN"	"HUMAN"	34256904	34239176	36617320	34468132	34240624	35645336	33571572	35017244	35454412	36382216	36422760	36465500	35526160	35295690	36104300	35787972	34977104	34701240
"sp|P84085|ARF5_HUMAN"	"HUMAN"	1408075.2	1991546.2	2142507.8	817751.06	1459275.5	1981580.4	1476560.8	1979399	1428258	3125102.5	2245834	2639347.5	2250578.5	2903329.5	2799175.2	3039563	3211244.2	2885534
"sp|P84090|ERH_HUMAN"	"HUMAN"	21224788	20282808	20791516	20928196	21118796	21590852	21453584	20590454	21962534	20242916	20776404	20132682	20129588	20603126	20500066	20024088	19765826	20363100
"sp|P84095|RHOG_HUMAN"	"HUMAN"	2478772.5	3076749.5	2184742.5	2088923.4	2265491.8	2216482.8	2448808	4453271	2224214.2	2882612.5	2721703.5	2721968.8	2275873.2	1904401.8	3134853.5	2156658.5	1945179.8	2730893.5
"sp|P84098|RL19_HUMAN"	"HUMAN"	14785243	13757728	13763466	14151961	13892895	13844664	14426228	13296877	13504570	13194127	13171988	13451429	12952018	13146792	13148391	12496518	12903070	13602381
"sp|P84103|SRSF3_HUMAN"	"HUMAN"	17889832	18570982	17630480	21901108	17293764	20143714	19406960	19346978	17199132	19110656	19277106	18500322	17542212	19422480	19174660	20162646	18893076	20760056
"sp|P85037|FOXK1_HUMAN"	"HUMAN"	763256.8	1587595.6	569624.4	149557.52	195577.5	1494216.6	162585.1	154181.4	1944284.2	1357842.5	1774149.8	1539007.4	1756083.5	997672.4	1072134.6	1883365.1	1861704.2	671991.9
"sp|P98170|XIAP_HUMAN"	"HUMAN"	0	0	0	0	0	0	0	0	0	0	0	0	0	0	0	0	0	0
"sp|P98171|RHG04_HUMAN"	"HUMAN"	0	0	0	0	0	0	0	0	0	0	0	0	0	0	0	0	0	0
"sp|P98175|RBM10_HUMAN"	"HUMAN"	2682658	2841107.5	2706676.8	2823946.2	2931471.8	2372649.5	3263247.5	1837783.9	2630954.5	1949994.2	3111449	2918671.2	2090223.8	3072429.2	1622522.8	1715671.4	2164196.5	2598799.8
"sp|P98179|RBM3_HUMAN"	"HUMAN"	8525847	7781805	7937925.5	8301000.5	7192228	7564121.5	8073568	7128235.5	8536848	9007048	8543101	7880477	7790068	7799256.5	9808745	7453817	9016202	7398141
"sp|P99999|CYC_HUMAN"	"HUMAN"	36449280	36362444	35905504	36739070	36716680	36973468	37246616	36641484	35552012	37424012	36843960	36547988	37080988	36759180	36859604	36850228	37383870	36018260
"sp|Q00013|EM55_HUMAN"	"HUMAN"	26581966	24938026	25464442	23129062	26825004	27730136	25620418	25947858	23247836	24754534	28285350	25472546	26484678	25098758	28450926	27682930	26048598	28448428
"sp|Q00059|TFAM_HUMAN"	"HUMAN"	5236526.5	4609182.5	5415096.5	5621401.5	5903384.5	5841539.5	5756191.5	4441546	6117738.5	7750019.5	7155718.5	10509915	10361748	10874814	10111905	10416596	7427531	10540352
"sp|Q00169|PIPNA_HUMAN"	"HUMAN"	611545.94	613596.44	733936.4	773530.44	771933.8	727236.7	507141.1	601114.1	861842.44	0	586466.56	617722.3	396146.34	430870.47	817943.7	258732.88	544123.75	446104.34
"sp|Q00325|S25A3_HUMAN"	"HUMAN"	17857258	18678860	17250128	19495726	20203994	16213599	18935386	19590668	19543656	18688904	19018686	19948028	19474798	18266250	19224232	19052302	19390420	18980924
"sp|Q00341|VIGLN_HUMAN"	"HUMAN"	8128243	8246857	9471298	8741818	6965028	9726249	7881984	7296999.5	8149001	7214657	8211229.5	5850850.5	7574472.5	7630688	7306467	7985758	8098269.5	7543132
"sp|Q00403|TF2B_HUMAN"	"HUMAN"	1745032.2	0	2230292.2	2019785.5	2550546.2	2520163.5	911758.06	497211.4	2228382.8	842109.6	1079096.5	1292156.5	1399542	1477694.5	2709942.2	1173362.5	1343685	1400598.5
"sp|Q00534|CDK6_HUMAN"	"HUMAN"	3461345.8	3036000.5	4040102	3822060	4266862.5	2726609.8	3920764.5	2800478.8	3596387.2	3125508.5	3769168.5	1812218.8	3939474.8	3901352.5	3414863.8	3048955	3087173.8	3460831.5
"sp|Q00535|CDK5_HUMAN"	"HUMAN"	0	0	0	172769.39	0	395200.16	187936.86	364551.3	180226.67	406164.88	392748	381726.2	393292.56	365984.5	406725.12	368684.7	432133.25	391355.62
"sp|Q00577|PURA_HUMAN"	"HUMAN"	423585.25	468615.3	571044.2	519729.6	542041.5	917526.4	437650.9	420162.72	427000.06	772963.94	1072609.4	481913.03	2786371	630138.4	498221.5	505720.78	1026756.25	976299.5
"sp|Q00610|CLH1_HUMAN"	"HUMAN"	154423440	186258830	155430180	155024700	155013500	154261170	147994370	149550700	153568510	171724060	163306000	159541440	157265400	159895250	164287230	161350130	161234690	153583890
"sp|Q00688|FKBP3_HUMAN"	"HUMAN"	3335903	5794051	4151995.5	3722513	5052819	3393078.2	5918215.5	6942104.5	3908205.2	5964747.5	6082087	4386164	5453659.5	4738664.5	4088062.2	4951853	5372783	4415594.5
"sp|Q00796|DHSO_HUMAN"	"HUMAN"	3723588.8	4311137.5	4555383	6109002	3374281.5	1969562.4	5395002	3589540.8	4560056.5	5353741.5	6132334.5	4697253.5	1991273.5	5545409	4021778	5835710.5	2899311.5	5732400
"sp|Q00839|HNRPU_HUMAN"	"HUMAN"	198823660	199186540	194638260	197357330	193564750	195064160	197441620	195706580	196758080	198832780	196138660	199150560	200525400	197325810	196980060	201673970	196981860	199033310
"sp|Q01081|U2AF1_HUMAN"	"HUMAN"	16311832	13749077	16861720	13763909	13363573	16257693	14125182	16526493	14092698	16615394	15801795	15390228	14352586	14725355	15101357	16169010	13218364	13782896
"sp|Q01082|SPTB2_HUMAN"	"HUMAN"	1986992	1654577.8	2167765	1379561.9	2175804.8	3754606.2	1142521.8	1347385.1	1335121.8	1194341	841049.06	1249626.1	1482198.8	1238828.2	1142622.4	1334147.2	811103.25	1162948.8
"sp|Q01085|TIAR_HUMAN"	"HUMAN"	4304026	4336108.5	4993627.5	4833344.5	6846366.5	6496457	4251987	4540758	4579489	4434301.5	3760268	4490942	4899339	3687519	4327830.5	4110936	3248546.5	4334887
"sp|Q01105|SET_HUMAN"	"HUMAN"	102494450	106541720	102811656	104003350	105764060	102738550	106949810	105600504	105070290	108191580	108298220	107067430	108816000	107579640	107151680	109276904	108164330	107256616
"sp|Q01130|SRSF2_HUMAN"	"HUMAN"	24454110	24186164	24204112	24621902	24660238	23611238	24453772	24446592	24621698	23458894	24080408	25018380	24839546	25207470	24347456	24949796	25216936	25202940
"sp|Q01196|RUNX1_HUMAN"	"HUMAN"	0	0	0	0	571226.7	0	625867.75	465966.12	0	594414.4	0	664605.4	0	547021.1	858904.6	485735.75	546529	531940.2
"sp|Q01415|GALK2_HUMAN"	"HUMAN"	0	0	0	0	0	0	0	0	0	0	0	0	0	0	0	0	0	0
"sp|Q01432|AMPD3_HUMAN"	"HUMAN"	2791024	0	0	0	1613939.4	0	0	0	0	861528	817651.25	0	1722192.2	0	0	1554495.2	858818.8	942709.8
"sp|Q01433|AMPD2_HUMAN"	"HUMAN"	0	895185.6	0	805989.94	0	0	0	0	0	0	0	155042.81	110085.59	0	990814.56	0	0	0
"sp|Q01469|FABP5_HUMAN"	"HUMAN"	6104264.5	6573634	8238771.5	7547144.5	6690135	7128059	6373754	7956175	6837173	6223996.5	7020919.5	6928510.5	7876364	7405015	6142334	6221865	6810811.5	6426421.5
"sp|Q01518|CAP1_HUMAN"	"HUMAN"	73093336	72031890	68454470	70702536	68571144	71380776	72211430	67997500	70932850	46797850	64730012	59943160	60707370	64749380	46300860	60737172	58184720	46672276
"sp|Q01581|HMCS1_HUMAN"	"HUMAN"	18398706	15436494	18358458	17238454	17128024	19922888	20352784	17354550	19852168	16709527	15792395	15849134	16566589	18154286	15683656	17937536	16762840	15460606
"sp|Q01650|LAT1_HUMAN"	"HUMAN"	617666.1	568666	636063.3	550542.75	573986.2	593920.56	569154.75	583324.4	624489.56	605960.9	596481.2	697163.2	599095.9	612666.5	658664.25	616154.75	650868.3	643621.06
"sp|Q01658|NC2B_HUMAN"	"HUMAN"	1260241.2	1359195	1325811.9	1225762	1060852.8	888803.5	1248928.9	899201.4	1251313.4	895031.8	1443822.1	1628517.4	946351	1445034.5	507306.16	1532254.8	939932.5	1520644.2
"sp|Q01664|TFAP4_HUMAN"	"HUMAN"	592739.5	0	652666.2	596926.3	690967.1	889081.56	558750.4	674136.9	757117.25	563535.06	576257.5	591042.4	749514.06	586959.44	690079.8	633298.06	521292.44	497023.38
"sp|Q01780|EXOSX_HUMAN"	"HUMAN"	1004797.2	1433571.5	1196799.6	1265362.2	1377471	1637527.5	837254.4	1278074.2	1647845	1426965.9	1577951	1081514.8	1690617.9	1757552	1576887	1706462	1254575	2032670.5
"sp|Q01813|PFKAP_HUMAN"	"HUMAN"	19148698	18177258	19102490	19081810	15369165	19836458	27723904	18186240	15697140	18531606	25846176	28203456	26382796	19400910	18428590	20071146	17717902	17851304
"sp|Q01844|EWS_HUMAN"	"HUMAN"	9598489	8914610	9604060	9681469	8645530	9340881	9373825	9428060	9525733	9679292	9432492	9693130	9710051	9134901	9628551	8991887	9312639	9348224
"sp|Q01970|PLCB3_HUMAN"	"HUMAN"	172972.78	0	265721.72	0	244375.7	253731.12	0	0	0	0	0	0	0	0	0	125739.53	0	233872.08
"sp|Q02218|ODO1_HUMAN"	"HUMAN"	2925323.5	1957031.2	3223999.2	2170319.5	2092236.1	1301968.4	1520987	2451755.8	2116639	3290343.5	3645083	5005640.5	3335610	2771781.2	4844104	3332875.2	3508299	2206418.5
"sp|Q02241|KIF23_HUMAN"	"HUMAN"	0	0	0	0	0	0	0	0	0	0	0	0	0	0	0	0	0	0
"sp|Q02447|SP3_HUMAN"	"HUMAN"	917298.8	932098.06	744571.8	863391.56	705473.6	0	834930.06	768369.1	895734.9	552417.56	0	0	477364.4	393526.16	0	0	535011.75	0
"sp|Q02543|RL18A_HUMAN"	"HUMAN"	23625462	21532700	22599322	23759244	22996516	23195452	21777560	21902172	21747456	22089652	21790224	21849196	21978374	21587008	22575864	24344102	21929132	22304112
"sp|Q02750|MP2K1_HUMAN"	"HUMAN"	8136661.5	7781154.5	8595371	9426637	8373762	8886502	8354245	7322322.5	9802298	7507212	8503438	7580473.5	7398439	7108225.5	9108379	7555029	6629336.5	8086491
"sp|Q02790|FKBP4_HUMAN"	"HUMAN"	52249204	49606136	48712416	52410024	52820292	52460970	53581450	51162120	52565144	56322160	57021556	56337144	51393916	54449890	52315056	53834828	53182350	55280590
"sp|Q02809|PLOD1_HUMAN"	"HUMAN"	651026.8	324889.25	0	0	0	413605.78	0	0	0	0	0	223322.34	0	0	0	153390.4	0	127354.125
"sp|Q02818|NUCB1_HUMAN"	"HUMAN"	0	0	461519.16	0	0	0	615498.7	0	0	109684.51	0	114849.02	0	0	0	0	0	762727.75
"sp|Q02878|RL6_HUMAN"	"HUMAN"	60138412	58749560	59057610	62510610	60181436	59241870	61288628	58844788	60977110	62159612	60415400	61427710	59398132	59658828	62041100	58928670	58919400	61680470
"sp|Q02978|M2OM_HUMAN"	"HUMAN"	781912.75	449442.94	519620.94	293358.3	0	198406.02	293988.8	343745.22	231673.31	871046.4	453371.8	551852.6	674371.8	792339.7	290741.06	486585.47	520930.7	781498.5
"sp|Q03111|ENL_HUMAN"	"HUMAN"	0	0	0	0	0	0	0	0	0	0	0	0	0	0	0	0	0	0
"sp|Q03154|ACY1_HUMAN"	"HUMAN"	3884238.5	4210768.5	3869394.2	4153687	4213157.5	5125445	3611920	2737482.8	5887619	3584113.2	4057915.8	4462770	5817083.5	3616954.5	4539844.5	5294359.5	5523106.5	5207628
"sp|Q03252|LMNB2_HUMAN"	"HUMAN"	17017190	19149708	19736296	17515544	19502510	18180090	18318186	18171158	15338371	18262606	20082408	17849636	16634048	22341260	14491225	19359930	15750185	20344402
"sp|Q03701|CEBPZ_HUMAN"	"HUMAN"	3471578.2	2894384	3178346	2789197.2	3564576	2321636.2	2965945.2	2032758.2	3757097	3387633.8	3202062	4183471.8	2917470	2856585.2	4070768	3261517	2834253.8	4739387.5
"sp|Q04206|TF65_HUMAN"	"HUMAN"	441102.66	744788.6	914489.9	867383.06	826863.25	818761.75	0	800978.56	717429.25	779449.1	699535.25	0	391449.7	0	0	762516.94	860586.75	727730.7
"sp|Q04323|UBXN1_HUMAN"	"HUMAN"	3251194	3684831	4247845.5	4896957.5	4444913.5	5651853	4951901	3836474.8	5480626.5	5494144	5430833	5001211	3458696	3660188.8	4565284	3306159	5309207	5315774
"sp|Q04446|GLGB_HUMAN"	"HUMAN"	0	0	0	0	0	0	0	0	0	0	144623.34	0	0	0	0	135906.34	0	0
"sp|Q04637|IF4G1_HUMAN"	"HUMAN"	50309624	49852220	52747044	49445452	51061440	47000440	49823336	49496980	52269748	48737156	47150988	46962372	50424784	48483244	49306636	48258360	45876050	51172764
"sp|Q04726|TLE3_HUMAN"	"HUMAN"	301031.3	303637.94	213218.25	300236.28	2218152.5	0	1934483.2	1877905.4	309095.2	1052237.4	720131.75	310947.53	1332834.2	1211490.2	0	263837.06	155792.03	346332.4
"sp|Q04759|KPCT_HUMAN"	"HUMAN"	0	0	0	0	0	0	0	0	0	0	0	0	0	0	0	0	0	0
"sp|Q04760|LGUL_HUMAN"	"HUMAN"	37498240	37644310	37116510	36839052	35810428	34198396	36354670	37645230	36602824	41597292	36855108	40622332	40227496	39384536	40209276	38589390	41338410	40783780
"sp|Q04828|AK1C1_HUMAN"	"HUMAN"	15199230	14870097	14117543	15517007	13263232	16550807	14629868	15897285	15295425	16966100	13876908	16418664	15946870	14785548	16365697	14482388	17764804	15207210
"sp|Q04837|SSBP_HUMAN"	"HUMAN"	16249898	16438309	16481175	18163146	16297855	15292855	16600955	18727334	16716876	14220251	16731828	13497730	14937301	14398929	16098477	16836138	14871062	16103020
"sp|Q04917|1433F_HUMAN"	"HUMAN"	19851188	19769082	19789284	21637380	19619880	18900096	19214414	20688502	22144466	21587358	18742584	19057210	20612274	18752458	19915616	18322130	20046668	19736854
"sp|Q04941|PLP2_HUMAN"	"HUMAN"	0	0	2512299	0	0	0	0	0	0	2573561.5	0	0	0	0	0	0	0	0
"sp|Q05048|CSTF1_HUMAN"	"HUMAN"	1518650.2	1066245.1	1308790.8	1014269.9	1161106.2	604220.2	1388336	1616248	1565496.8	1514348.9	1400582.1	1982151.8	1370922.5	1428751.8	2209192	1393449	2297227.8	1990777.2
"sp|Q05086|UBE3A_HUMAN"	"HUMAN"	2786644.8	494691.34	1308522.2	1332704	1004904.4	1290022.5	759543.75	2151207.5	2244579.2	743080.4	1120696.1	1115568	368739.53	1148892.9	1065738.8	1628323	570646.75	1301578.1
"sp|Q05209|PTN12_HUMAN"	"HUMAN"	0	0	0	0	0	0	0	0	0	0	0	0	0	0	0	0	0	0
"sp|Q05519|SRS11_HUMAN"	"HUMAN"	6856301	5243003.5	6310961	5730331	6294741.5	9257840	6263557	7153476	7207256.5	9151676	9306054	8842588	8845476	8681630	8605754	9514688	9359384	9351032
"sp|Q05639|EF1A2_HUMAN"	"HUMAN"	2470554	2280771.8	2399095.8	2409200.2	2326930.2	2574934.5	2470521	2054282.2	2441485	2138365	2576335	2235777.5	2179628.2	2157577.5	2005236	2349023.5	2018206.5	2573890.8
"sp|Q05932|FOLC_HUMAN"	"HUMAN"	0	0	0	0	0	0	0	0	0	0	0	0	1299396.8	0	0	0	0	0
"sp|Q05D32|CTSL2_HUMAN"	"HUMAN"	0	0	0	0	0	0	0	0	0	0	0	0	0	0	0	0	0	0
"sp|Q06124|PTN11_HUMAN"	"HUMAN"	2442464	1261702	1784650.5	1887061.1	2469363.8	1664413.2	2257619.8	2075961.8	1959186	1913474.4	2611212.2	1825483.6	3191882.2	1783324.4	1623314.4	1550838.2	2160080.8	2469664
"sp|Q06187|BTK_HUMAN"	"HUMAN"	940757.6	635209.5	1008514.25	1218781	818827.5	1005443	1034121.5	146354.75	555040.8	468905.75	579949.75	347450.34	0	672233.44	0	337581.25	223282.4	327155.25
"sp|Q06203|PUR1_HUMAN"	"HUMAN"	5091486.5	3277203.5	3520036.2	3809632.2	2847788	5081170	3503435.5	2381466	4114892.5	4945545	4358258	6458539.5	5883658	4475305	5813913.5	5507471	4744484.5	4419498
"sp|Q06210|GFPT1_HUMAN"	"HUMAN"	9510780	9981253	9753528	11200137	10138356	10349206	11446545	9992300	12328457	10417510	13479552	8474862	11286705	11310759	10869134	10480601	10563195	10270260
"sp|Q06265|EXOS9_HUMAN"	"HUMAN"	4694950.5	4143247	4264051	5213476.5	4815409.5	5876893.5	4603783.5	4837020.5	5121494	5605288.5	4572498.5	5792814	4046985.5	3964219.5	4887882	4220497	4579190	4410176.5
"sp|Q06323|PSME1_HUMAN"	"HUMAN"	9347600	8828563	9686046	7537875.5	7969868.5	9764994	8772053	8926567	8034645	10822699	10727595	11370848	10237259	10379877	10329193	11815689	10619473	9552012
"sp|Q06546|GABPA_HUMAN"	"HUMAN"	730645.25	876618.3	1019305.06	739780.8	907161	0	622997.75	0	0	0	0	0	0	0	0	0	0	0
"sp|Q06587|RING1_HUMAN"	"HUMAN"	269023.62	27661.156	213972.39	234675.67	0	0	0	274904.2	2566951.8	181350.45	127637.35	0	0	116061.81	185937.06	88691.69	0	128974.414
"sp|Q06787|FMR1_HUMAN"	"HUMAN"	0	0	0	0	0	0	0	0	0	0	0	0	94141.74	0	0	0	0	143932.73
"sp|Q06830|PRDX1_HUMAN"	"HUMAN"	203406380	187373980	201164480	204869550	211183870	203840820	211554620	198939630	207180750	212371860	204011020	216939060	210216100	212120200	214580670	208458420	206802420	209022340
"sp|Q07020|RL18_HUMAN"	"HUMAN"	27350454	27609840	29560128	28339504	29748444	32193604	30286162	27698300	31159364	29260008	29046218	29442248	31873808	29355406	29258202	28932302	29984158	28794576
"sp|Q07021|C1QBP_HUMAN"	"HUMAN"	47204490	48350304	50066628	46807840	45359216	45386224	45791916	49131660	45311364	42197092	49243548	47583230	49742070	45603404	47880800	48608900	48450556	48048670
"sp|Q07157|ZO1_HUMAN"	"HUMAN"	350968.34	0	0	235058.94	344202.4	0	260949.72	307567.7	154500.66	283739.78	654031.1	629211.4	182337.56	695181.25	280990	829219.6	299216.22	381835.53
"sp|Q07666|KHDR1_HUMAN"	"HUMAN"	28695790	27157268	28386802	28678828	31301024	33030472	31487200	28657280	34804576	28384304	22939072	26860158	26192242	27401300	28618990	25779084	27474968	27914168
"sp|Q07812|BAX_HUMAN"	"HUMAN"	0	0	0	553342.25	0	857907.9	0	0	0	679041	564671	906752.1	680036.9	1024639.75	1023421.5	402576.2	522088.8	1014962.5
"sp|Q07817|B2CL1_HUMAN"	"HUMAN"	821701.8	1015308.1	855523.94	0	816337.4	690370.7	635817.4	582243.5	0	0	0	0	457567.66	0	448743.44	540217.3	0	515920.1
"sp|Q07864|DPOE1_HUMAN"	"HUMAN"	290705.25	0	253479.1	0	0	0	0	0	0	0	0	0	0	0	0	0	0	0
"sp|Q07866|KLC1_HUMAN"	"HUMAN"	1430973.4	517463.53	1131116.6	707890.2	986043.9	1626770.4	722791.6	662125.75	1532808.2	2007095.8	1987545.5	352515.75	2103427	2284594.8	3531227.2	632361.6	1155354.5	1391887.8
"sp|Q07955|SRSF1_HUMAN"	"HUMAN"	65272164	63382540	56516690	62734748	57809720	56952028	60412490	62550850	57786936	64229380	60247100	60720748	61359812	58461050	65468970	58893664	58681260	56910310
"sp|Q07960|RHG01_HUMAN"	"HUMAN"	1024916.1	2569215.2	2532001.5	1708097.8	1763593.4	1456800.5	1836854.2	1878363.5	2592667	1396446.2	1290974	2313015.5	2185661	2311899	732369.3	1822137	1276987.2	1818307
"sp|Q08170|SRSF4_HUMAN"	"HUMAN"	12413055	10518979	12584769	9960854	10362219	11817666	12034128	12578340	11524416	13574954	11290238	19804230	13885201	12907483	13129280	13401138	12666686	13695801
"sp|Q08211|DHX9_HUMAN"	"HUMAN"	144425500	151932900	156823100	141359950	147950140	150995870	142061280	144310110	150754190	156871230	155162740	161141950	157599820	156988430	150729600	148823730	153456770	157904600
"sp|Q08257|QOR_HUMAN"	"HUMAN"	8047356.5	5505329	4924627	7161968	7243856	5306135	6044035	5335112.5	6240234.5	7411158	7559814	6180665	7274062.5	6557272	6467438.5	6746811.5	6984234.5	7742042.5
"sp|Q08378|GOGA3_HUMAN"	"HUMAN"	0	0	45527.36	0	0	0	0	0	0	0	0	788551.4	0	0	0	540376.25	1342268.4	0
"sp|Q08379|GOGA2_HUMAN"	"HUMAN"	3099425	1720386	1735042.9	572793.75	1615247.5	2472521	2256878	1701966.5	421594.06	1786448	2074072.2	2159151.5	1409091.2	1440778.2	2391725	1565010.5	2439857.5	1411475.9
"sp|Q08623|HDHD1_HUMAN"	"HUMAN"	1202934.2	1261512.8	940226.5	1095841.8	1379611.1	1079371.9	1567514.8	128408.875	1579189	1013718.1	1203034	1353254.2	1075031.1	1144313.2	1330695.8	1396110.6	1294704.6	1252437.6
"sp|Q08752|PPID_HUMAN"	"HUMAN"	25753458	21093180	20058092	22860154	17875580	24270840	12057518	18809588	17335500	19583076	19595020	13141565	17680500	11913802	16801028	11566510	11802546	19687802
"sp|Q08945|SSRP1_HUMAN"	"HUMAN"	20042466	17102708	20096252	21576502	16168954	18859312	20326000	19399196	19379354	19192166	20595558	20558412	20154174	20717248	20928142	21972724	19207712	20751648
"sp|Q08AM6|VAC14_HUMAN"	"HUMAN"	0	0	0	0	0	0	0	99718.625	0	0	501201.7	0	0	0	0	762408.7	473708.28	0
"sp|Q08J23|NSUN2_HUMAN"	"HUMAN"	33704880	28889034	34841850	30421328	31287156	33145550	33068876	34118092	37414790	31657914	34379692	25871832	28293656	34250430	31964796	31345908	29605126	32066736
"sp|Q09028|RBBP4_HUMAN"	"HUMAN"	64260780	62549732	63226360	63069964	62335716	63688470	63290812	63501360	60167772	61860270	58987276	60502940	61997772	61881620	60657030	61849364	60923236	60922804
"sp|Q09161|NCBP1_HUMAN"	"HUMAN"	12528094	10942931	15001666	13489447	12604580	10865808	12244419	11844276	12221687	13540412	14185117	13935766	13255763	14543362	15234505	13308789	14885421	14819620
"sp|Q09666|AHNK_HUMAN"	"HUMAN"	18095962	17786634	20615330	16449129	14647522	15157982	15563707	16758483	15912787	15072281	16769586	12476653	16163250	13106875	12100856	20309208	14300714	15324170
"sp|Q0VDF9|HSP7E_HUMAN"	"HUMAN"	5484700	5185896.5	6210667	5956076.5	14911218	6545210	6339118	7588166.5	5298939.5	6869518	6517752.5	6221923	5884549.5	6175324.5	7865897.5	8197854	6810804	7868702.5
"sp|Q0VDG4|SCRN3_HUMAN"	"HUMAN"	0	0	0	0	0	0	0	0	273583.8	247682.83	285129.03	232324.66	0	0	0	0	0	306138.66
"sp|Q10471|GALT2_HUMAN"	"HUMAN"	202721.19	1270433.6	867135.4	983692.5	1218299.2	1154457.5	970697.2	886414.75	865889.7	833653.56	807072.7	1321392.8	1115241.9	803116.1	1113061	925667.75	853830.6	599671.1
"sp|Q10567|AP1B1_HUMAN"	"HUMAN"	2250304.8	1743875.5	3061849.5	3497220	2911728	1391369.5	2201020.2	2147758	2171139	7820285	4479547.5	3075969.5	2578463	3234086	2209899	2813949	3023724.2	3207071.5
"sp|Q10570|CPSF1_HUMAN"	"HUMAN"	1842376	1424639.6	1443987.5	2738254	1124769.6	1999819	1465182.2	2241622.8	2020593	1564481	2859124.8	2407801.8	1718117.5	1991949.2	1715037.1	2325650	1794090.9	2173335
"sp|Q10589|BST2_HUMAN"	"HUMAN"	766092.25	664840.1	1149611.5	1105374.4	963033.9	584928.56	817227.8	682546.7	779619.94	1229040.5	1089842.9	1148918.2	1593051.2	1363544	990413.7	653377	934771.2	1234131.5
"sp|Q10713|MPPA_HUMAN"	"HUMAN"	2866942.5	2589370.5	2738512.2	2342334.2	2910981.2	2761716.5	3166107.2	3004954.5	2725410.2	2773747.5	2401686	4253782	2805484.5	3341992.8	3156902.5	2930553	2871646.8	2509418.5
"sp|Q12768|WASC5_HUMAN"	"HUMAN"	0	0	0	0	63110.145	210547.05	0	0	0	295683.94	79283.86	64078.766	54397.855	0	76611.61	0	0	0
"sp|Q12769|NU160_HUMAN"	"HUMAN"	5220137.5	5572007	5485100	4371083	4624762	4526521	3517866.5	5168374	3737279	5356009	4486283.5	5113782.5	5111327	6752789	5803050.5	7093903	4247721	4808311
"sp|Q12788|TBL3_HUMAN"	"HUMAN"	10214354	9131660	7581345	9482496	8501346	10213210	9080494	10210226	8917118	8845068	9133950	6491103.5	10077973	8487338	8073338.5	9520449	8014181.5	9910780
"sp|Q12789|TF3C1_HUMAN"	"HUMAN"	0	0	0	0	0	0	0	0	0	0	0	28453.084	0	0	0	0	0	0
"sp|Q12792|TWF1_HUMAN"	"HUMAN"	0	0	0	0	0	0	0	0	0	0	0	0	0	0	0	0	0	0
"sp|Q12800|TFCP2_HUMAN"	"HUMAN"	1390540	1063399.2	1013585.6	1084868.5	1497549.4	1332996	1301212.8	997405.25	549476.1	1411629.2	899534.25	823058	1407675.5	924796.75	1305221.5	888751.25	809144.25	898328.25
"sp|Q12815|TROAP_HUMAN"	"HUMAN"	0	0	0	0	0	0	0	0	0	0	0	0	0	0	0	0	0	0
"sp|Q12824|SNF5_HUMAN"	"HUMAN"	2922411.8	3380409	1699800.1	3543188	1328630.2	2836281.5	2744995	3019381	2899800.5	3410225	1701447	1899101	3488454	393996.72	2281367.2	1914393.4	2158612	1744112.1
"sp|Q12830|BPTF_HUMAN"	"HUMAN"	0	0	0	0	0	0	0	0	0	0	0	0	0	0	0	0	0	0
"sp|Q12834|CDC20_HUMAN"	"HUMAN"	0	0	0	0	0	0	0	0	0	0	0	0	0	0	0	0	0	0
"sp|Q12849|GRSF1_HUMAN"	"HUMAN"	2563038.5	3463714.2	5063680	1948571.2	2902277.2	3644855.8	2861453.2	4363974.5	2125741.8	4322244.5	4768390	5601331.5	4075075	5546728	5857388	1542636	4036324.5	5962210.5
"sp|Q12872|SFSWA_HUMAN"	"HUMAN"	0	0	0	0	0	202523.73	0	0	0	0	0	0	0	0	0	0	0	0
"sp|Q12874|SF3A3_HUMAN"	"HUMAN"	18408266	17443178	22355260	18729854	18907972	19542534	19292722	18714924	17500364	24947350	22073848	20057670	19729828	22477010	20454352	22116478	21564284	21857788
"sp|Q12888|TP53B_HUMAN"	"HUMAN"	932854.56	955881.6	1528273.1	1236514	759813.3	912181.75	1751741.2	1238450.9	869865.5	1754356.8	1835216.5	1725322.6	1717260.5	1637311.5	914752.44	2106645	1133567.2	1649850.1
"sp|Q12904|AIMP1_HUMAN"	"HUMAN"	15327116	15080252	15001336	13822314	15187030	15537654	15619248	15025278	15044039	16174541	16744806	17274918	17257852	16552912	18296422	16881066	17688210	17082020
"sp|Q12905|ILF2_HUMAN"	"HUMAN"	44412830	43218572	42084468	46034690	43915292	44475150	45824424	44444236	45037076	48621550	46599628	41883744	45609304	42031060	47033136	46751016	41743624	46523830
"sp|Q12906|ILF3_HUMAN"	"HUMAN"	85507580	83592420	88930300	94678830	94754920	85664090	87946950	92321040	96375190	106667624	92954930	98949810	100744540	98241650	89882296	97792290	97191340	91325020
"sp|Q12907|LMAN2_HUMAN"	"HUMAN"	453188.84	2184904	519496.78	518131.7	550393.9	445762.78	554666.06	0	0	0	0	0	480069.84	484232.12	0	604545.25	0	0
"sp|Q12931|TRAP1_HUMAN"	"HUMAN"	53043350	52927360	55459170	51326492	53572056	48582290	50328440	48536244	45635450	49328948	53234050	53863290	49486812	50780052	50457040	51614190	51957556	52529576
"sp|Q12933|TRAF2_HUMAN"	"HUMAN"	0	0	0	0	217741.45	0	0	0	0	0	0	0	0	0	0	0	0	129951.25
"sp|Q12959|DLG1_HUMAN"	"HUMAN"	0	0	0	0	0	0	0	0	0	0	0	0	0	0	0	0	0	0
"sp|Q12962|TAF10_HUMAN"	"HUMAN"	0	0	0	0	0	0	0	0	0	0	196990.3	205323.8	0	244874.19	231553.73	0	0	0
"sp|Q12972|PP1R8_HUMAN"	"HUMAN"	2158430.8	1451972.9	2478801.8	2935081.5	2690572.8	1436314.5	2815067	2483564.5	2524215.2	3768405	2991830	3453520.2	3725929.8	3969898	3148973.8	3063889.2	2898921.5	3849142.5
"sp|Q12974|TP4A2_HUMAN"	"HUMAN"	0	269605.12	0	0	0	0	0	0	0	34420.29	0	0	0	0	0	0	0	0
"sp|Q12996|CSTF3_HUMAN"	"HUMAN"	4858725	1804903.8	2296211.5	2753632	1826973.2	3556913.5	3645447.8	4394419.5	3106851	2479274	2851150.8	2484267.2	3612002.2	2513390.8	3768650.2	3580605.2	2899942.2	3490952.2
"sp|Q13011|ECH1_HUMAN"	"HUMAN"	7520034	7728136	8979945	5209841.5	8434230	7861320	6278346.5	7827752	8112835	9320574	7956558.5	7423609.5	5948871	8585214	4825603.5	8449588	6978455	7256434.5
"sp|Q13015|AF1Q_HUMAN"	"HUMAN"	458903.4	632445.3	567156.44	516194	512205.78	439708.16	443465.7	399199.56	511686.28	538948.75	450807.16	500324.25	630797.3	456538.06	482637.34	582992.3	593049.75	570370.75
"sp|Q13029|PRDM2_HUMAN"	"HUMAN"	0	0	0	0	0	0	0	0	0	0	0	0	0	0	0	0	0	0
"sp|Q13042|CDC16_HUMAN"	"HUMAN"	754301.75	0	887356.4	0	1302838.1	776120	742060.06	0	877115.4	648214.6	591653.5	804100.6	987149.7	616177.94	331416.72	477889.22	771542.94	358235.25
"sp|Q13043|STK4_HUMAN"	"HUMAN"	0	0	317421.7	364789.44	0	218370.58	157516.36	0	447062.06	419803.88	192634.25	0	0	0	153147.47	0	151738.33	0
"sp|Q13045|FLII_HUMAN"	"HUMAN"	15597936	15366317	15857998	15225183	15618940	16008767	14954891	11342909	15928702	16443517	15810811	16743810	16354305	17033368	15583685	15695429	16724289	16629755
"sp|Q13049|TRI32_HUMAN"	"HUMAN"	0	0	0	0	0	0	0	0	0	0	0	0	0	0	0	0	0	0
"sp|Q13057|COASY_HUMAN"	"HUMAN"	1571693.2	1426179.8	2023636	2031253.8	1503357.8	2226879.8	1689378.5	1604095.6	1749493.4	2326574	2761075.2	2625477.8	2831013	3534937.8	4433378	2270922.5	2027801.2	2267625.8
"sp|Q13069|GAGE5_HUMAN"	"HUMAN"	0	0	0	0	0	2628398.2	0	0	0	3417471	3044525.5	2604413	2568207	2580134.5	3566002.8	2669601.2	2723660.8	2516496.8
"sp|Q13084|RM28_HUMAN"	"HUMAN"	0	0	0	0	0	0	0	0	0	0	0	0	0	0	0	0	0	0
"sp|Q13085|ACACA_HUMAN"	"HUMAN"	5588370.5	12083285	6448213.5	6678323	5262312.5	8513491	6652714.5	8017942	6292992.5	11417773	9235061	8397045	8111208.5	7257512.5	10585125	9565011	8733312	8609897
"sp|Q13098|CSN1_HUMAN"	"HUMAN"	7980139.5	7302692	7774486	7394161	4667237.5	8456469	6714721	6802032	8332362.5	7763346.5	9039395	7898617	7903589.5	8910245	7784760.5	6313333	6387820.5	8796778
"sp|Q13111|CAF1A_HUMAN"	"HUMAN"	372431.8	0	306571.3	0	0	0	960335.94	0	324718.34	1602529	1275818.8	1172447.2	1238386.1	1150880.8	1621867	1400430.8	937026.94	0
"sp|Q13112|CAF1B_HUMAN"	"HUMAN"	1045553.6	601304.6	454283.22	509055.75	678392.2	388701.12	741055.44	528520.6	636494	1276982.5	1231999.4	1342875	1132533.9	907276.75	1099989.8	1175802.8	1280227.4	941718.75
"sp|Q13123|RED_HUMAN"	"HUMAN"	2562735.8	1491328.5	490256.12	2673782	2237851.5	2120177.8	1840205.9	1444558.9	1145715.2	1700545.5	2517683.5	1698546	1709493.6	1646667	2090791.8	1737654.8	2214905.8	2593417.8
"sp|Q13144|EI2BE_HUMAN"	"HUMAN"	3034977	2004122.6	8164465.5	7362079	5256491	8302003	8370578	4357272	3470787	4918048.5	3515225.5	4531641.5	2824505.2	3912002	3765901.5	3526269	3571506.5	4860275.5
"sp|Q13148|TADBP_HUMAN"	"HUMAN"	21645954	20779260	21724282	21524110	21592946	21409848	21789086	21583658	21515614	21829600	24030520	22002952	22124068	22942856	22993194	22125822	22540512	22402478
"sp|Q13151|ROA0_HUMAN"	"HUMAN"	21949706	22961264	21738432	21701996	20574752	21670180	21107964	22359150	20962828	22244038	21237984	22580716	21081284	22199178	20854530	20892676	21216350	20812064
"sp|Q13155|AIMP2_HUMAN"	"HUMAN"	4810686	4057401.8	3250454.2	5362194	6308126.5	4536239	4339035	3164969.2	5054306.5	6144944.5	5703984.5	6750927.5	5873205	5686227.5	5875902	4051102.8	6418242.5	4581685.5
"sp|Q13158|FADD_HUMAN"	"HUMAN"	235305.69	0	255875.2	3378352.2	227014.1	241071.33	218653.28	214643.4	3447434.5	207569.11	3546047.5	0	3469220.5	204358.86	3469970	180856.14	0	0
"sp|Q13162|PRDX4_HUMAN"	"HUMAN"	0	0	0	0	609966.44	0	584273.2	578396.94	0	825207.1	581471.56	596690.44	431280.84	573497.06	675429.7	563166.94	531856.3	578721.25
"sp|Q13177|PAK2_HUMAN"	"HUMAN"	13364657	14541194	13103676	11714534	12501320	14906272	15943948	12139343	14140217	17976312	17812412	17563662	16833350	12239984	16899386	14293407	18869922	14848845
"sp|Q13185|CBX3_HUMAN"	"HUMAN"	45300020	45840510	45448464	47197772	45796300	46496508	44111696	44648190	47224584	46980070	46795000	45728252	47125676	46511830	46772936	46846484	45431344	46905668
"sp|Q13190|STX5_HUMAN"	"HUMAN"	0	0	0	0	0	0	0	0	0	0	0	0	0	0	0	0	0	0
"sp|Q13200|PSMD2_HUMAN"	"HUMAN"	39119124	37802092	38407280	39053520	40256132	41962016	38776372	35544464	37926436	45082268	40386810	43326104	43957052	40800604	43636028	42570936	43930388	44033156
"sp|Q13206|DDX10_HUMAN"	"HUMAN"	189283.72	692249.9	174066.8	147836.86	157129.61	859982	157208.84	605069.25	154733.66	135002.58	0	0	423584.56	0	0	165289.6	161632.05	0
"sp|Q13227|GPS2_HUMAN"	"HUMAN"	0	0	0	0	0	0	0	0	0	0	0	0	0	0	0	182404.97	0	0
"sp|Q13228|SBP1_HUMAN"	"HUMAN"	1797006.5	2557879.8	862656.6	2101686.5	1351625.4	2737391.5	310253.56	1578017	1849804.2	358460.66	307034.47	380244.5	331814.78	356614.88	0	320869.8	943453.94	618618.9
"sp|Q13232|NDK3_HUMAN"	"HUMAN"	0	0	0	0	0	0	0	0	0	0	0	0	0	0	0	0	0	0
"sp|Q13242|SRSF9_HUMAN"	"HUMAN"	7936008	5480192.5	7290995.5	5850740	8019316	5561640.5	7854252	5425085	6213275	5629062	7388477	8466946	6074107.5	5783509	8576292	5378982	5702157	8193194.5
"sp|Q13243|SRSF5_HUMAN"	"HUMAN"	4692135	3388918	3616167	4882539	3780879.8	3771869.5	3653311	3033026.5	4915019.5	4687561	3867885.8	4487815.5	4593938	3866131.5	3659422	4161994	4175741	4728014.5
"sp|Q13247|SRSF6_HUMAN"	"HUMAN"	7812214.5	10290684	10458564	7010311	9162863	9849875	8799215	10439536	7426851.5	7175983.5	8565614	8361086.5	6462649	9737690	7520324	8131066.5	10748916	11569531
"sp|Q13257|MD2L1_HUMAN"	"HUMAN"	4192630.5	2608755.8	4460750	4422980.5	2992121.8	4183468	2975321	4340710	4664111.5	4373364	4395928	4603710	3996175	5209967.5	4911362.5	5176251.5	4752508	5472912
"sp|Q13263|TIF1B_HUMAN"	"HUMAN"	98097620	97786560	101132504	103020310	100487784	103951544	102402330	102917310	95651860	103765080	102642430	108304530	105302880	104017540	105126710	109222550	107942070	107294910
"sp|Q13277|STX3_HUMAN"	"HUMAN"	0	0	0	0	111963.74	0	0	0	0	0	0	0	0	115159.33	0	0	0	0
"sp|Q13283|G3BP1_HUMAN"	"HUMAN"	38147180	34870236	35671144	34745148	35742816	34358710	37530156	36204950	35111692	38170428	37361076	36240530	37808476	35525280	40597684	36880172	36136330	35540684
"sp|Q13287|NMI_HUMAN"	"HUMAN"	1279842.5	1003504.2	772788.8	0	0	1162961.5	1155300.5	739993.06	1213946.1	544555.75	763401.7	0	424584.97	675692	783509.8	0	0	0
"sp|Q13309|SKP2_HUMAN"	"HUMAN"	1158383.2	0	1208181.8	968460.2	851221.4	1300999.8	1184442	957974.2	0	0	0	0	0	0	692120.2	691988.3	0	0
"sp|Q13310|PABP4_HUMAN"	"HUMAN"	21477194	18461278	19615970	19790434	21416100	21050020	21214178	19429060	20077204	21832608	20350554	18842416	21406730	20525056	19949982	19219466	20211920	19282444
"sp|Q13330|MTA1_HUMAN"	"HUMAN"	0	0	0	49638.355	261884.81	0	126877.47	365381.97	153506.31	336613.94	197365.17	443871.44	0	287135.53	916611.5	0	122823.58	333512.44
"sp|Q13347|EIF3I_HUMAN"	"HUMAN"	33251666	29954962	30591960	31570546	31622336	27670426	34064140	30634970	35835440	34117956	35588548	35098620	37298932	36906616	36085452	36398260	36029730	35585930
"sp|Q13356|PPIL2_HUMAN"	"HUMAN"	5335061	3139113.5	3300280.8	4369190.5	4027011.5	3674177.5	3976555.5	4635466.5	6152057	5947184.5	5350361.5	5194971.5	3375908.5	5205379.5	3729565	5292832	4685577.5	5534242.5
"sp|Q13362|2A5G_HUMAN"	"HUMAN"	320828.75	257930.16	298485.28	352676.1	341407.97	317757.38	352980.44	316016.03	283180.84	384112.7	342533.38	377632.3	377880.03	330644.25	321544.38	255277.06	301397.66	342692.4
"sp|Q13363|CTBP1_HUMAN"	"HUMAN"	2372089.5	1085270.4	596976	2384414.2	1171567.8	901498.9	1002893.44	1007289.56	569717.44	1983133.9	1933137.5	2112730.2	2442353.5	2283598.5	2177001.2	1272511.5	1919352.5	2219539.2
"sp|Q13404|UB2V1_HUMAN"	"HUMAN"	3524284.8	3636743.8	3309873.2	4125219.8	4430175.5	4303958.5	4472791.5	3027377.8	3599622.5	4346587.5	3318317	4485583	4717269.5	4369004.5	4261318.5	4452717.5	4167559	4507886.5
"sp|Q13405|RM49_HUMAN"	"HUMAN"	0	0	0	0	0	0	0	0	0	0	0	0	451859.8	611667.06	0	0	516605.2	0
"sp|Q13409|DC1I2_HUMAN"	"HUMAN"	3012579.5	2992119	2985234	4541551	3437484.5	3764107.8	4514073	2457835.5	3509207.8	5547316	6239866.5	4417258	5213600	3470365.8	4087891	5543607	3524348	4594463.5
"sp|Q13416|ORC2_HUMAN"	"HUMAN"	213290.42	147668.72	0	1005419.4	1232058.6	142461.95	0	0	0	80083.26	0	0	0	0	860936.1	802432.06	0	163528.17
"sp|Q13418|ILK_HUMAN"	"HUMAN"	292696.62	0	0	212010.86	0	444262.06	326090.2	252596.83	0	0	0	0	862723.25	2006661.8	0	1436499.8	1070658.5	0
"sp|Q13422|IKZF1_HUMAN"	"HUMAN"	156915.1	138496.9	153836.69	364122	375499.75	173522.38	173252	151569.61	464760.2	357097.9	358428.3	392806.6	142594	175503.69	0	227424.66	148424.06	140575.45
"sp|Q13423|NNTM_HUMAN"	"HUMAN"	1101977.2	756633.9	2187176.2	1568568.2	2056905.6	1606379.6	2193004.8	1394890.4	1095671.1	1160482	1830233.1	1631568.8	1960545	2226239	905790.5	1121580.2	1691828.5	1630190.2
"sp|Q13427|PPIG_HUMAN"	"HUMAN"	1866631.5	2657871.5	3055534.5	1258456.5	2133143	4582954	2248395.2	3124279.5	2171578	2728182	2507635	3442810.2	3062572.5	1863307	2058878.2	2316722	2784955.8	2114719.5
"sp|Q13428|TCOF_HUMAN"	"HUMAN"	6996802.5	5961023	7748914	12438106	7020761	6961602	6155846	8060645	12188286	13058794	7888052	11472365	8607100	7133673.5	6659667.5	7899963.5	13176147	6626560.5
"sp|Q13435|SF3B2_HUMAN"	"HUMAN"	34138924	27577708	35048080	31475356	34398784	32575980	29685914	32166794	33737732	32761234	30122672	33755800	35318052	31522864	31216314	29916510	27020406	33519172
"sp|Q13439|GOGA4_HUMAN"	"HUMAN"	306728.5	761612	0	258234.47	0	0	0	504035.4	340045.44	0	42621.043	0	350190.12	0	451672.22	0	969656.1	371215.06
"sp|Q13442|HAP28_HUMAN"	"HUMAN"	9135085	10311231	10827841	11122336	10329339	10575987	10801568	10634939	10884122	11019732	9375875	10576932	9798556	10021828	8428534	10677130	8926025	8615659
"sp|Q13451|FKBP5_HUMAN"	"HUMAN"	28812624	27917400	29567870	27591670	28200780	28673382	27507920	30895480	27159284	29685470	26452176	28995470	25767476	27728150	30531028	27833388	29281562	28318964
"sp|Q13464|ROCK1_HUMAN"	"HUMAN"	0	0	0	0	0	0	0	0	0	0	0	0	54715.81	0	0	0	0	0
"sp|Q13469|NFAC2_HUMAN"	"HUMAN"	0	0	0	0	0	75916.33	0	0	0	60959.203	0	0	67914.06	0	0	92570.02	0	0
"sp|Q13492|PICAL_HUMAN"	"HUMAN"	16686290	16679572	16035660	15329762	15782262	15090998	15430795	17824584	15247764	16318065	17183310	16369100	16027683	16480743	15931572	18651696	14720676	17783774
"sp|Q13501|SQSTM_HUMAN"	"HUMAN"	646592.5	1435973	789453.5	1119505.8	1076582.6	1037786.9	1146565.1	1154016.9	985455.6	1449079.4	1241332.1	1279704.6	1231429.2	1095802	1250898.1	1621159.8	862244.75	1216628.9
"sp|Q13505|MTX1_HUMAN"	"HUMAN"	1347261.8	3469815.5	3922015	2526708	3647988	3867379.8	2831322	396694.97	4030653.5	1345391.2	1916870.8	1982003.2	3736604	2742422	2163028	3742610.5	2786365	3553271
"sp|Q13509|TBB3_HUMAN"	"HUMAN"	2140174.5	1874616.5	1630338.6	279079.84	826848.25	1409013.8	2435946	1590148.5	1414336.8	0	0	102755.84	0	444601.2	0	1446052.2	1076006.6	277028.34
"sp|Q13510|ASAH1_HUMAN"	"HUMAN"	414505.03	0	0	0	401156.66	0	0	360179.78	0	0	0	0	0	0	0	0	0	0
"sp|Q13523|PRP4B_HUMAN"	"HUMAN"	4236787	3394892.8	4111004.5	2291740.5	4058879.2	5574039.5	5148501.5	6172994	5095615	4417717.5	6097535	5527821.5	8092899.5	5250321	7216592	5984801	4068736.2	5416922.5
"sp|Q13526|PIN1_HUMAN"	"HUMAN"	4468234.5	4306397	4282517	4246256	4053185	3070687.2	3914122.5	4269890.5	4184132.2	4225811.5	3695569.2	4499109	4832194	4606341	4733655.5	5862971	5348387	5714213
"sp|Q13541|4EBP1_HUMAN"	"HUMAN"	243003.16	151814.72	2736734	3021409	2948836.5	219515.64	3801354.8	213964.08	3016419	3918585.8	4140310.5	4245612	3585413	3828654.8	4053615.2	3403916.5	3969356.2	3932137.2
"sp|Q13542|4EBP2_HUMAN"	"HUMAN"	121951.6	0	116461.93	0	123516.13	154220.75	113366.48	107255.54	128834.61	129415.72	116709.234	106639.04	112608.21	121450.33	104613.54	113843	68366.47	130370.79
"sp|Q13546|RIPK1_HUMAN"	"HUMAN"	468495.1	500645.7	356744.62	676277.5	424815.34	467918.84	579247.25	82387.59	0	0	0	0	0	0	0	0	0	0
"sp|Q13547|HDAC1_HUMAN"	"HUMAN"	15407757	15054947	14417153	14968297	14457689	14780039	14457923	14566202	14119559	14593070	17517892	16305548	15075003	16062226	14377028	13852336	14824240	17420940
"sp|Q13555|KCC2G_HUMAN"	"HUMAN"	456653.94	436069.88	0	489926.97	349337	529878.5	444082.78	416746.44	496720.47	403213.66	367389.8	376768.47	335562.4	443629.38	378830.78	475181.8	458093.1	393988.5
"sp|Q13561|DCTN2_HUMAN"	"HUMAN"	8387128	6486462.5	8517805	10128522	8861590	6830632.5	9336779	8911312	7137305.5	9950462	9783051	9932852	8533286	11115652	9223787	9957758	9233882	9800410
"sp|Q13564|ULA1_HUMAN"	"HUMAN"	1282881.5	1096677.4	621277.44	471320.75	363638.4	306484.38	729622.25	806414.9	1342720.8	1318984.5	916905.8	1293334	1500066.9	1594848.2	983353.25	1343624.9	1373917.5	1743092.5
"sp|Q13573|SNW1_HUMAN"	"HUMAN"	6958755	6772848.5	8353245	6788515.5	3189104.2	6790541.5	6483697	6422262	4316972.5	5616901	5600660.5	7042992	5979706	6189905	6373976.5	8004938	6570514	5040319
"sp|Q13595|TRA2A_HUMAN"	"HUMAN"	2710353.8	3028874.8	2747492.8	2608438	2954325.2	2540472.8	2610650.5	2827408.5	4929066	2674490.8	2809674	2571611	2884886.2	2896947.2	2451427	2941884.5	2987932.2	2716198.8
"sp|Q13596|SNX1_HUMAN"	"HUMAN"	1047902.1	750379.7	1307266.8	1155228.8	1382647.5	1847224.9	1078403.8	1759851.5	1583670.5	2679305.8	1589586.4	2386370	1785409.2	2883006	445255.53	1159377.2	2307738	1783415
"sp|Q13601|KRR1_HUMAN"	"HUMAN"	0	741445.44	914231.56	0	0	0	846312.8	0	0	782039.56	712915.9	0	1542298.4	919876.4	761800.06	1387644.9	1028783.9	0
"sp|Q13610|PWP1_HUMAN"	"HUMAN"	3853266.8	3826846	3032258.5	3826295.2	4160759	4020204.8	3361846.8	2549032	4074086.5	5155140	4538180	4494852.5	4519043.5	3130743.5	4660126	3508208.8	4201304.5	3519199
"sp|Q13616|CUL1_HUMAN"	"HUMAN"	4578724.5	5280873.5	5080281	5523108.5	5734332	4227075	6157038.5	4129789.5	6328211	5731867.5	6017762	4918568.5	5983047.5	5510055.5	4906289.5	6186706.5	5227703	3127825.8
"sp|Q13617|CUL2_HUMAN"	"HUMAN"	4090303.2	3300930.8	1773086.9	1548050	3334024	1003183	1494989.1	1294217.4	1906477.6	3911507.5	1257200.2	1658788.5	6179677	1555607.8	3326947.5	3514525.5	3743300.2	1895999.1
"sp|Q13618|CUL3_HUMAN"	"HUMAN"	216188.12	0	154967.27	261247.3	144825.73	0	0	0	181376.6	320826.47	524527.25	0	602086	263818.7	727136.1	0	0	267097.78
"sp|Q13619|CUL4A_HUMAN"	"HUMAN"	847077.75	745123.1	895985.6	858241.9	598526.3	892463.4	606311	835993.1	627085	919248.75	612554.6	889778.25	582598.06	600802.06	941973.3	687646.6	870005.5	940594.1
"sp|Q13620|CUL4B_HUMAN"	"HUMAN"	6198892	3023671	5158936	4221675	2982130.8	4657674	2885341.2	5664822	7315122	6346416	2451607.2	1388655.2	2542262.8	2356742.5	5443799	2379873.2	2537060.5	1798774.9
"sp|Q13625|ASPP2_HUMAN"	"HUMAN"	0	0	0	0	0	0	0	0	0	0	0	0	0	0	0	0	0	0
"sp|Q13627|DYR1A_HUMAN"	"HUMAN"	0	14109.534	0	0	13452.558	15470.13	0	11634.69	10808.273	361943.88	377527.38	9055.486	234842.08	0	10628.232	273771.47	0	0
"sp|Q13630|FCL_HUMAN"	"HUMAN"	1609083.4	1516654	1483812.1	1490927.8	1736376.2	1810552.5	1827137.9	1818004.4	1540452.8	1936290.4	1729006.8	1610607.9	1670077.6	1390409.2	1411186.4	1823301.2	1274773.5	1414258
"sp|Q13643|FHL3_HUMAN"	"HUMAN"	2409648.5	2141700.5	2669107.2	2972915.2	3035568.2	2747078.2	2829826.5	2920343.2	2849772.2	3424863.2	3021600	3031780	2892894.2	3311622.5	2987673	3252059.2	3321371.5	3381224.5
"sp|Q13685|AAMP_HUMAN"	"HUMAN"	1286884.6	353241.25	1305042	1052559.8	1539249.1	1285214.4	88645.16	515964	1539899.6	1303395.9	1364325.2	533521.06	1285795.5	801564.25	1155745	1179776.6	1354669.8	1400362.9
"sp|Q13724|MOGS_HUMAN"	"HUMAN"	0	0	0	0	0	0	0	0	0	0	0	0	0	0	0	0	0	0
"sp|Q13769|THOC5_HUMAN"	"HUMAN"	150756.28	1397966.6	0	0	1146029.9	0	1135552	1182789.4	0	1368433.5	2354295	1461144.8	2345730.5	1181039	2341783.8	2447672.5	1165296.6	1326005.1
"sp|Q13823|NOG2_HUMAN"	"HUMAN"	526129.4	0	0	369707.6	237860.6	216652.33	368217.22	226766.62	390803.66	2107511.8	1639240.9	1080846.5	1555940.4	1414591.5	1556855.2	1203213.4	1172449.8	1701618.8
"sp|Q13838|DX39B_HUMAN"	"HUMAN"	111785110	109708040	110826320	111402180	111711490	110921820	111216696	111283670	111083016	111368920	109972710	110792590	109324400	110427120	110148720	109804940	109534250	112316520
"sp|Q13867|BLMH_HUMAN"	"HUMAN"	16503791	16930114	17686462	17039372	16684903	19967694	18024802	17361274	16881594	21750320	19825054	20227272	19655902	19072698	19528624	20318664	19665822	19145502
"sp|Q13868|EXOS2_HUMAN"	"HUMAN"	6903074.5	7232101	7513523.5	5799341	7108119.5	6818303.5	7143122.5	6748243.5	7359525	5531082	4321535	2966473	4642808.5	4361880	4397528	2827172.5	4060808.5	5075269.5
"sp|Q13885|TBB2A_HUMAN"	"HUMAN"	71470220	77732856	79118520	77595310	78672620	80255176	77063310	70217816	73945860	79163896	79529384	76782900	77895070	23022584	21815814	79280344	77927990	21511786
"sp|Q13888|TF2H2_HUMAN"	"HUMAN"	0	0	0	5682437	0	0	0	0	0	67555.56	4452808	0	0	0	4594419.5	0	0	157382.72
"sp|Q13895|BYST_HUMAN"	"HUMAN"	7563628.5	6983769.5	7675689	7720152.5	8354670.5	7723174.5	6954643.5	8223131	6482756.5	7974311.5	7293541.5	7756281.5	8373368	7601062	7995688	7435899.5	7799210.5	8149401.5
"sp|Q13907|IDI1_HUMAN"	"HUMAN"	5387788.5	4590677	6165261.5	4412353.5	5000773	5480659	6012755	5312869	5777093	4795763.5	4262416	6495472.5	4379676	4793120	6157558	5046400.5	4506141	4422989.5
"sp|Q13948|CASP_HUMAN"	"HUMAN"	804770.7	0	664576	408844.44	623590	0	661856.5	438284.78	0	557774.4	0	742204.2	723935	0	680398.1	590667.9	530346.9	0
"sp|Q13951|PEBB_HUMAN"	"HUMAN"	1469661.5	1513956.5	1307562.5	1519988.9	1328710.8	1004602.75	1613224.9	1443051.8	1143330.6	1444450.6	1543635.5	557849.94	1314700.2	921882.5	878594.4	907958.25	883163.5	893362.5
"sp|Q13952|NFYC_HUMAN"	"HUMAN"	0	0	0	0	0	0	0	0	0	0	192746.97	153470.98	0	0	181788.75	0	148831.06	0
"sp|Q14008|CKAP5_HUMAN"	"HUMAN"	19125040	11404880	14025596	12938987	13526557	17857044	19310680	14597118	19499404	18005690	18578828	18246898	14719891	16004207	18516044	13469220	16061466	17942296
"sp|Q14011|CIRBP_HUMAN"	"HUMAN"	13516217	14258126	14156704	13422025	14232928	14481934	14095763	14815616	14645647	14297342	13890162	14148110	13618724	13388797	14314960	14533555	13727922	13631075
"sp|Q14019|COTL1_HUMAN"	"HUMAN"	10708614	11846134	11292032	11645061	12450799	10963166	12101099	10662234	11613669	12342731	11359409	11880788	12425829	10583560	10888454	11573878	12028550	11765206
"sp|Q14061|COX17_HUMAN"	"HUMAN"	874531.56	0	0	860646.75	887640.7	851779.56	0	928830.5	1092869.4	0	896890.3	797638.44	884988	339638.8	987414.8	0	1077930.5	856290
"sp|Q14103|HNRPD_HUMAN"	"HUMAN"	114972700	114792120	115811176	110394490	112282216	116844580	112442600	113728210	113806300	115283390	114800490	114656030	114727496	112593360	116035430	115733560	117330910	114305460
"sp|Q14137|BOP1_HUMAN"	"HUMAN"	9283133	9128305	12650780	7334554.5	8750729	8691623	10604247	12224604	10458092	13134212	11533067	12273730	13616891	8737425	12195998	11642766	7908703.5	9533252
"sp|Q14139|UBE4A_HUMAN"	"HUMAN"	0	0	0	495386.47	172277.42	191369.9	182344.16	191694.9	195316.08	224540.53	0	0	241321.92	0	0	0	0	0
"sp|Q14141|SEPT6_HUMAN"	"HUMAN"	0	0	0	0	0	0	463219.4	0	0	403097.53	533887.44	533134.25	0	459093.12	0	499599.06	442922.66	455450.06
"sp|Q14145|KEAP1_HUMAN"	"HUMAN"	4869992.5	5644312	5593509.5	5656255.5	4733450.5	4547990.5	514002	4386170.5	5936541.5	5254195	5344347	4439640.5	0	211696.45	5551543	0	0	4315296
"sp|Q14149|MORC3_HUMAN"	"HUMAN"	0	0	0	0	0	12536.551	0	0	0	0	0	0	0	0	0	0	0	0
"sp|Q14151|SAFB2_HUMAN"	"HUMAN"	6448131.5	5310192	4806832	4620446	5849565.5	5409806	4512307.5	5496703.5	5239096.5	4188013.2	5865989	4458288.5	4621920.5	5227941	4777472.5	4480135.5	5448393	4463172.5
"sp|Q14152|EIF3A_HUMAN"	"HUMAN"	32584446	28654726	32495732	34184464	32816914	31127380	32471314	33741900	29911366	33202724	33266272	35287200	36082550	35414776	31478842	34339148	41042216	30425560
"sp|Q14157|UBP2L_HUMAN"	"HUMAN"	6689295.5	46010190	48622636	46756796	6345789	6443479	7406669.5	6475943.5	46457896	32189192	30432654	9191340	29363314	31055970	28299464	26806920	7748379.5	9332525
"sp|Q14160|SCRIB_HUMAN"	"HUMAN"	3404424.2	3902891.5	3206878.2	3379210.8	3395631.8	3886202.5	3778298.5	3155739.5	4314934	2812715	2576174	3148236	3392920.2	2830964.8	2358866.2	3195197	3027311.2	2552137
"sp|Q14166|TTL12_HUMAN"	"HUMAN"	13327991	15412740	14437702	13414357	15259264	14918931	17646722	15392602	14110629	16003521	15360784	16898832	14563978	15807056	14411359	19566888	16304576	15421832
"sp|Q14181|DPOA2_HUMAN"	"HUMAN"	0	0	0	0	0	0	0	0	0	1341261.2	0	0	1133389.6	1156437.9	1258218	0	0	1089903.8
"sp|Q14191|WRN_HUMAN"	"HUMAN"	977334.5	1207892.4	869273.7	1259813.1	1367373.6	1361127.6	1446791	0	1090886	0	0	0	0	0	0	0	0	0
"sp|Q14197|ICT1_HUMAN"	"HUMAN"	310946.9	0	347918.22	0	0	0	0	0	0	0	0	0	0	164020.22	0	0	0	0
"sp|Q14203|DCTN1_HUMAN"	"HUMAN"	2866904	1709580.4	1474029.4	1066759.1	2257265.5	2783613.2	2448303.8	2077270.8	1744345	4482512.5	2849856	2696131	5014342	4184787	3841012	4059656.8	3174859.8	1941483.1
"sp|Q14204|DYHC1_HUMAN"	"HUMAN"	53694176	52418790	53431370	58708156	49958140	54878090	52295200	50299500	54303370	58653148	50524490	55863844	54596944	56707540	61249730	56137356	61157120	55412820
"sp|Q14232|EI2BA_HUMAN"	"HUMAN"	4114071.8	4294291.5	4032412.8	3562318.2	5067691	4126248.8	5643060	3593203	4139375	4062628.2	4704380	3699540	4221504	5082451	4608781	3747417.2	3414369	3448202.5
"sp|Q14240|IF4A2_HUMAN"	"HUMAN"	1570789.5	1378680.5	1522730.8	814912.4	1563817.1	1476534	1398719.6	1463129.8	1559483.9	1603227.5	864530.44	1482675.2	888123.7	1496255	1452846	1304104.5	1574775.1	1501939.6
"sp|Q14241|ELOA1_HUMAN"	"HUMAN"	400392.5	587188.2	478924.53	0	0	0	372656	410860	447133.44	0	261068.39	294656	0	314344.7	401692.84	375224.94	0	354883
"sp|Q14247|SRC8_HUMAN"	"HUMAN"	7479663	6251452.5	6495661	7010211	7949060	6905738	5756254	6225192.5	8269190	6382548.5	6241382	8730963	7800329.5	8934825	9995913	7088481.5	8205900.5	8590045
"sp|Q14249|NUCG_HUMAN"	"HUMAN"	0	502157.56	461959.84	467813.44	0	0	512296.34	0	0	390893.8	0	0	0	0	0	0	0	0
"sp|Q14254|FLOT2_HUMAN"	"HUMAN"	6974665.5	5716521	7756859	6194278	2043568.5	5017511.5	6439715.5	5099771.5	4184751.8	3789673	5395978.5	5786051	5649101.5	4185261	4553413.5	4508296	4516386.5	4480481.5
"sp|Q14257|RCN2_HUMAN"	"HUMAN"	0	0	0	0	0	0	0	0	0	104799.53	477769.4	0	0	0	80275.52	0	438919.62	569346.2
"sp|Q14258|TRI25_HUMAN"	"HUMAN"	1070323.2	1310839	1038802.25	1521646.8	641280.75	1322787	1251097.8	954837.75	740235.56	2550352.8	1395001.9	1412739.5	1845572.5	1898552.5	1746394.2	1509765.8	1558419.9	2697127.8
"sp|Q14315|FLNC_HUMAN"	"HUMAN"	58549052	56439780	52834572	56276252	56055930	55467450	56531300	53816824	56400388	63474492	62978176	60318612	66501700	64784884	65696612	64197412	62573616	65800624
"sp|Q14318|FKBP8_HUMAN"	"HUMAN"	779563.56	2540848.2	0	746575.4	1552005.5	721741.94	1465660.6	1301429.5	1530177.8	1298835.4	2842247	3491123	1594981.8	2905788	2327230.2	2725799.2	1831803.8	3120538
"sp|Q14320|FA50A_HUMAN"	"HUMAN"	3182670.2	3033477	3746247.5	3466882.5	3214759.5	3791554	3473964.5	2996764.5	2128621.8	3330712.8	3242019.5	3592283.5	2478083.8	2853485.5	3055061	2600861	3004838	3311948
"sp|Q14331|FRG1_HUMAN"	"HUMAN"	0	240635.05	0	1082406.5	193896.03	199186.77	0	204592.38	424722.84	0	200396.22	90794.67	251711.72	0	0	411164.47	166425.89	0
"sp|Q14353|GAMT_HUMAN"	"HUMAN"	0	0	0	0	0	0	391060.56	0	367621.2	0	550079.56	442119.5	494821.62	0	428949.88	522912.44	510999.38	328030.97
"sp|Q14376|GALE_HUMAN"	"HUMAN"	1085599.9	6206370	1119180.5	1399008.8	1581131.2	1213913.2	610375	3918342	1344947.2	1149969.2	4380690	1502651.2	3824814	1432162.6	1449440.2	3923645	1463138.5	1510147
"sp|Q14444|CAPR1_HUMAN"	"HUMAN"	25208500	15487781	28708582	31747440	23218048	29808796	26668426	21692982	29026522	26613200	27311316	22119338	27280918	24450560	27904090	21930624	26329774	30380392
"sp|Q14493|SLBP_HUMAN"	"HUMAN"	403124.72	447945.7	534203.6	418822.53	409310.28	478243.2	462216.1	474907.34	516930.5	452785.5	470060.53	0	2095833.4	406676.72	0	363048.2	0	534625.7
"sp|Q14498|RBM39_HUMAN"	"HUMAN"	29275346	33907890	31617300	35139640	32908828	35307716	34278000	34095404	34101310	36022976	33200062	34264004	32805002	32346580	33893410	34276616	33412474	34069496
"sp|Q14527|HLTF_HUMAN"	"HUMAN"	0	0	0	0	0	0	0	0	0	0	0	0	0	0	0	0	0	0
"sp|Q14554|PDIA5_HUMAN"	"HUMAN"	142180.31	0	0	0	0	0	0	0	0	0	0	104375.86	269663.97	0	96195.29	0	188003.25	0
"sp|Q14558|KPRA_HUMAN"	"HUMAN"	0	0	119538.85	0	0	133632.03	0	141282.28	145255.86	0	180142.75	0	0	124122.414	0	237904.69	109823.1	0
"sp|Q14562|DHX8_HUMAN"	"HUMAN"	1129742.6	1011386.5	1063362.1	1021916.75	1109014.1	1319414.1	981717.7	1286477.2	1047935.6	1073650.5	1166291.1	1100290	1031649.94	1124873.8	1105544.4	1105180.5	1062715.5	1211251.2
"sp|Q14566|MCM6_HUMAN"	"HUMAN"	44104236	39843924	40782196	44676036	46526508	43483110	43706572	44019996	46667724	47672540	45148930	43950988	46685660	46663356	41613468	44808250	45710010	45411724
"sp|Q14624|ITIH4_HUMAN"	"HUMAN"	1875598.9	2085189.1	1671646.4	2018712.8	2252799.8	1313748.5	1532968.4	2109787.2	1494194.1	1907572.5	2575755.5	2587404	3051935.5	2406427.5	1956064	2909564.2	2745682.2	2448223
"sp|Q14644|RASA3_HUMAN"	"HUMAN"	0	0	0	0	0	0	0	0	0	0	0	0	0	0	0	0	0	0
"sp|Q14657|LAGE3_HUMAN"	"HUMAN"	41000.176	0	39231.266	0	94041.43	0	46828.047	0	0	68290.38	57362.895	69531.52	0	51139.367	0	0	0	51804.59
"sp|Q14671|PUM1_HUMAN"	"HUMAN"	4152651.8	3715642.8	4138876.5	4147154	3725131	3866717.2	3528254	4013856	3955051.5	3973891.5	3424899	4009270	4106826.8	3620457.5	4013597.2	3515481	3118521.8	3788973.2
"sp|Q14676|MDC1_HUMAN"	"HUMAN"	0	0	0	0	137099.83	0	0	0	0	842774.9	28819.527	823827.44	0	0	0	0	0	789856.5
"sp|Q14677|EPN4_HUMAN"	"HUMAN"	3505826	1324676	3476010	1798664.2	1891022.5	3424945.2	3510339.8	3221965.2	2926080	2078346.2	3143482.2	4358789.5	3848399.8	3677518.5	4167415.5	1156495.9	1728314.1	2532642
"sp|Q14683|SMC1A_HUMAN"	"HUMAN"	9007863	12212253	8850290	10537445	9798515	8144540	7130873.5	9575970	9727335	11623862	10361056	10121449	11305338	11418759	9606816	13392000	9371860	7795649.5
"sp|Q14684|RRP1B_HUMAN"	"HUMAN"	0	993396.9	900086.75	0	0	0	354387.2	0	0	413408.78	1649595.5	1772344.9	350209.44	1869992.4	846622.25	1324451.1	1061036.6	369851.1
"sp|Q14687|GSE1_HUMAN"	"HUMAN"	1406345.2	0	230483.02	1298392.6	859438.6	1796468.8	1212015	817303.5	0	2364982.5	184279.48	0	587606.2	0	462588.12	484220.3	0	2167839.5
"sp|Q14690|RRP5_HUMAN"	"HUMAN"	587441.6	736442.2	355842.9	719634	701445.3	558023.75	815812.5	1082576.4	617925	1041993.9	845342.5	573555.7	552655.25	851618.9	1038522.75	1100493.8	573379.8	627160.6
"sp|Q14692|BMS1_HUMAN"	"HUMAN"	4930483	4603542	4902530	4804227	3506731.8	5300209.5	4655707	4750225	5258460.5	5493008.5	4282040	5952615.5	6103832	5026184	5487070	4346884	4629988.5	4733707.5
"sp|Q14694|UBP10_HUMAN"	"HUMAN"	4934810.5	3641077.5	4139452.5	5800712	4054462.2	4928411.5	5657541	4842762	5479501.5	6165063.5	5715012.5	5224637	5530025	6932249	3722984.5	5948190.5	6790691	5983764.5
"sp|Q14696|MESD_HUMAN"	"HUMAN"	0	0	536546	0	671514.56	0	0	1036389.94	437700.66	1167956.5	608109.06	609531.7	510005.88	0	764486.06	0	0	0
"sp|Q14697|GANAB_HUMAN"	"HUMAN"	22099648	20746870	21153090	22821052	22060514	19889688	19862460	22481402	22396976	28858638	29757818	29523192	28814428	27878676	28961326	26623544	28922284	29223686
"sp|Q14738|2A5D_HUMAN"	"HUMAN"	313727.72	278688.78	290586.94	332278.28	299475.53	325588.72	317191.34	336137.38	315617.22	374194.44	380580.3	325182.62	297678.75	335514.03	314428.25	263747.53	346488.72	344456.2
"sp|Q14739|LBR_HUMAN"	"HUMAN"	181210.77	493146.66	0	0	0	590859.3	0	596494.56	189213.6	1037826.4	2911876.5	1257466.8	478728.78	1668668.5	528949	441801	252158.58	1306585.8
"sp|Q14807|KIF22_HUMAN"	"HUMAN"	172590.28	0	0	0	243607.9	0	0	191017.28	0	0	141361.48	195049.44	124105.516	186749.4	0	225106.08	0	0
"sp|Q14839|CHD4_HUMAN"	"HUMAN"	3105571.8	2090107.6	3968234	3362580	4064938.8	4436916	4771580.5	2340765.2	5044541.5	3493120	3086686.8	3140422.8	2604186.5	3974807.2	2798289.5	4448946	3859662	4011612.5
"sp|Q14847|LASP1_HUMAN"	"HUMAN"	6915436	6291056.5	6884761.5	7104071.5	6066128	7765932.5	8104869.5	6099499	7196881.5	9461083	6942250.5	9220616	17237908	13893860	8160052	9838601	7061943.5	9113379
"sp|Q14919|NC2A_HUMAN"	"HUMAN"	1758745.8	1268125.4	1473748.5	1539706.9	1393317	3503101.5	1070983	1415478.1	1304734.5	1522917.5	1394510.2	2122553.2	1802151	1895265.2	3264969	691404	1627524	1411051.2
"sp|Q14966|ZN638_HUMAN"	"HUMAN"	2415820.8	3503221	3278912	2875593.5	2320078.8	0	2413360.8	3171607	3302368.8	2588669.2	0	990652.1	1391372.9	1483701	0	0	0	0
"sp|Q14974|IMB1_HUMAN"	"HUMAN"	93262410	90635140	93737910	86831300	90943016	90985810	84455640	91061460	95675850	93364320	92529850	86247464	102569330	89225096	90117816	93121360	90299390	92585224
"sp|Q14978|NOLC1_HUMAN"	"HUMAN"	15506740	12307552	14807030	15634848	15619397	14405405	13617717	13895744	15883648	14450392	16559637	16037995	15165876	16931088	15749417	15400167	14119355	15945941
"sp|Q14980|NUMA1_HUMAN"	"HUMAN"	14957377	11802997	12144085	13618718	12244774	12315745	12622226	13784041	14603292	15352776	14439790	12527434	13416710	13604381	12558196	14354668	13448538	14530502
"sp|Q14997|PSME4_HUMAN"	"HUMAN"	3310686.5	2890066.8	3039274	3033989.8	2965618	2697522.2	2710224	2182834.5	3124099	1821631.2	1657536.2	1112428.6	1567317.8	1658293.8	1551376	1734273	1783603	0
"sp|Q14C86|GAPD1_HUMAN"	"HUMAN"	6469709.5	7919356	6033814	6014312	6068372	5340770.5	6084931	3855826	4881816	7969028	5918627	7568008	5028442.5	4975364.5	5262520	5867481.5	6177146	6930268
"sp|Q14CX7|NAA25_HUMAN"	"HUMAN"	10003216	9885530	12208701	10732993	10785240	9633588	9121801	10600939	10587590	5196604.5	6225876	5557946	5728945.5	5723202	5806527	5943452	5642251	5916998.5
"sp|Q15003|CND2_HUMAN"	"HUMAN"	1432826.1	2561853.2	1051129.6	1760159.6	2141018.8	1635586.6	2506016	3164781.8	1551260.8	3285323	3804221	2871719.8	3857031	3404694.8	3336999.8	3676791.5	3749370.2	2746470.2
"sp|Q15004|PAF15_HUMAN"	"HUMAN"	0	0	0	0	0	0	0	0	0	0	0	0	0	0	0	0	0	0
"sp|Q15005|SPCS2_HUMAN"	"HUMAN"	0	0	0	0	0	0	22330.16	0	17382.215	0	491390.97	0	402179.5	420289.12	0	475877.66	0	705982.8
"sp|Q15006|EMC2_HUMAN"	"HUMAN"	422030.75	0	435472.06	0	613698.94	0	0	0	0	208113.06	657753.75	478013.88	0	0	0	0	0	631947.44
"sp|Q15007|FL2D_HUMAN"	"HUMAN"	1044403	0	0	897501.3	142030.31	914562.2	0	144835.33	0	55243.9	154739.34	1310020.4	132577.7	1151225.8	890155.3	0	119551.586	1091776.8
"sp|Q15008|PSMD6_HUMAN"	"HUMAN"	16133829	14487564	13557887	13884303	14777287	14063141	15098454	14215233	15118629	14255892	13638128	12843924	12399979	14379750	14493476	12730839	13240022	13599607
"sp|Q15018|ABRX2_HUMAN"	"HUMAN"	0	0	0	0	0	0	0	0	0	0	0	0	0	0	0	0	0	0
"sp|Q15019|SEPT2_HUMAN"	"HUMAN"	7842700	8806027	7483270.5	8042717.5	7276059.5	7638793	8889983	7734749	7787939.5	7392477	7874981.5	8491344	7732842	7677322.5	7814938.5	7936785.5	8004254.5	7746285
"sp|Q15020|SART3_HUMAN"	"HUMAN"	7247801.5	5794365	5963645.5	6769118.5	6905583	6958727.5	7097994.5	5884822.5	5715157	5196044	6760503	5069264	5201400	6004496.5	5110540	5731865	5448164	5282411.5
"sp|Q15021|CND1_HUMAN"	"HUMAN"	5703124	2749625	6367447	6012232	4714585	6955310	3789957.5	6181503	3097786.2	6229989	6471953	5876674	4107195.8	4489139.5	4513344	5696346	5185169	6857960
"sp|Q15022|SUZ12_HUMAN"	"HUMAN"	608095.2	0	0	0	0	0	678124.9	679069.5	736862.9	0	471981.44	0	0	0	352253.6	0	455704.06	289002.06
"sp|Q15024|EXOS7_HUMAN"	"HUMAN"	2751936.2	2571560	2547600.2	3214674.5	2319458	2602912.8	3183524.2	2413360.5	1949690.6	2059267	5522177.5	6113136	6240571	6398874	6098555	2887373.2	2831802.5	5692093.5
"sp|Q15029|U5S1_HUMAN"	"HUMAN"	52465520	50038540	54586156	53764704	54180530	51374476	52351184	54376296	53915224	53219932	53284372	53688380	52276772	53467256	54499332	53338964	56254492	53569396
"sp|Q15031|SYLM_HUMAN"	"HUMAN"	0	0	0	0	0	0	0	0	0	0	0	0	0	0	0	0	0	0
"sp|Q15041|AR6P1_HUMAN"	"HUMAN"	1331357	1388501.1	1424683.6	1447844.8	1156011.9	1466924.8	1311473	1037925.25	1360408.6	1217485.8	1799054	1995551.1	229631.36	1408005.5	1017744.44	1908830.6	1993488.6	1137634.1
"sp|Q15042|RB3GP_HUMAN"	"HUMAN"	2141570	2563642.2	2398271.2	2223573.2	1707732.5	3491957.2	1374872.2	3599866.8	1034681.25	2929886.5	3259399.5	3484859.8	1479224.8	3237090	2307137	3488752.5	3374740.5	3498294
"sp|Q15046|SYK_HUMAN"	"HUMAN"	35327424	34241924	34977388	33674816	30366256	32229042	37650804	33920636	31705850	36806428	33607390	34345844	34964320	36592730	36730740	33568980	34454748	35369336
"sp|Q15050|RRS1_HUMAN"	"HUMAN"	10204142	8611395	10118500	9572268	11386196	9122390	9055709	11572602	8370043	11721499	9944027	9189795	9599035	9545662	10631813	10824371	10738089	11939577
"sp|Q15054|DPOD3_HUMAN"	"HUMAN"	923203.8	0	1291498.5	245889.56	0	977170.75	0	977800.75	0	0	0	0	0	0	224021.11	0	0	0
"sp|Q15056|IF4H_HUMAN"	"HUMAN"	27811706	26612124	27110202	26463678	26907212	27616738	26431648	26866046	26980504	27976932	25614940	27426114	26037214	25821598	27053740	26585058	25910274	25982384
"sp|Q15058|KIF14_HUMAN"	"HUMAN"	0	0	177784.64	0	0	0	0	170589.53	0	0	0	0	0	0	0	0	0	0
"sp|Q15061|WDR43_HUMAN"	"HUMAN"	3319587.2	2705301.8	3465523	3740494	4091417.2	3703429.8	3687299.2	3510890.5	3432590	3383478	3451892.5	4045283.5	3529651.2	4001003.8	3357751.2	4134009.2	4086763	4100453.5
"sp|Q15067|ACOX1_HUMAN"	"HUMAN"	172964.8	257411.77	175797.31	0	0	0	0	0	0	0	0	0	222245.56	0	185216.73	237068.17	1668987	102223.055
"sp|Q15070|OXA1L_HUMAN"	"HUMAN"	0	0	0	0	0	0	0	0	0	0	0	0	0	1171416.9	0	0	0	0
"sp|Q15072|OZF_HUMAN"	"HUMAN"	0	0	0	0	0	0	0	0	0	0	0	0	0	0	0	0	0	0
"sp|Q15075|EEA1_HUMAN"	"HUMAN"	0	0	203982.02	0	0	155216.78	620471.5	0	0	624655.75	592695.9	835269.4	502671.38	1182025	644178.9	1012599.6	528655.3	624836.44
"sp|Q15084|PDIA6_HUMAN"	"HUMAN"	23099498	25617018	22302452	19610056	24370598	23759560	24990262	22842422	24740432	18279226	25042296	18772172	24801480	24137768	18445040	25568164	19618618	24872376
"sp|Q15102|PA1B3_HUMAN"	"HUMAN"	13837399	10579500	11453395	11688078	11106066	12617383	13102098	7963229.5	12267529	9760993	14894983	10803538	10280104	10322314	11831756	10675690	12406824	10560636
"sp|Q15121|PEA15_HUMAN"	"HUMAN"	899728.4	836895.1	1299381.2	1226396.5	1936571.8	882622.4	1023739.25	975622.9	1270326.6	673243.25	854038.25	1011801.7	1042813.75	1230935	1591989.6	694959.6	740201.94	1078231.9
"sp|Q15125|EBP_HUMAN"	"HUMAN"	0	0	0	0	0	0	0	0	0	0	0	0	0	0	0	0	0	0
"sp|Q15126|PMVK_HUMAN"	"HUMAN"	163098.45	0	0	201632.44	203020.47	234921.62	195656.23	180090.33	187894.14	181184.27	187860.4	179114.89	235135.77	183067.58	229706.08	152865.72	237935.61	220847.33
"sp|Q15149|PLEC_HUMAN"	"HUMAN"	11279691	12542095	12989274	14425569	15619828	22213374	23702672	14885445	12626899	20659942	21448338	20908856	22093630	18622660	16530086	15197300	13265621	16992550
"sp|Q15154|PCM1_HUMAN"	"HUMAN"	783568.75	1107675.5	1483249.9	1566540.4	0	1322473.8	1482017.5	1422289.1	1063994.4	1637351	1389989.5	924419	1054878.1	1109003.5	907031.4	925121.56	740636.75	765660
"sp|Q15172|2A5A_HUMAN"	"HUMAN"	0	0	0	101505.92	0	0	0	99451.41	0	0	129564.77	137697.77	0	317621.4	139578.62	122705.54	109186.35	0
"sp|Q15181|IPYR_HUMAN"	"HUMAN"	85724220	80078980	83288900	81297690	77965740	84607710	81437660	78539930	80286056	89548740	73524456	84827380	80784664	80325256	85014584	80172504	81893530	81730060
"sp|Q15185|TEBP_HUMAN"	"HUMAN"	63749516	60578772	62728570	63072960	62683296	62808364	62745536	62341308	62704104	63730950	63808810	64799336	63700124	63593348	62881150	61337948	64424940	64640556
"sp|Q15208|STK38_HUMAN"	"HUMAN"	0	0	0	0	0	0	1089601.8	0	0	0	0	0	0	0	0	0	0	0
"sp|Q15233|NONO_HUMAN"	"HUMAN"	86840530	88631020	88402024	88964184	87707050	84917120	84806300	85405320	87247736	87874940	90203096	85375800	89091860	89542184	86763336	87726150	88244770	90830450
"sp|Q15257|PTPA_HUMAN"	"HUMAN"	3661805.8	3958551.8	3567123.2	3902407.5	3496712.5	3409744.5	3748595.5	2998808.5	3684983.2	3412805.5	3496712.5	3790386.8	3287052.8	3141408.5	3222963.5	3404480.8	3490879.8	3360909.8
"sp|Q15269|PWP2_HUMAN"	"HUMAN"	5500644.5	5220057	6263363	6187421	5321796.5	6525581	6046587	6797257.5	5323558	10611265	6628694	7173458.5	6182980	7064761	9117646	10409106	8489520	7210462
"sp|Q15274|NADC_HUMAN"	"HUMAN"	11687931	11308569	1056176.2	11057678	11131622	851453.44	1067907	846466.1	909303.1	7797128	7662607	7953344	8040760.5	7821774.5	8097100.5	7787150	7741820	8721618
"sp|Q15286|RAB35_HUMAN"	"HUMAN"	3943290.5	2584680	2434774	2653508.8	2128576.5	2809992.8	3231965.2	2317685	2415617	1937516	2027129.6	2072325.2	1701718.9	2580615	2582131.5	2850352.2	843138.7	2526699.5
"sp|Q15287|RNPS1_HUMAN"	"HUMAN"	12855971	13146021	13635520	13369054	14084561	13572750	13063732	13493765	13884307	13567358	13757676	14292177	13094179	13382578	13975827	13688141	13789441	14276442
"sp|Q15291|RBBP5_HUMAN"	"HUMAN"	2047386.5	1993815.2	2183380.2	1374916.5	1563927	3003498	2183896	1973330	2992729.5	1334952.5	2833500.8	3654232.5	2123185.5	776246.4	2193341	1304080	2243745.8	3588314.5
"sp|Q15311|RBP1_HUMAN"	"HUMAN"	0	0	0	0	0	80318.69	0	0	62692.113	0	0	0	0	0	0	0	0	0
"sp|Q15363|TMED2_HUMAN"	"HUMAN"	620060.25	458706.8	565854.44	516448.75	447109.5	646707.8	453901.28	613648.25	513423.94	405552.9	560980	594551.75	483652.56	429375.53	506494.3	0	595991.44	480399.5
"sp|Q15365|PCBP1_HUMAN"	"HUMAN"	119905200	116291870	117269840	120695140	120128240	119379500	118935650	119015260	119695850	120720370	119111920	117084580	117028940	118231810	118535360	117175310	117789110	116415670
"sp|Q15366|PCBP2_HUMAN"	"HUMAN"	51362760	50387132	50410764	52113972	53770750	51842736	54186520	51475216	49803660	53206348	53538564	52604630	52738156	52382070	51155100	52546732	52237570	53675550
"sp|Q15369|ELOC_HUMAN"	"HUMAN"	9274387	9118486	9401585	9573539	9524726	9667308	10299630	10131393	9211724	9665068	9585323	9320932	9352962	9756754	9244227	9211360	9122971	9304693
"sp|Q15370|ELOB_HUMAN"	"HUMAN"	11540697	10688169	12471943	10154080	11488475	12047407	10666955	11657219	11525016	10705927	11477616	9728663	11801560	11754326	10895078	11636126	11375144	11495109
"sp|Q15382|RHEB_HUMAN"	"HUMAN"	2525833.5	2841650.5	2448054.2	2674504.5	2294999	2473507	2675598.8	2350048	3155886.5	2593075	2876749.8	3490523.2	3286446.5	3324585	2976135	3354082	3010776.5	3107687.2
"sp|Q15388|TOM20_HUMAN"	"HUMAN"	1721706	3208061	1637932.5	1479108.4	1954497.6	1470235.6	1936094.1	1489053.5	1116504.4	2439888.5	2660721.8	3237953	2840665	2979392.2	2379929.8	2600561.2	2732728.5	2851010
"sp|Q15390|MTFR1_HUMAN"	"HUMAN"	0	0	0	0	0	0	0	0	0	0	0	0	0	0	0	0	0	0
"sp|Q15393|SF3B3_HUMAN"	"HUMAN"	43728104	68175550	70400040	75383900	73330610	75425980	70629230	132445400	73692940	77447140	77070990	73428480	47115920	49135680	77789930	47858080	75920140	75520440
"sp|Q15397|PUM3_HUMAN"	"HUMAN"	0	0	0	0	0	0	0	0	0	0	0	0	0	0	0	0	0	0
"sp|Q15398|DLGP5_HUMAN"	"HUMAN"	230887	271720.78	98328.64	0	931688	0	170113.64	500702.62	104856.63	274274.9	0	419979.28	673204.1	421217.62	305546.6	201398.3	1079666	474827.38
"sp|Q15404|RSU1_HUMAN"	"HUMAN"	0	229508.92	0	218166.3	0	0	209273.02	0	0	206448.5	0	0	182904.34	304737.78	0	204599.47	182456.66	226096.48
"sp|Q15418|KS6A1_HUMAN"	"HUMAN"	1103699.8	0	1322554.2	1296980.6	1747477.2	0	1195959.8	1187280	1180349.2	1638937.5	590888.44	1199879	1228919.9	277668.97	1514387.2	1685524.8	1243694.4	1801662.9
"sp|Q15424|SAFB1_HUMAN"	"HUMAN"	25328818	24237314	25116050	24854464	28215146	26176842	29042226	27871014	26137862	29536818	27775016	31071862	27817188	25359488	28108896	26275304	28447130	27428768
"sp|Q15427|SF3B4_HUMAN"	"HUMAN"	7559288.5	7532859	7662824	7702772.5	7100071	7779416	7772002.5	6951504.5	7221579.5	7100866	7379661	7707520.5	6760422	7060803	6721105.5	7796923.5	8028453.5	7784340.5
"sp|Q15428|SF3A2_HUMAN"	"HUMAN"	9065143	8855448	9366045	9226059	9344351	11147877	10002533	9681941	10163542	9452220	10180098	9277030	9802414	9861663	9236142	11181096	9898334	10925765
"sp|Q15435|PP1R7_HUMAN"	"HUMAN"	5222095.5	7408059.5	589545.8	0	2981255.5	7572774	8789985	2764954	2057933.1	3491212	3163591.8	3584461.5	7091224	4239373	647478.5	2990752.5	3588339.2	2247223
"sp|Q15436|SC23A_HUMAN"	"HUMAN"	195378.17	218611.55	0	0	181420.84	0	160817.06	178509.3	211059.23	182445.45	183672.47	206994.53	191817.78	205993.92	203227.34	198121.19	192830.66	148801.7
"sp|Q15437|SC23B_HUMAN"	"HUMAN"	6741704.5	6664605.5	4880563	7418350.5	5499894	5211966.5	6530511	6219060	5925476.5	3832521	5747018	5922538	6226472.5	6147628	7442983	6747433.5	6776837	4663645
"sp|Q15459|SF3A1_HUMAN"	"HUMAN"	30319612	29462062	31833854	32698888	29688740	30331566	30658462	30761100	29611250	33756504	32565332	33683176	30707432	26683242	28129696	32064566	32206298	30823734
"sp|Q15532|SSXT_HUMAN"	"HUMAN"	668818	688350.9	585768.6	695607.3	674272.94	717220.5	673095.1	661541.25	638352.94	732428.56	705390.8	745242.06	686171.3	826339.5	801783.8	732428.1	761918	833260.8
"sp|Q15545|TAF7_HUMAN"	"HUMAN"	0	0	0	509021.5	0	0	266436	0	0	0	0	215922.11	0	0	0	0	0	201345.16
"sp|Q15555|MARE2_HUMAN"	"HUMAN"	3515137.8	3223049.2	3570848	4062023.5	3778683.5	3703772	3445259.2	3873988.2	3797909.8	3167173	4262396.5	3992414.8	4170956	3480969.5	3690543	4087501.8	4016622.5	3878570
"sp|Q15599|NHRF2_HUMAN"	"HUMAN"	0	0	0	0	0	0	0	0	0	0	126540.164	0	41036.938	0	0	0	0	0
"sp|Q15631|TSN_HUMAN"	"HUMAN"	20043622	18413354	20528096	19707656	20586102	18341070	19031146	18104882	20086720	19017578	19030970	18989042	19346148	17779768	19951302	19522490	19392632	19236366
"sp|Q15637|SF01_HUMAN"	"HUMAN"	16661551	13733448	14970880	16500453	17085772	18397382	17262476	15565296	17951618	19524714	19913708	19057438	18005536	19369798	19866072	19600760	18343930	19186476
"sp|Q15642|CIP4_HUMAN"	"HUMAN"	385527.2	456321.12	103677.26	363078.28	0	377567.88	365590.84	381427.44	441890.78	498350.3	434675.38	623704	353858.8	405152.88	331410.88	377490.06	453612	380165.6
"sp|Q15645|PCH2_HUMAN"	"HUMAN"	1932697.4	1876119.2	1615276.1	1252358.2	2146392	1249580.2	1585817.1	1152269	1757835.8	2469376.5	2714167.8	2972089.5	2887035.8	2916202.5	3543997	1914510.8	2173729.5	2309986.8
"sp|Q15648|MED1_HUMAN"	"HUMAN"	0	186769.39	0	0	0	0	410805.34	0	0	266237.6	0	0	216794.77	344517.06	0	237991.14	286320.84	250749.16
"sp|Q15651|HMGN3_HUMAN"	"HUMAN"	0	0	0	0	0	0	0	0	0	0	26388.324	0	5931.199	0	0	20786.203	0	23186.908
"sp|Q15652|JHD2C_HUMAN"	"HUMAN"	0	0	0	0	0	0	0	423817.94	0	0	0	0	0	0	0	0	0	0
"sp|Q15653|IKBB_HUMAN"	"HUMAN"	0	0	0	0	0	0	0	0	0	0	0	0	0	0	0	0	0	0
"sp|Q15654|TRIP6_HUMAN"	"HUMAN"	1467218	1692688.8	1703392.6	1553188.8	1545987.2	1537615.5	1646334.8	1713852.8	1643323.4	2151605.5	2760500.5	2092051.8	2270545	2148643.2	3049281.5	2255175.8	2049735.6	2123745
"sp|Q15691|MARE1_HUMAN"	"HUMAN"	24444162	25180798	23141124	22690654	25245630	24797636	40534000	24799592	24772266	28339852	40631700	44927584	27101706	25295356	25773994	29743740	25703570	25421298
"sp|Q15717|ELAV1_HUMAN"	"HUMAN"	28030040	27401098	27895900	26815276	27062692	25882086	28340734	26169382	24697042	24795716	26933784	23561014	24271948	24867378	25645294	28713728	25489998	24332246
"sp|Q15738|NSDHL_HUMAN"	"HUMAN"	1079616.9	0	786584.2	283445.06	760372.06	691097.2	1261822.5	0	975590.3	431013.88	830505.6	1026331.9	812531.5	596030.94	798974	1043422	715831.6	431043.12
"sp|Q15750|TAB1_HUMAN"	"HUMAN"	0	0	0	0	388648.44	0	261049.6	327467.12	0	0	0	0	0	397326.3	0	372273.22	221227.66	0
"sp|Q15758|AAAT_HUMAN"	"HUMAN"	15105284	15325503	14993425	15402713	15911335	15094470	15500300	15549034	15417741	15779332	17018546	16244229	17493958	16386558	16286879	16436278	15297380	16698506
"sp|Q15773|MLF2_HUMAN"	"HUMAN"	541086.2	0	0	546255.44	0	0	0	0	0	457971.8	448228.03	539917.06	544003.8	550919.94	0	378608.25	0	428474.62
"sp|Q15785|TOM34_HUMAN"	"HUMAN"	5847277	1663574.5	2470990.2	3029781	1513237.5	4244221	3090686.8	3221933.2	1548722.5	2046109	2027501.2	2790875	2857718.2	2195917.2	3239791	2944283.5	3029314.5	3239048.8
"sp|Q15813|TBCE_HUMAN"	"HUMAN"	3013108.5	3708879.5	2532483.5	2780651	1457410.2	2628903	4023372.5	2848439.5	1974558.4	3986877.2	4475419	2713275.5	2876423.5	5827505	3816582.2	3313054	3922882.2	4097295.8
"sp|Q15814|TBCC_HUMAN"	"HUMAN"	0	0	0	0	0	0	0	0	180682.72	0	0	0	0	0	0	0	0	0
"sp|Q15819|UB2V2_HUMAN"	"HUMAN"	19170438	18907962	16500534	18823082	30616360	16201075	19453166	29914348	20262816	21748622	21244232	19432424	18475578	17358234	17762724	19519618	17185416	19986816
"sp|Q15833|STXB2_HUMAN"	"HUMAN"	1560947.6	922977.6	0	746128.1	2124201.2	2248255	546927.75	2186132.2	0	1972812.8	2893396.8	1395428.9	2864786.8	2566741	1725579.2	1435328	2346919.8	2101212
"sp|Q15843|NEDD8_HUMAN"	"HUMAN"	4565297	4600822	3137809.8	3995094.2	4063279	3870076.8	3435672.5	4377505	3463214.2	4334917.5	5393916	6429923	4364214.5	3433822.2	4463949.5	5473383.5	6089078.5	6317911.5
"sp|Q15907|RB11B_HUMAN"	"HUMAN"	7613101	9201391	7490334.5	8342646.5	7358757	6472822	7594355	7620150	8092716.5	10448527	8031941.5	9719224	8721110	8243976.5	9060051	8295802	8287338	10620533
"sp|Q15910|EZH2_HUMAN"	"HUMAN"	0	0	0	0	125214.64	179809.12	0	186106.45	0	7420176.5	6982829	189853.97	8604672	2071807.4	181583.5	217201.52	7943090	175729.27
"sp|Q15942|ZYX_HUMAN"	"HUMAN"	0	0	284427.8	261828	0	0	0	301087.25	286714.6	765650.4	963120	723423.25	995925.75	243373.14	1010899.2	993421.4	258154.38	0
"sp|Q16143|SYUB_HUMAN"	"HUMAN"	0	535484.4	523435.8	0	716072.2	0	0	0	0	0	0	0	648770	0	0	0	0	0
"sp|Q16181|SEPT7_HUMAN"	"HUMAN"	7861678.5	7440614	8196194.5	7243888	7163831	7909082.5	7354213	7547217.5	8369151.5	7825983	7542171	7543601	7678721.5	8067951.5	9526265	7107524.5	8518101	8041493.5
"sp|Q16186|ADRM1_HUMAN"	"HUMAN"	5952288	6108809.5	5418051.5	5048230.5	5261944	5464568.5	5375947	4731652.5	5488024	7170291.5	7083811.5	5942466.5	6168705	6104220	7061147	6777322	6198855	6313752
"sp|Q16204|CCDC6_HUMAN"	"HUMAN"	877749.56	740735.75	941433.4	1012272.6	919769.4	997800.7	4010064.5	559977.94	1167407	913674.94	1369668.9	1363222.8	549997.56	947734.06	1006592.25	1028195.6	878341.94	790343.8
"sp|Q16222|UAP1_HUMAN"	"HUMAN"	39633956	39327772	38951876	40037508	41628496	45739268	40540096	37968840	39851256	40349024	42575556	42569850	42808524	38460564	38514464	37312060	37385230	38802660
"sp|Q16384|SSX1_HUMAN"	"HUMAN"	71372.19	454931.97	331186.1	281348.75	578173.9	74500.34	67249.4	79246.48	351113.6	68537.55	296511.1	0	63131.93	290932.34	375652.75	227902.36	65442.074	76795.72
"sp|Q16385|SSX2_HUMAN"	"HUMAN"	0	0	219138.05	893699.4	0	0	526963.2	0	0	0	0	0	0	0	0	0	0	0
"sp|Q16401|PSMD5_HUMAN"	"HUMAN"	23678680	21797638	22106410	22250096	24000610	22813114	22832508	23679276	23585830	22701906	22623168	23084558	24106504	25290740	21784158	21531574	23514808	21351156
"sp|Q16512|PKN1_HUMAN"	"HUMAN"	957389.2	324776	290419.4	269642.97	332155.2	733007.5	37001.19	433768.9	203247.39	691715.3	629097.5	829953.2	443876.16	609561.44	252539.58	637899.3	0	358795.53
"sp|Q16531|DDB1_HUMAN"	"HUMAN"	27056424	25649952	24206726	26099600	26531034	28558992	25318194	29841556	25118674	29588510	31810988	30679874	30832614	29501276	29256122	30668172	29981544	31095474
"sp|Q16539|MK14_HUMAN"	"HUMAN"	134110.11	0	0	157147.31	1264565.1	0	143697.38	0	0	451261.1	241487.9	163584.08	156339.36	527191.3	275046.84	132604.48	0	591598.8
"sp|Q16543|CDC37_HUMAN"	"HUMAN"	35986684	35009550	36145980	35537108	34853760	36300076	36318036	34887676	36169790	32072558	36684076	35098910	35246944	37471780	35161670	37451920	35394920	31105306
"sp|Q16576|RBBP7_HUMAN"	"HUMAN"	12091072	14623367	13718187	14553160	15057717	13726992	14934788	13631353	14550686	14155627	15787912	15361698	16032234	14248367	14367662	15720180	15879866	16060982
"sp|Q16594|TAF9_HUMAN"	"HUMAN"	0	0	0	0	839933.4	0	794490.4	0	0	0	296759.88	0	533117.7	0	676028.94	434110.78	344878.12	435373.78
"sp|Q16595|FRDA_HUMAN"	"HUMAN"	0	0	0	0	0	0	0	0	0	0	0	0	0	0	0	0	0	0
"sp|Q16621|NFE2_HUMAN"	"HUMAN"	424025.9	490672.78	604299.94	420613.25	441562.2	476447.6	472926.38	460279.28	463112.12	428827.16	436532.6	465195.7	439319.06	418246.75	449174.97	454837.9	443949.5	413604.94
"sp|Q16629|SRSF7_HUMAN"	"HUMAN"	43053056	40303296	44438900	44768956	42326430	42405470	43070252	43582252	43011504	42003284	42540450	43718240	40329916	43037344	40977150	42492710	39155380	43470604
"sp|Q16630|CPSF6_HUMAN"	"HUMAN"	9047440	8108833	9053506	9296544	9784340	9444814	9289299	8828923	9556357	9469258	8463680	8869393	8650062	9003029	9092252	8828987	8704515	7917516.5
"sp|Q16637|SMN_HUMAN"	"HUMAN"	1245051	101063.4	945200.1	0	1866870.2	933965.75	992718.2	0	934385.6	2600703.5	859828.75	1793280.5	1819485.2	2071016.8	0	2141373.5	0	1293916.8
"sp|Q16643|DREB_HUMAN"	"HUMAN"	5978234	8739318	6086255	8705956	9279033	7515842	7095632.5	8316645.5	9728962	8770760	9224257	8092958	9937132	9798767	7824530.5	8488229	10183582	10283004
"sp|Q16644|MAPK3_HUMAN"	"HUMAN"	0	243377.31	0	225316.97	280890.66	0	0	0	281103.94	234005.44	88838.97	1217777	723451.9	365633.94	1325406.9	1282373.5	0	0
"sp|Q16656|NRF1_HUMAN"	"HUMAN"	578487.6	1449469.4	805593.75	907311.3	751429.9	882773.44	905363.25	785213.94	899583.75	0	348367.94	944364.44	1175387.5	751469.94	966315.94	1586898.4	648618	738111.2
"sp|Q16658|FSCN1_HUMAN"	"HUMAN"	90002930	92987660	89671544	86902536	94363910	94918650	93660130	93301060	94576590	84702990	92756584	83285550	84207070	80629820	81939970	89850960	84920140	84335540
"sp|Q16698|DECR_HUMAN"	"HUMAN"	19141336	8573558	17034102	16402703	11489542	14619285	15153613	14750362	17931134	18291718	12305905	15885783	16392605	18817270	15131162	15678916	17429636	18333740
"sp|Q16718|NDUA5_HUMAN"	"HUMAN"	2345729.5	2277070.2	2445310.8	2067840.1	2672014	1855410.8	2284098.2	2345288.2	2327101.8	2168904.2	2260814.5	2224663.2	2129566.8	2716381.2	2153454.2	2826986.8	2115875.5	2187154.2
"sp|Q16740|CLPP_HUMAN"	"HUMAN"	670750.44	1566261.6	1424522.1	1565610.8	1228424.9	1266208.8	469309.38	791505.9	1474067.2	624127.2	1178285.2	1537423.1	1246154.2	1259917.2	1228850.5	696391.25	1352016.5	1341729.5
"sp|Q16763|UBE2S_HUMAN"	"HUMAN"	1245873.4	1870524.2	1769668.8	1527401.6	1378065.5	1602452.9	1491943.9	1089353	1686401	1788352	1744829.2	1599889.9	1597706	1722485.4	1689743.5	1594920.6	1780917.2	1954451.2
"sp|Q16774|KGUA_HUMAN"	"HUMAN"	38578860	34583604	36836170	36040350	35622572	35848908	35782200	35343980	36932970	19021588	18730304	19910730	19196622	19177108	19257618	18173902	18735020	20337756
"sp|Q16775|GLO2_HUMAN"	"HUMAN"	0	0	0	0	330615.56	0	0	0	0	271430.47	0	221058.5	300763.88	0	180924.05	286254.06	222266.3	205583.08
"sp|Q16795|NDUA9_HUMAN"	"HUMAN"	5530014	4323036	1743988.5	2377884.5	1698484.6	2069005.9	1876953.9	1796039.8	1805239.8	1912632.8	2478810.5	2021405.8	3248176.2	2603113.5	1869057.8	2748280.2	1978969.8	2681763.5
"sp|Q16822|PCKGM_HUMAN"	"HUMAN"	713822.8	2592083.5	3501500.2	4287078.5	4316503	3324952.2	3588872.5	4201476	3373222.5	724402.06	626918.1	2283656.8	678357.06	1049128.5	0	686542.5	707967.7	656097.25
"sp|Q16836|HCDH_HUMAN"	"HUMAN"	3570222.8	2580478	2782208.2	3742497	2830213	2792628	3624133	2677275.8	2683227.2	2901836	2616109	3730505	3330674.8	2831538	3167810.2	3771931	3016533.2	3667648.2
"sp|Q16851|UGPA_HUMAN"	"HUMAN"	5632188	5795978	4889222	6083981.5	5881773.5	4740122.5	5087559	4992992	4856828.5	7761305	5795112.5	4863874	7338903.5	5201356	5444900.5	5652968.5	5946476.5	4590479.5
"sp|Q16864|VATF_HUMAN"	"HUMAN"	1086862	767443.3	1075947.4	1084814.6	738184.75	1116984.4	967991.4	751021.9	634730.9	1088556.5	544979	1146630.8	892393.9	990666.4	1054825.5	590262.06	1142794.6	539250
"sp|Q16877|F264_HUMAN"	"HUMAN"	0	0	0	0	0	0	0	0	0	0	0	0	0	431469.53	0	0	0	0
"sp|Q16881|TRXR1_HUMAN"	"HUMAN"	27856084	26598428	24248822	27420674	26224548	26630426	25141354	27901082	26292530	28943344	28718250	29240798	27440202	29095046	27410764	26720496	29004966	28457798
"sp|Q16890|TPD53_HUMAN"	"HUMAN"	506107.4	0	478719.6	0	793836.06	777972.25	482676.75	0	181080.27	1164719.5	858083.6	1319969.6	534694.8	509859.03	457596.34	739857.9	0	369607.62
"sp|Q16891|MIC60_HUMAN"	"HUMAN"	15867160	13821656	16216672	15728108	15947025	16507032	14686567	16911590	16754279	20446056	16604227	16188522	17454020	17211336	17565838	19349560	17642258	18360662
"sp|Q1ED39|KNOP1_HUMAN"	"HUMAN"	0	0	0	0	0	0	0	0	0	0	0	332169.44	0	0	571905.3	0	400678.97	0
"sp|Q1KMD3|HNRL2_HUMAN"	"HUMAN"	29501824	29370522	28820278	30804404	29908052	30601078	27645434	31633238	28806842	31081964	28049068	32988560	29194590	31573382	34406130	27905472	28703428	31223652
"sp|Q29RF7|PDS5A_HUMAN"	"HUMAN"	895035	860703.06	939780.3	791415.2	872742.2	860924.4	991830.56	422703.12	866572.25	2479929.8	2487824.5	1685971.8	2975726.5	2743077.8	2403349.5	2980776.2	828061.8	2362155.2
"sp|Q2KHR3|QSER1_HUMAN"	"HUMAN"	0	0	0	0	0	0	0	0	0	0	0	0	0	0	0	0	0	0
"sp|Q2NKX8|ERC6L_HUMAN"	"HUMAN"	0	84425.69	0	0	0	79964.25	0	0	71567.984	0	0	0	1422282.4	0	833595.75	0	0	0
"sp|Q2NL82|TSR1_HUMAN"	"HUMAN"	6845431	5765036.5	6602893	7912393	6502766.5	6361084.5	6974759.5	6697822	5870752	5514159	6137621	7452696	7831939.5	8280610	8950076	8022340	6508127.5	7189632.5
"sp|Q2TAL8|QRIC1_HUMAN"	"HUMAN"	0	0	0	411187.03	0	808098.8	0	0	0	0	0	0	0	0	0	0	0	0
"sp|Q2TAY7|SMU1_HUMAN"	"HUMAN"	6599922	6286416	7051922.5	7504857.5	6262672.5	7233293.5	6000641.5	6142228.5	5047987.5	6444186	5190274	4296622.5	6560427.5	6859971.5	6036536	6166453	6324069	7488681
"sp|Q2VPK5|CTU2_HUMAN"	"HUMAN"	772314.6	632198.4	599959	685539.2	661753.9	407101.4	670925.44	567385.5	731530.4	90399.04	308499	323616.28	393534.4	132170.05	0	460928.62	392255	301502.38
"sp|Q32MZ4|LRRF1_HUMAN"	"HUMAN"	1611279	1039519.75	1195771	1292792	1626427.2	1330540.1	1984987.5	1158587.6	1676470.6	1387077.5	1663320	1429579.8	1618755.2	1728713.4	2331875.2	2438130.8	2348736.5	1458221.5
"sp|Q32P28|P3H1_HUMAN"	"HUMAN"	121289.63	0	0	127035.805	0	0	0	128250.47	0	0	273849.88	364211.62	0	145327.92	0	0	306840.9	220491.1
"sp|Q32P44|EMAL3_HUMAN"	"HUMAN"	0	1183818.8	0	0	1019646.9	0	1028454.25	0	860483.3	472568.44	0	0	566230.25	0	0	1320943.8	620193.8	716433.44
"sp|Q32P51|RA1L2_HUMAN"	"HUMAN"	0	69090.75	0	0	0	0	0	0	83849.64	0	130613.695	0	0	0	0	0	223052.81	175059.97
"sp|Q3B726|RPA43_HUMAN"	"HUMAN"	1338322.6	0	0	0	0	0	1683036.8	0	0	0	0	0	0	0	0	0	0	0
"sp|Q3KQU3|MA7D1_HUMAN"	"HUMAN"	2029670	1479374.5	1810620.2	843536	1435914.5	1607415.6	1714175.5	1698223.9	1730499.6	214154.5	0	316957	0	0	324665.7	0	0	0
"sp|Q3LXA3|TKFC_HUMAN"	"HUMAN"	1238476.9	0	0	0	320944.38	0	0	0	0	0	0	855136.5	2289834	1128040.4	770035.75	844555.6	809147.2	890396.6
"sp|Q3MHD2|LSM12_HUMAN"	"HUMAN"	3982513.8	5257289	4595224	1387297.9	1686402.9	4030517	3626887	3464200.5	4509573	5216136.5	7909014	4959045	3980306	5380252	3834237.5	4269069	4015252	5280332
"sp|Q3YEC7|RABL6_HUMAN"	"HUMAN"	748120.6	216842.6	850838.25	1052624.9	804522.25	687773.2	420161.06	183503.02	287973.66	681238.2	468312.06	993288.56	988733.25	2014584.8	455684.9	414137.78	1626107.5	950761.94
"sp|Q3ZCM7|TBB8_HUMAN"	"HUMAN"	384141.6	0	0	354585.3	0	381740.7	380447.8	0	0	195602.67	162828.38	0	180250.94	152204.02	156493.06	161830.28	148285.98	193485.5
"sp|Q3ZCQ8|TIM50_HUMAN"	"HUMAN"	12018310	13779153	11764187	11672223	12839999	11457320	11635186	6361019	12296891	11293689	9490414	7741059.5	8745085	8890844	8067047.5	8895951	7087150.5	7053552
"sp|Q49A26|GLYR1_HUMAN"	"HUMAN"	1633066.5	0	1352962	1260620.4	1249302	1501836.1	1303208.1	2078396.8	1539259	1919426.5	1436727.4	1029231.1	2184095.8	1758733	1516050.2	1735769	1749488.5	1237427.4
"sp|Q49AR2|CE022_HUMAN"	"HUMAN"	0	0	337664.3	376186.6	0	0	331789.62	345978.22	398134.38	319189.88	0	315006.62	270492.5	405206.88	295678.47	274761.97	373923.66	0
"sp|Q4G0F5|VP26B_HUMAN"	"HUMAN"	0	0	0	0	0	0	0	0	0	0	0	0	0	0	0	0	0	0
"sp|Q4G0J3|LARP7_HUMAN"	"HUMAN"	396128.94	0	482258.03	0	0	0	0	0	0	0	0	0	0	0	0	0	0	0
"sp|Q4J6C6|PPCEL_HUMAN"	"HUMAN"	0	0	0	0	0	0	0	0	0	0	457413.94	332954.38	0	307589.94	337361.16	392450.97	0	0
"sp|Q4KMP7|TB10B_HUMAN"	"HUMAN"	0	0	0	0	0	0	0	0	0	0	0	0	0	0	0	0	0	0
"sp|Q4U2R6|RM51_HUMAN"	"HUMAN"	661833.5	616947.25	476173.53	488668.7	327890.6	595909.44	375560.62	577015.1	561810.4	0	579326.25	243232.28	585823.44	0	322710.22	458366.6	0	0
"sp|Q4V321|GAG13_HUMAN"	"HUMAN"	15035624	14809638	15219683	20929762	19987278	15299602	14961892	14855450	14878809	15772867	14684088	12809043	14848366	14996048	18442580	14986008	19287680	15212836
"sp|Q4V328|GRAP1_HUMAN"	"HUMAN"	0	0	0	0	0	0	0	0	0	0	0	0	0	0	0	0	0	0
"sp|Q4VC05|BCL7A_HUMAN"	"HUMAN"	1329219.8	3822262	1157251.9	3577641	1341768.5	3864037.8	3666109.5	1339932	4154530.2	2320126.2	1645666.5	1976097.1	1992171.2	2130899.5	3859493.2	2002716.6	3813065.2	1923120.1
"sp|Q4VC31|MIX23_HUMAN"	"HUMAN"	2759442.5	4259224.5	2891429.2	3728064.5	2987195.8	3761368.8	3593798	2903480.5	4358321	3731971.5	3437563	4365290	4628382.5	4276073.5	4130033.5	4884539	4455640.5	4363333
"sp|Q52LJ0|FA98B_HUMAN"	"HUMAN"	5165319.5	2527130	2765839.5	4249960	2447427.5	3479163	3048820.2	3621954.5	3300213	4221420.5	4164048.8	3640058	4415339	3488812.8	3667825.2	3432324.8	3938762.2	3259775.5
"sp|Q53EL6|PDCD4_HUMAN"	"HUMAN"	3176691.5	0	2184785.5	2664259	310772.88	2682946.8	2224219.5	3145463.5	2560787.8	2007518.5	1630544.6	494477.88	1663737.8	1447490.5	1501849.6	2279858.5	2033399.2	1945825.2
"sp|Q53ET0|CRTC2_HUMAN"	"HUMAN"	0	0	0	0	0	0	0	0	0	779964.8	999764.9	1384134.8	975921.7	1138606.4	1030867.7	0	786903	859398.9
"sp|Q53F19|NCBP3_HUMAN"	"HUMAN"	0	0	0	0	0	0	0	0	0	0	859126.06	1105132.9	626017.44	567870.4	0	0	593469.3	0
"sp|Q53FT3|HIKES_HUMAN"	"HUMAN"	0	0	0	0	0	0	0	0	0	0	0	0	0	0	0	0	0	0
"sp|Q53FZ2|ACSM3_HUMAN"	"HUMAN"	0	565896.9	0	0	357182.47	372269.53	0	40837.88	0	0	0	0	0	105165.78	327837.25	304016.7	115320.64	321746.28
"sp|Q53GS7|GLE1_HUMAN"	"HUMAN"	0	0	0	0	0	0	0	0	0	215889.67	0	0	286672.47	0	271716.66	107500.94	107269.21	0
"sp|Q53GS9|SNUT2_HUMAN"	"HUMAN"	3667895.2	4889881	3019585	5664455	4943820.5	5002170.5	3816434.5	3552012.5	3828479.2	4426540.5	5807288	3260043.8	3486952	5663372	1805111.6	4784901.5	3324652	5728201
"sp|Q53H12|AGK_HUMAN"	"HUMAN"	5740972	6054376	5978826	5215194.5	5851670.5	5909388	5707346	4619471	5108973	6068462	5243798	5410364.5	5230931.5	4865563.5	4539048.5	5125697.5	4754580	4723909.5
"sp|Q53H82|LACB2_HUMAN"	"HUMAN"	1133469.4	442934.7	859708.5	0	1077211	1133942.9	383136.44	449147.25	719159.3	1036049.2	592962.4	963045.25	439333.66	570453.75	336970.28	472341.06	820689.9	620898.94
"sp|Q53H96|P5CR3_HUMAN"	"HUMAN"	692343.4	0	0	355730.66	309547.5	0	400676.22	682807.9	0	580214.1	0	0	450637.06	0	303871.4	628970.06	0	0
"sp|Q53HL2|BOREA_HUMAN"	"HUMAN"	0	0	0	0	0	0	0	0	0	0	0	0	0	0	0	0	0	0
"sp|Q53R41|FAKD1_HUMAN"	"HUMAN"	0	0	0	0	0	0	0	0	0	0	0	0	0	0	0	0	0	0
"sp|Q562R1|ACTBL_HUMAN"	"HUMAN"	0	0	0	0	0	0	0	0	0	0	0	0	0	0	0	0	0	0
"sp|Q58FF6|H90B4_HUMAN"	"HUMAN"	2226276.5	1902085	1724797.1	0	2135432.8	1618501.9	0	1980861.8	2307843.8	3203230.5	2668392.8	4556956	5566037	4029298.8	7114973	971617.4	3690587.8	5304112.5
"sp|Q5BKZ1|ZN326_HUMAN"	"HUMAN"	4686300.5	2677086.2	4541578	4405256	4693420	4817505.5	4519648	2655956	1939839.8	2767954.2	1601561.2	2683872.2	1655038.9	2462913.5	2714220.8	1817027	2310653	2837233.5
"sp|Q5C9Z4|NOM1_HUMAN"	"HUMAN"	204367.06	0	0	0	163700.02	0	52244.145	199875.55	178595.12	223049.66	211624.8	233085.05	170200.34	211442.47	108750.61	0	326270.53	122148.39
"sp|Q5EBL4|RIPL1_HUMAN"	"HUMAN"	0	0	0	0	366384.88	0	0	0	0	0	0	97022.65	0	0	0	118215.95	0	85075.37
"sp|Q5F1R6|DJC21_HUMAN"	"HUMAN"	0	0	64151.77	0	0	0	0	0	0	62786.484	122830.516	0	0	0	0	0	0	0
"sp|Q5GLZ8|HERC4_HUMAN"	"HUMAN"	0	0	0	0	0	0	0	0	0	0	0	0	0	0	0	0	0	0
"sp|Q5H9R7|PP6R3_HUMAN"	"HUMAN"	860617.94	627074.4	557324.1	1935649.1	2009738.4	514296	182475.12	590746.44	1145674.4	1379442.6	1261931	824934.25	370385	182758.4	833314.75	867683.5	1482895.6	1845197.6
"sp|Q5JPH6|SYEM_HUMAN"	"HUMAN"	771257.1	645580.4	646931.56	686575.9	0	630134.5	0	602198	693433.8	0	0	0	0	0	29375.84	0	0	0
"sp|Q5JQC4|CT47A_HUMAN"	"HUMAN"	399712.47	550741.7	468428.66	486214.72	0	430755.7	419699.72	396463.5	388002.75	371769.66	447143.06	0	485336.66	387748.62	383772.56	459285.56	453743.6	434853.56
"sp|Q5JRX3|PREP_HUMAN"	"HUMAN"	1097901	336849.1	397309.16	646727.75	0	1091399.8	482208.97	750381.4	426127.3	677090.3	0	282697.28	831390.25	760592.8	1255609	825289.06	988956.6	699746
"sp|Q5JS54|PSMG4_HUMAN"	"HUMAN"	884028.44	861791.6	0	813230.3	787643.56	0	0	0	0	0	0	0	0	0	0	332939.22	0	0
"sp|Q5JSH3|WDR44_HUMAN"	"HUMAN"	0	496362.1	0	461504.34	0	2813362	0	495001.3	0	2676324	2288163	2385415.8	2577462	2179892.8	2305228.2	2345044	2241092.8	2340015.8
"sp|Q5JSL3|DOC11_HUMAN"	"HUMAN"	1734318.6	2330515.5	651123.5	1199556.1	1739696.8	1236883.6	1234790.6	746968.1	1707855.2	195564.48	0	0	1813534	783446.2	1218149	1150697.1	776281.75	138969.6
"sp|Q5JTH9|RRP12_HUMAN"	"HUMAN"	3476681.5	3003217.8	2966023	2919953.5	3159816.5	3388970.2	3519207.5	2382855	2782753.5	3363615.5	2785783.5	2751153.8	2505738	4032318.2	2612753.5	2778934.8	3375623	2932929.8
"sp|Q5JTJ3|COA6_HUMAN"	"HUMAN"	3793964.5	4030979.5	3867538.5	4022471.5	3963472	3797971.5	3630552	3902534	2634324.8	2910479.2	2566173.5	2241286.2	2486426.8	2672773	2215623.8	2791559.5	2403850.2	2391912.2
"sp|Q5JTV8|TOIP1_HUMAN"	"HUMAN"	0	0	0	0	0	0	0	0	0	327354	0	0	0	0	478125.34	0	317427.84	281582.38
"sp|Q5JTY5|ZNG1C_HUMAN"	"HUMAN"	267460.75	0	332451.62	0	0	302867.5	0	0	283748.9	0	0	0	0	429459.44	313042.47	0	333751.28	270006.72
"sp|Q5JTZ9|SYAM_HUMAN"	"HUMAN"	163026.17	0	0	0	0	0	0	0	166513.98	129547.29	0	1726313.2	1797987.9	0	1763060.5	0	0	1628163
"sp|Q5JVF3|PCID2_HUMAN"	"HUMAN"	0	1902127.1	1694149.6	0	0	0	896401.7	1080462.1	0	0	0	0	0	0	0	0	109318.69	0
"sp|Q5MIZ7|P4R3B_HUMAN"	"HUMAN"	0	1435432	618044.25	893846	609485.44	676117	820039.56	682538.8	532320.9	609471	638723.25	0	974633.9	0	0	0	750163.25	742519.94
"sp|Q5QJE6|TDIF2_HUMAN"	"HUMAN"	1999720.5	1251975	4263389.5	1573313.4	1636226.5	1819539.5	2125051.2	1937707.9	2175258.2	1850333.1	1899631.4	2486863.8	1241233	1907815.5	2481115.8	2147059.2	1707852.5	1552466.5
"sp|Q5R3I4|TTC38_HUMAN"	"HUMAN"	444627.53	0	0	0	336849.56	0	593542.5	628617	569841.1	0	0	0	0	0	0	0	0	0
"sp|Q5RI15|COX20_HUMAN"	"HUMAN"	988733.25	0	1008015.1	992085.1	0	1010947.2	0	1217278.2	894118.7	1215834.5	966195.75	1035985.94	1096511.6	1509890.8	1776281.6	1041834.06	1186921.6	0
"sp|Q5RKV6|EXOS6_HUMAN"	"HUMAN"	2611901.2	2051729	2334543.5	2712055.8	1569128.2	2187457.8	1596606	1809653.6	3094704.5	2138467	1983245.9	2386778.8	2273169.5	2099794.2	2030225.8	2286144	2206823.8	2096297.5
"sp|Q5SRE5|NU188_HUMAN"	"HUMAN"	2012594.5	1997523.2	2017113.1	2158556.2	1234991.9	1678541.2	1161357.9	2752346.5	2656362.2	2581377	2256395.5	3488603.5	2623492.5	2721705.8	1788898.9	2227851.8	1472976.1	2576543
"sp|Q5SSJ5|HP1B3_HUMAN"	"HUMAN"	0	0	0	0	0	0	0	0	0	0	0	0	0	0	0	0	0	0
"sp|Q5SW79|CE170_HUMAN"	"HUMAN"	43535.145	0	0	238397.12	0	0	73394.516	0	154021.53	279069.75	185658.73	126321.1	0	0	129322.6	0	0	0
"sp|Q5SY16|NOL9_HUMAN"	"HUMAN"	1674878.5	1941014.9	1876508.8	1823904.6	2003901	2040317.8	1981242.2	1313683	1421868.5	2305057.5	2351596.5	2400837.5	2683760.2	2877139.2	2457406	2627329.8	2203383.5	2320474.2
"sp|Q5T160|SYRM_HUMAN"	"HUMAN"	777030.44	742922.9	799664.7	807526.6	832862.1	2272975.5	864242.6	763899.7	795680.4	848598.7	1630074.4	888157.4	1536818	773452.56	1577928.9	787257	1479474.5	1572043
"sp|Q5T1M5|FKB15_HUMAN"	"HUMAN"	0	238510.88	0	244325.69	0	0	0	0	0	0	0	0	0	1390855.2	0	0	0	0
"sp|Q5T280|CI114_HUMAN"	"HUMAN"	2513972	0	2104500.5	2154638.2	1965891	2623893.8	2132939.5	300491.7	271083.56	1429777	1141467.5	1454988.4	1469977.8	1486015.9	1343626.6	1746247.1	1089351.6	1729646.9
"sp|Q5T3I0|GPTC4_HUMAN"	"HUMAN"	0	0	39039.07	0	0	0	0	0	0	0	381936.5	630647.5	58344.598	541551.3	0	474502.34	0	488726.6
"sp|Q5T447|HECD3_HUMAN"	"HUMAN"	0	0	0	0	0	0	0	0	0	0	0	0	0	0	0	0	0	0
"sp|Q5T4S7|UBR4_HUMAN"	"HUMAN"	8872759	9793500	11189030	12893610	7721700.5	14004682	9326111	9864750	8827570	16740978	14339384	13164186	13054272	15683004	15162876	16042212	16201586	14297842
"sp|Q5T653|RM02_HUMAN"	"HUMAN"	0	0	0	0	0	0	0	0	0	0	0	0	0	0	0	0	0	0
"sp|Q5T6F2|UBAP2_HUMAN"	"HUMAN"	1760263.9	1686288.9	1599305.9	1623565	1617881.8	1651437.9	1715195	1648503.6	1625322.9	1974249	1908811.4	1794085.6	1722496.5	1883566.8	1601571.1	1723192.1	1673483.6	1764537
"sp|Q5T6V5|QNG1_HUMAN"	"HUMAN"	1027904.9	879961.56	1047964.3	1021190.75	860829.8	1031896	977374	894999.3	1019154.5	0	0	0	0	0	0	0	0	0
"sp|Q5T8P6|RBM26_HUMAN"	"HUMAN"	2217926.2	0	1646448.5	545527.06	468683.44	1819709.8	578155.7	538177.3	968030	946562.25	506011.66	573105.8	887709.9	766538.1	666925.5	516084.62	2382412.5	1636431
"sp|Q5T9A4|ATD3B_HUMAN"	"HUMAN"	1303968.4	1899124	1353950.8	1436634.5	1623125.4	1728994.8	1921543.9	1687709.6	1823532.2	1568773	1536033.1	1487552.1	1666309.6	1552913.5	1560014.8	1691541.6	1516969.6	1740235.8
"sp|Q5TA45|INT11_HUMAN"	"HUMAN"	0	0	0	0	0	0	0	0	0	0	0	0	0	0	0	0	0	0
"sp|Q5TC12|ATPF1_HUMAN"	"HUMAN"	0	0	0	0	0	223817.69	309445.62	0	0	0	0	0	0	0	0	0	0	0
"sp|Q5TC82|RC3H1_HUMAN"	"HUMAN"	0	0	0	0	0	0	0	0	0	0	0	0	0	0	0	0	0	0
"sp|Q5TD94|RSH4A_HUMAN"	"HUMAN"	529540.25	430330.1	374407.78	204649.19	522558.44	0	502674.44	494998.62	0	539131.6	0	527839.94	517302.84	572440.4	515324.44	0	715624	482165.97
"sp|Q5TDH0|DDI2_HUMAN"	"HUMAN"	3852755.5	4441364	4580344.5	4235456.5	4250302.5	3344737	4534293	3957554	3419761.8	5634003.5	4372432	6242240.5	5506805.5	5236471.5	5761973.5	4460297	6110853	5322782
"sp|Q5TEC6|H37_HUMAN"	"HUMAN"	840650.56	873040.5	818245	843445.25	806524.3	1834257.6	813315.75	2796724.5	1344554.8	2467499.2	2571807	1866883	2458503.2	2396711.5	2136453.5	2358331.2	2617467.2	2149421.5
"sp|Q5TFE4|NT5D1_HUMAN"	"HUMAN"	2731805	2575203.2	2756658.5	2809154	2854510.8	2715086.8	2714155.2	2674742.5	2934118.8	2673365.5	2235779	3422317.2	2197115	2211973	2059087.9	2117199.2	2381477.2	2118419.8
"sp|Q5TGZ0|MIC10_HUMAN"	"HUMAN"	1554593.4	1269192.8	1367130.4	1459796.6	1358637.8	1342092.2	1503030.8	1132159.1	1238297.1	1605341.8	1432283.5	1746466.9	1414281.2	1475427.6	1449827.9	1572854.9	1594898	1530566
"sp|Q5U5X0|LYRM7_HUMAN"	"HUMAN"	0	0	0	0	0	0	0	0	0	0	0	0	0	0	0	0	0	0
"sp|Q5UIP0|RIF1_HUMAN"	"HUMAN"	385229.78	348703.94	390756.3	433252	781375.5	641630	345586.75	322350.8	746874	650961.6	671680.3	1946516.8	839176.3	694508.56	1336612.8	762003.5	671635.06	1286153.5
"sp|Q5VIR6|VPS53_HUMAN"	"HUMAN"	0	0	0	0	0	0	0	0	0	0	0	0	0	0	0	36384.082	0	0
"sp|Q5VT52|RPRD2_HUMAN"	"HUMAN"	212387.67	226079.25	0	154759.88	1052826	0	192590.75	1402253.4	184706.08	0	147629.33	155354.47	180590.03	569866.06	3571752	0	173020.11	178284.95
"sp|Q5VTL8|PR38B_HUMAN"	"HUMAN"	633552.8	637978.6	591306.7	622416.5	670419.94	591987.5	631636.3	587960.3	587471.8	604390.4	1302609.8	585506.44	586101.44	615327.44	599575.75	598465.2	1146484.9	1275448.8
"sp|Q5VTR2|BRE1A_HUMAN"	"HUMAN"	460762.2	493139.75	256700.84	415875.44	835051.6	249035.39	830266.9	540820.9	770612.1	0	737046.2	0	0	315073.38	0	441096.06	0	275069.6
"sp|Q5VV42|CDKAL_HUMAN"	"HUMAN"	0	0	0	0	0	0	0	0	0	0	0	0	0	0	0	0	0	0
"sp|Q5VVQ6|OTU1_HUMAN"	"HUMAN"	1786514.1	1943180.8	2039029.9	2694688.2	3020589.5	1675261.2	2602615.8	2758975.5	1725557.5	2618331	2440622	2158825.8	3130084	2093804.4	3021178.5	3004900.2	2991779	1692387
"sp|Q5VW32|BROX_HUMAN"	"HUMAN"	1614349.5	2036217.5	1642865.8	1668033	1908824.5	1897680.4	1856353.4	1905372.5	1649942.9	1583521	1607611.2	1707363.5	1614101.9	2067411	1605016	1743310.2	1521959	1617971.8
"sp|Q5VWQ0|RSBN1_HUMAN"	"HUMAN"	0	0	0	0	0	0	0	0	0	819358.44	889078.75	821232.8	683357.6	572508.9	718703.8	785828.94	838742.6	476601.72
"sp|Q5VWZ2|LYPL1_HUMAN"	"HUMAN"	0	674510.6	1007357.75	712193.06	0	922914.44	132480.44	1308071	419732.7	463537.2	438174.94	578102.1	557203	499290.75	479202.84	504367.25	380189.38	614680
"sp|Q5VYK3|ECM29_HUMAN"	"HUMAN"	4592601	4247019.5	2244778	5033988	5584943.5	4815533.5	3798687.2	4692577.5	2407815	3657360.8	6317606	5818512	6614330.5	5044051	4760120	5743752.5	4731706	5695355.5
"sp|Q5VZ89|DEN4C_HUMAN"	"HUMAN"	737558.3	0	0	0	0	0	0	0	0	0	0	0	0	0	0	0	0	0
"sp|Q5VZE5|NAA35_HUMAN"	"HUMAN"	0	483815.88	0	0	0	0	0	0	0	0	0	97186.46	0	4018006	0	0	3399348.2	0
"sp|Q5VZL5|ZMYM4_HUMAN"	"HUMAN"	0	0	0	0	0	0	0	0	0	0	0	0	0	0	0	0	0	0
"sp|Q5XKE5|K2C79_HUMAN"	"HUMAN"	5160366	5393066.5	0	0	6167619.5	0	0	5648734	0	0	0	6966208.5	6445895	0	0	0	0	7292516
"sp|Q5XKP0|MIC13_HUMAN"	"HUMAN"	364281.44	0	385511.06	397101.06	451088.06	454293.25	396101.47	420300.4	469081.78	491303.88	513072.34	519555.12	361965.47	462455.97	513613.6	449214.38	461443.47	483838.97
"sp|Q641Q2|WAC2A_HUMAN"	"HUMAN"	0	0	0	0	0	0	0	0	0	0	0	0	0	0	0	0	0	0
"sp|Q66K74|MAP1S_HUMAN"	"HUMAN"	512655.97	0	657687.94	631295.56	0	0	0	704585.94	0	756418.6	910481.2	0	787791.4	964255.6	837332.5	884715.5	891025.4	751068.75
"sp|Q68CQ4|UTP25_HUMAN"	"HUMAN"	0	201134.14	0	0	148757.69	231608.55	407919.94	251801.48	438121.62	138993.92	329184.16	200948.98	155860.9	165140.69	677050.2	0	180900.58	126836.445
"sp|Q68CZ6|HAUS3_HUMAN"	"HUMAN"	0	0	0	0	0	0	0	0	0	0	0	0	0	0	80112.5	0	0	0
"sp|Q68E01|INT3_HUMAN"	"HUMAN"	0	482149.97	372404.9	745084.75	0	0	0	0	0	456928.5	0	0	418694.6	0	0	0	0	601110.75
"sp|Q68EM7|RHG17_HUMAN"	"HUMAN"	226405.34	0	0	0	0	0	244243.77	0	0	0	0	0	0	0	0	0	0	0
"sp|Q69YH5|CDCA2_HUMAN"	"HUMAN"	0	230968.56	0	1076712.6	0	0	0	0	0	890196.25	0	0	134407.34	0	1117002.8	0	0	0
"sp|Q69YN2|C19L1_HUMAN"	"HUMAN"	173328.27	2041783.4	1706279.6	196721.08	3684752.8	0	2375249.2	3245321	0	4646128	3082653	2796949	3610296	2778311.5	3051059	2971462.5	3575463	3565147.2
"sp|Q69YN4|VIR_HUMAN"	"HUMAN"	1532478	1913022.5	2447994.2	1904432.4	1704784	1902022	1884182.4	2870292.5	2084884.6	1588611.8	2017476.4	1891643	1905323.8	2577708.5	1751785.9	1349359.2	2059128.4	1321538.5
"sp|Q6BDS2|BLT3A_HUMAN"	"HUMAN"	0	0	0	630045	0	0	0	0	0	0	0	0	0	584944.06	0	0	0	0
"sp|Q6DD87|ZN787_HUMAN"	"HUMAN"	0	0	0	0	0	0	0	0	0	0	0	0	0	0	0	0	0	0
"sp|Q6DKI1|RL7L_HUMAN"	"HUMAN"	0	0	0	0	0	0	0	0	0	284075.56	0	258702.52	0	0	277515.7	270344.66	0	254313.12
"sp|Q6EEV4|GL1AD_HUMAN"	"HUMAN"	0	0	0	0	0	0	0	0	0	198787.42	0	199330.42	178293.66	211208.5	184215.23	248197.56	204292.77	215999.45
"sp|Q6FI81|CPIN1_HUMAN"	"HUMAN"	6775578	5535660	7304746.5	6645818	6508289	6639017.5	7693850.5	7181432	6422711	6741263	6365359	6694523	6870145.5	6602966.5	7354925.5	6177803	6571175	7014019
"sp|Q6GMV2|SMYD5_HUMAN"	"HUMAN"	0	0	0	0	0	0	0	0	0	0	25900.904	0	0	0	19847.266	0	18655.729	0
"sp|Q6GMV3|PTRD1_HUMAN"	"HUMAN"	777385.56	1331220	905362.06	1594257	1525599	778497.4	1660434.2	1620229.6	873711.6	1428257.2	562397.3	1318161.4	1223856.2	1288030	1248506.8	630398.06	680662.7	1274961.2
"sp|Q6I9Y2|THOC7_HUMAN"	"HUMAN"	0	0	127004.09	105752.29	0	0	139892.97	0	0	0	327911.25	138266.36	366489.62	235513.1	123777.664	109513.57	295372.12	150923.78
"sp|Q6IA69|NADE_HUMAN"	"HUMAN"	0	0	0	0	0	0	0	0	0	0	0	0	0	0	0	0	0	0
"sp|Q6IA86|ELP2_HUMAN"	"HUMAN"	3171586.5	1662672.5	1226974.5	2822536.8	2681312.5	292763.9	2195998.5	1165512.9	2574180.5	958163.6	1337675.4	2519110.8	2254409	1413348	1742230.8	2706234.5	1661734.4	1733347.5
"sp|Q6IAA8|LTOR1_HUMAN"	"HUMAN"	520994.16	479929.22	269484.62	462958.34	555787.56	504533.2	750592.4	787008.3	723506.3	510059.62	546730.9	554129.6	595625.94	537859.44	515296.25	584639.5	524123.9	568173.7
"sp|Q6IBS0|TWF2_HUMAN"	"HUMAN"	3657577.5	2453593	3450810.5	2951734	2964340.5	3141794.5	2606466.5	1925422	2905156	3254287.5	3248076.5	5114562	2795026.2	2792124.5	3327270.5	5762300	4060698	4316309.5
"sp|Q6IN85|P4R3A_HUMAN"	"HUMAN"	0	157477.55	0	0	141609.47	148943.25	142811.17	0	0	126055.82	0	0	132257.72	130759.625	77596.234	148469.27	0	136315.06
"sp|Q6KC79|NIPBL_HUMAN"	"HUMAN"	147763.67	0	0	0	597374.9	0	1271800.4	0	0	662351.25	1233216.8	1463267.8	1179172.4	978390.9	583187.94	708182.1	169894.11	1103912.8
"sp|Q6L8Q7|PDE12_HUMAN"	"HUMAN"	833758.5	7483648	8004342	8235307	7949329.5	7264823.5	357299.3	7123027.5	8305618.5	555452.1	8275288	533479.25	8146788.5	499425.2	8318206.5	8384172	7369699.5	8225290.5
"sp|Q6MZP7|LIN54_HUMAN"	"HUMAN"	3413663	3543624	3554987.5	3201852.2	3350663	3605534.5	3672315.8	3292343.5	3581149.5	1738453.4	1614821.9	1603036.4	0	1745268.8	1766460.5	1753615.4	0	0
"sp|Q6NUK1|SCMC1_HUMAN"	"HUMAN"	362692.72	0	0	0	0	0	0	0	0	0	0	0	0	0	0	0	0	0
"sp|Q6NUQ1|RINT1_HUMAN"	"HUMAN"	1509381.8	0	1452926.6	1391822.2	1363034	0	1442111.2	1348607.9	1442680.9	0	0	1133879.8	0	0	0	0	0	0
"sp|Q6NVY1|HIBCH_HUMAN"	"HUMAN"	1468511.9	1434802.8	952987.25	1386532.5	1518547.5	845497.75	1138200.5	939045.9	1285782.9	1247001.9	1391263.2	1211511.8	580713.1	832994.3	1338816.1	725366.44	1148199.8	1684282.5
"sp|Q6NXE6|ARMC6_HUMAN"	"HUMAN"	3931125.5	2521142.2	3273141.2	2241091	3227151.8	3016446.5	5945222	3502711.5	2948287.5	2078218.5	2452297	1592439.5	1992535	3894700.5	3625231.2	2817777.8	2225535.5	1217912.9
"sp|Q6NXR4|TTI2_HUMAN"	"HUMAN"	0	0	0	0	0	0	0	0	0	0	0	0	0	0	0	0	0	0
"sp|Q6NYC1|JMJD6_HUMAN"	"HUMAN"	798728.7	1947405.5	787458.94	1407451.2	858767.94	1728964.8	1553194.8	660698.7	686307.56	1473057.2	1636385	1197948.4	0	1777923.8	1633751	1716477.2	1600508.8	895773.7
"sp|Q6NYC8|PPR18_HUMAN"	"HUMAN"	893251.8	0	320420.3	450025.47	932028.44	598493.75	1150175.2	680997.06	1575303.5	288500	0	2116538.5	0	0	0	0	0	0
"sp|Q6NZ67|MZT2B_HUMAN"	"HUMAN"	0	155498.78	0	0	159894.9	133958.22	161359.78	156980.62	135120.33	0	134085.6	147282.44	129388.37	140197.16	144000.52	176403.22	120517.69	145610.06
"sp|Q6NZI2|CAVN1_HUMAN"	"HUMAN"	7934910.5	8101134	7834509	7092851.5	17486396	17264996	15576486	6555325.5	18148600	4062864.2	12703508	15645091	16253439	15985639	15928957	5575360	15070878	14626252
"sp|Q6NZY4|ZCHC8_HUMAN"	"HUMAN"	253097.5	0	387040.7	598062	647229.6	254131.38	576992.9	735027	646012.5	1095097.2	253867.23	685115.5	293320.94	270617.56	1004181.06	678945.06	546506.6	545630.4
"sp|Q6P161|RM54_HUMAN"	"HUMAN"	0	0	0	377957.56	0	0	563829.44	0	0	0	495819.47	0	376482.28	0	0	0	0	486120.78
"sp|Q6P1J9|CDC73_HUMAN"	"HUMAN"	3372601.5	3539465.8	3612319	3052996.5	3055897	3301883	308097.03	331550.75	3371022.8	1574475.9	454220.3	2125724.8	1470654.9	325144.88	468962.44	1242167.9	1857473	717915.5
"sp|Q6P1L8|RM14_HUMAN"	"HUMAN"	0	0	0	0	0	0	0	0	0	360045.4	0	0	0	403579.12	361106.62	0	166368.42	0
"sp|Q6P1N0|C2D1A_HUMAN"	"HUMAN"	0	0	0	0	65327.566	0	0	0	0	0	0	0	0	0	0	0	0	0
"sp|Q6P1N9|TATD1_HUMAN"	"HUMAN"	3107715.8	2081834.2	1101129.9	1222293.5	1472361.6	1128830.1	1280506.4	1631471.5	1582758.4	1342151	1099241.2	1140615.4	1127445.4	1113590	856441.8	1483178.2	1042908.25	966752.75
"sp|Q6P1Q9|MET2B_HUMAN"	"HUMAN"	0	0	0	0	0	0	0	0	0	0	0	0	0	0	0	0	0	0
"sp|Q6P2E9|EDC4_HUMAN"	"HUMAN"	9147658	9965112	8695738	10019739	8189020.5	9739135	9371556	9873365	8271511.5	12490913	9783842	12428642	9047731	10430056	10481440	14730102	12762289	14320996
"sp|Q6P2H3|CEP85_HUMAN"	"HUMAN"	0	0	0	0	0	0	0	0	0	0	0	0	0	0	0	0	0	0
"sp|Q6P2I3|FAH2B_HUMAN"	"HUMAN"	0	0	0	0	0	0	0	0	0	0	0	302654.62	0	0	0	0	0	0
"sp|Q6P2Q9|PRP8_HUMAN"	"HUMAN"	67198390	59955130	52800364	57402924	63639840	58604256	63459428	63015510	59600924	59109824	54165076	55455164	53864428	59607468	60638696	56473110	59122932	55452110
"sp|Q6P3W7|SCYL2_HUMAN"	"HUMAN"	0	0	121074.03	0	124120.555	96442.03	0	0	105097.34	0	94086.35	80487.35	0	82987.336	0	0	0	0
"sp|Q6P3X3|TTC27_HUMAN"	"HUMAN"	4155832	2919673	2973837.2	2217815	3326373.2	2120869	4076612.5	4433241	2688195.5	4155146	3839504.8	4065493.5	3221535	3786545.2	2213911	3578204.5	2442192	4688443
"sp|Q6P4I2|WDR73_HUMAN"	"HUMAN"	705421.8	898816.56	881078.06	720525.7	0	800760.06	793279.4	0	638240.1	542292.56	641779.06	629141.2	651175.2	770505.8	696856	879141.4	773008.3	636273.6
"sp|Q6P996|PDXD1_HUMAN"	"HUMAN"	563571.3	0	580982.25	0	0	702503.75	0	0	561238.9	616286.56	673096.75	960926.2	632137.06	1204774.2	605707.94	927390.56	677986	1075874.8
"sp|Q6PD62|CTR9_HUMAN"	"HUMAN"	3605905	3173352	4610468	4697640.5	3996377	4411640.5	3732405.5	3817256.8	4362470	2895940.8	1951923.1	3190732.8	2958232.8	2400781	2840755.8	2845220	2213175.5	2839354.5
"sp|Q6PD74|AAGAB_HUMAN"	"HUMAN"	1534274.5	1214595.4	387481.66	713445.3	1110198.9	1410079.4	0	1213875.5	1125872.4	1646699.1	506541.7	1191575.6	0	1471392	904602.3	1710459.1	1540545	1129189.8
"sp|Q6PI48|SYDM_HUMAN"	"HUMAN"	4363030	5185348	4677603.5	4949483.5	5182097	3910469.5	5160144	4856264.5	3979553.8	4775281	4087321.5	3504525.8	3996088.8	4137910.5	4433218	2995493.5	4474436.5	3328105.2
"sp|Q6PJG6|BRAT1_HUMAN"	"HUMAN"	0	1463422.9	0	3192590	3219758	4062506	201902.75	3103474	171082.28	249991.97	928152.94	2095778.6	2277672.8	209874.23	2484230	3365347	2110230.5	2956415.8
"sp|Q6PJT7|ZC3HE_HUMAN"	"HUMAN"	731589.1	1026422.5	2521624.8	790591.2	821329.94	961731.5	782465.3	1838896	1323185	2303085.5	2206978.5	523819.66	585918.5	2020483.5	1921905.9	594823.06	1647276.8	744519.75
"sp|Q6PKG0|LARP1_HUMAN"	"HUMAN"	7239646	7417923.5	7173962	7501586	7727338	9238163	5796175.5	8086068	8207523	10134287	9657130	11377886	10564906	11152556	10788452	10886668	10840932	11321105
"sp|Q6PL18|ATAD2_HUMAN"	"HUMAN"	302783.97	366887.72	275675.22	323544.72	383383.66	298219.94	322421.03	304224.6	346514.94	293809.25	342768.1	293896.8	277212.72	346728.56	295151.4	323576.62	309150.44	282618.97
"sp|Q6Q0C0|TRAF7_HUMAN"	"HUMAN"	0	0	0	0	0	0	0	0	0	0	0	0	0	0	0	0	0	0
"sp|Q6QNY1|BL1S2_HUMAN"	"HUMAN"	1221638.1	1344433.9	1380737.4	1090713.8	0	1177830.2	1134032	1075155.5	1220641.8	1829999.2	1709394.2	1317010.8	1295345.6	1692289	1187644	1102361.4	1705804.2	1281818.5
"sp|Q6RFH5|WDR74_HUMAN"	"HUMAN"	2099136.2	3515076.5	2809248.8	1901327.8	3331476.8	2528936	3822978.5	3209076.5	2365138.5	2906918.8	2047644.2	1514971.5	2646685	2795989.8	2576603.2	2565177	1954280.4	2349256
"sp|Q6S8J3|POTEE_HUMAN"	"HUMAN"	0	0	0	0	0	0	0	0	0	0	0	0	0	0	0	0	0	0
"sp|Q6UB35|C1TM_HUMAN"	"HUMAN"	2656545.8	2814884.2	2665480.5	2380027	2698738.5	2829284.2	2655196	2825386	2824090.5	2956402	3173071.2	1534587.1	2046351.4	1871858.4	2942973	3584627.2	2816260.8	2914377.8
"sp|Q6UN15|FIP1_HUMAN"	"HUMAN"	5530329.5	7805293.5	8596856	8046034.5	8342724.5	8376133.5	6521199.5	7430503.5	8096747.5	8104332.5	8261603	10153427	8841255	8659376	10502819	7170253	8139753.5	7681580
"sp|Q6UW78|UQCC3_HUMAN"	"HUMAN"	0	0	0	0	0	0	538784.1	0	1027839.4	0	0	1156764.2	0	0	0	1138496.4	378116.7	0
"sp|Q6UWP2|DHR11_HUMAN"	"HUMAN"	527847.6	432795.03	330823.8	496563.78	183199.23	376482.84	372447.1	0	0	290899.44	630139.44	0	597282.06	362208.12	600315.44	379285.5	349271.62	562657.5
"sp|Q6UX04|CWC27_HUMAN"	"HUMAN"	606643.8	838120.3	711117.8	668760.25	634337.25	584498.3	686123.44	624715.1	592800	770837.6	680680.4	713630.4	728230.25	714231.9	674451.4	789311.44	751504.4	800408.9
"sp|Q6UXN9|WDR82_HUMAN"	"HUMAN"	1671644.5	0	796521.7	856860.2	1827421	958042.75	2149030.8	1038480.6	934277.6	2297040.8	1310156.4	1883192.8	2187833	2087735.1	2408533.5	2476611	2081998.1	2464387.8
"sp|Q6W2J9|BCOR_HUMAN"	"HUMAN"	237551.6	0	0	168276.38	1148008.4	253047.62	409231.22	260957.06	351184.06	0	0	0	0	0	0	0	0	0
"sp|Q6WKZ4|RFIP1_HUMAN"	"HUMAN"	1572470.5	1686624	1811971.2	1874123	1899848.9	1908395.2	1855111.9	1763873.1	1922735	1899572.1	1930315.6	1984187.1	1707753.5	1828532.5	2120058.5	1753364	1846189	1943718.4
"sp|Q6XQN6|PNCB_HUMAN"	"HUMAN"	0	439122.1	0	0	410659.5	480891.8	0	0	522289.7	0	303255.9	0	0	0	0	0	0	0
"sp|Q6Y7W6|GGYF2_HUMAN"	"HUMAN"	0	0	151184.39	57779.742	45047.312	0	42429.254	34882.31	203706.2	68039.16	49694.348	42687.85	62122.215	849541.4	0	43102.86	59693.33	287151.44
"sp|Q6YHU6|THADA_HUMAN"	"HUMAN"	1362487.9	1070360.6	0	1262192.5	1128801.9	1236420.2	1052300.5	1332261.9	0	1458963.2	1576492.8	1414820.5	1306089.5	0	1293892.1	1258377.9	0	0
"sp|Q6YN16|HSDL2_HUMAN"	"HUMAN"	2271613.5	1421133.2	1791854.9	1078892.4	1078997.5	2689566	2316843.5	2393506.8	919094.1	1187331.2	988604.75	1606613	1860252.5	1549533.8	1148623.4	1165520.8	1450732.9	1170499.5
"sp|Q6YP21|KAT3_HUMAN"	"HUMAN"	281279.12	0	0	0	0	0	0	0	0	288183.94	245839.78	0	289053.8	304765.6	321530.7	217966.97	343469.66	304135.3
"sp|Q6ZN17|LN28B_HUMAN"	"HUMAN"	0	524348.8	41369.23	227312.39	183147.03	0	45968.43	148443.55	0	215192.39	424479.12	334843.12	113807.195	446421.78	234258.31	368052.62	115790.164	96453.945
"sp|Q6ZT12|UBR3_HUMAN"	"HUMAN"	0	1639670.6	0	0	1328206.6	1583326.5	0	866608.6	0	0	0	0	1491041.4	1380385.1	1457598.5	1643958.4	1121710.1	1514726.2
"sp|Q6ZT62|BGIN_HUMAN"	"HUMAN"	0	137050.1	0	0	0	0	379111.53	0	0	0	0	0	0	0	0	0	0	142684.8
"sp|Q6ZW49|PAXI1_HUMAN"	"HUMAN"	0	0	0	0	0	0	0	0	0	0	0	0	0	0	0	0	0	0
"sp|Q70J99|UN13D_HUMAN"	"HUMAN"	5990955	5817769	5875579	4827517	6407678.5	6352810	6039955.5	4697105	3359046.5	6083549	6410987	5472828.5	5224124.5	6529979	5831600	3394513.2	5847157.5	5536234
"sp|Q70Z53|F10C1_HUMAN"	"HUMAN"	0	0	0	0	0	0	0	0	192027.36	0	0	140721.14	110902.52	0	0	0	106277.61	0
"sp|Q71RC2|LARP4_HUMAN"	"HUMAN"	1285431.4	1310233.5	879762.06	1259759.8	972865.5	1310292.8	1139117.9	1548986.4	946953	1621843.8	1705441	1445284	1054306.2	1693220.8	1671326.5	1604426	1506884.1	1670680.1
"sp|Q71SY5|MED25_HUMAN"	"HUMAN"	0	0	0	0	0	0	0	0	0	0	0	0	0	0	0	0	0	0
"sp|Q71UM5|RS27L_HUMAN"	"HUMAN"	768438.25	0	0	778166.56	732673.56	0	0	0	0	0	804993.7	725162.25	804436.3	755146.8	642907.3	895777.3	742208.56	778266.1
"sp|Q75N03|HAKAI_HUMAN"	"HUMAN"	78549.94	0	176472.72	0	0	192095.08	0	0	298589.16	285327.12	0	0	0	0	300075.12	0	326757.03	0
"sp|Q76FK4|NOL8_HUMAN"	"HUMAN"	394517.8	49830.73	0	64031.684	0	508238.34	41031.99	58041.113	303556.25	566021.25	1772505.9	259995.83	1161352.2	1217806.1	247116.2	1223958.9	441207.78	1228324.1
"sp|Q7KZ85|SPT6H_HUMAN"	"HUMAN"	1163460.1	1836429.2	4921018.5	5226500	4755171	1369355.2	1484908.2	4016152.2	2377039.5	2099771.2	5694720	5766026	2770612.2	1850495.9	3416106.2	3985789.5	2860892.2	5878950.5
"sp|Q7KZF4|SND1_HUMAN"	"HUMAN"	114570344	109059240	112569730	109718170	111842470	114296250	113798500	109230310	115405510	118973304	116658424	130308040	119005970	116296456	121517336	115541370	121712056	124123210
"sp|Q7L014|DDX46_HUMAN"	"HUMAN"	13589359	14990059	15969522	12668757	19822994	13383016	19333352	12185337	15390720	12926204	22115900	11379246	21942496	25476840	17652098	23288272	15881993	15138744
"sp|Q7L0Y3|TM10C_HUMAN"	"HUMAN"	8677312	7336687.5	8237771	6294514	6944814	8414021	6530050	7890603.5	8280552.5	6020590.5	4195095	4448243.5	6537958.5	6598542	5639523	6511267	4994774.5	5467223
"sp|Q7L1Q6|5MP2_HUMAN"	"HUMAN"	8944192	6107757	8800199	7759451	8353305	8863219	6429239	7479220.5	9779774	6503460	4735320.5	5961991	7460018	5708902	6052213	7233003	6453321.5	5631454
"sp|Q7L2E3|DHX30_HUMAN"	"HUMAN"	3364546	1523981	2131525.8	1735505.6	3182467.2	4762678	3438517	6573728	1737923.2	4960340	2061129.5	2099999.8	2630208.2	2811033.5	2610465	3285878.8	2773315.8	6711648
"sp|Q7L2H7|EIF3M_HUMAN"	"HUMAN"	27057980	27448176	25630104	27536670	25957572	25787098	27116620	28057216	25891254	27842054	27643616	27647714	27488026	26941516	26306550	27194970	24439802	26596804
"sp|Q7L2J0|MEPCE_HUMAN"	"HUMAN"	0	245884.83	0	0	0	0	295055.88	236332.75	0	49215.527	0	80733.664	0	44791.984	0	0	0	0
"sp|Q7L576|CYFP1_HUMAN"	"HUMAN"	4528579.5	2272377	2538150	2140972	2127006.5	2128010	8403186	8331994	2119404.8	3585986	3510759.5	3889045.5	2585694.5	3786437.2	3904048.5	1955292.5	4114363.8	1772449.2
"sp|Q7L592|NDUF7_HUMAN"	"HUMAN"	0	0	0	0	0	0	0	0	0	0	0	0	0	0	0	0	0	0
"sp|Q7L5D6|GET4_HUMAN"	"HUMAN"	2004543.8	2227945.5	1418527.9	1410063.9	1953469.2	1358001.2	1913412.1	1963335	2053503.2	2570013	1647904	2252797	1810205	1603970.6	1993830.2	2288807.2	1624864.9	833005.8
"sp|Q7L5N1|CSN6_HUMAN"	"HUMAN"	755412.75	881870	787326.2	575829.56	823788.6	751108.8	850430.75	369215.84	1055475.8	1428422.8	1233264.8	1313471.5	1192197.4	1165108.8	580796.2	607948.1	636154.44	1367431.6
"sp|Q7L5Y9|MAEA_HUMAN"	"HUMAN"	0	0	0	0	0	0	0	0	0	0	672079.8	0	453780.06	530311.2	599090.1	415464.22	0	513532.66
"sp|Q7L775|EPMIP_HUMAN"	"HUMAN"	0	202277.62	199753.55	0	0	0	0	227099.05	0	202478.69	0	129618.44	135124.33	0	0	230895.78	245783.55	0
"sp|Q7L7X3|TAOK1_HUMAN"	"HUMAN"	0	0	0	980559.56	0	0	224902.81	0	0	0	0	0	0	0	0	0	0	0
"sp|Q7L8L6|FAKD5_HUMAN"	"HUMAN"	0	0	0	0	0	0	0	0	0	0	0	0	0	0	0	0	0	0
"sp|Q7L9L4|MOB1B_HUMAN"	"HUMAN"	2022735.2	1941993.8	2118592.8	1698413.5	2626228.2	1913153.5	2202212.8	2124697	2346429.8	2260324.5	2554756.2	1951353.5	2695781.8	2831654	2382529	2332104.5	2499370.8	2637326
"sp|Q7LBC6|KDM3B_HUMAN"	"HUMAN"	747190.1	0	231890.11	0	0	661312.4	92637.39	116928.34	98691.51	637127.75	0	629635.44	138911.55	623531.44	147267.27	0	875406.56	564161
"sp|Q7RTV0|PHF5A_HUMAN"	"HUMAN"	1430838.2	0	2639133	2797179.5	3103157.8	1585544.5	2330656.2	2928962	3019391.5	2263007.5	1794696.5	1405614.2	2011565.8	534085.75	2591215.5	1631685.6	1805813.9	2070938
"sp|Q7Z2T5|TRM1L_HUMAN"	"HUMAN"	201698.94	0	0	0	0	830396.9	523784.6	0	821528.75	828674.75	313125.56	424216.94	940837.6	458259.34	355402	489225.8	336735.34	0
"sp|Q7Z2W4|ZCCHV_HUMAN"	"HUMAN"	4786789	4400334.5	3965910.8	4329288.5	6295389	3434983	3686067.2	4478023	4247329	3278516	4413496	4590294.5	3230366	3135510.8	3686282.5	5516458	3630242.2	6260586.5
"sp|Q7Z2Z2|EFL1_HUMAN"	"HUMAN"	439022.28	0	0	444010.1	0	178019.92	128314.02	0	0	0	2137788	272397	514140.5	0	630662	0	0	0
"sp|Q7Z392|TPC11_HUMAN"	"HUMAN"	0	0	0	0	0	0	0	300491.88	260993.62	0	0	243370.9	0	0	0	0	274622.84	0
"sp|Q7Z3B4|NUP54_HUMAN"	"HUMAN"	3084024	4588570	4810102.5	5200815	2415240	3094041	2089859	4988718.5	3724295	5023125	4884750	3770562	3408648	4062005	3645083.8	2373284.5	5203288	3605990.8
"sp|Q7Z3C6|ATG9A_HUMAN"	"HUMAN"	0	0	0	0	0	0	0	0	0	131951.47	0	0	0	0	0	0	0	0
"sp|Q7Z3K3|POGZ_HUMAN"	"HUMAN"	0	0	0	0	0	0	0	0	0	0	161362.08	0	0	0	0	147214.62	0	211569.5
"sp|Q7Z3U7|MON2_HUMAN"	"HUMAN"	0	0	0	0	0	0	0	0	0	0	0	0	0	0	0	0	0	144546.4
"sp|Q7Z417|NUFP2_HUMAN"	"HUMAN"	0	656244.56	807902.3	215128.55	473234.84	0	635266	621205.6	465355.66	498129.38	125216.83	575253.6	0	0	134594.1	423274.1	135288.27	0
"sp|Q7Z422|SZRD1_HUMAN"	"HUMAN"	0	0	0	0	0	0	0	0	108123.53	405026.94	424709.75	295625.53	189575.27	331369.97	211488.12	340853.7	554124.9	0
"sp|Q7Z460|CLAP1_HUMAN"	"HUMAN"	369389.03	0	0	0	0	0	283976.38	0	0	1390493.2	1750441	1783873.2	1744874.2	1417856.8	1644919.1	1981837.2	0	2178971.8
"sp|Q7Z478|DHX29_HUMAN"	"HUMAN"	53831.258	0	171259.8	159774.52	156246.89	49093.055	177664.08	213524.38	0	0	151028.92	263280.38	0	243073.69	157746.61	0	142811.2	144664.36
"sp|Q7Z4H3|HDDC2_HUMAN"	"HUMAN"	4349826	3101377	2609578.2	2908064	3374070.5	2912403	4322180.5	3062352.8	2606675.5	4285845.5	4367551	3494490	4009322	3456133	4198741	3404732.5	3341732.2	3839456.8
"sp|Q7Z4Q2|HEAT3_HUMAN"	"HUMAN"	0	1314688.5	0	0	89563.445	115866.77	1265152.4	0	1582195.1	0	135897.75	0	78405.305	0	0	133854.39	0	164990.58
"sp|Q7Z4S6|KI21A_HUMAN"	"HUMAN"	1670414.1	1742192.8	2738428.5	2168409.2	1782322.6	2459662.8	2045990.6	1858116.1	2573922.2	2295324.2	2361542.5	1755194.2	2484746	2325347.8	2434849.2	2023614.4	1880447	1872280.8
"sp|Q7Z4V5|HDGR2_HUMAN"	"HUMAN"	2429134.2	1532702	841267.7	2527090	1105503.1	778081.44	2060707.5	1953108.4	1206805.6	1277083	788186.75	712473.94	1056164.8	752854.25	1832750.5	788223.94	775437.1	777095.4
"sp|Q7Z4W1|DCXR_HUMAN"	"HUMAN"	0	272197.88	101797.234	0	0	0	0	0	0	0	275687.62	345974.47	429490.88	386519.88	355812.72	389121.25	260447.88	0
"sp|Q7Z569|BRAP_HUMAN"	"HUMAN"	724392.1	755570.8	830628.2	745323.8	810250.25	692703.2	702761.75	0	898042.9	682926.8	645192.06	537823.7	806457.2	811600.6	751288.75	528892.75	638114.9	902064.94
"sp|Q7Z5K2|WAPL_HUMAN"	"HUMAN"	0	0	0	0	0	0	0	0	0	0	0	0	0	0	0	0	0	0
"sp|Q7Z5L9|I2BP2_HUMAN"	"HUMAN"	0	0	0	0	0	0	0	0	0	0	159730.55	0	0	0	0	0	0	0
"sp|Q7Z6E9|RBBP6_HUMAN"	"HUMAN"	1552774.9	479039.62	461332.94	0	0	426587.9	0	1203711.1	1135156.6	1255498.4	1172424.4	1205993.6	306277.1	0	1260170.5	0	0	1269890.5
"sp|Q7Z6G8|ANS1B_HUMAN"	"HUMAN"	859616.06	683227.44	786242.3	761392.1	827226.94	0	917404	793898.5	0	975406.1	918653.44	1059128	831891.7	1018940.4	939489.2	905056.44	938344.9	868423.4
"sp|Q7Z6Z7|HUWE1_HUMAN"	"HUMAN"	10056230	10611628	12307786	9889478	5696690.5	5703963	8399039	9015885	9262934	5743565.5	5333708	6219850	5926293.5	5847409.5	5912276	4678800	4611084	5414520.5
"sp|Q7Z7A3|CTU1_HUMAN"	"HUMAN"	249328.33	272536.53	225655.52	288236.06	101467.67	0	282948.88	194965.7	102491.18	274236.16	332068.1	250739.08	238606.06	280588.56	255595.25	0	122488.88	214385.06
"sp|Q7Z7C8|TAF8_HUMAN"	"HUMAN"	0	0	698969.2	0	0	0	0	0	0	0	0	0	0	0	0	0	0	0
"sp|Q7Z7E8|UB2Q1_HUMAN"	"HUMAN"	0	0	0	0	0	0	0	0	0	258401.38	203671.44	243570.62	272077.88	0	0	595021.5	0	176577.66
"sp|Q7Z7F0|KHDC4_HUMAN"	"HUMAN"	66925.8	0	52185.418	0	59310.816	0	0	0	0	0	0	0	0	0	0	69942.695	0	0
"sp|Q7Z7H8|RM10_HUMAN"	"HUMAN"	0	281631.8	0	0	0	0	303832.9	0	0	257570.19	159157.17	295161.75	0	236483.12	0	321829	0	0
"sp|Q7Z7K0|COXM1_HUMAN"	"HUMAN"	646981.56	705583.9	0	754051.3	720520.56	812011.4	0	0	0	651831	0	748052.3	627102.44	681827.06	742824.6	726761.56	462275.2	717454.6
"sp|Q7Z7K6|CENPV_HUMAN"	"HUMAN"	618414.75	687357.06	619491.7	640249.6	685207.56	672634.56	628352.8	666422.9	605052.75	614958.8	647036.06	606009.4	642598.8	587036.44	581931.1	611951	592420.6	599854.44
"sp|Q7Z7M9|GALT5_HUMAN"	"HUMAN"	0	643895.44	0	0	0	0	0	0	0	0	0	0	0	0	0	0	0	0
"sp|Q86SF2|GALT7_HUMAN"	"HUMAN"	0	0	0	0	14251.994	11616.464	538164.75	0	0	0	527623.75	0	0	255458.98	293186.84	0	0	0
"sp|Q86SX6|GLRX5_HUMAN"	"HUMAN"	1478516.2	1604288.4	1322079.8	1452976.2	1537141	1436210.2	1505060	1652135.8	920251.4	774060.75	979736.75	963244.75	921601.56	861561.44	874552.8	817597.5	915905.5	845105.3
"sp|Q86TI2|DPP9_HUMAN"	"HUMAN"	0	0	0	0	0	0	0	231433.73	0	0	0	0	0	0	0	0	0	0
"sp|Q86TS9|RM52_HUMAN"	"HUMAN"	0	0	271586.06	0	272747.47	291371.2	240723.03	233992.4	261058.02	291415.03	246335.36	213838.52	219261.22	231116.28	235929.92	287691.94	294290.78	0
"sp|Q86TU7|SETD3_HUMAN"	"HUMAN"	0	0	0	0	0	0	0	0	0	0	0	0	0	0	0	0	0	0
"sp|Q86U42|PABP2_HUMAN"	"HUMAN"	19190024	18866306	18447530	19165404	16528573	19853158	19326676	19049224	18487276	19642666	19160114	17061660	19350004	18977462	19566602	18979350	19141924	19981190
"sp|Q86U44|MTA70_HUMAN"	"HUMAN"	1858932.6	1829435.4	1752087.5	2635206.8	1775187.1	1602618.8	1616985.9	1409495.8	2094037.2	974461.6	1757490.2	1458626.4	1012239.25	1977381.6	1958664.6	2068653.8	1170573.4	1680484.2
"sp|Q86U70|LDB1_HUMAN"	"HUMAN"	1104227.5	1116674.8	1190432.5	574830.94	1114361	1397270.6	974371.75	840792.6	1322324	722446.9	962794.9	628076.1	872766.7	1278684.8	857231.5	772944.25	737245.5	550294.2
"sp|Q86U90|YRDC_HUMAN"	"HUMAN"	3632332.5	4303749	3993663.5	3681434.5	4019783.2	2625293.5	4171925.5	5193917	3928179.2	2427352.2	2306603.8	4634740	2374586	2214480.2	4336390.5	1984857.8	1947605.4	1326745.9
"sp|Q86UE4|LYRIC_HUMAN"	"HUMAN"	0	0	596337.25	0	0	0	0	0	0	0	422426.9	1658257.1	429157.8	383090.7	318975.75	338073.72	316268.75	390828.22
"sp|Q86UK7|ZN598_HUMAN"	"HUMAN"	352387.3	377446.2	341255.84	0	291324.84	339018.75	305097.78	0	0	270361.53	336804.03	1082307.5	319407.12	1258011.5	1164111.1	373434.66	341837.97	323172.06
"sp|Q86UP2|KTN1_HUMAN"	"HUMAN"	1527731.9	1145779.1	1133558	1429625.2	2488793	1354420.9	1823541.2	2400218	1192158.8	2083855	1875526.4	1208846.2	2015656.5	1783761.1	1136037.6	1766736.2	1803892.8	1246662.4
"sp|Q86UU1|PHLB1_HUMAN"	"HUMAN"	0	0	0	0	0	0	0	0	0	1006333.8	0	0	0	686376.9	0	0	1232195.1	0
"sp|Q86UV5|UBP48_HUMAN"	"HUMAN"	4942716.5	2725576.2	4007093.5	2851081.2	4675342	4047519.5	2933001.2	4508146	3810891	3244885.2	4365365	3091489.2	1993049.2	2578812.8	2287299	3334715.5	1960601.1	1949917.6
"sp|Q86UX7|URP2_HUMAN"	"HUMAN"	35180908	32824856	35186140	35263704	32453358	36173576	34686224	31609310	36960044	39881976	40848476	40930640	41584132	46747932	39599696	42772876	41326304	39721060
"sp|Q86V81|THOC4_HUMAN"	"HUMAN"	19471320	17995462	19581102	20031230	19011012	18449694	18440526	20456816	18532628	18166998	17913968	17729278	19498462	20458036	17864028	18801204	20136116	19745424
"sp|Q86VM9|ZCH18_HUMAN"	"HUMAN"	212801.73	879411.5	251329.16	680208.56	214044.62	556707.56	809804.75	342543.47	994179.9	1336328.8	270680.8	599602.4	1026854.1	1995548.6	645019	748764.56	837122.94	918593.75
"sp|Q86VP6|CAND1_HUMAN"	"HUMAN"	33983924	32801014	31456224	31913626	32647020	33661012	25567316	30539204	29100388	31356254	29059642	27339476	30540746	26836812	26137450	31510516	26508630	25208368
"sp|Q86VU5|CMTD1_HUMAN"	"HUMAN"	0	0	0	0	0	0	0	0	0	106118.28	96740.484	0	0	0	79620.83	0	0	0
"sp|Q86W42|THOC6_HUMAN"	"HUMAN"	1693368.8	1804683.2	1947681.1	1938373.2	2757440.5	1407528	2369916	2417154	1809263.4	2944585	2782697	1793934.4	2141365.2	2218754.5	2103935	3311923.8	2710909.8	2226033
"sp|Q86W56|PARG_HUMAN"	"HUMAN"	0	0	0	0	0	0	0	0	0	0	0	0	0	0	0	0	0	0
"sp|Q86WB0|ZC3C1_HUMAN"	"HUMAN"	1873347.5	1420023.2	1128137.6	1369629.8	744311.7	1452611.9	1002688.4	1819840.6	1581762	2231045	2118114.8	1935227	2777498.5	849772.06	1737229.4	357136.16	1075597.1	1876490.4
"sp|Q86WR0|CCD25_HUMAN"	"HUMAN"	0	113293.2	0	0	0	0	277812.44	0	0	0	0	88914.11	358446.94	0	0	0	0	0
"sp|Q86X29|LSR_HUMAN"	"HUMAN"	0	0	0	0	0	0	0	322318.75	0	0	0	0	0	0	0	0	0	0
"sp|Q86X55|CARM1_HUMAN"	"HUMAN"	5141292	3454547.5	3949975.2	4681247	5017974	4968178	4895320	4203708.5	2957617.5	4695180	4452097	3777222	3770271.5	3913178.5	4305361	3770076.5	3457737	4729983
"sp|Q86X76|NIT1_HUMAN"	"HUMAN"	0	0	0	0	0	0	0	0	0	0	0	0	0	0	0	0	0	0
"sp|Q86X83|COMD2_HUMAN"	"HUMAN"	339853.94	0	497825.53	508866.16	0	332633.03	375361.88	292851.56	0	259937.69	0	480440.28	243384.1	0	223561.06	0	0	240208.36
"sp|Q86XA9|HTR5A_HUMAN"	"HUMAN"	0	0	0	0	0	0	0	0	0	0	0	0	0	0	0	0	0	0
"sp|Q86XI2|CNDG2_HUMAN"	"HUMAN"	162299.97	174006.69	108585.555	0	0	176118.44	0	176220.28	0	0	264180.16	148448.5	196909.78	221127.77	166887.28	223861.19	0	344677.97
"sp|Q86XP3|DDX42_HUMAN"	"HUMAN"	9335676	7580937	4824936	7656158.5	6879936	7592055.5	8013360	7493823	7476018.5	6874767	9180353	8338787.5	7354775	7566623	7832427.5	7590038	8369802	8993701
"sp|Q86Y39|NDUAB_HUMAN"	"HUMAN"	0	252901.66	0	0	0	0	0	0	193916.97	0	0	150267.2	0	0	151860.11	0	230435.83	0
"sp|Q86Y56|DAAF5_HUMAN"	"HUMAN"	2162732.5	2414151.5	1924000	1274040.2	1800702.5	1414570.2	2268952.8	2255062.5	2027389.8	2251848.2	1171164.8	1337675	2179421	1279263.9	2492296	2209971	2367999.2	2358333.8
"sp|Q86Y79|PTH_HUMAN"	"HUMAN"	0	0	0	0	0	0	0	0	0	0	0	0	0	0	0	0	0	0
"sp|Q86Y82|STX12_HUMAN"	"HUMAN"	0	0	0	367539.28	0	533793	0	1147977.5	0	452220.34	348067.1	0	334872.47	457715.88	298819.16	337345.47	0	313951.1
"sp|Q86YP4|P66A_HUMAN"	"HUMAN"	2030972.2	1715015.2	1755432.2	2680882	1882134.5	1771060.1	2423057	1889885.2	1923060.5	2150843.5	2177007	3096844.5	1522678	1677906.5	1704127	1812000.6	1920905.8	2515319
"sp|Q8IU81|I2BP1_HUMAN"	"HUMAN"	0	0	0	0	0	0	0	0	0	0	148573.42	0	0	178935.8	0	262447.44	149215.11	0
"sp|Q8IUE6|H2A2B_HUMAN"	"HUMAN"	22516742	20886412	21951126	20910776	19204998	21662052	19997268	22130038	21887384	20708224	18079722	20985672	19832060	17987020	21083060	19378104	21115612	21072780
"sp|Q8IUH3|RBM45_HUMAN"	"HUMAN"	0	0	0	0	0	0	0	0	0	360589.9	668615.94	0	345314.12	0	0	0	372423.38	0
"sp|Q8IUI8|CRLF3_HUMAN"	"HUMAN"	311896.62	587443.5	793996.8	0	0	0	0	665737	0	677877.8	931043.75	1127470.1	903784.1	301310.88	1138157.9	880536.75	814116.75	840635.75
"sp|Q8IUX4|ABC3F_HUMAN"	"HUMAN"	0	0	0	0	0	0	0	0	0	0	0	0	0	0	0	0	0	0
"sp|Q8IV08|PLD3_HUMAN"	"HUMAN"	999689.7	1345984.2	0	0	1054386.2	938794.7	1562703	1130969.2	1224370	686606.9	499509.03	162958.78	172926.2	1455639.6	690322.5	646068.4	1448735.2	1336295.6
"sp|Q8IV32|CCD71_HUMAN"	"HUMAN"	1832374.6	1014327.7	1790606.9	1648458.9	1098132.1	1113872.2	1177133.9	0	2203502.5	1142119.1	1627888.1	1098531.6	1570207.1	1556476.4	1544084.8	1046410.3	1332479.6	1112562.9
"sp|Q8IV38|ANKY2_HUMAN"	"HUMAN"	1164909.6	342504.6	0	298759.6	308460.94	0	0	0	654176.94	433742.6	829829.75	262957.06	827346.75	0	865520.6	763605.75	426615.5	800907.44
"sp|Q8IV48|ERI1_HUMAN"	"HUMAN"	0	30537.273	0	0	606250.94	0	0	503614.06	0	0	0	342297.56	0	0	0	0	0	0
"sp|Q8IVD9|NUDC3_HUMAN"	"HUMAN"	0	365271.03	0	0	0	292931.53	0	0	425861.84	326814.22	356700.38	303031.72	344165.4	326429.84	0	0	291027.56	300877.66
"sp|Q8IVS2|FABD_HUMAN"	"HUMAN"	0	0	0	0	0	0	0	0	0	0	0	0	0	0	0	0	0	0
"sp|Q8IVT5|KSR1_HUMAN"	"HUMAN"	0	0	0	0	0	0	0	0	0	0	0	0	0	0	0	0	0	0
"sp|Q8IWA0|WDR75_HUMAN"	"HUMAN"	12968473	4897204.5	12926563	4268194.5	5268231.5	5655617	12767822	5388306	11878514	11449430	4722680	4178460.5	10920486	4417564	3458080.8	3420913.8	7943851	10340786
"sp|Q8IWA4|MFN1_HUMAN"	"HUMAN"	0	0	0	0	0	0	0	668640.5	760524.4	0	0	0	0	0	0	597260.06	0	0
"sp|Q8IWJ2|GCC2_HUMAN"	"HUMAN"	0	0	0	0	0	24580.281	0	0	0	0	0	0	302806.7	0	0	408843.9	264877.5	0
"sp|Q8IWR0|Z3H7A_HUMAN"	"HUMAN"	0	0	0	0	0	0	0	0	0	0	0	0	0	0	0	0	0	0
"sp|Q8IWS0|PHF6_HUMAN"	"HUMAN"	870610.1	834427.6	846151.6	823430.44	809316.1	727756.2	1213968.5	755652.5	1450347.4	1275588.8	4658211.5	4243577	4394010	962613	572809.3	515781.8	4976384	1927061.6
"sp|Q8IWV7|UBR1_HUMAN"	"HUMAN"	0	0	0	0	0	0	0	0	0	0	0	0	0	0	0	0	0	0
"sp|Q8IWX8|CHERP_HUMAN"	"HUMAN"	5467659	4703944.5	5518684	5965957.5	6102640	5575086	5801696	5924451	7047380.5	9785513	9918327	9940718	9413748	8686412	10346561	9066901	8766513	8257120.5
"sp|Q8IWZ3|ANKH1_HUMAN"	"HUMAN"	0	0	0	336435.9	0	0	0	0	0	279377.7	0	209905.11	0	0	0	0	211091.36	0
"sp|Q8IWZ8|SUGP1_HUMAN"	"HUMAN"	0	0	380232.16	802867.5	400309.66	0	644415.4	0	0	0	0	0	891512.5	351206.44	361055.8	0	0	324667.97
"sp|Q8IX01|SUGP2_HUMAN"	"HUMAN"	0	0	0	0	0	0	0	0	0	0	0	0	0	0	0	0	0	0
"sp|Q8IX12|CCAR1_HUMAN"	"HUMAN"	6474522	5513177	6221146	8325578	5432425	8243454	6287825.5	6061430.5	5785883	8812951	7639016	35696036	9668515	9334813	9828454	6335914.5	7968743.5	11483065
"sp|Q8IX90|SKA3_HUMAN"	"HUMAN"	0	0	179030.56	0	177024.88	0	201770.42	0	0	0	164978.16	170412.05	176451.38	167277.22	147735.28	0	195319.45	0
"sp|Q8IXH7|NELFD_HUMAN"	"HUMAN"	0	0	372141.47	565912.3	408466.62	405000.5	949319.4	852375.5	0	903848.4	1416347	428844.78	409177.12	396274	325612.3	2156843	331886.22	931766
"sp|Q8IXI1|MIRO2_HUMAN"	"HUMAN"	0	0	593671.2	0	704688.2	309537.22	0	850484.6	0	194067.31	647698.4	529811.5	169452.28	661043.25	772611.9	567057.9	618381.3	946214.6
"sp|Q8IXK0|PHC2_HUMAN"	"HUMAN"	0	665288	594541.3	645050.94	558542.5	589209.5	576919.8	0	628740.06	0	0	393689.47	394708.62	0	402655.94	468768.75	0	365266.66
"sp|Q8IXM3|RM41_HUMAN"	"HUMAN"	1245875	1200002.8	668673	845764.6	1211670.5	657748.3	691781.4	673227.7	692404.5	1076578.8	1008362.9	994181.75	1171894.4	1106127.8	1097403.9	1212707.9	1212280.2	1139335.9
"sp|Q8IXQ3|CI040_HUMAN"	"HUMAN"	383689.78	0	0	362832.7	0	296202.62	0	0	0	0	0	0	0	0	0	0	0	0
"sp|Q8IXT5|RB12B_HUMAN"	"HUMAN"	3104265.5	0	3036059.2	2810122	3173135.5	2683874	3148327	2945435.2	0	777287.2	344537.28	481768.16	1973551.8	345963.78	690970.8	775157.9	855526.8	817047.25
"sp|Q8IXW5|RPAP2_HUMAN"	"HUMAN"	0	2428911	0	1437364.9	1457490.8	1647495.1	1374160.6	0	0	960057.8	0	1455775.9	2018684.8	1241141.9	1391569.8	0	1228287.4	1420226.4
"sp|Q8IY33|MILK2_HUMAN"	"HUMAN"	210186.03	0	0	501004.06	0	325439.75	0	295900.97	416373	0	262783.97	0	0	0	0	0	0	0
"sp|Q8IY37|DHX37_HUMAN"	"HUMAN"	0	0	0	0	0	0	0	0	0	142789.47	0	0	0	0	0	0	0	0
"sp|Q8IY67|RAVR1_HUMAN"	"HUMAN"	4629636	7871670.5	7130240	7338707.5	5775605	6257146.5	5646577.5	6783685	7161287.5	6264955.5	8826356	6299345.5	6709782.5	7784974.5	7522699.5	4713303.5	7609380	7498458.5
"sp|Q8IY81|SPB1_HUMAN"	"HUMAN"	8870970	7002549.5	8566897	7385244	8441150	8357578	10784871	5017885.5	6742681	8380496	10085051	6911626.5	7437925.5	8639104	6017481.5	7222869	7559407.5	7641712
"sp|Q8IYB3|SRRM1_HUMAN"	"HUMAN"	5968640	5017603.5	6198440	4379516	8231983	5734112.5	5096622	5718172	6191188	6463352	6755964.5	6467917	6778770.5	6574030.5	6943168.5	8135843	8556443	6832058
"sp|Q8IYB8|SUV3_HUMAN"	"HUMAN"	0	426840	0	380336.56	0	0	455438.03	435812.12	23659.719	0	0	0	393066.34	2033265.2	0	193013.28	373521.97	363872.44
"sp|Q8IYB9|ZN595_HUMAN"	"HUMAN"	0	0	0	0	0	300274.25	432898.7	0	0	0	377614.3	0	0	0	0	0	0	0
"sp|Q8IYD1|ERF3B_HUMAN"	"HUMAN"	5133590	5047046.5	5124188	4922296	4774584	5289497	6200902.5	7087823.5	5146945	7005457	7549766.5	6505439	4941828.5	4801489	4838298	5125888.5	4997305	5005006
"sp|Q8IZ21|PHAR4_HUMAN"	"HUMAN"	927881	912945.7	905042.5	970637.1	870389.44	999756.2	867389.6	926127.7	896832.3	905656.4	988046.75	941086.7	958880.25	998658.25	907321.25	967945.5	907953.6	972576.94
"sp|Q8IZ69|TRM2A_HUMAN"	"HUMAN"	1885446.2	2517979.5	3376846.5	2834381.2	825129	3191066	685467.25	833187.5	3917395.5	3539994.8	1758882.1	2424740.2	2380220.8	3341474.8	2526446.2	3595545.2	2002046.2	2061684.8
"sp|Q8IZ73|RUSD2_HUMAN"	"HUMAN"	0	701707.9	484855.47	351860.66	544970.4	815062.4	0	660203	0	0	0	734236.8	0	0	0	0	210050.77	0
"sp|Q8IZ83|A16A1_HUMAN"	"HUMAN"	202399.9	285572.9	200762.64	201924.33	215788.81	219563.08	299921.72	305128.34	235310.02	487865.7	236042.06	495945.66	175491.06	528848.4	179594.12	304978.72	375625	209768.06
"sp|Q8IZL8|PELP1_HUMAN"	"HUMAN"	1489018	1734151.5	1923625.9	1542642.8	1529816.4	1730765.9	1683317.5	1140168.2	1420620.6	2602022.8	2614201	3181826	2560858	1981640.9	2957428.5	2523284	1588389	2200414
"sp|Q8IZP0|ABI1_HUMAN"	"HUMAN"	621256.44	603611.3	572412.75	0	594055	608184.6	542939.56	452315.56	577891.94	636009.2	646341.06	592270.9	635240.56	605603.25	550929.56	641383	590030.94	563715.9
"sp|Q8IZQ5|SELH_HUMAN"	"HUMAN"	0	338402.9	0	0	0	0	0	0	0	0	0	0	0	431237.97	0	0	0	0
"sp|Q8IZT6|ASPM_HUMAN"	"HUMAN"	0	0	0	0	0	0	0	0	0	0	0	0	0	0	0	0	0	0
"sp|Q8N0X7|SPART_HUMAN"	"HUMAN"	0	0	0	0	0	0	0	0	0	0	0	0	0	0	0	0	0	0
"sp|Q8N108|MIER1_HUMAN"	"HUMAN"	0	0	0	218030.27	268866.56	241080.78	0	0	0	188281.9	0	0	0	283877.72	306825.84	260709.06	209074.06	0
"sp|Q8N163|CCAR2_HUMAN"	"HUMAN"	12589175	11357287	12135260	12354453	12439126	12137771	12299815	11830142	11568357	12709773	11768879	12417360	11556225	12634834	12340018	11313653	8688286	11089320
"sp|Q8N183|NDUF2_HUMAN"	"HUMAN"	2016606	1650050.2	2203486.2	2210918	0	2426226.5	188604.1	1244718.2	641242.9	816973.8	799087.5	2409577.5	1516890.9	726009.4	633848.2	198209.23	2358791.5	867224.9
"sp|Q8N1F7|NUP93_HUMAN"	"HUMAN"	19548692	21541898	23495710	21118358	22616980	22229630	19949928	19304984	24905926	23838182	23549168	24286606	21639750	26637452	22604274	24525632	26194426	25413614
"sp|Q8N1G0|ZN687_HUMAN"	"HUMAN"	0	0	0	0	0	0	0	0	0	0	0	0	0	0	0	0	0	0
"sp|Q8N1G2|CMTR1_HUMAN"	"HUMAN"	210352.27	105280.45	99704.484	0	0	0	0	103940.305	246375.34	106682.88	90115.6	0	115171.32	100985.74	116883	118460.94	0	104844.86
"sp|Q8N1G4|LRC47_HUMAN"	"HUMAN"	14563529	14378938	14361418	14240283	14395854	14615077	18543834	15736359	14168547	17040540	19063748	19126196	14235076	16599411	17177944	18324184	17876468	15571955
"sp|Q8N201|INT1_HUMAN"	"HUMAN"	180097.67	213108.19	228153.48	0	213737.94	106726.414	0	0	0	284217.97	124335.29	0	246196.64	171663.69	0	0	91303.375	0
"sp|Q8N257|H2B3B_HUMAN"	"HUMAN"	36927956	37046548	38356770	37416230	38557964	37100490	37766820	36744548	37680416	38598030	39672308	40147036	39028060	38884730	40283316	37969810	40277856	38978116
"sp|Q8N2M8|CLASR_HUMAN"	"HUMAN"	0	0	0	0	0	0	0	0	0	0	0	0	0	0	0	0	0	0
"sp|Q8N2W9|PIAS4_HUMAN"	"HUMAN"	0	0	0	0	0	0	0	0	0	0	0	0	0	0	0	0	0	0
"sp|Q8N2Z9|CENPS_HUMAN"	"HUMAN"	3122760.8	1703429	1627405.6	0	0	0	0	0	0	0	0	0	0	0	0	0	0	0
"sp|Q8N392|RHG18_HUMAN"	"HUMAN"	0	0	0	0	0	0	0	0	109085.1	0	0	0	0	62690.22	0	0	0	0
"sp|Q8N3C0|ASCC3_HUMAN"	"HUMAN"	0	273771.28	356497.72	294285.38	0	241296.92	277956.56	259207.14	0	0	0	0	0	0	0	0	0	0
"sp|Q8N3D4|EH1L1_HUMAN"	"HUMAN"	0	0	0	0	0	0	0	0	0	0	0	0	0	0	0	357293.2	0	0
"sp|Q8N3U4|STAG2_HUMAN"	"HUMAN"	5899283.5	6014697	5322311.5	5533503	7358831	5652411	5924621.5	6745311.5	3981347.5	6115817	5713037.5	6383588.5	6425641.5	6876698.5	5405695.5	6371490.5	6060786	5346867
"sp|Q8N3X1|FNBP4_HUMAN"	"HUMAN"	0	0	2080086.5	2294746.8	0	2883211.2	0	0	0	1280288.8	0	0	1063753.2	1407970.4	0	0	2524360.5	1185558
"sp|Q8N442|GUF1_HUMAN"	"HUMAN"	0	0	0	0	0	0	0	0	0	0	0	0	0	0	0	0	0	0
"sp|Q8N4H5|TOM5_HUMAN"	"HUMAN"	0	0	0	0	220895.39	326450.88	0	239532.95	207167.06	389703.34	346261.06	379581.8	367697.6	348422.12	329247.84	349420.12	310159.16	376809.7
"sp|Q8N4P3|MESH1_HUMAN"	"HUMAN"	0	0	276386.78	0	0	285036.8	0	266499.62	0	230786.12	566887.5	298895.47	0	1277087	0	0	0	0
"sp|Q8N4Q1|MIA40_HUMAN"	"HUMAN"	823903.2	254360.31	874288.56	616581.94	806073.4	900462.9	670058.2	837400.06	393879.88	840409.8	689917.5	963148.1	1154099.9	337068.8	955466.1	1020508.5	954795.75	1020864.6
"sp|Q8N4T0|CBPA6_HUMAN"	"HUMAN"	719907.9	781598.7	606842.4	710578.8	684567.06	306672.94	592394.3	664431.5	584606.4	357493.06	368790.94	378717.1	0	264111.22	0	0	242134.94	0
"sp|Q8N543|OGFD1_HUMAN"	"HUMAN"	1414199.8	1375151.6	1802007.1	2126358	1381096.6	902795.7	1323640.2	1366200.5	1839375.9	1845640.5	1327992.4	1930075.2	1326503.1	1316325.5	1510064.2	1416754.5	1304363.1	1860659
"sp|Q8N5C7|DTWD1_HUMAN"	"HUMAN"	9644.31	0	0	0	0	0	0	0	0	0	0	0	0	0	0	0	0	0
"sp|Q8N5I9|NOPC1_HUMAN"	"HUMAN"	0	0	134724.25	0	0	145063.1	0	325257.75	164004.7	0	0	0	453907.5	0	292568.53	518583.47	0	2823908.2
"sp|Q8N5M4|TTC9C_HUMAN"	"HUMAN"	0	207854.83	0	0	0	210186.06	0	0	233727.94	0	0	0	0	0	0	0	0	0
"sp|Q8N5N7|RM50_HUMAN"	"HUMAN"	0	0	249870.83	0	166973.34	505224.53	0	524089.2	136310.22	672566.94	0	264332	329779.88	0	962626.3	570518.8	714091.56	614543.4
"sp|Q8N5P1|ZC3H8_HUMAN"	"HUMAN"	0	0	0	0	0	0	0	0	0	0	0	0	0	0	0	0	0	0
"sp|Q8N680|ZBTB2_HUMAN"	"HUMAN"	0	0	0	0	110541.164	0	0	0	0	0	0	0	0	0	0	0	0	0
"sp|Q8N684|CPSF7_HUMAN"	"HUMAN"	855300.25	1141417.6	1553661	918444.6	951394.8	1401178.2	897144.44	555104.9	1077102.1	1781955.1	700724.56	1783137.8	1667717.8	1424411	1669567.8	2052355.4	1643814.6	1128291.9
"sp|Q8N6H7|ARFG2_HUMAN"	"HUMAN"	427218.9	2228957.8	631091.44	1645194.8	616339.9	2203019	1331831.8	859030.2	1787459.5	1013406.2	1348030.9	526556	2244721.5	1090392.8	925919.7	1803085.8	550824.06	2552797
"sp|Q8N6M0|OTU6B_HUMAN"	"HUMAN"	1558125	1509118	1425381.5	1638901.6	1695720.2	1504594.2	1699160.2	1680131.9	1647848.8	1479581.2	785800.25	1450461	633749.3	641525.2	585752	609233.3	1674791.6	0
"sp|Q8N6R0|EFNMT_HUMAN"	"HUMAN"	821633.25	557293.25	484173.88	490559.84	488643.9	410763.44	1502430.6	448572.53	993616.9	125558.17	531224.2	690413.06	404844.9	1149822.5	759958.4	526625.3	0	1018639.94
"sp|Q8N6T3|ARFG1_HUMAN"	"HUMAN"	542292.7	393683.44	473765.7	0	596396.9	437174.12	513270.28	382080.75	58698.92	0	587881.44	941561.44	0	1110078.4	635521.7	1170295.2	0	91672.02
"sp|Q8N7H5|PAF1_HUMAN"	"HUMAN"	853324.7	1451363.2	879836.5	1892454.8	753353.1	1146305.9	724097.2	936843.5	1393484.8	492444.8	1669146.4	1265609	1429998.8	1348649.6	1484103.6	1545142.2	1280566.2	1478113.2
"sp|Q8N7X0|ADGB_HUMAN"	"HUMAN"	0	0	0	0	0	0	7512.5527	0	0	0	0	0	0	0	0	0	0	0
"sp|Q8N806|UBR7_HUMAN"	"HUMAN"	1056480.1	0	0	909243.6	1072167.6	648132.25	2296423	1187235.6	987455.4	2163556	1846258.8	1866663.5	2085653.6	1714726.5	1753690.5	496138.75	1955685.8	2037255.6
"sp|Q8N8A6|DDX51_HUMAN"	"HUMAN"	2240201.5	0	2410188.2	1774207	1957818.5	0	0	3687849.5	1558713	0	0	0	956232.9	0	39900.008	1119508.6	1795621.4	29093.762
"sp|Q8N8N7|PTGR2_HUMAN"	"HUMAN"	0	0	0	0	0	0	0	389117.03	0	0	329278.97	336316.6	300527.38	0	265856.97	0	0	382748.16
"sp|Q8N983|RM43_HUMAN"	"HUMAN"	1738756.8	1792200.5	1132541.4	2087451.2	839058.4	1470322.5	1891957.9	1916002	2128593.8	736620.44	639588.06	718417.1	724025.2	701934.06	643673.56	543129.5	692899.2	523990.3
"sp|Q8N999|RLIG1_HUMAN"	"HUMAN"	1046046.6	1241048.5	1293505	0	1177084.1	1479281.9	1335116.4	1385256.4	1501825.8	1295878.2	1678725.9	1488571.1	1652609	1381112.9	1413728.6	1535384.6	1321739.8	1488213.5
"sp|Q8N9N8|EIF1A_HUMAN"	"HUMAN"	0	0	0	0	0	0	0	0	0	0	0	0	0	0	0	0	0	0
"sp|Q8N9T8|KRI1_HUMAN"	"HUMAN"	0	0	0	0	0	0	0	0	0	0	0	0	0	0	0	0	0	0
"sp|Q8N9Z2|CC71L_HUMAN"	"HUMAN"	469688.3	603212.2	945382.9	651226	644865.8	705845.9	800979.25	471720.62	0	1030996.2	709889.4	866048.94	541070.3	1444492.8	949867	1238846.9	927707.6	1311002.2
"sp|Q8NAV1|PR38A_HUMAN"	"HUMAN"	1006273.7	831807.94	811184.4	960300.6	920196.9	898364.6	786123.56	868497.06	844188.9	881280.1	986742.8	710799.8	925476.44	717198.3	1230106.4	1247370.2	1291774.2	1016528.56
"sp|Q8NB90|AFG2A_HUMAN"	"HUMAN"	1250725	825254.75	655077.75	860628.5	587849.5	162055.48	853939	582352.25	810852.94	2361574	1687644.9	1935195.5	584552.6	2093375.4	2045990.2	1770358.8	1783367.2	1665295
"sp|Q8NBF2|NHLC2_HUMAN"	"HUMAN"	0	0	0	0	0	0	0	0	0	0	218385.84	189719.75	0	234939.1	226209.77	0	0	0
"sp|Q8NBI5|S43A3_HUMAN"	"HUMAN"	461416.44	171558.12	144425.27	1235285.6	491656.75	593573.25	516744.38	522630.78	154120.56	434788.66	451280.6	511618.1	550136.75	448393.88	527583.7	142705.86	121292.586	443200.25
"sp|Q8NBJ5|GT251_HUMAN"	"HUMAN"	385315.12	358842.53	1221050.8	1452541.6	1625518.6	932916.2	1374181.2	409237.03	420507.75	0	0	0	0	0	0	0	0	0
"sp|Q8NBJ7|SUMF2_HUMAN"	"HUMAN"	0	0	0	0	0	0	0	0	0	0	0	0	0	0	0	0	0	0
"sp|Q8NBN7|RDH13_HUMAN"	"HUMAN"	2867750.2	2528246.8	1488247.8	3160066.5	1654483.5	1173310.8	2935465.5	2299200.5	2669168	2365434.5	1585427.5	2781623.8	3516132.5	3333267	3079181.8	2541528.8	2849479.8	1760038.8
"sp|Q8NBS9|TXND5_HUMAN"	"HUMAN"	11914375	5930834	7821441.5	8591682	6248870	7518216.5	7729466	6205748.5	8756794	7909765.5	7950795	9107128	7807743	7905146	7450345	7590784.5	8329468	7743374
"sp|Q8NBT2|SPC24_HUMAN"	"HUMAN"	1448186	473636.22	1200985.6	1253017.5	2697407.2	405574.78	2094771	1508764	4154206.5	1358568.8	1799725.5	3481425	4002598.8	4761941.5	3424223	3066689.2	3027248.2	3501501.8
"sp|Q8NBX0|SCPDL_HUMAN"	"HUMAN"	1557289.8	1737651	1309857.5	1259321.9	1369411.9	1374577.4	1612948.4	1344562.5	1523761	1421101.8	1325692.2	1350056.1	1334836.9	1314078.2	1522746	1402022.2	1593606.6	1484551.2
"sp|Q8NC51|SERB1_HUMAN"	"HUMAN"	54134024	56846980	56038670	60432068	59878572	58182450	57989210	59280950	58780704	63916720	64151650	58965628	60699624	58605476	61579990	61381816	60278950	59486310
"sp|Q8NC60|NOA1_HUMAN"	"HUMAN"	0	0	0	0	0	0	0	0	0	0	0	0	0	0	0	0	0	0
"sp|Q8NC96|NECP1_HUMAN"	"HUMAN"	0	0	0	0	0	0	0	0	0	0	0	0	0	0	0	0	0	0
"sp|Q8NCA5|FA98A_HUMAN"	"HUMAN"	0	1200764.1	1040528.56	997199.1	1226859.6	0	0	986189.25	943494.3	0	0	1738581.6	0	0	0	1551034.2	1762425.5	1841670.4
"sp|Q8NCG7|DGLB_HUMAN"	"HUMAN"	0	0	0	0	0	0	0	0	0	0	0	0	0	0	0	0	0	0
"sp|Q8NCW5|NNRE_HUMAN"	"HUMAN"	4192525.8	5141261.5	5024831.5	4644744	4638300	4067087	3156098	4464973	4636010	4281288	4363522	3915933.2	4430541	4506952	4126022.5	4763435	4504332.5	3778039
"sp|Q8ND24|RN214_HUMAN"	"HUMAN"	0	0	67181.305	0	0	0	0	0	0	0	0	0	0	0	0	0	94409.82	0
"sp|Q8ND56|LS14A_HUMAN"	"HUMAN"	493117.9	59750.773	1076249.2	577964.1	54020.15	1086556.1	0	1038565.75	0	929159.9	1113194.4	533027.1	635857.2	1242729.4	0	602475.1	1197818.8	579503.4
"sp|Q8ND82|Z280C_HUMAN"	"HUMAN"	0	0	0	0	0	0	0	0	0	0	0	0	0	0	0	0	0	0
"sp|Q8NDC0|MISSL_HUMAN"	"HUMAN"	1212440.8	1453587.1	1187918.5	1205115.9	2107983.5	1250801	1587747.8	2389382	2111423.8	2342533	2209796	2045312.6	2269561.2	2327469.5	2046439.4	2001585.1	2145709.8	2262092.8
"sp|Q8NE71|ABCF1_HUMAN"	"HUMAN"	5995351	9649328	8627294	7910780.5	7829689	7691188.5	7688901.5	8164536.5	8719204	9703835	9311301	9332565	9917728	8939938	10775435	11733113	8902017	11011748
"sp|Q8NE86|MCU_HUMAN"	"HUMAN"	907695.4	773306.8	901131.06	0	789163.6	554055.8	843977.2	569119.5	850834	0	0	0	0	0	0	0	0	0
"sp|Q8NEF9|SRFB1_HUMAN"	"HUMAN"	0	0	0	0	0	0	0	0	0	2864468	0	4220901	0	3372980	2827208.2	0	3489357.8	3515027.5
"sp|Q8NEJ9|NGDN_HUMAN"	"HUMAN"	818338.5	46789.33	679594.2	673995.94	0	861930.4	117758.78	686290.6	513540.06	1114193.5	1092178.1	928483.9	1304518.5	735337	215169.53	1101177.5	517374.1	663874.5
"sp|Q8NEY8|PPHLN_HUMAN"	"HUMAN"	0	0	0	0	0	0	0	0	81577.414	0	0	44861.746	0	0	38012.527	0	0	0
"sp|Q8NEZ2|VP37A_HUMAN"	"HUMAN"	0	0	0	80629.02	0	0	0	0	0	0	0	0	0	0	0	0	0	0
"sp|Q8NF50|DOCK8_HUMAN"	"HUMAN"	7632062	8403158	7954696	6510931.5	6478883	7166540.5	6690965.5	4520112	7550627	6807532.5	6177561.5	6186214.5	6478058.5	6677234.5	6770084	7232866	6381302	6484117
"sp|Q8NFD5|ARI1B_HUMAN"	"HUMAN"	0	87339.805	0	0	0	287356.62	0	0	123445.01	0	0	0	154115.25	0	0	0	0	0
"sp|Q8NFF5|FAD1_HUMAN"	"HUMAN"	0	426087.72	370830.47	0	369157.66	0	0	383083.5	406706.22	0	0	343162.53	367764.03	0	321522.62	0	315632.3	355175.22
"sp|Q8NFH3|NUP43_HUMAN"	"HUMAN"	5273045	5185089.5	4695096	4936386	5259169	5529991	5218941.5	4927866	4606652	4999177	5055826	5134701	4912235	4930346.5	4610235	5045827	5002571.5	5288888.5
"sp|Q8NFH4|NUP37_HUMAN"	"HUMAN"	3817137.5	3882680.2	3310746.5	3770833.5	3623931.5	3826798.2	3032863.5	3532344	3363797.5	3605227.5	2475520.5	3605239.2	3551528	3754323	2574911.5	3390261.2	3543923.5	4037331.5
"sp|Q8NFH5|NUP35_HUMAN"	"HUMAN"	3315108.2	2140938	3373670	2724487	2410826	2825494.5	2459111	1198261.9	2714801.2	3025265.5	3122573.2	2674444.8	2442825.8	2475799	3028677.8	2982156.5	2914869	2554192.2
"sp|Q8NFW8|NEUA_HUMAN"	"HUMAN"	2405316.5	1916415.5	4633798	4336682	4561132.5	2438068.5	1747770.9	2513023	4458840	4133596.2	5354679.5	2719042.5	3652335.8	2988650.5	3617989	3336522	2588417.8	5053180.5
"sp|Q8NG31|KNL1_HUMAN"	"HUMAN"	0	0	0	0	0	0	0	0	0	74666.52	0	0	0	0	0	0	0	0
"sp|Q8NHH9|ATLA2_HUMAN"	"HUMAN"	0	0	0	0	0	0	0	0	0	2748942.8	2204660.5	2440731	2390515	2596595.8	2184209	2450659	2533701	2644982.5
"sp|Q8NHP8|PLBL2_HUMAN"	"HUMAN"	0	0	0	0	0	0	0	0	0	0	0	0	0	0	0	0	0	0
"sp|Q8NHQ9|DDX55_HUMAN"	"HUMAN"	0	0	0	0	0	0	0	0	0	0	0	406011.97	249357.06	0	0	0	0	0
"sp|Q8NHZ8|CDC26_HUMAN"	"HUMAN"	0	0	0	0	0	0	0	0	0	0	0	0	0	0	0	0	0	0
"sp|Q8NI22|MCFD2_HUMAN"	"HUMAN"	0	0	0	0	0	0	0	0	0	500221.3	0	0	0	0	403366.8	0	0	0
"sp|Q8NI27|THOC2_HUMAN"	"HUMAN"	5588653	4429132	3764723.8	7395693	5921036	3986735.2	7851590	8019102	6546976.5	7625775.5	7957931	5978021.5	6833410.5	4997099.5	5717874	6308042	6488080.5	6836107.5
"sp|Q8NI36|WDR36_HUMAN"	"HUMAN"	4630789.5	5553563.5	5871620	6105554	5103461.5	6906833	5268157	6750605	6188892.5	6575802	6757713.5	7432560	7206253	6858932.5	6367030	6759761.5	6525046	5318120.5
"sp|Q8TAE8|G45IP_HUMAN"	"HUMAN"	1386049.6	1388741.6	1269617.5	1390768.6	1531835.8	1312944.4	1045258.56	1352675.9	1344247.8	1266352.8	1405481.1	1353230.4	1408073.6	1449152.4	1376412.4	1529167.5	1334319.6	1427817.2
"sp|Q8TAF3|WDR48_HUMAN"	"HUMAN"	0	0	0	0	0	0	0	0	0	0	740011.44	471569.34	818061.5	0	0	548465.4	784723.1	732336.3
"sp|Q8TAQ2|SMRC2_HUMAN"	"HUMAN"	1064117.6	1641095	2450479.2	2984432	1652215.2	881649.94	1145858.2	2594746.5	765202.25	2150211	1648936.6	1331115.4	2616798.5	1403168.5	1239590	416890.72	137805.14	174550.98
"sp|Q8TAT6|NPL4_HUMAN"	"HUMAN"	4395600	4008690.5	4553470.5	2676711.8	2659249	2577831.5	4361515.5	3901209.5	3079448.8	3542050	4039926	4271151.5	4917866	4943982.5	4412332.5	4422184.5	4546310.5	3129403.2
"sp|Q8TB52|FBX30_HUMAN"	"HUMAN"	3914090.2	4339088.5	3719799.2	3997322.2	3998307.8	4126935	4065137.5	4032731	3949409.8	4015074.2	4011068.8	4282671	3937973.8	3856956.2	3823814	3901784.5	4204498	4052069.8
"sp|Q8TB72|PUM2_HUMAN"	"HUMAN"	460509.62	0	0	0	0	181307.66	0	0	0	0	0	0	0	0	0	0	0	0
"sp|Q8TBC4|UBA3_HUMAN"	"HUMAN"	0	497986.12	0	0	0	0	384701.22	0	0	388927.03	357846.97	471270	402031.88	431937.62	393260.72	450911.62	478449.75	310287.62
"sp|Q8TBN0|R3GEF_HUMAN"	"HUMAN"	953900.44	965261.75	916130.94	0	755295.5	786195.2	919174.6	849749.5	697766.5	751723.06	758200.4	593136.75	828524.4	508116.4	804269.3	898048.8	0	0
"sp|Q8TBX8|PI42C_HUMAN"	"HUMAN"	316899.66	316637.94	312176.8	331950.22	311522.66	304376.2	321244.44	313016.47	321225.5	314783.34	337150.4	293415.6	320809.53	318277.44	278887.75	475235.12	297202.44	338068.2
"sp|Q8TBZ6|TM10A_HUMAN"	"HUMAN"	860967.56	0	753772.44	812585	809828.7	786640.94	712251.44	764569.8	1062387.6	0	0	0	0	473453.16	0	0	0	0
"sp|Q8TC07|TBC15_HUMAN"	"HUMAN"	0	2759436	2707371	1949675	2325013	1185160.4	2404782.8	2384641	3926983.8	2137607.2	2775307.8	1569194.1	1408372.5	0	2113010.2	0	2372706.2	1084383.2
"sp|Q8TCD5|NT5C_HUMAN"	"HUMAN"	0	0	0	0	0	0	0	0	0	489858.06	520851.7	0	264114.12	513021.47	274010.72	0	0	0
"sp|Q8TCG1|CIP2A_HUMAN"	"HUMAN"	154518.22	1015778.6	112438.34	197592.6	1229793.4	162857.19	80166.94	330667.88	0	0	96529.76	0	98317.32	0	0	0	147151.23	0
"sp|Q8TCS8|PNPT1_HUMAN"	"HUMAN"	6859427	5158199	6804456	5127583	5688908.5	6161481.5	4066173	6749107	5843404	7517603.5	6941437	7394687.5	5466963	5774886.5	8159321.5	5586471	7258031.5	6149011.5
"sp|Q8TCT9|HM13_HUMAN"	"HUMAN"	0	0	0	17059.928	0	13751.515	15706.743	19831.857	0	0	0	0	0	0	0	0	0	15968.058
"sp|Q8TDD1|DDX54_HUMAN"	"HUMAN"	11220.338	0	0	0	0	0	0	13397.903	0	0	0	0	261001.44	192100.27	0	241970.4	275222.7	197463.02
"sp|Q8TDH9|BL1S5_HUMAN"	"HUMAN"	0	0	0	0	0	0	0	0	0	169797.08	146108.14	185642.73	0	185375.34	170812.44	0	0	187852.62
"sp|Q8TDN6|BRX1_HUMAN"	"HUMAN"	9830139	9936710	9593443	9887974	9886179	8836983	10314720	10377457	9729500	9232932	11008651	9851129	9923431	10345388	9220757	9721184	10414393	9612040
"sp|Q8TDP1|RNH2C_HUMAN"	"HUMAN"	0	0	0	0	0	0	0	0	0	0	0	0	0	0	0	0	0	0
"sp|Q8TEA8|DTD1_HUMAN"	"HUMAN"	0	0	0	0	0	0	0	0	0	247919.55	590189.3	0	585269.9	610016.7	210018.05	250449.39	559124.06	513276.2
"sp|Q8TEB1|DCA11_HUMAN"	"HUMAN"	0	0	0	0	0	0	0	0	0	0	0	0	0	0	0	0	0	0
"sp|Q8TED0|UTP15_HUMAN"	"HUMAN"	5680025	1214672.4	2150024.5	1607191.5	1922558.6	1903505.5	5299266	2054920.4	1858320	2364668.8	1481382.5	2726808.8	2407525.8	2290637.2	2449080	2331114	2665755.8	2648521
"sp|Q8TEQ6|GEMI5_HUMAN"	"HUMAN"	7184271	10327012	5926459.5	8046402	7827039.5	7029426	8723428	8068258	6982969	12010459	13451141	13656266	12703007	11511299	12489700	12574612	12707963	13002258
"sp|Q8TEX9|IPO4_HUMAN"	"HUMAN"	17678336	17075808	16716015	16417861	16917196	17621532	16288410	15608332	16227877	17032972	19060966	16206676	17303884	17123576	16868504	17509652	15729955	17526130
"sp|Q8TF01|PNISR_HUMAN"	"HUMAN"	14354.919	129889.44	26959.36	40142.477	36749.12	0	26137.586	38231.17	32803.453	70914.016	25984.764	21626.959	116816.92	32425.4	25031.113	30418.95	0	0
"sp|Q8TF05|PP4R1_HUMAN"	"HUMAN"	246309.48	229610.75	0	358982.72	328729.88	341106.56	330744.75	96805.12	413438.5	203957.66	222728.88	545882.56	479247.16	173201.86	212694.48	269415.44	312350	0
"sp|Q8TF72|SHRM3_HUMAN"	"HUMAN"	728080.4	838914.56	871394.7	1018371.5	2165937	1027442.1	914500.1	1700850.4	971925.44	956156.8	1921311.2	1007324.4	866469.25	2028690.6	1028853.9	860540	1821171.5	1043635.2
"sp|Q8WTT2|NOC3L_HUMAN"	"HUMAN"	427344.94	1669747.2	407282.22	1311279.8	957018.6	410483.88	1526370.2	780249.6	800712.06	515101	526391.5	760545.75	976182.4	475615.56	0	968587.8	0	279065.28
"sp|Q8WU76|SCFD2_HUMAN"	"HUMAN"	152844.6	0	308454.3	320108.84	176014.97	443030.4	349649.56	0	567828	539990.9	443844.44	109729.22	488610.7	263515.7	221700.45	337311.22	0	454047.3
"sp|Q8WU79|SMAP2_HUMAN"	"HUMAN"	1792188	2989504.2	2797157.5	2595139.5	2489314.5	2332840.5	2959637.5	1320817.1	2018030.8	2037803.9	1976563.2	2220756	1779731.4	2048730	2126170	2248566.5	1630233	1965699.1
"sp|Q8WU90|ZC3HF_HUMAN"	"HUMAN"	5581157	5610630.5	6284473	6066489	7011184.5	5733234.5	7431974.5	6157374.5	6539524.5	8484465	5910566.5	7457941.5	6806547.5	6408941	6677732	6474952	6576342	6443853.5
"sp|Q8WUA2|PPIL4_HUMAN"	"HUMAN"	852503.44	2483553.2	300534.62	737406.6	790225.7	731878.94	688740.75	555258.4	0	762322.25	2073951.8	768896.44	2347512.2	1708413.2	771837.1	2453187.2	1731995.4	721595.6
"sp|Q8WUD4|CCD12_HUMAN"	"HUMAN"	2668729	4581523	5002750	2724367.5	5064366.5	4962928	4196092	3075925	4327720.5	5459138	3751665.8	6136019.5	3371796	3914466.8	5930376	2813303.8	4746922.5	4092230.8
"sp|Q8WUH6|TM263_HUMAN"	"HUMAN"	1547278.8	1512483	1545385.8	1137838.2	1167436.1	1346491.8	1025328.56	987580.3	867078.3	981692.1	948594.56	447654.25	1059835.2	341712.1	795968.7	830008.75	1156262	437344
"sp|Q8WUM0|NU133_HUMAN"	"HUMAN"	7582651.5	7146162.5	6651056.5	7374631	6936748	6321795.5	7360103	6568302	8271163.5	6662688.5	7988748.5	8301455.5	8462962	5994235	7112732	8840396	8349562	8955448
"sp|Q8WUM4|PDC6I_HUMAN"	"HUMAN"	66328172	68534960	60992516	69792270	68098530	65794292	71624664	61452060	67492130	68630216	60170332	68735790	67482344	62780456	65186450	56672656	67593176	67283464
"sp|Q8WUW1|BRK1_HUMAN"	"HUMAN"	1244610.8	1754496.2	2264244.8	2053661.9	1857641	1941367	1939498.8	2811654.8	1794117.5	1703233.2	1122032.2	1201062.1	1591361.9	1376039	1592071.5	1511573	1879995.8	1601283.2
"sp|Q8WUX9|CHMP7_HUMAN"	"HUMAN"	152421.73	315877.66	183038.7	0	0	243460.67	0	337154.8	219680.25	0	0	0	256679	273144.1	0	353965.9	0	320766.12
"sp|Q8WVC0|LEO1_HUMAN"	"HUMAN"	686594.5	630337.9	1217576.5	1036391.75	1102353.2	681850.44	1180830.2	465326.25	950112.6	0	0	0	0	0	0	0	0	0
"sp|Q8WVJ2|NUDC2_HUMAN"	"HUMAN"	3296977.8	2266431.8	2236602.5	4506095.5	4885103.5	2466428.8	2205233.5	3763272.5	2778783.5	4876515.5	2899264.2	2505524	4278167	4821997.5	4664671.5	5067897	5394510.5	4192436.2
"sp|Q8WVK2|SNR27_HUMAN"	"HUMAN"	321982.22	451916.66	591491.75	0	459946.22	0	636363.3	0	0	139120.77	0	0	0	0	0	0	0	0
"sp|Q8WVK7|SKA2_HUMAN"	"HUMAN"	0	0	0	777035.8	0	0	576807.8	0	0	758418.2	0	0	0	11156.669	9914.964	0	775555.7	19924.475
"sp|Q8WVM0|TFB1M_HUMAN"	"HUMAN"	1320802	951518.25	0	20480026	1267749.5	0	24914382	1285038.2	1322319.8	22915800	0	0	0	22373728	21913192	22474580	0	0
"sp|Q8WVM8|SCFD1_HUMAN"	"HUMAN"	979690	1443834.5	2308566.2	1185879.8	1166290	1884035.9	1907925.2	1762117.1	2407556	2652793.5	2868987.2	1902938	1879372.5	2322945.2	2518658	2051102.8	2389071.2	1974135.2
"sp|Q8WVV9|HNRLL_HUMAN"	"HUMAN"	1137933.2	1861589	2562687.5	971620.4	1342527.6	2608245	2930534.8	2208846	2754404.8	2464768.2	3200587	3005189	1605938.1	1126312.5	3187738	2629030	2658037.2	2026204.6
"sp|Q8WVY7|UBCP1_HUMAN"	"HUMAN"	2787024.8	2025481.9	2653198	2552036.5	2480885.2	1920839.9	2648932	2631485.5	1918868	2067872.8	2005927	1806858.5	1888858.6	1836223.2	1993970.9	1956028.1	1879573.2	1864998.5
"sp|Q8WW01|SEN15_HUMAN"	"HUMAN"	258703.62	0	230389.83	271548.78	261684.61	232137.52	230023.55	0	0	0	0	0	239389.81	0	0	0	0	0
"sp|Q8WW12|PCNP_HUMAN"	"HUMAN"	5633316.5	6500732	4031670	5565367.5	3593080	4474392	5034634.5	5265664	4346142	1466317.8	2975245	4360504.5	3663971	3219004	4304499.5	3556364	1603609.5	3553885.5
"sp|Q8WW33|GTSF1_HUMAN"	"HUMAN"	4984228	4033348	4909695.5	12767306	9906368	23394976	9902077	17243824	8932957	19491814	6662495	5003629.5	19484376	5579442	5227545.5	6416413.5	4663988.5	5109321.5
"sp|Q8WWC4|MAIP1_HUMAN"	"HUMAN"	323397.06	341670.1	324078.34	316708.72	328890.5	268773.12	296351.12	290169.1	286361.62	329855.1	334832.2	310836.28	376016.34	433601.06	328133.5	293558.2	305171.16	306825.7
"sp|Q8WWM7|ATX2L_HUMAN"	"HUMAN"	8277635	6775600	9679318	8748165	9710995	9565941	9916722	9925538	8083308.5	10585220	10690116	10007635	9633547	10710070	9739146	7811348	7559150.5	8526729
"sp|Q8WWY3|PRP31_HUMAN"	"HUMAN"	4586132.5	5108651	5016068.5	3932504.8	4002353.2	3956107	5176236.5	4735744	3064889	5360973.5	5122183	5987629.5	5424180.5	5564887	4447076.5	3899958.2	4730628	4714002
"sp|Q8WX92|NELFB_HUMAN"	"HUMAN"	643294.9	720996.75	697943.5	432073.16	626072.6	1075732.9	702671.06	638910.44	670487.5	557498.4	615554.5	573319.56	604857.4	575758.9	603983.94	736790.25	589697.5	571001.25
"sp|Q8WXA9|SREK1_HUMAN"	"HUMAN"	599191.06	584323.8	605332.44	502865.16	539291.25	1352757.2	581966.5	579818.8	605290.7	1347603.9	574171.4	1335855.8	1371366.8	1382852.8	1375709.2	1528181.9	1371934.1	596765.7
"sp|Q8WXF1|PSPC1_HUMAN"	"HUMAN"	5981636	7412830	8762554	8574803	7820565.5	7114762.5	8794457	7852934	8455058	9145172	7041550	8172759.5	7151085	7116589.5	6898213	8077639.5	7246375.5	8515754
"sp|Q8WXX5|DNJC9_HUMAN"	"HUMAN"	9330512	10071629	10047688	11233112	9738793	11237397	9962270	11401437	9806810	11165555	10702582	10710913	11261439	11881358	10888539	12300598	10637056	10777207
"sp|Q8WYA6|CTBL1_HUMAN"	"HUMAN"	6060084	2526867.5	2714053.5	2393509.8	2444330.2	3007412	2566062	5335857.5	2671619	4746274.5	5395227.5	5046118	5230233	5682467.5	2992202.2	2652636.8	2953829.2	2825554
"sp|Q8WYP5|ELYS_HUMAN"	"HUMAN"	0	133402.56	47474.766	0	0	0	0	96662.76	41164.9	0	0	2507570.8	0	0	0	0	0	0
"sp|Q8WZA0|LZIC_HUMAN"	"HUMAN"	4780865.5	3841901.8	5093219	5147598	5696878.5	4494719.5	3547068	4675261	2334814	5279800	4672737	4913147.5	4411935	5064001.5	4730576.5	5262052.5	5250432.5	5090207.5
"sp|Q8WZA9|IRGQ_HUMAN"	"HUMAN"	663001	278735.72	297521.78	534928	0	253435.1	273995.7	533704.4	290102.78	639043.56	687797.4	995322.6	270695.84	276639.62	235289.7	665804.6	1264790.6	555409.1
"sp|Q92499|DDX1_HUMAN"	"HUMAN"	26283220	36957924	29011450	35791070	37604090	27212870	31444432	36067630	28907474	29495638	37420230	30198116	29071606	28713098	30240558	26527076	30330624	28444082
"sp|Q92522|H1X_HUMAN"	"HUMAN"	18713.256	26844.875	502312.3	18203.934	0	30691.63	23098.43	21674.066	22108.3	21753.07	0	0	0	26747.977	0	24289.072	18142.223	21174.678
"sp|Q92530|PSMF1_HUMAN"	"HUMAN"	795747.7	769836.4	962986.44	1485200.9	1330230.2	644625.8	1543405.4	709157.7	0	816262.5	1477663	789551.7	873249.44	749838.75	719078.44	853737.6	742297.3	825662.94
"sp|Q92536|YLAT2_HUMAN"	"HUMAN"	0	0	0	0	0	0	0	0	0	176256.19	0	0	0	0	0	0	0	0
"sp|Q92538|GBF1_HUMAN"	"HUMAN"	0	0	0	123796.31	0	0	0	0	0	104805.06	96682.91	219308.11	0	0	261728.4	0	0	0
"sp|Q92540|SMG7_HUMAN"	"HUMAN"	0	0	0	0	0	0	0	0	0	0	0	0	0	0	0	0	0	0
"sp|Q92541|RTF1_HUMAN"	"HUMAN"	0	0	0	163661.58	0	0	226929.5	0	0	0	1006221.25	2178490.2	0	1730016.2	2202156.5	0	0	0
"sp|Q92544|TM9S4_HUMAN"	"HUMAN"	0	0	0	0	0	0	0	0	0	545844.4	0	0	0	0	542813.9	0	0	529029.75
"sp|Q92552|RT27_HUMAN"	"HUMAN"	1413014.1	1405709.1	895924.4	1156485.8	1427171.2	1130292.5	1550793.2	829271.6	1297935.5	1011412.44	995724.4	1457928.2	1057608	1077643.8	970080.5	1376712.2	1050211.8	1104155.2
"sp|Q92572|AP3S1_HUMAN"	"HUMAN"	486990.88	257192.66	523185.72	325644.62	365879.2	0	373935.06	499311.47	425379.75	348397.1	311065.4	0	336935.56	311822.88	214448.02	0	577871.56	348662.97
"sp|Q92575|UBXN4_HUMAN"	"HUMAN"	0	0	0	0	0	0	193635.66	0	0	155318.31	0	0	0	169407.25	0	200271.48	0	0
"sp|Q92598|HS105_HUMAN"	"HUMAN"	50959670	50569984	50178660	51136364	49313930	50260316	49645056	49545310	53806680	51290212	51685440	48730972	50481444	50846028	51768110	52530520	52055148	47352700
"sp|Q92599|SEPT8_HUMAN"	"HUMAN"	572423.3	0	0	530794.7	522432.94	523436.06	542206.25	0	0	0	510618.4	0	555116	539040.44	0	582865.9	0	583631.9
"sp|Q92600|CNOT9_HUMAN"	"HUMAN"	1721176.8	1972032.6	2050387.2	1529754.9	1626059.6	2023740.5	1428402.4	1656972.4	1754337.1	230585.6	230886.48	238622.27	896453.1	226259.5	242509.9	231260.38	239497.06	1045844.5
"sp|Q92609|TBCD5_HUMAN"	"HUMAN"	5644192.5	5610162	5836615	5408673	5360608.5	5764007.5	5643137.5	5405414.5	5093681	3441358.5	3641678.8	0	0	0	3444855.8	0	3820704.5	3677477.2
"sp|Q92614|MY18A_HUMAN"	"HUMAN"	189881.17	0	0	0	0	0	0	180895.47	146415.44	422159.72	118737.56	0	176584.78	300873.03	202780	164371.34	241198.02	255802.11
"sp|Q92615|LAR4B_HUMAN"	"HUMAN"	3011154	2611180.2	2449258.2	2724173.2	2099607.2	2221540.5	3115809.5	582169.44	2537552.8	971679.8	2017610.6	1279790.2	1836001.2	1035802.6	964722.5	2369990.8	948264.9	1693648.8
"sp|Q92616|GCN1_HUMAN"	"HUMAN"	35880132	37100856	31141622	40077788	34585416	40193650	38180610	38006680	32076490	38762170	44032416	39750572	41850056	41610030	34590656	38509370	34795704	38284930
"sp|Q92620|PRP16_HUMAN"	"HUMAN"	1099347	1317199.8	1217473.8	0	1239769.5	1209752.2	1200133.5	870551.5	1091865.4	108880.836	88780.74	94005.22	88065.56	0	0	0	0	500509.2
"sp|Q92621|NU205_HUMAN"	"HUMAN"	16777364	17795396	15982617	14751787	13863725	14203280	13061797	14069456	15587954	18457708	19001726	17163426	17553714	18572416	13700872	16824340	17813196	15236083
"sp|Q92665|RT31_HUMAN"	"HUMAN"	698535.6	0	749883.75	0	578513.75	676092.6	387309.6	611912.1	1035652.94	608257.2	484970.12	448618.78	503505.5	440888.75	620328.2	0	507256.2	696867.4
"sp|Q92688|AN32B_HUMAN"	"HUMAN"	48831704	43681590	47761644	46938710	48240150	46215400	45898810	48245490	48378668	47924200	46026624	45070770	45514280	46391496	44636490	34069104	44791284	45759420
"sp|Q92733|PRCC_HUMAN"	"HUMAN"	0	0	0	0	0	0	0	0	0	0	0	0	0	0	0	0	0	0
"sp|Q92734|TFG_HUMAN"	"HUMAN"	7587778.5	6736963	8019743.5	7693110	7312158.5	7985048.5	7083730	7897030	7221536	6840019	7188940.5	2854664	6762758	7283069	4938502.5	6815210	4718411.5	5696930.5
"sp|Q92759|TF2H4_HUMAN"	"HUMAN"	1261622.8	0	0	303270.22	296104.94	916929.56	257024.77	838699.7	328115.72	992370.75	246519.69	1103978.6	216886.84	299716.53	0	913957.1	785935.5	254559.33
"sp|Q92769|HDAC2_HUMAN"	"HUMAN"	4331211	3555138.8	6259043	5814176	4870008.5	4686137.5	5200746	5703051	5183744	6462179	6658411.5	7143644	6491203	6631173.5	6906386	6055860	5490387.5	6533524
"sp|Q92783|STAM1_HUMAN"	"HUMAN"	5782657	4204595	2728393	3209698.8	4089743.8	5146459	6103979	5112057	4986547	2683396	3058105.2	2651705.8	4713731.5	4521498.5	5105867	2715441	2844863	2916677.5
"sp|Q92785|REQU_HUMAN"	"HUMAN"	755598.06	787548.25	642817.2	0	741299.6	655592.2	729597.44	676836.75	698480.4	1119223	1228060.5	1215833.6	1262508.9	1232249.5	1221381.2	1316550	1217495.1	1163566.1
"sp|Q92797|SYMPK_HUMAN"	"HUMAN"	4833694.5	3913921.5	3693443.8	3765363.8	4150754.8	3257426.8	2429456.5	3434693.2	3614014.5	4460161.5	4385347	5389683.5	3919377	4721766.5	6352215	4766048	4107385.5	5384721
"sp|Q92804|RBP56_HUMAN"	"HUMAN"	8006935	7061723	8159676.5	7757987	7371949	7519992.5	7378721.5	7675330.5	7171580	7831697	8709497	8229155.5	7972212.5	7713811	8118564.5	7491538	7686860	7972264.5
"sp|Q92820|GGH_HUMAN"	"HUMAN"	0	0	182996.48	123001.32	0	0	0	225422.31	0	0	305345.06	266432.66	0	0	0	0	0	0
"sp|Q92828|COR2A_HUMAN"	"HUMAN"	0	0	0	0	0	0	0	0	0	0	0	0	0	0	0	0	0	0
"sp|Q92839|HYAS1_HUMAN"	"HUMAN"	0	5067461.5	0	0	5130874	5214458	0	5183277	0	0	0	5251060.5	0	0	0	0	0	0
"sp|Q92841|DDX17_HUMAN"	"HUMAN"	29124476	30447796	34625228	29518758	32821322	31026278	31766580	34675572	33710490	29287784	32294144	33203792	32039350	31813784	33011398	31554838	29199838	34489504
"sp|Q92878|RAD50_HUMAN"	"HUMAN"	10854862	6812393	10895600	10563364	13125326	10261145	8900919	7445909.5	11575150	10583033	8254181.5	10722529	10521560	9176993	7961226	7238280	8513759	8475104
"sp|Q92879|CELF1_HUMAN"	"HUMAN"	5278259.5	4224784.5	4174001.2	5298458	3955874.5	4591221	4291122.5	3986161.8	4346001.5	4789862.5	4125517.5	4122855.5	3041482.8	5038403.5	5445111.5	3849089.5	4780288.5	4234939
"sp|Q92882|OSTF1_HUMAN"	"HUMAN"	2146960	2317124.2	2941875	2149757.2	2716955	342207.03	3190197	3324855.8	2154261.8	1771913.5	1233000.6	330105.84	1683708.5	2282481.5	1251233	3338727.2	1841886.9	839099.8
"sp|Q92888|ARHG1_HUMAN"	"HUMAN"	727545.1	1436511.2	1702234.5	1135017.6	1877166.4	851991.4	1634787	1498258.8	1571077.2	2371022	1283701	2125992.2	1184967.8	1270122.2	1816557.6	1586397.8	1664220	2534266.2
"sp|Q92890|UFD1_HUMAN"	"HUMAN"	6955084.5	6736305.5	6054908	6788109.5	6658771	5975038.5	6839468	6662609	5731854	6757056.5	6912554	6723533.5	6152551	6030487.5	6147948.5	6712111	6804213	6903737
"sp|Q92896|GSLG1_HUMAN"	"HUMAN"	0	0	0	0	0	0	0	0	0	0	0	0	0	0	0	0	0	0
"sp|Q92900|RENT1_HUMAN"	"HUMAN"	14801419	18090588	17700276	16717073	16296951	18357942	18295038	17025276	22323410	20278164	18499790	17880704	16542944	19259202	19337452	18768554	17163814	20683382
"sp|Q92905|CSN5_HUMAN"	"HUMAN"	1469538.2	1279298.5	1723912.5	1917931	1589408.6	1545353.8	813616.9	1577691.8	880023.56	1619982.2	1794695.1	2106326	2179492.5	1257744.2	2152251.5	2020067.6	2159042.8	2123174.2
"sp|Q92917|GPKOW_HUMAN"	"HUMAN"	3245608	2213068.5	695027.75	535514.44	0	2395755.2	2621253	2996633.5	476356.4	768247.56	655125.3	993858.3	1158920.5	168054.88	848527.9	786390	726878.56	711930.4
"sp|Q92922|SMRC1_HUMAN"	"HUMAN"	20401726	21745926	20902926	20523542	21372696	19933800	21785510	19603170	20107468	22141792	21420434	21557300	21568324	20766610	20680064	19176914	21707462	21151314
"sp|Q92925|SMRD2_HUMAN"	"HUMAN"	0	0	0	0	0	0	3002574.5	0	0	0	0	0	0	0	0	0	0	0
"sp|Q92945|FUBP2_HUMAN"	"HUMAN"	57760690	55063600	53440884	55548108	53882116	57281868	55066630	51762970	56669604	52520016	53153344	53855040	52999396	51662360	56426052	47533804	54946944	56962560
"sp|Q92947|GCDH_HUMAN"	"HUMAN"	24094.842	0	25271.264	19013.848	29274.137	38438.41	40380.66	24199.736	24027.44	33648.164	23262.465	20350.621	26432.895	38017.332	22013.771	29430.705	24143.281	27193.104
"sp|Q92973|TNPO1_HUMAN"	"HUMAN"	38197170	38212172	43032876	36810940	38705130	38691044	37243188	38719524	42019690	42857190	41433812	42453956	41033108	40511436	42414052	52097490	41719428	42726990
"sp|Q92974|ARHG2_HUMAN"	"HUMAN"	4254091	3758147.8	3653979.2	2495259.8	2660655.5	3386947	2384436.5	3743713	2667443.2	3292236	3945202.2	3158871.2	4624888	5931984	2381815.2	3082516	3052823.2	3108999.8
"sp|Q92979|NEP1_HUMAN"	"HUMAN"	5623392	2482188.2	4992296	4995590.5	2687524.5	4985609.5	3521636.2	5311823.5	5078243.5	5579346	3718891	5669031.5	5132934.5	4081282.5	6977851	6088392	6028358	4758079
"sp|Q92989|CLP1_HUMAN"	"HUMAN"	2074869.6	1383420.1	0	941606.75	1138584	1220181.4	1690737	0	1337687.6	2154390	0	1806813.4	0	0	0	0	0	0
"sp|Q92990|GLMN_HUMAN"	"HUMAN"	0	0	0	0	0	0	0	0	0	0	0	0	0	0	0	0	0	2825109.2
"sp|Q93008|USP9X_HUMAN"	"HUMAN"	773060.5	406989.72	721713.1	614176.6	662711.44	413901.47	378954.25	961698.6	383226.84	453145.06	960349.75	626917.6	384770.1	455748.8	659117.44	500558.2	570732.5	668170.5
"sp|Q93009|UBP7_HUMAN"	"HUMAN"	9563690	8760873	9917135	9052403	8783481	9469710	9741278	9301546	10017612	9826479	9859241	10598419	10606968	9435728	9987634	9768453	9245351	11195894
"sp|Q93034|CUL5_HUMAN"	"HUMAN"	1000250.9	0	180646.22	595904.25	1067650.1	1225142.8	715217.5	1485905.5	1555360.9	1009870.56	1186008.6	1557733.5	422342.94	377487.75	517598.3	358551.03	587821.4	1186207.6
"sp|Q93050|VPP1_HUMAN"	"HUMAN"	0	0	199823.67	178063.77	197368.53	0	0	176418.77	0	147415.98	0	204332.45	0	0	0	0	0	0
"sp|Q969E8|TSR2_HUMAN"	"HUMAN"	361772.16	0	162868.44	289402.62	343633.44	243519.06	282079.6	0	0	143004.22	290198.88	216720.44	295002.94	240848.33	279389.44	283815.3	303621.22	309769.25
"sp|Q969G3|SMCE1_HUMAN"	"HUMAN"	5588700.5	4457104	4334165.5	4227413	4537129	4376901.5	3503082.5	3394475	4512692.5	3822370.8	3690651.2	5188920	5528869	4430242	3855701	3625527.8	3476941	4671029.5
"sp|Q969H8|MYDGF_HUMAN"	"HUMAN"	1204596.4	1368075.1	1150012.6	1255334.1	3339144.5	1051342.9	2740533.2	1736719.5	1198405.2	4146480.5	4161665	4176377.8	3598165.8	3152363.5	4275803.5	3314543	4381237	3576184.5
"sp|Q969Q0|RL36L_HUMAN"	"HUMAN"	1689171.4	893663.4	1246883.9	911933.06	1158964.4	1159265.4	1242939.5	1116079.6	1144034.2	1102846.5	1241352.1	1210566.2	1281198.2	1018417.44	1021803.3	1206766.6	987966.06	1169272.1
"sp|Q969S3|ZN622_HUMAN"	"HUMAN"	450365.8	699967.8	458011.66	493619.8	419708	682593.1	426994.66	445344.38	472981.66	399116.53	646702.3	614269.2	672259.8	636836.2	663035	433347.9	665722.4	671761.44
"sp|Q969S9|RRF2M_HUMAN"	"HUMAN"	0	0	0	0	0	0	0	0	0	0	0	0	0	0	0	0	0	0
"sp|Q969T9|WBP2_HUMAN"	"HUMAN"	0	0	335997.53	434369.53	0	0	0	0	0	585103.5	0	407035.53	0	496447.9	0	0	0	591016.7
"sp|Q969U7|PSMG2_HUMAN"	"HUMAN"	727530.06	823133.9	0	703194.44	733206.9	0	0	0	0	5963860	1221466.6	5565466.5	1179825	1175247	1102667.8	787291.06	5485349	896496.25
"sp|Q969X6|UTP4_HUMAN"	"HUMAN"	3862013.5	2305885.5	2651334	2030601.8	2285708.2	3257745.5	2075275.2	2139041.8	3539041	2263082.5	4127999.5	4000897.5	4142265.8	3706667.2	4212800	2943782	3843377.8	4329690
"sp|Q969Z0|FAKD4_HUMAN"	"HUMAN"	7738059	6453006	7361537	8717220	7822202.5	7787068.5	7945471	7124384	8065357	9001707	8550160	7418453.5	9018992	8105762	8897190	9473891	8676252	8298070.5
"sp|Q96A00|PP14A_HUMAN"	"HUMAN"	2102895	1142893.1	1619467.9	1462993.4	1966216.6	1075698.1	1434510.1	1517174.4	955555.06	1693462.8	1535639	1358115.1	1684641.2	1814796.4	1087985.5	1347989.1	1402220.8	1017263.7
"sp|Q96A08|H2B1A_HUMAN"	"HUMAN"	452669.97	685623.94	0	0	754482.9	0	463017.03	0	0	0	0	0	385343.6	583376.56	0	0	0	0
"sp|Q96A26|F162A_HUMAN"	"HUMAN"	1736926	1436213.2	1123937.9	761508.1	649018.3	1718773.8	1576892	1445506.2	1365764	1553561	1979209	1925053.5	1947931.5	1872121.4	1409423.8	1753913.5	1447303.5	652069.56
"sp|Q96A35|RM24_HUMAN"	"HUMAN"	525222.3	400042.44	525514.9	553436.75	482212.03	472002.78	529422.75	503725.22	485040	507202.56	536193.9	516248.66	490765.75	489699.94	526393.44	489029.6	579035.56	532630.44
"sp|Q96A49|SYAP1_HUMAN"	"HUMAN"	1686896	2834079.2	2002402.4	3384616.2	4368065.5	3567681.5	3746987.8	4445651	1829876.6	4680556	4783417	2517968	3859111.8	3855109.2	4227018.5	4285361	4919641.5	3387351.2
"sp|Q96A65|EXOC4_HUMAN"	"HUMAN"	551418.7	0	0	0	0	0	0	0	0	980942.44	679633.6	0	982745.6	0	0	0	862254.8	974615.4
"sp|Q96A72|MGN2_HUMAN"	"HUMAN"	16901464	17054932	17357836	17617818	14684028	17507862	16026882	12233912	16366103	16489701	15736936	17038336	12683357	17769056	16919884	17818174	15679337	16646190
"sp|Q96AB3|ISOC2_HUMAN"	"HUMAN"	1771498	1886854.2	1714814.2	1828577	882490.25	2242899.2	1380340	836236.7	863779.1	2912199.5	3079081	2134970.5	2214954	3183407.2	2501452.5	2463022.5	1931129.2	2100819.8
"sp|Q96AE4|FUBP1_HUMAN"	"HUMAN"	36005530	36360716	34706508	42731276	41049450	36540756	39336468	39394270	36528824	37781708	39260650	39576620	40231570	41750730	40628612	38674108	35830880	42665868
"sp|Q96AG4|LRC59_HUMAN"	"HUMAN"	2456338	3439195	2642779	2764264.5	2832955.5	2849499.5	2117130.2	2748950	3323234	2797933.5	2496252	3056686.5	2646850.5	2875471	3171201.2	2175216.8	2578321	2652530
"sp|Q96AK3|ABC3D_HUMAN"	"HUMAN"	0	298246	0	216371.98	534309.8	0	222683.53	0	0	0	0	0	0	388716.47	0	405864.06	584096.94	459680.75
"sp|Q96AQ8|MCUR1_HUMAN"	"HUMAN"	0	0	0	0	0	0	0	0	0	0	0	0	0	0	0	0	0	0
"sp|Q96AT1|K1143_HUMAN"	"HUMAN"	1156777.6	0	1044363.6	1202305.8	1007306	98653.3	1046204	926501.44	910070.94	112293.9	166330.67	129533.664	1361838.9	79815.195	876372.8	1026851.44	106821.36	899221.2
"sp|Q96AT9|RPE_HUMAN"	"HUMAN"	0	0	0	0	0	0	0	0	598481.94	566087.1	486615.44	286475.75	0	0	598737	0	0	0
"sp|Q96B23|ARK2N_HUMAN"	"HUMAN"	0	0	0	0	0	0	27162.693	0	0	0	0	0	0	0	0	0	0	0
"sp|Q96B26|EXOS8_HUMAN"	"HUMAN"	0	0	1173603	0	1148532.5	0	1155652.6	1047980.56	474061.97	1526524.5	780377.6	1051888.6	1105534.1	1634252.8	1727459.4	984783	989968.6	412587.38
"sp|Q96B36|AKTS1_HUMAN"	"HUMAN"	347751.88	452962.94	305438.78	0	298690.84	362387.75	0	286940.44	339499.06	348174.1	0	319405.78	340118.75	323559.53	0	346312.53	305769.97	307558.9
"sp|Q96B49|TOM6_HUMAN"	"HUMAN"	1988516.1	1971801.6	1906713.4	1915453.4	1981654.9	1885518.1	1933221.1	1980658.2	1889099	1965179.2	1940888.4	1878613.4	1915921.4	1883976.9	1905046.1	2044941.9	1936299.8	1981389.1
"sp|Q96BD8|SKA1_HUMAN"	"HUMAN"	959361.6	1135508.9	1068315.8	177770.36	1433413.4	0	1102695.6	1002098.94	1075522.9	1060533	1028692.25	1134744.2	0	0	1087880.5	0	1185389.5	0
"sp|Q96BP3|PPWD1_HUMAN"	"HUMAN"	468434.7	0	0	459734.62	395016.8	268868	323920.94	0	367631.6	542048.06	457798.4	500445.72	0	479954.03	1271480.4	0	1102796.6	952217.1
"sp|Q96BR5|COA7_HUMAN"	"HUMAN"	5939674	4416450.5	5223021.5	5606118	11515972	5227820	11770634	15645872	5927177.5	13293160	13261196	12668404	12981036	11496810	11981411	11610502	11849926	11206672
"sp|Q96BW9|TAM41_HUMAN"	"HUMAN"	0	0	0	0	0	0	0	0	0	0	0	0	0	0	0	0	0	0
"sp|Q96C01|F136A_HUMAN"	"HUMAN"	4611324	4766925	4622606	3177450	2904666.5	4301789	3614639.8	3402286.5	3121152.2	1730608.5	3623131.2	4207356	6914911	5774352	2845162.2	6196167	4442036.5	6827100.5
"sp|Q96C19|EFHD2_HUMAN"	"HUMAN"	1879270.5	1130445.1	2489154	1981436.5	2223880.8	2045365.2	1250702.1	1082297	1989217.2	1066619.9	1006681.2	1120436.2	1041841.9	1186851.5	996747.5	1160623	972317.5	1226216.8
"sp|Q96C23|GALM_HUMAN"	"HUMAN"	1576187.5	1955548.2	1922214.2	1718742	557070.4	1783366.5	2176330.8	1189998	2339985.2	1760400.4	1613273.5	2031690.1	1747386.8	582324.6	952927.25	955926	1545828.8	403801.56
"sp|Q96C36|P5CR2_HUMAN"	"HUMAN"	11925576	12612955	14538785	15262208	11713180	15110110	11883902	11513046	12779115	13179756	13878733	10571502	14015449	15412522	15199312	14718676	14351073	15564482
"sp|Q96C57|CSTOS_HUMAN"	"HUMAN"	0	0	0	0	0	295828.94	0	0	0	310369.47	0	352056.56	312094.97	0	307249.94	0	299471.8	0
"sp|Q96C86|DCPS_HUMAN"	"HUMAN"	0	353696.2	266096	367953.75	0	0	304556.3	263901.5	259241.66	0	353306.22	333916.66	335719.06	278802.44	294449.97	0	0	0
"sp|Q96C90|PP14B_HUMAN"	"HUMAN"	1883105.4	2552549.2	2549971.8	2712196.5	2462095.2	2598696.2	2706378.8	2769378	2433798	1943223.1	2131750	1622159.8	2978889	3055515.2	2528750.5	2586052	2248375.8	2158396.8
"sp|Q96CB8|INT12_HUMAN"	"HUMAN"	77345.88	0	0	0	0	0	48067.777	0	76236.586	0	72165.17	0	87425.48	202868.4	83344	0	0	0
"sp|Q96CN7|ISOC1_HUMAN"	"HUMAN"	10498755	9666276	9835620	10023860	9791310	8718244	8776212	3260869.5	10415572	4144418.2	8298397	8110697	7956204.5	7835568	7488441	6239709.5	7407713	8452614
"sp|Q96CS2|HAUS1_HUMAN"	"HUMAN"	159314.9	154785.86	0	113417.78	160182.95	0	0	0	0	0	0	0	0	0	0	0	0	0
"sp|Q96CS3|FAF2_HUMAN"	"HUMAN"	0	158411.72	133588.44	0	857605.7	200051.17	131907.05	421165.22	891458.3	226319.84	194629.22	0	801583.5	62277.906	0	0	258248.95	866706.9
"sp|Q96CT7|CC124_HUMAN"	"HUMAN"	1354834.8	1628366.2	4567318.5	1327640.9	816840.4	466070.6	1076723.5	2004156.6	3844193	5624739.5	4947766	3847659.8	3255948.2	4181574.5	5028797	4602859.5	3491562	4190523.5
"sp|Q96CW1|AP2M1_HUMAN"	"HUMAN"	9149969	8115988	8094967	6587169	9140797	8239206	8790134	9837517	9684427	8076759	7832492	9239285	9157400	7549659	7840606.5	8285409	7779949	8441197
"sp|Q96CW6|S7A6O_HUMAN"	"HUMAN"	0	0	0	0	0	0	0	0	0	0	0	0	0	0	0	0	0	0
"sp|Q96D46|NMD3_HUMAN"	"HUMAN"	6684630	5183310	4647698	5081012	4037952.8	5042859	4992398	5124265.5	6047892	5568121.5	6937688	4785312	5782667.5	7628603	4000994	6067643.5	6183827.5	4058234.5
"sp|Q96DB5|RMD1_HUMAN"	"HUMAN"	0	0	0	0	0	0	0	0	0	0	0	0	0	0	0	0	0	0
"sp|Q96DE5|APC16_HUMAN"	"HUMAN"	0	0	0	0	0	0	279810.34	0	0	318742.4	56635.637	0	281182.66	310178.88	293780.4	337489.25	329020.7	311254.3
"sp|Q96DF8|ESS2_HUMAN"	"HUMAN"	0	0	0	0	0	0	179760.14	0	311421.06	101582.23	0	0	229654.66	0	170589.3	169590.17	178026.11	0
"sp|Q96DG6|CMBL_HUMAN"	"HUMAN"	17854092	15359093	15187650	14264943	14469842	14729312	16724506	14034420	14639197	16519805	16114014	16779614	14053533	14106522	14563994	16468326	15843314	14271010
"sp|Q96DH6|MSI2H_HUMAN"	"HUMAN"	495018.78	1276162.5	483915.12	0	438916.97	447016.25	428099.7	456852.06	487340.75	1145564.8	988820.6	1653495.6	1621859.8	1644164.5	1801219.9	1897797.4	1296618.6	1700251.2
"sp|Q96DI7|SNR40_HUMAN"	"HUMAN"	13013931	12888260	13482219	12385670	12640484	13081897	12191506	13133517	11485263	13471556	12957509	13460889	12334259	12092306	13499839	13959384	12316657	13173538
"sp|Q96DX7|TRI44_HUMAN"	"HUMAN"	0	0	0	0	0	0	0	0	236236.53	0	365105.8	0	0	0	0	227389.86	511210	0
"sp|Q96E11|RRFM_HUMAN"	"HUMAN"	0	0	0	273438.7	343865	0	0	0	385754.28	0	0	0	0	0	0	0	0	0
"sp|Q96E39|RMXL1_HUMAN"	"HUMAN"	0	0	0	0	0	0	0	0	0	212224.36	227790.14	217208.98	0	221754.77	220743.55	0	207842.86	0
"sp|Q96EA4|SPDLY_HUMAN"	"HUMAN"	0	0	0	3624423	0	3382412	0	0	0	0	0	0	0	0	0	0	0	0
"sp|Q96EB1|ELP4_HUMAN"	"HUMAN"	0	0	0	151030.08	473333.66	179436.94	0	166212.12	0	0	172278.25	0	0	175482.3	0	237961.6	0	0
"sp|Q96EB6|SIR1_HUMAN"	"HUMAN"	0	0	0	0	0	0	0	0	0	0	0	0	223293.7	0	0	0	0	69005.48
"sp|Q96EE3|SEH1_HUMAN"	"HUMAN"	2474373.2	5012808	3852112.5	3009004.2	1647472	2330153.5	4127872	4763144	3732602.8	4010791.5	3028049	4044740.2	5226917	4392621	4547866	5496399.5	4604896	4496725.5
"sp|Q96EH3|MASU1_HUMAN"	"HUMAN"	0	0	0	0	0	0	0	0	0	0	0	0	40131.574	0	0	53343.574	0	0
"sp|Q96EK6|GNA1_HUMAN"	"HUMAN"	0	0	0	0	0	0	0	0	0	0	0	0	0	0	0	0	0	0
"sp|Q96EK9|KTI12_HUMAN"	"HUMAN"	0	0	0	0	0	0	341698.6	825606.9	0	0	0	0	0	689811.3	0	0	0	0
"sp|Q96EL2|RT24_HUMAN"	"HUMAN"	0	0	0	186445.33	0	0	0	0	0	0	0	0	0	0	0	0	0	0
"sp|Q96EL3|RM53_HUMAN"	"HUMAN"	0	0	0	0	0	0	0	19219.174	0	0	0	0	0	0	0	0	0	0
"sp|Q96EP5|DAZP1_HUMAN"	"HUMAN"	19182718	19955108	19593030	19453596	20050108	20703170	19750128	19224940	19592322	20966516	20357576	20826560	21008388	20307254	21158710	21791636	20273530	21431472
"sp|Q96ER3|SAAL1_HUMAN"	"HUMAN"	0	263330.72	0	99008.53	555917.25	465035.53	119010.18	0	368544.53	459686.66	208722.1	311872.12	508206.3	423121.94	572245.1	611512.56	173162.23	480281
"sp|Q96ES7|SGF29_HUMAN"	"HUMAN"	0	0	0	164863.23	0	153967.39	0	164945.48	151370.17	174384.17	168330.89	0	179036.31	150085.84	153922.88	0	161896.38	0
"sp|Q96EV2|RBM33_HUMAN"	"HUMAN"	0	0	0	0	0	0	0	0	0	31795.791	0	0	0	0	0	0	0	20888.285
"sp|Q96EX1|SIM12_HUMAN"	"HUMAN"	0	0	0	0	0	0	0	0	0	0	0	0	0	0	0	0	0	0
"sp|Q96EY1|DNJA3_HUMAN"	"HUMAN"	1934965.8	2080589.5	1890102.5	1731540.9	648366	1822531.2	1857335.6	1910903	619492.44	2866708.5	2115120.8	2708178.2	2795013	2007115.2	2485661.5	2324856.5	2323689.5	2754993
"sp|Q96EY4|TMA16_HUMAN"	"HUMAN"	236325.52	0	0	0	253304.56	291235.1	0	0	0	0	0	269929.6	0	0	0	0	0	0
"sp|Q96EY5|MB12A_HUMAN"	"HUMAN"	0	0	0	0	0	0	0	0	0	0	0	180826.42	0	0	0	0	0	256016.38
"sp|Q96EY7|PTCD3_HUMAN"	"HUMAN"	723918.3	564464.56	713322.44	554270.8	0	620706.75	588459.75	627987.44	1747598.6	1156211.9	315784.47	1196904	0	1310219.2	1607831.8	1090468.8	321727.6	1397474
"sp|Q96EY8|MMAB_HUMAN"	"HUMAN"	0	0	0	0	0	0	0	0	0	0	0	0	0	0	0	0	0	0
"sp|Q96F44|TRI11_HUMAN"	"HUMAN"	0	0	0	0	0	0	0	0	0	0	0	0	609666.5	0	0	0	0	0
"sp|Q96F86|EDC3_HUMAN"	"HUMAN"	494788	358658.47	149190.03	471477	0	176900.1	432996.16	191653.89	202594.9	238650.75	531892.5	613867.4	852980	395155.8	454855.62	0	449325.2	1172081.2
"sp|Q96FJ2|DYL2_HUMAN"	"HUMAN"	1531329.9	1424207.5	1509261.5	1546740.6	592713.3	1450497.9	1378962.5	1411149.5	1308374.1	2137480.5	2036505.2	2177801	3516222.2	2167415.8	2303994.8	3189495	2091157	2054149
"sp|Q96FK6|WDR89_HUMAN"	"HUMAN"	0	0	0	0	0	0	86898.97	32319.182	213113.56	0	0	0	0	0	0	0	0	0
"sp|Q96FS4|SIPA1_HUMAN"	"HUMAN"	0	0	0	0	0	0	0	0	0	0	0	0	0	0	0	0	0	0
"sp|Q96FV9|THOC1_HUMAN"	"HUMAN"	3518297.5	4063131	3674112.5	3809240.5	3212635.5	4067879.5	3095097.5	3194713.8	3668579.2	3775287.2	3737259.5	2711957.5	3813951.8	3620228	3826676.5	4166343.5	3167795.8	3545012.8
"sp|Q96FW1|OTUB1_HUMAN"	"HUMAN"	4066596.8	4608062.5	3896650	3940702.5	4728370	4316606	3819437.5	3222932.5	4210652.5	4335970	4968714	4327293	4101622.5	4168880.8	3953185.8	4357021	4524095.5	5165889
"sp|Q96FX7|TRM61_HUMAN"	"HUMAN"	0	0	0	0	0	0	0	0	0	0	0	0	0	0	0	0	0	0
"sp|Q96G03|PGM2_HUMAN"	"HUMAN"	4325305.5	4150337.8	5408414.5	5498929.5	4311355.5	5108221.5	6807921.5	4576625.5	6570417.5	18143124	17952324	18400576	4837776.5	4678493.5	17930410	6234627.5	17140488	16999470
"sp|Q96G21|IMP4_HUMAN"	"HUMAN"	333111	420838.78	259973.14	695867.4	335368.38	0	463981.47	698920.1	0	721598.5	604097.4	683468.9	237582.05	0	0	0	147891.72	0
"sp|Q96G74|OTUD5_HUMAN"	"HUMAN"	0	0	0	0	0	0	0	0	0	0	0	0	0	0	0	0	0	0
"sp|Q96GA3|LTV1_HUMAN"	"HUMAN"	5970752	5748693	5386724	6423795	4928888	6790429.5	6053610	6327646	5976871.5	5965642	7125965	6101327.5	7250924	6095651.5	6114888	6209262.5	6605113.5	6409715
"sp|Q96GA7|SDSL_HUMAN"	"HUMAN"	0	0	0	0	0	421607.3	0	0	0	0	0	0	0	0	0	0	0	0
"sp|Q96GD4|AURKB_HUMAN"	"HUMAN"	124094.24	0	0	0	0	286744.72	0	62113.19	0	0	109933.91	330043.88	85642.7	220886.31	0	0	102340.01	121413.66
"sp|Q96GG9|DCNL1_HUMAN"	"HUMAN"	0	0	0	0	0	0	0	0	0	0	552937.8	552922.2	913382.7	975328	553986.5	613691.3	551756.7	595309.94
"sp|Q96GM5|SMRD1_HUMAN"	"HUMAN"	783127.94	1638415.1	1743227	742491.44	1170933.2	1070014.2	1108472	1571283.4	987471.4	1092777	1054817.2	1126880.8	1207742.8	1213501.9	1207487.9	919789.25	880384.7	1040484.6
"sp|Q96GM8|TOE1_HUMAN"	"HUMAN"	197941.58	187054.64	0	173272.94	0	175033.45	190424.53	166035.27	0	184435.2	232051.4	196061.4	174559.02	185963.58	186714.02	0	193266.78	183607.88
"sp|Q96GQ7|DDX27_HUMAN"	"HUMAN"	5769192	7752062	6562711	8619229	7428457	7564788.5	9311961	6601445	7368907.5	7435068	5431083.5	6581345.5	4664789.5	6883211	7104808	6638981.5	6389061.5	5800740
"sp|Q96GU1|PAGE5_HUMAN"	"HUMAN"	15456719	13373049	15949737	15537750	15463554	15800384	14103660	14478211	15773535	15708544	13763683	14108863	15390798	13181626	13813749	14084244	13766478	13879154
"sp|Q96GX2|A7L3B_HUMAN"	"HUMAN"	1250246.2	1220905.5	1047991.2	1083255.5	982334.56	1402033.2	1305286.4	1192492.5	1226159	1361243.4	1264987.2	1119014.9	1258559	1144836.8	1166822.8	1261068.4	1323344.9	1360276.9
"sp|Q96GX9|MTNB_HUMAN"	"HUMAN"	1779022.4	1624539.9	1479286.5	552265.06	2353435	1644012.6	224906.31	1034863.5	1817860.4	1260306	1309813	3099852	1705837.4	1110815.4	3018182	704982.3	1291223	2648659.8
"sp|Q96HC4|PDLI5_HUMAN"	"HUMAN"	5851215	4692432	5387445	5280463	5951386	7126590.5	4019892.2	5573146.5	5333284.5	5167705.5	6265797.5	5992076	6240196.5	6102848	7715594.5	5444393.5	6128757	5554312.5
"sp|Q96HE7|ERO1A_HUMAN"	"HUMAN"	0	0	95830.77	0	375362.16	91312.36	0	0	0	105252.414	0	100512.95	0	0	107753.4	0	0	0
"sp|Q96HP4|OXND1_HUMAN"	"HUMAN"	0	0	0	0	471025.8	0	0	0	0	0	0	0	0	0	0	0	0	0
"sp|Q96HR8|NAF1_HUMAN"	"HUMAN"	140818.38	0	0	196391.36	0	156566.55	227353.23	0	0	0	139102.36	159035.98	0	0	0	0	0	157208.36
"sp|Q96HR9|REEP6_HUMAN"	"HUMAN"	0	0	0	0	0	0	0	0	0	0	0	0	0	0	0	0	0	0
"sp|Q96HS1|PGAM5_HUMAN"	"HUMAN"	12184759	13313984	13932675	12320063	12274772	13360225	14509776	12412636	14238637	4794611	4330610	12326231	6751622	4892985.5	13672242	6188536	4404839	6247232
"sp|Q96HW7|INT4_HUMAN"	"HUMAN"	0	651680.06	593909.4	0	0	0	880537.4	1143525.1	533843.56	482818.88	747286.94	1067182.8	521086.03	1191243.4	709324.9	1145992.5	900699	530219.4
"sp|Q96I24|FUBP3_HUMAN"	"HUMAN"	2862933.8	4406488	2635322.5	5131137.5	3029651.8	4495420.5	2690120.5	3535047.5	3439767	6147219.5	2862349.5	5748842	4771886.5	4871818	2705950.5	6672597.5	5491485	4414203
"sp|Q96I25|SPF45_HUMAN"	"HUMAN"	4731596	4074113.8	4641242.5	4030132.2	4436900.5	3709247	4397066	3969361.5	4012507	3409708.8	3444795	3882385.2	4003993	4013312.8	3931609	4029697	4132164.5	3929186
"sp|Q96I59|SYNM_HUMAN"	"HUMAN"	0	0	175699.11	0	0	0	0	0	0	0	0	98794.484	333666.1	0	0	0	0	0
"sp|Q96I99|SUCB2_HUMAN"	"HUMAN"	4238642	4198728.5	3928308.5	7309359.5	7113585	5627027	5865249	5162187.5	3385039	6682862	6176130.5	5506059	6148789.5	6187461	5064168	5510110.5	6697660	5752662
"sp|Q96II8|LRCH3_HUMAN"	"HUMAN"	0	0	0	0	0	0	0	0	0	0	0	19591.535	0	0	0	0	0	500361.78
"sp|Q96IU4|ABHEB_HUMAN"	"HUMAN"	4003930.2	3425439.5	3104809.2	5083106	4689108	3819560.5	3115179	3997308.5	3273027.5	4394982.5	4303329	4564074.5	3230884	3616689.8	4496150.5	3701688	4765500	3753974.5
"sp|Q96IV0|NGLY1_HUMAN"	"HUMAN"	0	1483958.5	1624941.8	0	0	1332258.1	1258779.5	1365481	0	0	0	0	0	0	0	0	0	0
"sp|Q96IX5|ATPMK_HUMAN"	"HUMAN"	2847072.2	1858249.8	1218380.6	4592248	550916.8	958022.1	2850156.8	704650.75	900580.6	612400.5	1011901.3	2946509.5	744099.5	825755	2120600	2120304.8	1858902.2	2553212.5
"sp|Q96IY1|NSL1_HUMAN"	"HUMAN"	0	0	0	0	0	0	0	211212.9	0	188744.4	0	140471.1	0	0	0	266200.94	0	0
"sp|Q96J01|THOC3_HUMAN"	"HUMAN"	4767888	6806117	7720977.5	5274302	8200894	4962445.5	11456787	9698952	4817582.5	11279426	10055467	11300839	10977660	11216029	6653282.5	6488995	10763086	12811788
"sp|Q96JB3|HIC2_HUMAN"	"HUMAN"	1322109	988464.3	1422428.6	1642700.1	1382051	0	1206681.2	1310382.8	1120623.2	878565.75	0	0	0	0	0	0	0	0
"sp|Q96JB5|CK5P3_HUMAN"	"HUMAN"	0	0	0	0	0	0	0	0	0	0	0	0	1464178.1	0	0	0	0	0
"sp|Q96JH7|VCIP1_HUMAN"	"HUMAN"	2159015	1411491.6	0	0	0	1701573.1	0	0	1887315.4	0	0	968777.6	0	0	0	0	0	0
"sp|Q96JM3|CHAP1_HUMAN"	"HUMAN"	2454126	2421533.5	1255168.5	1339151.2	1943172.8	1471232.6	2161396	1361820.8	1307096	170950.5	1322531.5	927245.75	172522.61	189114.64	1015809.8	1009370.1	157660.69	188647.05
"sp|Q96JP5|ZFP91_HUMAN"	"HUMAN"	0	0	0	0	0	0	0	0	0	0	0	0	0	0	0	0	0	0
"sp|Q96K17|BT3L4_HUMAN"	"HUMAN"	6474386.5	4977120	6832221.5	6136876	7078024.5	5530086.5	7201435	5559737.5	6703592.5	7909248	7852022	7810285	7683449	7593285	7410966	6122955	8406268	7241110.5
"sp|Q96K76|UBP47_HUMAN"	"HUMAN"	1386064.4	2564317	2638814.5	3678656	2670442	2608931	2744049.5	3575657.2	3585997	2896411.8	1543928.9	1718869.4	1684822.2	1689209.8	1774529.8	1687249	1758923.9	1626914
"sp|Q96KB5|TOPK_HUMAN"	"HUMAN"	6062230	7208890	6640952.5	6833722.5	6806905	6020613	7158813	7126819.5	7148371	9654338	8595640	10421967	11131743	9678744	9450693	9627851	10281286	11056430
"sp|Q96KP1|EXOC2_HUMAN"	"HUMAN"	581888	461306.94	178319.1	367845.44	760686.06	160636.06	0	234627.72	251267.36	215634.72	182711.45	212563.75	203382.52	143083.1	193935.88	116327.914	205461.86	230725.19
"sp|Q96KP4|CNDP2_HUMAN"	"HUMAN"	12994031	10224470	14111593	11390791	14287438	14935966	12834922	13109563	14451090	11621459	12239749	12814032	13375306	14918932	12723740	15108545	14223939	12553154
"sp|Q96KQ7|EHMT2_HUMAN"	"HUMAN"	326216.3	373343	532577.2	302170.84	329358.38	321102.8	316167.16	400907.78	315207.78	314781.16	331355.97	382952.9	327011.75	385357.38	388011.56	0	398626.94	421589.78
"sp|Q96KR1|ZFR_HUMAN"	"HUMAN"	3939341	5023459.5	4008149.2	3965053.5	5083679	904989	3833021.5	5222655.5	4111580.5	380510	1112580.1	513949.9	241590.72	3317976.8	628108.7	2918541.2	4102171.2	1230551
"sp|Q96KR6|F210B_HUMAN"	"HUMAN"	0	0	0	0	96123.84	0	0	0	0	0	0	0	0	0	0	0	0	0
"sp|Q96LA8|ANM6_HUMAN"	"HUMAN"	0	0	0	0	0	0	0	0	0	0	0	0	0	0	0	901000.75	0	0
"sp|Q96LT9|RNPC3_HUMAN"	"HUMAN"	0	0	0	0	0	0	0	0	0	0	0	0	0	0	0	0	0	0
"sp|Q96M27|PRRC1_HUMAN"	"HUMAN"	2141263	1039393.8	1108542.8	2339599.2	1964550.4	995939.6	1297836.5	2088948.2	1933026.5	1821011.8	1584965.2	1969768.6	1828547.5	1547869	2190837.8	1851891.2	1934230.1	1836563.4
"sp|Q96MF7|NSE2_HUMAN"	"HUMAN"	0	56596.938	0	0	0	0	0	0	143425.9	0	0	0	0	0	0	0	151363.88	32527.965
"sp|Q96MG7|NSE3_HUMAN"	"HUMAN"	705421.06	496134.56	0	0	0	0	0	0	0	0	0	0	0	216759.22	0	0	0	1432121.2
"sp|Q96MH2|HEXI2_HUMAN"	"HUMAN"	0	0	0	0	0	0	0	0	0	0	0	0	0	0	0	0	0	0
"sp|Q96MU7|YTDC1_HUMAN"	"HUMAN"	548326.75	712193.4	607834.25	0	477280.6	654753.8	559436.8	639355.06	517832.06	0	190575.22	471891.62	0	160144.44	514528.78	0	646674.75	0
"sp|Q96MW1|CCD43_HUMAN"	"HUMAN"	0	152444.39	0	0	189553.61	0	0	0	0	0	0	0	0	0	0	0	0	0
"sp|Q96N64|PWP2A_HUMAN"	"HUMAN"	0	0	0	0	0	0	0	0	0	0	0	0	0	0	0	0	0	0
"sp|Q96NB3|ZN830_HUMAN"	"HUMAN"	0	0	0	0	0	0	0	0	0	0	0	0	0	0	0	0	0	0
"sp|Q96NC0|ZMAT2_HUMAN"	"HUMAN"	0	199736.97	181509.98	196667.6	213917.75	197823.95	229384.19	223285.27	212247.62	173047.39	170633.22	158595.67	290087.62	163668.11	172191.03	137720.92	143155	272749.25
"sp|Q96NT1|NP1L5_HUMAN"	"HUMAN"	0	0	0	0	0	0	0	0	0	0	0	0	0	1326808.5	0	0	973155.2	0
"sp|Q96P11|NSUN5_HUMAN"	"HUMAN"	353651.62	333525.4	345153.1	451134.12	473448.7	400948	316049.1	338894.53	416330.06	323700.44	326752.5	336287.56	357563.44	567988.75	539517.8	331501.97	500215.44	323408.16
"sp|Q96P16|RPR1A_HUMAN"	"HUMAN"	0	0	0	0	0	0	0	0	0	0	0	0	0	0	0	0	0	0
"sp|Q96P48|ARAP1_HUMAN"	"HUMAN"	292165.56	222709.8	318032.62	189886.77	0	0	0	410110.75	188216.5	125988.766	0	204177.77	765881.06	792197.75	974559.5	0	642128.56	285819.7
"sp|Q96P70|IPO9_HUMAN"	"HUMAN"	2216961	5650637	4773021	4616868	4622347	2540130.5	1266168	5188779	4768140	4172620	4591172	1376407	4428748	4106010.5	1840921.2	3265525.8	4209312.5	4056523.5
"sp|Q96PK6|RBM14_HUMAN"	"HUMAN"	17315790	18307110	17350296	19148492	21904544	21782728	18663598	18581060	16224158	21933120	23425192	22855788	24102032	20752086	22175796	21753836	19854338	22301986
"sp|Q96PM9|Z385A_HUMAN"	"HUMAN"	0	0	0	0	0	0	0	0	0	0	0	0	0	0	0	0	0	0
"sp|Q96PU8|QKI_HUMAN"	"HUMAN"	3194162.5	4796279.5	5233977	3983085.8	4939703.5	4238946.5	4074884	3095709	5024630.5	2854953	3013392.5	3301776.5	4080549	2602351.2	3905717	3387486.2	3220620	3260148
"sp|Q96PZ0|PUS7_HUMAN"	"HUMAN"	4319190.5	2722582.2	2459430	3923293.5	3859767.5	3019801.8	4276853	3818893.2	3158533.2	3793858.8	3822853.5	3845883	4083227.8	3950741.5	3908257.2	4445448	4759776.5	3623863
"sp|Q96Q11|TRNT1_HUMAN"	"HUMAN"	651815.6	4113006.8	505593.75	3443868.8	4089954.5	4452935.5	3967040.8	232134.23	3658875.2	3519885.8	3370893.2	3960260.8	3544091.8	3310844.5	3931143	229249.28	3522445.8	4291024.5
"sp|Q96Q89|KI20B_HUMAN"	"HUMAN"	0	0	0	0	0	0	0	0	0	225435.31	0	0	0	0	0	0	0	0
"sp|Q96QC0|PP1RA_HUMAN"	"HUMAN"	511684.56	227944.16	530472.7	476215.47	459584.56	533199	1483223.2	288517.06	502718.75	557228.7	538095.2	570216.25	577897.56	1257381.1	519288.22	1010701.6	516344	540124.4
"sp|Q96QK1|VPS35_HUMAN"	"HUMAN"	9020414	7925444	9094103	9367859	9003545	7172934	9474312	9345012	7696490.5	12411931	13039078	13650213	10321546	15194864	14581343	9748997	12867325	15145149
"sp|Q96QR8|PURB_HUMAN"	"HUMAN"	117945.86	2764461.8	3165691	3627925.5	3357127.8	3538882.8	3564363.2	3061278	0	2943027	174756	0	3391975.5	3386670.5	3774681.5	0	199090.31	3213760.8
"sp|Q96R06|SPAG5_HUMAN"	"HUMAN"	0	651501.75	439194.3	473111.53	301606.75	464992.78	224971.34	0	0	581431.4	143824.36	0	332499.16	162844.52	0	1355681.5	338587.03	442759.25
"sp|Q96RE7|NACC1_HUMAN"	"HUMAN"	3798816.2	4063059.8	3904638.2	4014674.5	3863986	3788531.8	3794447.8	3829294.8	3855556.5	1956339	2116281.8	2027102.2	2019464.5	2194054	2193684.2	1906861.2	2013574.1	2018039.1
"sp|Q96RL1|UIMC1_HUMAN"	"HUMAN"	0	0	0	0	0	0	0	0	0	0	0	0	0	0	0	0	0	0
"sp|Q96RN5|MED15_HUMAN"	"HUMAN"	0	0	0	0	62987.824	61876.3	0	0	0	84744.08	0	96278.445	0	0	0	0	0	69333.234
"sp|Q96RP9|EFGM_HUMAN"	"HUMAN"	10164151	10794975	11301870	10845131	9592222	8741679	9427177	11676174	10360398	11014079	10214622	11656847	12504200	11399470	10084556	10674055	9530820	9500180
"sp|Q96RQ3|MCCA_HUMAN"	"HUMAN"	0	0	0	0	0	0	0	117287.36	0	0	0	0	0	135993.8	0	0	0	0
"sp|Q96RR1|PEO1_HUMAN"	"HUMAN"	0	0	0	0	0	0	0	0	0	0	0	0	0	0	0	0	0	0
"sp|Q96RS0|TGS1_HUMAN"	"HUMAN"	0	0	0	0	0	0	0	0	0	0	0	0	0	0	0	0	0	0
"sp|Q96RS6|NUDC1_HUMAN"	"HUMAN"	4300739	4356561.5	3753938.5	5535773.5	4197577	4310842	4069965.5	3434075.2	3295857.5	5783677.5	3629188	4579553	5419091.5	4123846	5139493	4586009	7279673	5352703.5
"sp|Q96RT1|ERBIN_HUMAN"	"HUMAN"	1811986.1	0	0	0	0	0	1920404	0	1989191.8	0	0	0	0	0	0	0	0	0
"sp|Q96RY7|IF140_HUMAN"	"HUMAN"	0	0	0	0	0	0	0	0	0	0	0	0	0	0	0	0	0	0
"sp|Q96S44|PRPK_HUMAN"	"HUMAN"	391281.88	383004.16	0	318167.38	438874.78	316134.8	171091.62	340616.94	369187.3	0	368249.53	0	367934.94	352695.88	0	476117	0	377093.03
"sp|Q96S55|WRIP1_HUMAN"	"HUMAN"	0	0	0	0	0	0	0	0	0	0	0	0	0	0	0	0	0	0
"sp|Q96S59|RANB9_HUMAN"	"HUMAN"	1449154.5	1383137.8	1235515.2	1383108.8	1157550.8	1411122.9	1398703.4	1808410	2050742.4	1451046.5	1295556	1796339.4	1866860.2	1176962	1921728.4	1357027.4	2455423.5	1620407.2
"sp|Q96SB3|NEB2_HUMAN"	"HUMAN"	0	0	0	0	0	0	0	0	0	0	0	0	0	0	0	0	0	0
"sp|Q96SB4|SRPK1_HUMAN"	"HUMAN"	11177434	8073189.5	7365862.5	9930013	9637332	8749579	6930601.5	8984212	9305619	13576021	12076166	8593521	8982855	8497859	8429164	6921711.5	8815044	11225320
"sp|Q96SB8|SMC6_HUMAN"	"HUMAN"	0	0	2240870	2465916.5	0	1574465.2	2814613.2	3029208.2	0	3290438.8	0	464570.03	3270939	608305.1	1534995.2	0	323845.4	505722.88
"sp|Q96SI9|STRBP_HUMAN"	"HUMAN"	587559.94	751642.06	611552.44	862539.25	0	680567.2	746986.8	750315.75	848348.56	242282.73	624789.06	1267391.6	716012.9	1341477.8	1282508.8	1209750.5	1049929.1	1390698.2
"sp|Q96ST2|IWS1_HUMAN"	"HUMAN"	867985	496421.3	154466.34	638844.4	404555.56	278590.3	378174.97	74274.17	231078.72	328479.12	480941.75	109459.9	0	154518.94	130553.89	179662.3	284297	269796.44
"sp|Q96ST3|SIN3A_HUMAN"	"HUMAN"	2901629	0	1261166.5	2254829.8	2982300.8	2627102.5	0	0	1594997	3134318.5	2788891	436568.53	2839075	3180968.8	2937944	3401029.5	3713241.8	2122867.8
"sp|Q96SU4|OSBL9_HUMAN"	"HUMAN"	773796.25	1509103.5	558148.6	498222.1	437033.72	1176389.5	1078929.8	744493.6	760385.9	827382.25	1047538.75	663862.75	736089.75	994968.5	316127.8	1699647.9	797477.1	795852.94
"sp|Q96SY0|INT14_HUMAN"	"HUMAN"	0	0	0	0	0	0	288016.7	312960.06	0	0	212320.84	0	0	0	0	0	0	0
"sp|Q96T23|RSF1_HUMAN"	"HUMAN"	1257710	1151550.4	1270848.9	1067458.8	1190459.8	1065419.5	812851.9	1206331.6	1153572.6	964706.75	1249826.4	1277722.4	1043076.56	1178604.4	1118625.2	908584.56	1096459.8	1106140.1
"sp|Q96T37|RBM15_HUMAN"	"HUMAN"	1189444.5	452793.5	557926.44	0	1055979.6	1448168.4	1130160.9	1658975.5	1155474.5	0	93081.01	0	62850.05	70049.75	974428.6	0	0	931823.4
"sp|Q96T51|RUFY1_HUMAN"	"HUMAN"	0	8514.826	93261.62	0	95812.77	0	0	0	0	0	41684.184	0	72264.58	0	79967.07	0	0	0
"sp|Q96T58|MINT_HUMAN"	"HUMAN"	0	0	0	0	0	0	0	0	0	0	0	0	0	0	0	0	0	0
"sp|Q96T60|PNKP_HUMAN"	"HUMAN"	0	0	0	353322.3	334442.56	0	349803.75	0	462190.53	0	0	0	0	0	0	0	0	0
"sp|Q96T76|MMS19_HUMAN"	"HUMAN"	3001815.5	2702802	3079879.2	2484472.5	3050735.2	1155993.2	1556463.8	4060509.5	2912326	536531.5	1379116.2	531529.56	627682.75	1301191	514583.8	1548811.8	1128856	806984.2
"sp|Q96T88|UHRF1_HUMAN"	"HUMAN"	2996514.8	2714502.5	1434484.6	3029362	3046292.2	2491642	2827076.2	2668521.8	3667497.2	3958607.5	4391733	3552551.8	2926965	3272708.8	4202438.5	3112882.8	3614654	2790287.2
"sp|Q96TA1|NIBA2_HUMAN"	"HUMAN"	510899.72	440817.2	4307873.5	614687.3	742338.7	3582121	3577570	3755457.8	3781653.8	2523829.2	529954.7	382933.75	373004.38	498747.22	352242.47	320706.03	354955.8	3809882
"sp|Q96TA2|YMEL1_HUMAN"	"HUMAN"	3179882.5	3611825.2	3076890.5	2602264.5	2632806.2	1319742.2	2712710	3210818.8	2723568.5	1777155.5	1398597.9	1525369.9	2126011.8	1213873.2	2093235.8	3047642	1003247.1	3756475.5
"sp|Q96TC7|RMD3_HUMAN"	"HUMAN"	0	0	0	0	0	0	0	0	0	0	0	0	83983.84	95892.44	103758.04	0	93737.164	100798.08
"sp|Q99081|HTF4_HUMAN"	"HUMAN"	0	0	0	0	0	0	0	0	0	216254.47	0	0	248430.42	0	162506.55	0	0	0
"sp|Q99417|MYCBP_HUMAN"	"HUMAN"	5918823	5432120.5	5579799.5	8359370	5554383.5	5899047	5219751	5694423.5	8471527	5536243	7232577	7382573	7731926.5	4866174	8106846.5	8164512	5483561.5	5201646
"sp|Q99426|TBCB_HUMAN"	"HUMAN"	1165170.4	1311158.9	457420.78	495032.94	868995.5	940975	1013671	1259065.5	1170671	1065145.4	1564634.4	1693668.5	2270305.8	1681955.4	1617134.2	2119503.8	1899317.8	1585045.5
"sp|Q99436|PSB7_HUMAN"	"HUMAN"	16320241	15157829	14923401	16003742	14445914	15126562	13258404	13124753	16772533	14580385	17286972	13762801	13864176	15883582	13738045	14342604	13637280	16937630
"sp|Q99439|CNN2_HUMAN"	"HUMAN"	9352567	6456973	13576509	8622816	7672587.5	9104375	8197199	7150697	7718945	13934948	12315217	14790974	13111609	14746467	13863224	11120878	13984502	14077083
"sp|Q99447|PCY2_HUMAN"	"HUMAN"	1081892.2	543621.6	679339.25	1296460.1	241619.5	3652343.5	833512.2	1982772.8	695154.7	1018553.75	786020.56	589688	677400.4	5102658	520749.88	1337712.9	1985754.5	938797.75
"sp|Q99459|CDC5L_HUMAN"	"HUMAN"	12206260	12226683	11210315	13870024	12262422	12004252	12687566	13769068	11932424	14007501	13597191	13552440	13002927	14066387	11964433	11757975	12656320	13797173
"sp|Q99460|PSMD1_HUMAN"	"HUMAN"	36381304	35693420	34270936	33452640	37163370	35891944	35549260	37615820	34728024	41036816	37380884	38601176	39531624	38633190	39679012	37651170	39840970	38520788
"sp|Q99471|PFD5_HUMAN"	"HUMAN"	11629770	8826041	11659860	10610271	7662708	12033681	8127310.5	11180671	11317843	11702948	6961119.5	11225378	9196449	8154964	12525591	6125945.5	10382327	9106913
"sp|Q99496|RING2_HUMAN"	"HUMAN"	1723393.6	1033740.7	5153044	700930.2	3838962.8	4417590.5	3728918.5	4099450.8	3420684.2	4346771	2877633.2	2768966.5	2924812.5	286098.03	3722270	4017584.5	436841.12	2697695.8
"sp|Q99497|PARK7_HUMAN"	"HUMAN"	72301560	73051340	71842660	71286390	72482030	71959900	72546010	72779150	71584090	72647910	71824536	71222480	71806456	71722140	72323064	72859624	72590620	71227790
"sp|Q99504|EYA3_HUMAN"	"HUMAN"	0	0	0	0	0	0	0	0	0	0	0	0	0	0	0	0	0	0
"sp|Q99523|SORT_HUMAN"	"HUMAN"	0	0	0	0	0	0	725009.94	0	0	0	0	0	0	31667.621	0	0	0	0
"sp|Q99536|VAT1_HUMAN"	"HUMAN"	9919134	8984457	10890101	10956700	11865640	10986489	11361482	10261694	11625914	12010718	13471790	11835595	13284834	11360210	13233446	12186988	12780423	13321404
"sp|Q99541|PLIN2_HUMAN"	"HUMAN"	0	0	0	0	0	0	0	0	0	0	181710.36	736599.94	850955.75	661189.6	115160.875	164035.11	0	107798.625
"sp|Q99543|DNJC2_HUMAN"	"HUMAN"	908653.75	870278.5	910811	1055839.4	1372027.6	2137834.5	1035742.9	1886383.5	1848989.8	969653.4	605610.56	1010625.1	800375.1	857746.8	772394.5	1656663.5	947006.06	1929208
"sp|Q99547|MPH6_HUMAN"	"HUMAN"	0	0	0	0	0	0	0	0	743523.8	805151.25	888884.94	744143.3	899465.06	815116.44	1005681.56	856678.7	0	798569
"sp|Q99567|NUP88_HUMAN"	"HUMAN"	1546341.2	3168681	4101681.2	3516436.5	3057987	3679933.5	1131590.9	2685334.2	959017.8	3034503.2	956935.6	2748475.8	4522769	2513197.2	1114095.8	2285339.5	837708.25	980965.25
"sp|Q99575|POP1_HUMAN"	"HUMAN"	0	0	57438.438	0	0	67724.41	0	0	91310.5	0	0	0	0	0	0	0	0	0
"sp|Q99584|S10AD_HUMAN"	"HUMAN"	614864.1	683693.6	699131.75	565583.56	772480.6	614125.1	621244.06	620769	780455.75	650631.6	558572.5	586745.5	618446.25	542219.2	617171.44	627227.1	652395.6	626436.06
"sp|Q99590|SCAFB_HUMAN"	"HUMAN"	62004.25	0	59359.496	95689.2	22389.18	107193.59	0	0	203292.66	191240.5	118438.86	130872.84	81956.3	182309.48	181840.55	272998.2	267964.06	223372.67
"sp|Q99595|TI17A_HUMAN"	"HUMAN"	714936.6	0	319696.53	316338	309889.8	459751.84	0	445167.28	411215.06	1254794.8	468129.62	844200.25	1018841.9	1027790.4	311005.94	312706.2	297298.5	310066.9
"sp|Q99598|TSNAX_HUMAN"	"HUMAN"	4414360	6123196.5	5711176.5	4515307	4431272.5	7511713.5	5840285	6423364.5	5353452.5	7940759.5	6336974	5981274	5889036.5	5669890	6551393	6533033.5	6975188	8118239
"sp|Q99613|EIF3C_HUMAN"	"HUMAN"	25916866	24997832	21110250	25633052	18688576	21742980	22752248	20737804	20757136	25782910	27169590	26474574	26976144	29219928	24756414	26833124	25988076	26044890
"sp|Q99614|TTC1_HUMAN"	"HUMAN"	3179332	2905077	4128602.8	4821796	5299246	4730772.5	4160672.8	4235216.5	4731606	5207223.5	4389271	3621243.5	3746370	4430807	6556195.5	5488160.5	7219345.5	4182572.2
"sp|Q99615|DNJC7_HUMAN"	"HUMAN"	14057304	12023899	11834851	13510524	13268434	12707240	12545492	13092052	14393508	16774440	15405609	14028259	15585981	16607136	10858624	15217399	14251922	14096564
"sp|Q99622|C10_HUMAN"	"HUMAN"	2457527	152250.02	2444068.8	90030.59	0	2465952	0	0	2252913.5	2190889.2	154429.08	2253292.2	2307353.2	184067.97	2329437	2374045.2	2344749.2	2431366.8
"sp|Q99623|PHB2_HUMAN"	"HUMAN"	50057892	45613356	44792210	47223412	48048290	50802444	47897750	45175420	52161748	50960090	45489900	49179120	45550964	45049664	49861410	45060856	47575228	47630016
"sp|Q99627|CSN8_HUMAN"	"HUMAN"	0	0	0	0	0	0	0	0	0	0	249996.7	397502.4	0	642964.3	0	444837.1	419464.25	877544.44
"sp|Q99633|PRP18_HUMAN"	"HUMAN"	0	0	0	0	0	0	0	0	0	0	0	0	0	0	0	0	0	0
"sp|Q99643|C560_HUMAN"	"HUMAN"	0	0	0	0	0	0	0	0	0	391505.25	0	601624.1	0	0	0	0	578652.56	0
"sp|Q99661|KIF2C_HUMAN"	"HUMAN"	14071516	12505766	10840541	13032399	14450338	10109761	14621458	13274154	14111234	13446164	14701832	14800146	14679185	15871557	15624368	14613754	15403392	14651129
"sp|Q99700|ATX2_HUMAN"	"HUMAN"	0	0	0	0	0	0	0	0	0	0	0	0	0	0	0	0	0	15804.595
"sp|Q99707|METH_HUMAN"	"HUMAN"	0	0	0	0	0	0	0	475367.34	0	0	0	0	0	0	0	0	128519.516	0
"sp|Q99714|HCD2_HUMAN"	"HUMAN"	27399988	27298822	26676286	30131718	30681552	29180948	29863302	27546256	27302450	33890880	30874194	34208300	33458386	33393328	32646362	34317850	30226450	33022956
"sp|Q99719|SEPT5_HUMAN"	"HUMAN"	660547.25	778604.9	1983445.1	0	1156504.1	1395522.1	689898.2	1305571.5	956717.7	978482	735254.75	1383491.5	1157215.2	1430064.2	893400.3	1026928.1	1155004.1	845345.56
"sp|Q99729|ROAA_HUMAN"	"HUMAN"	32149210	32173642	32394012	31579460	32826874	32573798	31382242	32325628	32314754	32618416	33589780	31499584	32844546	34517440	31345846	32515038	31972764	33140820
"sp|Q99733|NP1L4_HUMAN"	"HUMAN"	23391884	17644090	13797679	23609374	20951894	20289372	27299512	24891248	22851550	22517872	17683248	21809602	23830468	23755334	23343758	20549142	22067260	21755400
"sp|Q99747|SNAG_HUMAN"	"HUMAN"	1799463.8	529864.56	1831903.5	1977066	1054837	2335167.5	1265928.8	1924926.5	1442903.4	2597844	2431805.5	2011390.8	2773850.5	1819936.8	2699692.2	1031962.2	2546567	2791159.5
"sp|Q99757|THIOM_HUMAN"	"HUMAN"	3573534.8	3586771	2375588.5	2773644.2	4077035.5	3399114	3328676	3613359.5	3879463	3846673.8	4164050.5	3668665	4144349.2	4060604	4080628.5	4135677	3853548.5	3828010.5
"sp|Q99798|ACON_HUMAN"	"HUMAN"	41850630	44029910	46179504	44744604	45510296	46929410	43555190	46864924	44571510	44017972	45766856	42183884	46361908	43818564	44618930	48361296	43838730	41959668
"sp|Q99805|TM9S2_HUMAN"	"HUMAN"	436153.1	0	360873.8	0	0	460542.8	0	442396.56	0	337627.5	153765.5	0	330114.22	0	0	0	0	0
"sp|Q99816|TS101_HUMAN"	"HUMAN"	1216723.9	1123333.6	1344049	1038075.1	1606548.5	1041822	920933.6	978261.3	583759.44	898567.25	1448532.8	918134	1532139	1034679.25	1988115.8	944538.4	816348.06	1010618.44
"sp|Q99829|CPNE1_HUMAN"	"HUMAN"	2814699.2	0	0	2394271	0	2175200.2	2595532.5	0	1698430.2	1138200.5	3630693.8	3438399.5	2491490.5	1182662.8	2620176	2017565.4	3287402.5	567375
"sp|Q99832|TCPH_HUMAN"	"HUMAN"	144184140	139381840	142434260	144211520	142388220	140293440	149009490	142055470	142251710	167223890	142468480	162754430	138720980	140401150	163865950	148686370	141867310	142302430
"sp|Q99848|EBP2_HUMAN"	"HUMAN"	13771706	12297402	15287216	15064072	15391407	15705644	14503171	15687277	12795931	16127662	16332337	14334003	19114466	16937884	18942828	19014192	16594740	13804103
"sp|Q99856|ARI3A_HUMAN"	"HUMAN"	962507.5	987027.8	946077.2	802187.1	925418.56	935516.25	817230.4	886744.1	1015577.1	893756.44	906539.2	807180.94	857945.44	966093.7	992366.6	861793.75	947955.6	940145.56
"sp|Q99871|HAUS7_HUMAN"	"HUMAN"	1483767.4	0	1430093.8	1824092.9	1747196.5	3290427	0	1479405.2	0	1006341.44	0	0	0	0	0	0	0	0
"sp|Q99873|ANM1_HUMAN"	"HUMAN"	21509622	20153572	21118958	19329744	20731474	19956658	21333966	21229800	20723540	20955536	22305438	21882286	22462178	22255298	21979332	19652232	21982722	22159382
"sp|Q99952|PTN18_HUMAN"	"HUMAN"	0	0	0	0	0	0	0	0	0	0	0	0	0	0	0	0	0	0
"sp|Q99961|SH3G1_HUMAN"	"HUMAN"	2970694.8	3570887.5	2948714	3645964	2850562.5	2886760	2853439.8	3896729.5	3215678.8	2594223.2	2089523.2	3219537	3987682.5	3122749.5	3806659.2	3286796.2	3258800.8	3136190.5
"sp|Q99986|VRK1_HUMAN"	"HUMAN"	6240752	8272924	4925200.5	7341440	4415170	6284505	7515057.5	5603452	6472690.5	5458716	5276554	3910049.2	4743727	5420027	4555617	6590303.5	4970271	6826603.5
"sp|Q99996|AKAP9_HUMAN"	"HUMAN"	0	0	0	0	0	0	0	0	0	0	0	0	0	0	0	0	0	0
"sp|Q9BPW8|NIPS1_HUMAN"	"HUMAN"	0	1593563.4	0	0	0	0	642377.8	0	0	0	1803538.4	1656885	1717862	1746405.1	1755786.4	1629666.9	1632144.8	0
"sp|Q9BPX3|CND3_HUMAN"	"HUMAN"	1142199.2	2087418	1936120.8	1396592	1126443.5	1302919	8606216	7862376	1385449.6	1559085.6	6484438	5109278	6173140	5469848	1152220.5	6338378.5	1359731.8	1206425.9
"sp|Q9BPX5|ARP5L_HUMAN"	"HUMAN"	520919.47	491635.16	499074.34	488005.6	479098.53	457666.34	478677.38	530648.2	471104.16	505850.7	505241.9	499197.97	471866.47	492518.7	483371.6	497515.8	487907.94	478073.22
"sp|Q9BPZ3|PAIP2_HUMAN"	"HUMAN"	1349344.2	446496.12	0	437669.28	358042.03	6863394	0	3694833	794657.8	472032.03	1609931.2	1190323.6	1866672.2	1900766.5	922715.6	816147.7	823793.4	1427845.2
"sp|Q9BQ15|SOSB1_HUMAN"	"HUMAN"	247389.36	0	0	0	0	0	0	0	0	0	0	0	0	0	0	0	0	1646068
"sp|Q9BQ39|DDX50_HUMAN"	"HUMAN"	182902.1	1196636.1	753441.1	662036.75	1249536.2	1110744.2	1081256.4	1246081.2	1152092.1	802634.9	799987.25	1380642.4	805889.7	1257535	1463800.2	1279989.6	777495.44	1844750
"sp|Q9BQ48|RM34_HUMAN"	"HUMAN"	0	0	0	0	0	0	0	0	0	0	0	0	112574.22	91638.58	0	0	0	0
"sp|Q9BQ52|RNZ2_HUMAN"	"HUMAN"	2349445.5	2267320.2	1525757.1	1772305	1991109.5	2930396.5	2189947.2	1456204.6	1844837.8	3509213	5464994.5	5336495	4472870.5	2962469	2712253.8	3969307.8	2189157	3904708
"sp|Q9BQ61|TRIR_HUMAN"	"HUMAN"	1485157.2	1329610	1821993.8	1410171.6	1303500.5	1412961.2	1162089	1511464.5	1926355.8	1134100.5	1073363.1	1391119.5	1373224.8	1351140.9	1521365.2	1251568.2	1415238.4	1422607.1
"sp|Q9BQ67|GRWD1_HUMAN"	"HUMAN"	30920124	31282494	33056286	33831852	33681530	33501752	31889462	31745152	33793210	31523406	33608896	32775932	31931846	32605934	31215366	31859078	31960280	41956920
"sp|Q9BQ69|MACD1_HUMAN"	"HUMAN"	661998.5	810152.5	349927.56	315539.97	653781.44	414894.88	484067.62	803259.94	445624.72	681866.5	712451.1	1244404.2	1105071.4	940850.3	1065626.2	1209747.9	740683.56	594412.8
"sp|Q9BQ75|CMS1_HUMAN"	"HUMAN"	0	0	0	0	173234.62	0	0	0	164879.19	234595.53	222821.23	186652.88	203048.39	220255.06	249165.3	252833.16	226155.62	0
"sp|Q9BQA1|MEP50_HUMAN"	"HUMAN"	13296503	14995525	16830416	14413621	14177696	16733286	16021861	13840826	14062640	14457552	15903682	18039782	17044264	15483634	16739168	15457739	15661868	15590761
"sp|Q9BQC3|DPH2_HUMAN"	"HUMAN"	311192.66	298495.72	574397.25	596873.75	363433.2	562394.7	292053.5	0	569941	268724	251798.45	246670.7	264417.88	279745.66	460427.75	281618	280676.47	238706.28
"sp|Q9BQC6|RT63_HUMAN"	"HUMAN"	0	790467.1	0	517995.16	0	0	488290.84	0	0	0	0	0	0	0	0	0	0	0
"sp|Q9BQE3|TBA1C_HUMAN"	"HUMAN"	801831900	808751550	823455100	796291840	791946700	818791600	798745300	808167000	815271500	844014200	832477700	830949200	836835800	836971700	835398340	848818700	848104100	837977100
"sp|Q9BQG0|MBB1A_HUMAN"	"HUMAN"	4552906.5	4852103.5	5468252	4161483.5	4961991.5	4208329	6299912.5	17447012	4149942.5	5042979.5	5541053	15441416	5303225	12888870	4399635.5	6128349.5	5423308.5	5121371.5
"sp|Q9BQG2|NUD12_HUMAN"	"HUMAN"	0	0	507794.03	59153.965	0	0	0	0	467386.94	0	0	308944.66	0	0	0	0	0	0
"sp|Q9BQP7|MGME1_HUMAN"	"HUMAN"	0	0	0	0	0	0	0	0	0	0	0	0	0	0	0	0	0	0
"sp|Q9BR76|COR1B_HUMAN"	"HUMAN"	4087424.5	4432083	3521804.8	2337840.8	2982273.5	3186744	2969513	5016569	1910292.2	3288345.5	3040723	2508393	4764930	3902025.8	2840905.8	3789845.8	2811657.8	3417446.5
"sp|Q9BRA2|TXD17_HUMAN"	"HUMAN"	6039535.5	6172695.5	5691232.5	6750858.5	6919327	6275319.5	5953572	6072296.5	6059526	6484870.5	6833776	7056557.5	6930934.5	6573770	6509050.5	6801964	6796290	7127974
"sp|Q9BRD0|BUD13_HUMAN"	"HUMAN"	831453.3	0	0	591868	0	0	0	590606.4	0	0	0	0	0	0	195135.1	0	0	0
"sp|Q9BRF8|CPPED_HUMAN"	"HUMAN"	452462.5	393767.28	440954.94	508966.62	440619.53	348767.2	421120.9	363871.03	381569.62	492483.7	470704.62	0	379026.8	358523.28	396315.7	378269.12	380897.22	532323.25
"sp|Q9BRG1|VPS25_HUMAN"	"HUMAN"	0	0	0	0	0	0	0	0	0	102019.766	0	0	0	111706.39	0	0	0	0
"sp|Q9BRJ2|RM45_HUMAN"	"HUMAN"	0	0	319579.8	340231	322587.47	360229.2	650769.6	315576.97	0	0	0	0	324975.25	0	0	0	0	0
"sp|Q9BRP1|PDD2L_HUMAN"	"HUMAN"	885776.5	777049.5	342727.03	813934.94	840726.75	343620.72	330038.8	342128.8	352564.7	346878.72	745435.5	730196	715355.1	673518.1	1044332.9	781871	797116.9	878378.75
"sp|Q9BRP4|PAAF1_HUMAN"	"HUMAN"	771743.2	0	0	0	0	0	1018808.44	0	0	604969.6	627185.44	0	0	537498.25	669507.9	667292.75	0	0
"sp|Q9BRP8|PYM1_HUMAN"	"HUMAN"	0	0	924327.44	245065.34	0	0	0	0	192499.56	0	0	0	0	0	0	0	0	0
"sp|Q9BRQ8|FSP1_HUMAN"	"HUMAN"	0	0	0	0	0	0	0	0	0	0	0	0	275868.84	0	0	0	0	0
"sp|Q9BRS2|RIOK1_HUMAN"	"HUMAN"	0	0	594174.4	1324984.9	1177748.1	0	1290249	1175887.8	0	1026017.06	1719673.9	609424.1	0	433374.44	836937.56	0	0	1644643.6
"sp|Q9BRT2|UQCC2_HUMAN"	"HUMAN"	291857.84	0	300380.25	412990.2	0	0	260393.38	240171.39	0	337294.3	0	329408.34	283793.16	192455.02	353384.34	285226.16	0	354728.88
"sp|Q9BRT3|MIEN1_HUMAN"	"HUMAN"	461540.4	521260.22	479676.78	427455.78	466424.44	520725.47	486527.62	494628.34	543186.25	524297.2	532992.1	551718.4	495073.34	481297	600633.5	574227.5	546054.56	480304.6
"sp|Q9BRT6|LLPH_HUMAN"	"HUMAN"	1172197.5	1401530.5	1365866.5	1386917.8	1614742.1	746072.6	1247059.5	1249245.8	538209.7	535737.7	541660.94	0	767345.25	491789.12	0	1834111.2	707433.8	0
"sp|Q9BRT9|SLD5_HUMAN"	"HUMAN"	290083.56	309831.62	271272.56	298758.5	0	299858.6	263305.56	234759.66	269319	65680.195	279158.84	314549.2	294246.2	284034.56	278776.22	301242.62	334380.97	228833.42
"sp|Q9BRX2|PELO_HUMAN"	"HUMAN"	420676.8	897593.5	597059.56	958014.1	924744.1	544748.5	634624.5	718730.9	0	393343.75	1033595.75	1337597.9	0	1027603.2	699476.06	0	1130986.9	1786110.5
"sp|Q9BRX5|PSF3_HUMAN"	"HUMAN"	422833.78	406014.84	433939.8	423098.53	389386.94	568896.25	284371.53	467289.03	233894.1	334188.4	444504.2	377641.3	424743.7	359874.25	279348.9	399072.06	624317.8	420869.53
"sp|Q9BRZ2|TRI56_HUMAN"	"HUMAN"	0	0	0	0	0	0	0	0	0	14096.101	0	0	0	0	0	0	0	0
"sp|Q9BS16|CENPK_HUMAN"	"HUMAN"	156347.14	0	0	0	0	0	0	0	154465.02	219305.72	125363.4	130256.96	0	0	136046.56	152971.92	24340.762	125498.336
"sp|Q9BS26|ERP44_HUMAN"	"HUMAN"	3055719.8	2966656	2328695.2	3821870.5	2684407	2120692	3387954.5	1378536.8	3038903.5	1697724.5	2813223.5	3213534	2669214.2	2744250.8	1662601.5	3275845.5	1619837.8	3120326
"sp|Q9BSC4|NOL10_HUMAN"	"HUMAN"	657075.7	691819.6	665878.56	710172.94	466447.16	432997.2	695172.6	748465.7	4359405.5	688567	1612473.4	2811709.5	2924336	456628.6	689086.06	501334.94	469493.12	810339.3
"sp|Q9BSD7|NTPCR_HUMAN"	"HUMAN"	0	0	0	0	0	0	401840.16	408352.94	0	313916.3	1171210.8	1160619.1	1193297.5	863483.4	777588.6	430363.8	1124330	118547.36
"sp|Q9BSF4|TIM29_HUMAN"	"HUMAN"	0	0	0	277074.1	0	0	0	0	0	0	0	0	0	0	0	0	0	0
"sp|Q9BSH4|TACO1_HUMAN"	"HUMAN"	0	433552.1	0	0	0	383209.1	0	530894.6	543319.56	324853.1	0	472929.22	0	0	0	0	0	0
"sp|Q9BSJ2|GCP2_HUMAN"	"HUMAN"	139210.05	0	139024.12	1074963.4	1219401.6	146397.17	892080.9	133945.42	1103482.2	891549.5	156669.03	861687.5	892258.94	708770	166063.88	925970.1	832239.94	748073.9
"sp|Q9BSJ8|ESYT1_HUMAN"	"HUMAN"	5406485	7232595.5	4602143.5	6265517	5774666.5	6016780.5	5737047.5	4897236.5	4498261	5219154.5	5418017.5	5038716.5	5075570	4926658	4111539.2	3938611.8	4265340	5444191
"sp|Q9BSL1|UBAC1_HUMAN"	"HUMAN"	8698217	8891462	9189261	10092395	9298906	8459422	7854910.5	8758190	10108032	9132118	8311630.5	9936467	10323793	9386879	9539624	10289872	9791993	10099543
"sp|Q9BSR8|YIPF4_HUMAN"	"HUMAN"	0	0	0	0	0	0	0	0	0	0	0	0	0	0	0	0	0	0
"sp|Q9BSV6|SEN34_HUMAN"	"HUMAN"	245840.77	0	0	0	0	0	0	201722.03	198096.14	154901.53	0	203358.1	0	0	184762.03	167107.19	0	0
"sp|Q9BSY4|CHCH5_HUMAN"	"HUMAN"	0	0	0	0	0	0	0	0	0	0	0	0	0	0	0	0	0	0
"sp|Q9BT09|CNPY3_HUMAN"	"HUMAN"	736189.8	667199.6	593619.06	729244.5	618817.6	0	928008.1	680903.56	619644	0	0	0	0	0	0	415731.1	473770.6	0
"sp|Q9BT25|HAUS8_HUMAN"	"HUMAN"	0	0	0	0	0	0	0	0	0	0	0	0	0	0	0	0	0	0
"sp|Q9BT73|PSMG3_HUMAN"	"HUMAN"	267430.44	502054.56	503805	296894.88	235913.4	374719.5	397440.34	0	445728.25	345170.75	471672.3	419272.4	453774.16	448731.03	422192.06	384375.16	379481.72	419830.75
"sp|Q9BT78|CSN4_HUMAN"	"HUMAN"	6223920.5	5254887.5	7013742	5759101.5	5238066.5	6361161	5579517	5421049.5	5718358	7633485.5	6048934.5	7675390	6220898	5433001	5722388	5651484.5	5522005	6315885
"sp|Q9BTA9|WAC_HUMAN"	"HUMAN"	4590050	3853435.8	4934526.5	3932069.2	3262434	4106016.2	4454098.5	4024974	4141950	2044110.2	1940388.5	2205943	2287549.2	2209195	2276113.5	2383385	1733424	2535615
"sp|Q9BTC8|MTA3_HUMAN"	"HUMAN"	0	0	0	0	0	0	0	0	0	0	0	0	0	0	0	0	0	0
"sp|Q9BTD8|RBM42_HUMAN"	"HUMAN"	467127.1	431269.16	450343.7	414691.53	411452.25	340939.75	487000.66	415813.62	399916.84	373027.16	389857.28	438639.7	479048.94	429800.72	402650.1	438991.06	420770.56	425608.22
"sp|Q9BTE1|DCTN5_HUMAN"	"HUMAN"	0	0	0	0	0	0	0	0	0	0	0	66192.766	266680.88	0	0	0	0	0
"sp|Q9BTE3|MCMBP_HUMAN"	"HUMAN"	1507110.8	295833.62	1483784	1444818.2	334001.94	1652789.6	1423228	1483290.6	1488194.2	1554263.2	1868968.5	1719727	1694373	1182003.9	1741133	1651012.2	1647409.1	229723.3
"sp|Q9BTE6|AASD1_HUMAN"	"HUMAN"	0	0	810905.6	1255368.8	0	606666.1	0	0	0	0	0	0	0	0	0	0	0	0
"sp|Q9BTE7|DCNL5_HUMAN"	"HUMAN"	150815.88	0	165413.38	0	145849.22	147295.33	0	0	0	167048.97	159034.64	0	171497.69	0	134316.4	179708.84	152976.36	0
"sp|Q9BTM9|URM1_HUMAN"	"HUMAN"	1811863.5	1495174.9	1363213.5	1513526	1583575.4	1487158.8	1560601	1669026.5	1454903	1720608.2	1796596.6	1597799.8	1752599	1521839.4	1583409.8	1891987.5	1761236.6	1629293.1
"sp|Q9BTT0|AN32E_HUMAN"	"HUMAN"	22102154	19913286	21795316	19355606	20477954	22676698	20869014	20571528	21520590	23557750	20641288	21598158	20840750	20390358	23205678	21557326	21048654	20305078
"sp|Q9BTW9|TBCD_HUMAN"	"HUMAN"	2950145.2	476178.1	1601399.8	1066491.8	0	4078823.5	1923872.5	2101461.2	266202.6	288221.44	540667.5	1062873	414611	2684913	1487129.8	720215.94	586420.75	595962.75
"sp|Q9BTY7|HGH1_HUMAN"	"HUMAN"	2350449.2	2056653.9	2480672.5	1192953.9	2668240	2265015	2347147.5	2448173.8	2029581.6	2164631.8	2181884.5	1890576.5	2543824.2	2514349.8	2966056.2	1751370.2	1558935.1	2713186.2
"sp|Q9BU61|NDUF3_HUMAN"	"HUMAN"	0	775635.06	718470.56	677799.56	654441.94	697453.56	762537.44	851482.75	736807.7	484470.03	0	349847.16	470911.62	820573	0	0	509080.8	644279.9
"sp|Q9BU76|MMTA2_HUMAN"	"HUMAN"	0	0	0	0	0	0	0	0	0	0	94874.414	0	0	125848.164	0	0	0	106636.01
"sp|Q9BU89|DOHH_HUMAN"	"HUMAN"	1973409.8	1357511.6	2449870.8	1413775.9	1430987.5	1359579.5	1401006.2	1440635.5	1680739.6	2086576.4	2184314	2427478.2	2023922.2	2079467.5	2597639.2	2495972.8	1495175.5	1965505.9
"sp|Q9BUB5|MKNK1_HUMAN"	"HUMAN"	476805.6	402960.56	440574.8	429269.28	431335.66	417618.53	366498.34	371286.47	0	256131.16	252550.16	233876.62	0	238895.44	248177.3	0	0	230389.02
"sp|Q9BUF5|TBB6_HUMAN"	"HUMAN"	15012700	16028051	14551161	17177702	14969561	14636480	18290594	14892742	16721138	19052686	14849740	16239405	16870568	18060070	16993218	68875256	16603289	18118152
"sp|Q9BUJ2|HNRL1_HUMAN"	"HUMAN"	12173348	10806761	11999825	10133563	9834486	19969504	10792016	12325906	11191434	17655356	12182990	12600643	11788608	17822926	17371136	15988562	10885520	17440638
"sp|Q9BUL8|PDC10_HUMAN"	"HUMAN"	4546903.5	4266664	4159514.5	3674506.8	5531235	4643223.5	4514134.5	3708635	4143713	3904466.8	4522435	4385294	4003032.5	3757241	4631930.5	3891071	4319361	3626369.5
"sp|Q9BUP3|HTAI2_HUMAN"	"HUMAN"	0	0	0	0	0	0	0	0	0	0	0	0	0	0	0	0	0	2589179.8
"sp|Q9BUQ8|DDX23_HUMAN"	"HUMAN"	7890286	6880957.5	6649667.5	7893914	10163198	8767054	10381740	6531805	9918637	9156740	10388286	10439524	10233441	12043092	8200759.5	12372382	9931958	12520639
"sp|Q9BUR5|MIC26_HUMAN"	"HUMAN"	0	0	284566.22	0	118063.23	0	0	352930.16	183076.53	0	0	386699.2	500837.5	456515.97	369235.66	441159.78	192324.05	0
"sp|Q9BUT9|MCRI2_HUMAN"	"HUMAN"	0	0	0	0	0	0	0	0	0	0	0	0	0	0	0	0	0	0
"sp|Q9BV20|MTNA_HUMAN"	"HUMAN"	1426036.2	1299706.8	1648830	1727970.1	1793452.6	1418039	1941549.9	2093336	1574524	1874434	1626608.8	2316613.2	1666831.8	1762974.6	2150499.8	2336027	1536764.5	2056977.8
"sp|Q9BV38|WDR18_HUMAN"	"HUMAN"	2437113.8	4516163	3579665	3041982.2	2925196	3560118	2016039.5	2215482	3152568.5	2832716.2	4501661.5	3470537.5	4279321.5	3321788.8	2549079.8	4618261.5	5148973	3789781.8
"sp|Q9BV40|VAMP8_HUMAN"	"HUMAN"	2060785.5	934572.56	2170354.2	2196604.5	1390466.5	2322345.2	2376872.5	1779234	2259990.2	2379233	2295327.2	2311874.2	2304077.8	2234921	2325154.2	2307144.8	2546766.8	2492933.5
"sp|Q9BV44|THUM3_HUMAN"	"HUMAN"	665696.2	921854	192091.44	575015.06	1185178.9	489872.25	230909.27	0	656564.2	584712.94	841778.25	1188899	1342453.9	559021	891961.8	975456	436448.62	1106250.4
"sp|Q9BV57|MTND_HUMAN"	"HUMAN"	1711754.5	1469184.8	266430.9	1579766.9	1265834.4	300500	1605454.8	1758643.6	1734857.5	262619.5	1851312.5	1848385.8	1349748.9	2012436.2	1580247.1	1775897.9	401199.25	1974834.8
"sp|Q9BV68|RN126_HUMAN"	"HUMAN"	0	0	0	0	0	0	0	0	0	0	0	0	0	0	0	0	0	0
"sp|Q9BV86|NTM1A_HUMAN"	"HUMAN"	853758.4	1019702	1536663.2	1648323	1191128	1402604.5	569150.94	566338.25	1876385.8	2366454.5	2296045.8	2265015.8	1879385	2223010.5	1746739.2	1255093.6	2202859	1646958.9
"sp|Q9BVC3|DCC1_HUMAN"	"HUMAN"	0	0	0	0	0	0	0	0	0	0	0	0	0	0	0	0	0	0
"sp|Q9BVC4|LST8_HUMAN"	"HUMAN"	0	0	0	0	0	0	0	0	0	0	0	0	0	0	0	0	0	0
"sp|Q9BVC5|ASHWN_HUMAN"	"HUMAN"	0	0	0	0	0	0	0	0	0	0	0	0	0	278360	0	360245.28	0	0
"sp|Q9BVG4|PBDC1_HUMAN"	"HUMAN"	0	0	0	0	0	0	0	0	0	545009.94	8922.99	0	453249.3	440063.56	0	0	0	0
"sp|Q9BVI4|NOC4L_HUMAN"	"HUMAN"	1394528.6	1488823.8	1371399.8	1382924.9	2664927.2	1804690.2	1384708.2	3724308.8	1331516.5	1511473.2	3430226.8	2266853.8	3304066	1972824	3011464.5	3293275	2517314.8	3619360
"sp|Q9BVJ6|UT14A_HUMAN"	"HUMAN"	13805947	8218901.5	12004001	12607742	12175913	12350483	10639427	13865489	12335315	12750554	12074503	17562392	7408020	11405332	15958946	8808359	11812433	12911333
"sp|Q9BVJ7|DUS23_HUMAN"	"HUMAN"	0	0	0	0	0	0	0	0	0	572359.7	0	0	0	0	0	0	0	0
"sp|Q9BVL2|NUP58_HUMAN"	"HUMAN"	517191.7	688181.7	996062.4	624686.94	1000195.25	725813.1	625363.06	1119350.2	713600.2	706153.56	1047533.7	1139541.2	1369855	791861.4	893744.8	886769.75	894836.7	1015150.44
"sp|Q9BVL4|SELO_HUMAN"	"HUMAN"	0	0	0	0	0	0	0	0	0	0	0	0	0	0	0	0	0	0
"sp|Q9BVP2|GNL3_HUMAN"	"HUMAN"	9138772	9101492	9779823	10044074	11024783	8691228	9696826	11501437	10475560	11954253	11413810	10515175	11929415	10411133	12756028	13032564	8897313	11667441
"sp|Q9BVQ7|AFG2B_HUMAN"	"HUMAN"	0	127254.66	359180.47	0	0	116901.89	147494.42	0	0	129350.94	145383.94	0	0	127201.88	142484.56	160115.2	0	0
"sp|Q9BVS4|RIOK2_HUMAN"	"HUMAN"	1112978.1	596686.8	1559520.8	1034347.6	787715.9	974411.9	1425792.1	1091734.4	1233397.4	1494431.2	1113692.2	1184391.8	764976.06	702714.8	1074480.4	938752.7	1020421	1053358.8
"sp|Q9BW19|KIFC1_HUMAN"	"HUMAN"	0	0	0	0	0	0	0	0	0	54540030	0	0	0	0	0	0	0	0
"sp|Q9BW27|NUP85_HUMAN"	"HUMAN"	4684826	6310673.5	6148993	5651909.5	4709759	5404138	3008453.5	5259580	5839002.5	7969413	6319576.5	6357006	6303952	7679949	5438833.5	6489127.5	6803431	6802784
"sp|Q9BW61|DDA1_HUMAN"	"HUMAN"	0	0	0	0	0	0	0	0	0	0	0	0	0	0	0	0	0	0
"sp|Q9BW66|CINP_HUMAN"	"HUMAN"	0	0	0	0	0	0	0	0	0	0	0	0	0	0	0	0	0	0
"sp|Q9BW72|HIG2A_HUMAN"	"HUMAN"	1248517.8	1167854.1	1013222.1	1250703.2	1012998.6	1185127.2	1014169.7	1045194.2	996027.94	1201919	1036617.94	1013321.75	1208801.5	1144377.2	991807.7	1059199.5	1108150	1185706.1
"sp|Q9BW85|YJU2_HUMAN"	"HUMAN"	0	0	0	0	0	1171313	1103076.8	0	0	0	645102.4	834576.25	400156.22	713804.4	1804838.2	0	282263.72	0
"sp|Q9BW91|NUDT9_HUMAN"	"HUMAN"	0	0	0	0	0	0	0	0	0	0	0	0	0	0	0	0	0	0
"sp|Q9BW92|SYTM_HUMAN"	"HUMAN"	1006552.7	0	915817.44	1139340.8	0	1489200	0	1301184.5	1116736.2	1537955.4	0	972496.1	1245276.6	1340648.1	1054541.8	1093993.8	0	1570847
"sp|Q9BWD1|THIC_HUMAN"	"HUMAN"	29237316	29475812	29868106	29867276	30636398	29625648	29976050	30543994	29023382	30264350	30562032	30058532	29652978	30268166	29890590	30175720	30287046	30074016
"sp|Q9BWE0|REPI1_HUMAN"	"HUMAN"	0	0	0	0	0	0	0	0	0	0	821653.4	0	0	0	0	0	0	0
"sp|Q9BWF3|RBM4_HUMAN"	"HUMAN"	11357509	10100998	11540908	10880654	14325539	12228272	13449025	8732973	10970680	14427861	12650129	12601486	15059250	14627572	13925823	14516956	12982013	13599479
"sp|Q9BWG4|SSBP4_HUMAN"	"HUMAN"	0	0	0	0	0	0	0	0	0	0	17959.172	0	0	0	0	0	0	0
"sp|Q9BWH2|FUND2_HUMAN"	"HUMAN"	555505.6	712521.06	0	0	0	0	0	0	0	1408713.1	0	0	0	212776.27	0	1099313.4	817725.94	0
"sp|Q9BWJ5|SF3B5_HUMAN"	"HUMAN"	2064914.8	2316601.8	2386835.2	1997768.5	2131624	2027420.4	2497019.2	2284836	2144225.8	2171762	2509335.2	2683301.8	2576642.5	2578125.8	2182735.5	2082880.1	2435743.5	2626489
"sp|Q9BWU0|NADAP_HUMAN"	"HUMAN"	0	0	0	1120104.8	0	885484.4	0	758850.3	0	1092424.1	1364412.6	1326633	1345597.6	1365848.5	1112296.1	0	0	901150.44
"sp|Q9BWW4|SSBP3_HUMAN"	"HUMAN"	29654.162	27543.223	202587.44	21699.598	52513.777	649260.8	46213.383	45551.51	254986.9	509275.47	781626.7	1133405.1	660361.25	1104499.9	949480.1	736101.94	611354.9	1553480.8
"sp|Q9BX68|HINT2_HUMAN"	"HUMAN"	5685639.5	4829840.5	5526277.5	4542623	5094361	5489321.5	4320733	4405296.5	4479411	633014.44	685365.4	700970.25	703183.25	709965.25	690039	695923.44	652683.25	631295.44
"sp|Q9BXJ9|NAA15_HUMAN"	"HUMAN"	7710887.5	9363032	9981108	11024034	8913048	9602097	10709676	11925953	11314071	17448404	19577076	16332559	17866772	15528976	15792448	14005131	15579650	13640889
"sp|Q9BXK5|B2L13_HUMAN"	"HUMAN"	882809.1	167748.11	857065.3	879264.25	689233.25	771426.9	776561.75	902912.06	812446.6	863253.44	520907.7	610856.56	781522	804973.5	716195.5	802279.06	843408.1	866238.3
"sp|Q9BXL5|HEMGN_HUMAN"	"HUMAN"	20413938	16958180	17679210	19167866	20026800	20914278	22549412	19908576	18602544	13787827	16080850	17084394	18991560	18894784	16636572	16478636	14889038	18310538
"sp|Q9BXP5|SRRT_HUMAN"	"HUMAN"	20461040	19840592	21255622	18053752	22101048	19711960	21516852	21274722	19602090	20929392	25164550	18461548	18139338	20661190	22209252	18883920	18160994	17954628
"sp|Q9BXR0|TGT_HUMAN"	"HUMAN"	0	0	0	0	0	0	0	0	244063.75	0	0	0	0	0	0	0	0	0
"sp|Q9BXS5|AP1M1_HUMAN"	"HUMAN"	689541.2	491755.1	671042.1	921371.94	0	596110.56	0	793442.25	847142.7	471712.12	802282.25	622051.9	663255.56	508321.88	0	932502.9	689095.2	646573.56
"sp|Q9BXV9|GON7_HUMAN"	"HUMAN"	1347601.2	724666	1195856	969947.94	666803.06	1200589.5	984399.6	1577527.5	1084722.6	1127922	1842124.5	636131.44	1482233.8	1250110.2	1419723.9	1295769.8	1399526.2	661039.6
"sp|Q9BXW7|HDHD5_HUMAN"	"HUMAN"	0	0	0	236932.64	227271.44	0	252727.7	204627.12	285451	385955.2	350702.53	323594.56	0	539319.6	508449.38	255741.33	568968.56	0
"sp|Q9BXW9|FACD2_HUMAN"	"HUMAN"	165724.6	158985.6	0	0	0	0	164249.38	0	0	1402690.9	513436.7	1371994.2	64194.105	140656.78	1489273.5	202634.92	1197804.6	1549521.6
"sp|Q9BXY0|MAK16_HUMAN"	"HUMAN"	1973564.4	4308709	2433844.2	2270671.5	2368795.5	2174460	3010705.2	2058056.5	2243159	2272104.8	4301255	2481565.2	4212539	3715807.2	3008274.5	2966544.2	2687244.5	2255930.5
"sp|Q9BY32|ITPA_HUMAN"	"HUMAN"	478779.38	967753.75	530627.2	989440.06	1751272.5	877438.9	385343.38	619696.56	1068853.5	1654791.5	952721.4	2049807.5	1255201.8	2327003.8	3163802.2	1792682.8	1649788.8	2521454
"sp|Q9BY42|RTF2_HUMAN"	"HUMAN"	414100	384318.47	383379.25	362868.22	337977.94	261364.86	0	315617.3	407753.56	308039.62	297896.88	249756.67	227800.89	301096.5	244793.69	356925.38	0	314722.84
"sp|Q9BY43|CHM4A_HUMAN"	"HUMAN"	472370.56	691852.5	458752.72	1407173.8	1402988	446666.9	1977181	1270755.2	963565	941324.5	587305.4	2597346.8	1225066.2	773767.06	3776613.2	1283511	3765283.2	2863396.5
"sp|Q9BY44|EIF2A_HUMAN"	"HUMAN"	5153413	5105120.5	5264042.5	4067317.5	5638505.5	3750168.8	5157087	5526171.5	5325998.5	7797196	8159172	7343516.5	6084403	6785766	5244635.5	5955734	7918192	6708336.5
"sp|Q9BY77|PDIP3_HUMAN"	"HUMAN"	1058629.8	859534.2	842987.3	0	0	837266.1	1215048.4	701990.25	778019.7	735247.56	1069714.2	1191179.5	979262.1	1100883.5	794038.1	934743.2	1239964.1	1081311.5
"sp|Q9BYB4|GNB1L_HUMAN"	"HUMAN"	0	0	449362.94	0	0	440463.9	446764.8	385598.56	0	480548.12	454297.16	481614.44	470832.47	458967.03	431826.72	488861.72	402129.28	488990.9
"sp|Q9BYC9|RM20_HUMAN"	"HUMAN"	0	0	0	0	0	112249.21	0	0	289959.25	0	0	0	0	0	0	0	0	0
"sp|Q9BYD2|RM09_HUMAN"	"HUMAN"	144150.39	0	0	0	0	0	138991.2	0	0	144747.83	0	0	128653.41	126484.625	0	0	0	0
"sp|Q9BYD3|RM04_HUMAN"	"HUMAN"	734554.4	636948.4	819824.5	424669.25	0	0	372718.9	364531.78	335459.72	758661.8	0	780239.25	428933	274573.75	250268.89	1227482.9	267703.97	928064.6
"sp|Q9BYD6|RM01_HUMAN"	"HUMAN"	338021.4	860355.5	909862.75	838362.2	305876.75	1584093.5	871557.44	1260652.5	1235212.2	609845.3	1355712.5	173335.64	437898.88	43589.168	1555620	1658093.2	580653.9	1142223.8
"sp|Q9BYE7|PCGF6_HUMAN"	"HUMAN"	0	0	0	0	0	0	0	0	0	0	0	0	0	0	0	0	0	0
"sp|Q9BYG3|MK67I_HUMAN"	"HUMAN"	1860323.8	951524.44	1912850.5	2333684	2774937.5	2368248.5	2244398.2	3199366.8	1792819.5	2936051.5	2992208.2	2844099.5	3472872	2813975.5	2248907	2331424.5	2459749.5	2162238
"sp|Q9BYJ9|YTHD1_HUMAN"	"HUMAN"	408313.3	0	240717.31	329644.06	239097.58	0	171707.36	0	240767.89	346231.72	414869.66	409350.47	236021.95	286413	214785.64	321089.06	378358.25	375352.06
"sp|Q9BYN8|RT26_HUMAN"	"HUMAN"	3053712.5	3114136.2	2845122.8	3059856.8	2580405.2	3685399	2182630.2	3210304.5	2679739	2798231	2420176	2562821	2846398.5	2614787.5	3417289.5	2453856.8	2235939.2	2852152
"sp|Q9BYT8|NEUL_HUMAN"	"HUMAN"	1496837.8	1030166.56	784863.5	958034.1	843678.4	863184.7	955134	797895.9	768404.7	1419553.4	1317353.5	919105	1073870.9	1166363.8	889890.7	1239086	1130404.8	1209478.4
"sp|Q9BYX7|ACTBM_HUMAN"	"HUMAN"	0	0	0	0	0	0	0	0	0	0	0	0	0	0	0	0	0	0
"sp|Q9BZD4|NUF2_HUMAN"	"HUMAN"	0	1301980.9	0	0	0	0	0	0	0	0	0	0	0	0	0	805306.94	0	0
"sp|Q9BZE1|RM37_HUMAN"	"HUMAN"	383595.22	655969.8	0	859787.4	423214.4	883829.5	482515.38	694645.75	676657.06	475896.4	0	413914.2	438445.94	0	493798.53	418711.84	0	460900.88
"sp|Q9BZE4|GTPB4_HUMAN"	"HUMAN"	1134555.9	1300305.9	1023027.7	1033097.1	1525820	1025207.6	1070928.5	1367638.5	0	1991790.8	1647155.9	1335946.1	875636.4	1368387.6	421607.75	526295.25	1653025	1223529.8
"sp|Q9BZE9|ASPC1_HUMAN"	"HUMAN"	0	0	0	0	0	0	0	0	0	0	0	0	0	0	0	0	0	0
"sp|Q9BZG8|DPH1_HUMAN"	"HUMAN"	0	0	0	0	0	0	0	0	0	0	0	0	0	0	0	0	0	0
"sp|Q9BZI7|REN3B_HUMAN"	"HUMAN"	0	0	0	0	0	0	0	0	21708.385	0	94152.01	0	82268.516	0	0	115961.02	0	121052.31
"sp|Q9BZJ0|CRNL1_HUMAN"	"HUMAN"	0	0	0	466027.28	0	399346.12	0	0	236244.86	471059.38	0	230330.78	0	0	224891.5	192431.97	0	0
"sp|Q9BZK7|TBL1R_HUMAN"	"HUMAN"	627514.6	1162068.2	1059339.8	1122240.2	943934.5	707212.5	1431764	1108533.8	751038.75	2534192	2699616.2	2717191	1908832.4	2345563.5	1995293.2	1937903.2	2251214.2	2273652.5
"sp|Q9BZL1|UBL5_HUMAN"	"HUMAN"	1026677.75	805705.44	678783	1184213.5	994847.44	1099992.4	671632.06	1069674	683025.4	1166560	964551.75	1100699.1	1093283.4	1062573	972876.5	939030.25	983007.1	1180202.4
"sp|Q9BZQ8|NIBA1_HUMAN"	"HUMAN"	239307.72	0	0	0	0	269353.34	0	0	0	313765.5	302700.88	330069.2	360774.28	319598.22	0	0	335366.22	0
"sp|Q9BZV1|UBXN6_HUMAN"	"HUMAN"	0	0	0	0	0	0	0	0	0	0	0	0	0	0	0	0	0	0
"sp|Q9BZX2|UCK2_HUMAN"	"HUMAN"	2695674.2	2772665	3123798.8	1649972	2775066	2588764	2556760.5	1637509	3178416.5	3454124.2	2937972	3349651	1836756.8	3499507	1654643	3814788.5	3926517.8	3542376.2
"sp|Q9BZZ5|API5_HUMAN"	"HUMAN"	14269031	10367750	15310607	12630300	10614774	15685889	10205445	14586522	10904368	19191708	16819044	17669616	18845210	16427538	14130462	17192524	16928252	13810808
"sp|Q9C005|DPY30_HUMAN"	"HUMAN"	0	0	0	0	0	0	0	0	0	957841.44	1062978.6	2417140.5	2317960.2	997531.56	1382397.6	975035.6	2370598.8	1336190.4
"sp|Q9C0B7|TNG6_HUMAN"	"HUMAN"	0	0	156353.48	0	0	0	0	0	0	0	0	0	0	0	0	0	0	0
"sp|Q9C0C2|TB182_HUMAN"	"HUMAN"	0	0	0	0	0	0	0	0	0	0	0	0	0	0	0	0	0	0
"sp|Q9C0C9|UBE2O_HUMAN"	"HUMAN"	1869522.1	2675090.5	875256.94	988399.56	932362.6	795767	925335.1	1740652.6	966222.9	899594.4	928751.8	1005328.75	568724	876609.7	1043217.06	1043623.8	917270.56	900020.44
"sp|Q9C0E2|XPO4_HUMAN"	"HUMAN"	467475.06	521649.3	0	180357.81	184398.83	0	169613.39	0	0	219020.64	292190.75	257205.6	347275.94	0	488677.4	0	0	515096.56
"sp|Q9C0F1|CEP44_HUMAN"	"HUMAN"	0	0	0	0	0	947191.06	0	0	0	0	0	0	0	0	1104990.6	1043875.44	0	0
"sp|Q9C0J8|WDR33_HUMAN"	"HUMAN"	1021022.06	78404.48	1263966.4	1146651.8	1181588.1	1360568	2812337.5	1325403.5	1302107.5	1418634.9	2110180.8	25388.152	1514269.6	490485.44	761640.3	1322896.8	443509.9	871854.75
"sp|Q9GZL7|WDR12_HUMAN"	"HUMAN"	11209455	9486218	11490647	10648133	11106285	12194994	10511991	10449749	12618478	12824404	14049935	13614971	13560093	14100763	12959514	13455094	14148116	13761154
"sp|Q9GZM5|YIPF3_HUMAN"	"HUMAN"	217918.34	0	0	0	0	0	0	0	0	0	0	0	0	0	0	0	0	0
"sp|Q9GZM8|NDEL1_HUMAN"	"HUMAN"	1191103.4	148444.88	743412.6	902293.8	127305.07	1123557.6	138018.61	142756.7	798070.06	134635.67	129332.87	135215.27	142779.38	135921.81	141019.38	145342.47	145928.61	124248.11
"sp|Q9GZN8|ADSSP_HUMAN"	"HUMAN"	599958.6	538371.8	577962.94	582980.6	550099.9	542226.4	534637.94	571627.3	574456.6	497113.72	596207	568411.9	557220.94	597827.7	560271.6	539954.6	559394.75	526303.1
"sp|Q9GZP4|PITH1_HUMAN"	"HUMAN"	2492559	3288704.5	4122315	1888963.2	2397637.5	3670777	3165103.8	3054057.2	3885453.8	4971303.5	4637301.5	4328806.5	4785602	4192442.2	4562293	3626246	4595770	4718616.5
"sp|Q9GZR2|REXO4_HUMAN"	"HUMAN"	0	0	0	0	0	0	0	0	0	0	334233.2	325232.56	337122.53	289396.25	281211.22	321945.47	317691.16	306666.16
"sp|Q9GZR7|DDX24_HUMAN"	"HUMAN"	0	0	0	0	0	0	0	654309.2	0	609637	743699.25	0	631249.7	641976.75	738491	635171.5	634148.8	0
"sp|Q9GZS1|RPA49_HUMAN"	"HUMAN"	0	0	0	376682.4	93752.14	0	48148.48	0	163454.06	0	328417.34	0	0	104669.8	0	0	0	0
"sp|Q9GZS3|SKI8_HUMAN"	"HUMAN"	2032684.1	3531317	1740969.8	3030916.2	3344537	2646740.2	3377987.8	2988162	1519033.6	4991108	2926946.2	3900159.2	4598586	4611279.5	3210005.8	5723147	7636298.5	7438982.5
"sp|Q9GZT3|SLIRP_HUMAN"	"HUMAN"	10142096	11505428	9297393	9519026	10719372	10005993	12022382	7018419.5	10001859	11334488	12896767	11756606	12792272	12220696	9852996	11768070	11746369	12298404
"sp|Q9GZT8|NIF3L_HUMAN"	"HUMAN"	677457.5	688093.06	601524.8	652149.1	591949.2	611057.8	685879	650819.06	565274.94	587002.25	581291.7	547817.6	580819.1	573378.1	528823.56	554063.2	598960	555661.6
"sp|Q9GZU8|PIP30_HUMAN"	"HUMAN"	1343535.6	1559229.2	1267804	1313486	1392648.5	674634.6	612590.9	1421082.5	674072.94	1423329	710403.7	1397960.2	1308833.1	1414666.5	1473256	1724160.5	1554644.1	683910.25
"sp|Q9GZY8|MFF_HUMAN"	"HUMAN"	0	0	0	379251.47	0	0	0	0	260562.8	0	171805.97	0	0	0	0	0	0	0
"sp|Q9GZZ1|NAA50_HUMAN"	"HUMAN"	5448273	5889421	5763970	5569942.5	7083627.5	5740251.5	6297147	6766390.5	6294392.5	7883356.5	7719233	8476516	7551259	7798789	7449995	8245051.5	8644890	7986978
"sp|Q9GZZ9|UBA5_HUMAN"	"HUMAN"	847596.5	732420.06	904543	317756.44	713077.5	903222.75	941977	552255.1	507158.62	1037707.4	1275940.4	979283.25	1022537.25	977284.75	994269.75	360883.22	1049424.1	312410.66
"sp|Q9H000|MKRN2_HUMAN"	"HUMAN"	423097.4	0	459106.6	225227.44	479592.16	602275.94	0	507281.84	519588.03	565481.44	827092.25	764775.8	359784.78	744650.25	275132.5	649204.06	826102.25	383632.62
"sp|Q9H074|PAIP1_HUMAN"	"HUMAN"	3339247.2	2389484.5	3448317	2082949.5	3896397.2	3354899.5	3271969	3303681.2	2624692	4244459.5	4170416.5	3889432.2	3360289.8	3942749	2995983.5	2616066	3983188	3975602.8
"sp|Q9H078|CLPB_HUMAN"	"HUMAN"	245179.55	0	0	0	0	281478.78	0	0	246061.56	397885.47	567248.1	1292729	460756.62	494074.94	734779.4	381263.78	1369135.4	398305.88
"sp|Q9H089|LSG1_HUMAN"	"HUMAN"	0	0	81746.69	0	0	0	0	0	0	0	0	103930.63	0	0	0	0	0	0
"sp|Q9H0A0|NAT10_HUMAN"	"HUMAN"	8373133.5	4992526	7562881	7583568	6186077	9660070	8922586	4818990	4118223.2	10019160	9187474	9361332	9790731	10004063	10072495	7982504.5	6172044.5	9714492
"sp|Q9H0C8|ILKAP_HUMAN"	"HUMAN"	711600.5	0	583551.25	1027843.75	926207.2	754514.06	740902.3	616191.75	771647.7	518256.66	926051.1	896582.25	766054.6	690291	689437.1	689752.3	712712.7	824578.9
"sp|Q9H0D6|XRN2_HUMAN"	"HUMAN"	4760839	5482366	4895696.5	3369340.5	5333064	3923397	3644115.5	4355528.5	5695012	5455277	5011858.5	4495469.5	2731035	4876548	5715726	5069023	5161797.5	5387378
"sp|Q9H0E9|BRD8_HUMAN"	"HUMAN"	0	0	0	0	0	0	214600.17	2433319.8	0	0	0	0	0	0	0	194773.16	0	0
"sp|Q9H0G5|NSRP1_HUMAN"	"HUMAN"	0	0	0	0	0	0	0	0	0	0	0	0	0	0	0	0	0	0
"sp|Q9H0H0|INT2_HUMAN"	"HUMAN"	0	0	0	0	0	0	0	0	0	83360.09	0	0	98661.086	0	84719.47	0	0	78769.164
"sp|Q9H0H5|RGAP1_HUMAN"	"HUMAN"	1189685.9	0	0	503399.9	464459.97	0	565035.56	0	0	0	494735.56	0	0	0	0	0	0	528537.3
"sp|Q9H0L4|CSTFT_HUMAN"	"HUMAN"	0	0	0	0	0	0	0	0	0	587169.2	333386.2	0	0	0	0	304476.47	0	0
"sp|Q9H0P0|5NT3A_HUMAN"	"HUMAN"	0	0	0	0	0	0	0	0	1364868.2	1383234.5	0	0	1147193.1	932327.3	502405.16	1588487.8	0	1181050
"sp|Q9H0Q0|CYRIA_HUMAN"	"HUMAN"	0	0	0	0	0	0	0	0	0	0	0	0	0	0	0	0	0	0
"sp|Q9H0R4|HDHD2_HUMAN"	"HUMAN"	0	0	0	0	0	0	0	0	0	0	0	20630.166	0	0	0	0	0	0
"sp|Q9H0S4|DDX47_HUMAN"	"HUMAN"	3300796.5	2083089.9	716798.6	2650638.5	1926951	1448870.5	676739.9	1097632.5	2016948.2	817703.9	2756091.8	1274428.9	1757807.5	2569091.5	2178034	1751073.2	2740912.5	1643166
"sp|Q9H0U4|RAB1B_HUMAN"	"HUMAN"	37373004	18346964	31673736	31945894	36465148	31833176	24554708	35073496	33162680	23064460	22752382	25029290	19972708	24793390	34764244	23697396	22008906	22061282
"sp|Q9H0W9|CK054_HUMAN"	"HUMAN"	0	487195.56	0	0	0	0	0	0	0	385336.4	408828.03	452974.1	417971.03	0	412357.12	378755.34	0	403524.56
"sp|Q9H1A4|APC1_HUMAN"	"HUMAN"	1141771	500598.56	584665.7	219535.62	228779.17	491510.6	19812764	0	156915.66	622306.25	260545.81	539538.25	370743.44	1655089.5	463698.75	0	653899.2	337433.72
"sp|Q9H1C7|CYTM1_HUMAN"	"HUMAN"	0	0	628632.56	793404.2	702365.94	711828	537887.8	830373.1	705059.8	0	0	0	0	0	0	0	0	0
"sp|Q9H1E3|NUCKS_HUMAN"	"HUMAN"	1243198	1319192.8	1201781.5	1223229.4	1245603.8	1024731.6	2443021	1427789.8	1545163	2047738	2564001.8	2322055	2656996.8	2221202.8	2327508.2	2373646.5	2490754.8	2596027.8
"sp|Q9H1I8|ASCC2_HUMAN"	"HUMAN"	163876.45	469281.75	305737.16	803504.6	747983.9	0	223660.3	0	592646.1	1548356.1	1402145.1	1531102.4	1586732.2	1558285.8	1609022.9	1646603.8	1606141.9	1549007.1
"sp|Q9H1K4|GHC2_HUMAN"	"HUMAN"	738976.5	0	0	0	0	0	0	0	0	0	0	0	0	0	0	0	0	0
"sp|Q9H1Y0|ATG5_HUMAN"	"HUMAN"	2340222.8	2056031.8	2210829.2	2503732.5	2355678.2	2404469.2	2254074.5	1688632.2	2472849.5	2102329.5	2217275	2264812	3253038.8	2257883.8	2181519	2115894.8	2075078.1	2047084.9
"sp|Q9H204|MED28_HUMAN"	"HUMAN"	188183.72	0	0	0	0	0	0	0	0	0	262430.28	0	0	0	150366.6	0	0	193967.4
"sp|Q9H223|EHD4_HUMAN"	"HUMAN"	0	0	0	0	0	0	0	0	0	0	0	0	0	0	0	0	0	0
"sp|Q9H267|VP33B_HUMAN"	"HUMAN"	4018843	4235761.5	4292986	4193640.8	4137386	4140540.8	4824274.5	4339314	3904379.5	4399762.5	4599748	4795210	4261022	4391537.5	4696586	4818165	4515951.5	4607967
"sp|Q9H269|VPS16_HUMAN"	"HUMAN"	0	0	0	0	0	0	0	0	0	0	0	0	0	0	0	0	0	0
"sp|Q9H270|VPS11_HUMAN"	"HUMAN"	284621.78	0	873727.4	1297509.4	1112263.9	1332863.5	1089022.2	0	1404554.4	1511511.9	1374803.8	892476.5	0	0	1184766.4	0	1351276.2	1566696
"sp|Q9H299|SH3L3_HUMAN"	"HUMAN"	2957722.5	3481676	2776357.2	3658506.8	4745512.5	3401171	3392219	5468993.5	4688624.5	6796103.5	6981650	5886444	6682366	6864368	6161715	5881313.5	6604917.5	8330228
"sp|Q9H2G2|SLK_HUMAN"	"HUMAN"	2029187.2	3540854	0	0	1109455.1	1718589.1	621263.7	390100.22	345008.25	2447091	2325802.5	1693127.2	645009.8	1897112.2	1273363.5	1634026.4	837103.9	1806112.1
"sp|Q9H2J4|PDCL3_HUMAN"	"HUMAN"	816006.75	4249660	1413191.8	5104547	4880019.5	5546697.5	4264098	3860458.2	5458896	5332214	5334963.5	4088208.8	4072157	3844703.5	3819907.8	4045419.2	4623620	6139948
"sp|Q9H2K0|IF3M_HUMAN"	"HUMAN"	0	0	0	0	0	0	0	0	0	0	0	0	0	0	0	0	0	0
"sp|Q9H2K8|TAOK3_HUMAN"	"HUMAN"	3647225.5	3971040.2	3202301	3005321.5	4467882.5	4360399.5	3945262.8	3878022.8	3416754.2	868041.1	497695.28	0	863392.75	0	0	1234842.8	678065.94	717200.9
"sp|Q9H2M9|RBGPR_HUMAN"	"HUMAN"	459117.75	0	0	254702.05	0	231799.69	0	234654.55	232690.02	0	0	0	232887.84	244495.81	0	236495.92	237097.75	220837.56
"sp|Q9H2P0|ADNP_HUMAN"	"HUMAN"	0	0	0	325277.1	551603.94	63596.09	367669.16	329076.97	329939.4	991136.4	1335290.9	0	385153.34	0	353610.53	1089597.9	877144.1	1127488.4
"sp|Q9H2P9|DPH5_HUMAN"	"HUMAN"	2078351.8	2680542.5	1995383.5	2304662	3115820.2	1699182	2227214	2286005.8	749952.4	2036468	2302047.5	1734525.9	2122673.2	2224382.5	2002945.8	1628343	814133.56	1989699
"sp|Q9H2U1|DHX36_HUMAN"	"HUMAN"	0	0	0	0	0	0	0	0	0	283455.5	347086.56	342366.5	0	278868.9	267485.66	0	244063.89	296561.72
"sp|Q9H2U2|IPYR2_HUMAN"	"HUMAN"	741688.25	707930.75	757800.4	768610.06	657452.9	252814.1	687122.75	883700	33820.188	981891.9	813002.1	829014.1	749868.4	941426.6	680957.1	898224.3	913073.1	920684.2
"sp|Q9H2W6|RM46_HUMAN"	"HUMAN"	2880297.8	468975.84	1898310.8	1336537.5	1854520.8	1502182.8	767586.9	972937.6	1564013	1081227.5	2072337.2	2491983.2	517862.1	2600740	3055032	2111601	2835906.2	1082965.9
"sp|Q9H307|PININ_HUMAN"	"HUMAN"	9857062	10913273	10872276	10350976	9667082	10540916	11255595	10711831	11800247	12048037	12271421	12908847	11327760	12625340	10834980	11875498	12116310	11790626
"sp|Q9H320|VCX1_HUMAN"	"HUMAN"	0	0	0	0	0	0	0	0	0	0	0	0	0	0	0	0	0	0
"sp|Q9H3H1|MOD5_HUMAN"	"HUMAN"	2161726.8	1453624.1	0	0	0	0	0	0	0	1278987.4	977758.94	0	1875615.6	1069592.2	1216761.6	1097298	0	1122200
"sp|Q9H3K2|GHITM_HUMAN"	"HUMAN"	0	0	1323636.9	0	0	0	0	0	0	0	0	0	0	0	0	0	0	0
"sp|Q9H3K6|BOLA2_HUMAN"	"HUMAN"	5402129	5154509	5211189	5142553.5	5046323.5	5552216	4238932.5	5150601.5	5101314.5	5375410	4707134.5	4553014.5	5124001.5	5035949	5224271	5118570	5081668.5	5337210
"sp|Q9H3P2|NELFA_HUMAN"	"HUMAN"	0	559679.2	452610.1	461066.25	439274.66	584770.75	0	730040.75	456224.6	394161.38	0	0	405425	0	0	0	0	0
"sp|Q9H3P7|GCP60_HUMAN"	"HUMAN"	464437.3	404487.9	390857.7	0	383065.97	351271.2	345143.84	380104.1	332049.66	438634.47	389095.25	404942.5	407105.47	325390.44	425046.8	441958.88	429693.72	360030.1
"sp|Q9H3S7|PTN23_HUMAN"	"HUMAN"	219364.98	16118.897	0	0	0	0	236301.86	227215.81	0	0	13666.315	0	0	318480.12	213265.28	0	16423.703	334183.06
"sp|Q9H3U1|UN45A_HUMAN"	"HUMAN"	2779604.2	1618810.8	3890220.8	3534339	3357333.8	3071186.5	1986918.5	2211983.5	1895217.5	3884088.8	2317380.5	4726084.5	2188166	2712270.5	4487316.5	2137610	2534384	4071597.2
"sp|Q9H3Z4|DNJC5_HUMAN"	"HUMAN"	0	0	0	0	0	0	0	0	0	0	0	0	0	0	0	0	0	0
"sp|Q9H444|CHM4B_HUMAN"	"HUMAN"	2178946.2	1537760.2	2059446	1942304.8	2352305.5	1853928.9	1936241.6	1565563.1	1808888.6	3141036.8	3732738	3457718	2846731.5	3015041.8	3678155.8	3776293	3127856	4488263
"sp|Q9H446|RWDD1_HUMAN"	"HUMAN"	1243591	1174834.8	1333173	1160063.2	0	832120.06	1321162.9	1695559.9	593337.8	1600640.5	2330569.5	1236799.6	2949416.5	1102004.2	3132256.5	580387.8	0	3392548.2
"sp|Q9H4A3|WNK1_HUMAN"	"HUMAN"	0	0	71832.484	0	315080.62	0	0	0	84210.53	223985.94	0	0	0	220044.27	0	0	0	198615.9
"sp|Q9H4A4|AMPB_HUMAN"	"HUMAN"	8872135	13140496	13918055	7669673	7785908.5	8258456	15815273	15708481	7780937.5	8524248	9898020	16625626	9802303	14750307	9758539	8722645	13400090	15578836
"sp|Q9H4A5|GLP3L_HUMAN"	"HUMAN"	0	0	0	0	0	0	0	0	0	0	21115.566	25546.582	16923.227	25134.328	26111.59	0	20499.992	0
"sp|Q9H4A6|GOLP3_HUMAN"	"HUMAN"	1019176.5	2685048.2	1312175.4	2539002	1566714.8	1958992	2431657.2	2235697.5	730014.7	888389.1	1324418.4	659825.75	1301796	944461.94	708646.9	959622.25	1121996.8	827099.6
"sp|Q9H4L5|OSBL3_HUMAN"	"HUMAN"	0	0	0	0	0	0	0	0	0	0	0	0	0	0	0	0	0	0
"sp|Q9H4L7|SMRCD_HUMAN"	"HUMAN"	289218.16	0	261180.73	192585.8	0	1945196.8	262643.12	250261.78	273104.72	235441.83	260503.55	366501.66	0	292167.97	173218.66	0	0	293943.44
"sp|Q9H4M9|EHD1_HUMAN"	"HUMAN"	10193376	10247060	9365036	10009507	11152050	10232429	13411142	11917787	11133961	10282388	15230945	12953347	11631137	11905492	9735613	13338719	10519787	11079124
"sp|Q9H4P4|RNF41_HUMAN"	"HUMAN"	0	0	0	0	0	0	0	0	0	0	0	0	0	0	0	0	0	0
"sp|Q9H501|ESF1_HUMAN"	"HUMAN"	0	0	0	0	0	290868.06	0	711856.25	0	687435.25	513862.56	472517.72	345469.94	685447.5	413485.56	209603.16	507238.7	212283.75
"sp|Q9H583|HEAT1_HUMAN"	"HUMAN"	12361816	13300127	12227984	11114510	11952997	11690933	10423181	12406974	11194154	13901025	15970687	14922973	16355033	14813373	13632492	15190482	13444693	12256363
"sp|Q9H5Q4|TFB2M_HUMAN"	"HUMAN"	995756.1	827536.3	0	899847.1	938790.75	927525.25	961218	502417.78	911895.25	461024.47	486102.3	966238.44	511242.53	275625.25	439056.4	536004	906265.1	902735.75
"sp|Q9H5X1|CIA2A_HUMAN"	"HUMAN"	346712.16	652301.56	1108816	557692.6	981955.3	561285.6	704326.1	0	317793.28	0	458881.38	381352.62	287193.94	620381.25	382061.9	389432.56	178595.38	524080.97
"sp|Q9H6F5|CCD86_HUMAN"	"HUMAN"	0	776111.75	958177.2	1031772.25	994656.75	917300.06	951817.6	24647.898	397188.75	1011195.06	0	1280934.8	282285.78	267546.75	1133691.1	954130.56	905452.75	0
"sp|Q9H6L4|ARMC7_HUMAN"	"HUMAN"	0	0	0	0	0	0	0	0	0	0	256122.67	139650.23	132813.92	0	0	258173.73	282885.1	0
"sp|Q9H6R0|DHX33_HUMAN"	"HUMAN"	0	0	0	0	0	0	0	0	0	0	0	0	0	0	0	0	0	0
"sp|Q9H6R4|NOL6_HUMAN"	"HUMAN"	2316719.2	1983218.8	1783259.5	2527966.8	2602925.8	3285073.5	2242707.2	2828426.5	2407220.8	3332238.5	3037863.5	3019164	3112118	1969624.5	2708490	2206725.8	2762328	3109054
"sp|Q9H6S0|YTDC2_HUMAN"	"HUMAN"	0	0	0	0	0	0	0	0	0	0	0	0	0	0	0	0	0	0
"sp|Q9H6T3|RPAP3_HUMAN"	"HUMAN"	3977237.8	1737199.1	3022176.5	3328095.5	3444076.2	3791901.2	1014992	3125017.8	2469075.5	1842156.2	1450124	1745219.2	3919104.2	2193840.5	1491275.6	2387030	418245.44	1187953.6
"sp|Q9H6V9|LDAH_HUMAN"	"HUMAN"	481857	769059.4	733328.25	732810.6	762289.75	795438.06	669466.75	340022.06	821397.1	711924.6	369861.53	2186952.2	3021810.2	302447.94	446031.4	437586.1	1953105.6	419600.12
"sp|Q9H6Y2|WDR55_HUMAN"	"HUMAN"	580387.6	0	0	0	0	0	0	0	501582.22	0	0	0	0	0	0	0	0	0
"sp|Q9H6Z4|RANB3_HUMAN"	"HUMAN"	1473295.8	1010880.5	1050280.8	1457670	558438.75	1031461.25	1335520.8	985350.9	536348.6	1857855.8	1039518.94	1044093.4	1047601.5	1008228.2	1007259.2	524053.3	990163.4	992104.6
"sp|Q9H773|DCTP1_HUMAN"	"HUMAN"	4012140.5	4588362	4126329.2	4526269.5	4252184.5	5106718	3617906	4400470.5	6645816	5591653	6000665	5892262	5420580.5	6441214.5	6279960	6040581	5044439.5	5849413
"sp|Q9H7B2|RPF2_HUMAN"	"HUMAN"	1569196.4	2025999.5	1974711.4	2097055.9	2894208.8	1751632	2590816	2015516.9	1968049.8	732998.44	2223557	1005060.2	1768144.8	1035551.2	2110328.2	2669564.2	2216993.8	2033053
"sp|Q9H7C9|AAMDC_HUMAN"	"HUMAN"	0	0	0	1984739.2	0	0	0	0	0	0	0	0	2269325	0	2333018.2	0	0	0
"sp|Q9H7D7|WDR26_HUMAN"	"HUMAN"	0	0	0	0	0	0	0	0	0	0	0	0	0	0	0	0	0	0
"sp|Q9H7E9|CH033_HUMAN"	"HUMAN"	0	0	0	0	0	0	0	0	0	0	0	0	0	0	0	0	0	0
"sp|Q9H7N4|SFR19_HUMAN"	"HUMAN"	0	296166.3	0	407325	349727.28	278471.16	850372.5	0	361397.9	327316.28	0	0	262717.53	408364.44	327919.16	269925.44	0	235091.89
"sp|Q9H7Z7|PGES2_HUMAN"	"HUMAN"	1893556.9	1918163.2	1955039.5	1201356	1895760.6	1297227.8	1958230.9	2715911	1533143.1	1745662.5	2430037.8	2193651	1274332.6	886399.1	1395089	2874283.5	2329455	2433431.2
"sp|Q9H832|UBE2Z_HUMAN"	"HUMAN"	381680.12	384371.34	451683.6	415702.34	373061.25	351182.16	516649.94	360078.38	549927.25	0	0	0	396114.3	330365.8	0	0	0	0
"sp|Q9H845|ACAD9_HUMAN"	"HUMAN"	163355.62	0	0	246265.98	313672.1	0	378298.47	288764.9	183541.23	224518.9	130575.67	0	0	135905.55	413166.94	301445.28	297650.53	129004.45
"sp|Q9H871|RMD5A_HUMAN"	"HUMAN"	0	0	0	0	0	0	574005.8	0	0	523665.75	525949.75	537164.4	0	564481.6	513881.2	559420.25	563134.7	540717.3
"sp|Q9H8H0|NOL11_HUMAN"	"HUMAN"	4122972.2	5195783.5	3446871.8	3276685.5	2454373.2	2908570.2	3440606.8	2090067.1	3817896	5253900.5	3422173.5	3134433.5	4652028.5	4037265	3429485	5474030	4752052	4747509.5
"sp|Q9H8H3|TMT1A_HUMAN"	"HUMAN"	0	0	0	0	0	0	0	0	0	0	0	0	0	0	0	0	0	0
"sp|Q9H8M2|BRD9_HUMAN"	"HUMAN"	0	0	0	0	0	0	0	0	0	0	0	0	0	0	0	0	0	0
"sp|Q9H8W4|PKHF2_HUMAN"	"HUMAN"	0	818823	0	0	0	0	0	0	0	1158430.9	1134887.2	0	0	0	1192899.9	1121979.4	870845.4	0
"sp|Q9H8Y5|ANKZ1_HUMAN"	"HUMAN"	0	0	0	0	0	0	939574.8	0	0	565753.75	1078000.9	898771.5	0	600314.9	1069249.9	1143075.1	1149504.2	1054147.2
"sp|Q9H8Y8|GORS2_HUMAN"	"HUMAN"	2600658.8	2130879.8	2606970.2	2625755.5	3342701.5	2769383.5	2604019.5	3029628	3881727.2	2922036	2760167.5	3348574.2	2518498.5	3213016.5	3140403.5	2968484.8	2753268	3035309.2
"sp|Q9H900|ZWILC_HUMAN"	"HUMAN"	0	0	0	0	0	0	0	0	0	587394.94	0	999687.1	0	0	276752.7	0	0	0
"sp|Q9H910|JUPI2_HUMAN"	"HUMAN"	5847875	5376390	5945036	5720161	5976542.5	5982168.5	5796789	5839574	5786842.5	6735793.5	6260634.5	8378438.5	6342606	6285650	5981346	7434548.5	5940394.5	6755138.5
"sp|Q9H944|MED20_HUMAN"	"HUMAN"	0	279778.4	0	0	0	0	0	0	0	479635.28	0	333313.84	0	0	0	0	419901.12	0
"sp|Q9H967|WDR76_HUMAN"	"HUMAN"	0	0	0	0	0	0	0	0	0	0	0	0	0	0	0	0	0	0
"sp|Q9H993|ARMT1_HUMAN"	"HUMAN"	2186014.2	1583388	868160.25	2198506.5	1969835.2	2087965	1219542.1	2020662.1	763608.5	2429541.2	2569022.8	1697852.9	1594221.2	1325192.2	2432493.8	2330813.5	851143.2	2188788.8
"sp|Q9H9A5|CNO10_HUMAN"	"HUMAN"	1021632.56	331882.84	327406.38	353331.56	987447.5	316935.3	970817.56	374848.78	1002531.2	292539.62	330655.38	345345.53	348362.06	339806.44	976594.25	344888.8	338774.5	1058240.8
"sp|Q9H9A6|LRC40_HUMAN"	"HUMAN"	0	814559.9	410178	740315	490562.84	258979.39	0	337017.5	281476.25	289541.8	526615.94	771300	548986.4	0	119342.93	0	391800.9	0
"sp|Q9H9B1|EHMT1_HUMAN"	"HUMAN"	0	0	0	0	0	0	0	0	0	0	0	0	0	0	0	0	0	0
"sp|Q9H9B4|SFXN1_HUMAN"	"HUMAN"	7796889	10268640	10401542	9141765	10350036	10130002	8046108	9984226	8988220	9832025	9639579	8779392	10274233	10811144	9187712	9738049	9568087	9661826
"sp|Q9H9E3|COG4_HUMAN"	"HUMAN"	0	0	0	0	0	0	0	0	0	0	0	0	0	0	0	0	0	0
"sp|Q9H9G7|AGO3_HUMAN"	"HUMAN"	0	0	0	0	0	0	0	0	0	0	0	0	0	0	0	0	0	0
"sp|Q9H9H4|VP37B_HUMAN"	"HUMAN"	0	0	0	0	169581.62	0	0	0	0	0	320985.9	233033.62	0	254837.56	0	0	0	0
"sp|Q9H9J2|RM44_HUMAN"	"HUMAN"	2470295	2197624.5	934756.8	1851806.8	1289220.9	1641704.1	1256710	2023205.5	1194173.5	810519.9	1020474	933341.5	486800.4	351065.78	297120.97	571380.94	177613.39	1054430.2
"sp|Q9H9L4|KANL2_HUMAN"	"HUMAN"	0	0	0	0	0	0	0	0	0	0	0	0	0	0	0	0	0	0
"sp|Q9H9Q2|CSN7B_HUMAN"	"HUMAN"	0	0	0	0	0	0	0	0	0	0	0	0	0	0	0	0	0	0
"sp|Q9H9T3|ELP3_HUMAN"	"HUMAN"	372831.12	0	0	0	397563.28	0	383624.06	0	0	0	267018	0	334031.6	0	0	0	0	291197.03
"sp|Q9H9Y6|RPA2_HUMAN"	"HUMAN"	2705645.5	3525215	5222719	3627734	5712662.5	4063733	4659787	3837849.5	4917448	2663943	3757617.5	5239242.5	4227788	1410426.6	3472007.8	5372509.5	5535023	4235965.5
"sp|Q9HA64|KT3K_HUMAN"	"HUMAN"	544759.9	0	0	0	0	0	0	0	53519.508	0	50037.324	659656.5	833997.75	342413.28	626544.06	61903.812	40504.5	41271.293
"sp|Q9HAF1|EAF6_HUMAN"	"HUMAN"	0	0	12087.101	0	0	14067.209	0	0	10312.58	0	0	10350.739	0	0	10037.301	0	13234.425	10681.355
"sp|Q9HAV4|XPO5_HUMAN"	"HUMAN"	29867340	25689808	23440822	25708270	24462920	28856286	23026072	28241330	25641806	30760256	31557060	34905100	28918772	28447280	27850836	33288968	26986166	25310968
"sp|Q9HAV7|GRPE1_HUMAN"	"HUMAN"	3197912	3490093.2	3658543	2936060.8	3106067.8	3257924.8	3805848.2	3558839.5	3110884.5	3091004.5	5067979	5080138	3661219.5	3456285.5	5992245.5	5872083.5	5771321	5061436
"sp|Q9HAW4|CLSPN_HUMAN"	"HUMAN"	0	0	0	0	0	0	0	0	0	0	854887.1	443134.94	0	1006730.7	568933.25	918670.75	0	0
"sp|Q9HB71|CYBP_HUMAN"	"HUMAN"	61281160	60774556	60862264	61567930	59239316	60020416	61029910	62539744	61425144	61843204	61454944	63326456	61961876	62086630	60510944	60726844	62064376	62178990
"sp|Q9HBM1|SPC25_HUMAN"	"HUMAN"	1151548.9	861098.4	0	1665914.8	1133060.1	1087194.9	1657946	705262.1	1121664.2	1747050.8	3075241.5	2312521.8	1844257.4	1965980.6	2887201	2649827	2563532.8	2499507
"sp|Q9HBU6|EKI1_HUMAN"	"HUMAN"	0	0	0	0	0	0	0	0	0	0	0	0	0	0	0	0	0	0
"sp|Q9HC35|EMAL4_HUMAN"	"HUMAN"	0	647421.9	0	0	0	0	0	0	0	0	0	1040865.75	6295.671	0	0	0	0	0
"sp|Q9HC38|GLOD4_HUMAN"	"HUMAN"	8978918	8735110	9041743	4740643	5366325.5	9043936	11655155	5599209.5	10404122	12234231	12273817	11361100	11768093	12760846	12045069	11716365	12879172	12684312
"sp|Q9HCC0|MCCB_HUMAN"	"HUMAN"	0	0	0	0	0	0	0	0	0	0	0	0	0	0	0	0	0	0
"sp|Q9HCD5|NCOA5_HUMAN"	"HUMAN"	1210298.5	351922.12	1658742	1323329	2121436.5	1726938.6	2499381.5	1063516.9	1661909.1	2491897	1676495.8	1526392.8	2868656.5	1703446.4	1046186.7	1548788.8	1743738.6	1680179
"sp|Q9HCE1|MOV10_HUMAN"	"HUMAN"	0	244456.4	573034.6	106903.734	540555.06	466302.56	674404.44	1221914	328960.44	327758.62	958421.4	848207.5	779187.06	726586.4	741751.56	569766.25	304374.62	772933.9
"sp|Q9HCG8|CWC22_HUMAN"	"HUMAN"	382333.78	411249.25	467119.3	547916.5	514914.1	466423.5	318828.34	636782.75	516977.53	438575	891265	648741.1	403797.7	481276.5	908594	445070.9	478668.7	830059.4
"sp|Q9HCN4|GPN1_HUMAN"	"HUMAN"	0	0	0	0	0	0	0	0	0	0	0	0	0	0	0	0	0	0
"sp|Q9HCN8|SDF2L_HUMAN"	"HUMAN"	7396774	7481026.5	5643970.5	13789954	8308489	6614239.5	6848642	7740336	8063505	8839784	8880120	9462678	9235291	7942428.5	9629417	8774717	9164514	8515479
"sp|Q9HCS7|SYF1_HUMAN"	"HUMAN"	341467	1953013.1	1950646.8	1150915.4	407971.8	1777775.9	361621.1	1491756.1	635199.6	1451611	1006250.7	1935856	718290.2	931052.5	1427486	185517.03	477195.9	1396528
"sp|Q9HD15|SRA1_HUMAN"	"HUMAN"	0	0	0	0	0	0	0	0	0	0	0	0	375015.28	116374.836	0	0	0	0
"sp|Q9HD26|GOPC_HUMAN"	"HUMAN"	0	0	0	0	0	0	0	0	0	0	0	0	0	0	0	0	0	0
"sp|Q9HD33|RM47_HUMAN"	"HUMAN"	0	46326.387	0	0	54665.633	0	48234.11	49214.906	0	0	283501.94	0	190160.19	0	0	198300.53	157684.95	0
"sp|Q9HD34|LYRM4_HUMAN"	"HUMAN"	0	0	0	0	0	0	0	0	0	0	0	0	0	0	0	0	0	0
"sp|Q9HD42|CHM1A_HUMAN"	"HUMAN"	302096.53	784501.56	656581.8	397975.78	1388474.8	642078.25	432038.28	1155509.2	878728.6	1270995	403393.6	752828.5	354986.94	1261043.2	1201130.2	345745.7	1096326.8	780363.2
"sp|Q9HD45|TM9S3_HUMAN"	"HUMAN"	855185.25	1013698	1108134	1004746.9	848340.9	968821.5	1120177.6	825362.94	1344761.8	821083.25	891721.5	0	102115.99	986320.6	0	834223.4	0	1247558.5
"sp|Q9NNW5|WDR6_HUMAN"	"HUMAN"	0	0	0	0	0	0	92423.125	0	0	0	0	0	0	0	0	0	0	0
"sp|Q9NNW7|TRXR2_HUMAN"	"HUMAN"	185663.88	0	0	325449.53	381935.56	320414.5	0	0	140299.55	543090.2	100764.484	0	299098.06	0	0	333396.56	1885921.6	2208978.2
"sp|Q9NP58|ABCB6_HUMAN"	"HUMAN"	0	0	1746630.1	0	0	1760940.8	0	1580914.9	0	0	0	1244732.4	0	0	1250059.9	0	0	0
"sp|Q9NP66|HM20A_HUMAN"	"HUMAN"	496734.38	473460.22	462444.34	456254.8	434778.94	455582.34	427356.56	465869.06	452096.06	458759.9	435366.47	427319.62	453483.28	440072.78	458814.06	490975.28	459009.06	444773.12
"sp|Q9NP72|RAB18_HUMAN"	"HUMAN"	1417212	890565.25	0	896045.06	0	0	0	0	0	0	0	0	0	0	0	0	0	0
"sp|Q9NP73|ALG13_HUMAN"	"HUMAN"	0	0	0	0	0	0	0	0	0	101046.914	0	0	100306.07	0	0	78242.586	0	0
"sp|Q9NP77|SSU72_HUMAN"	"HUMAN"	1440684.9	1554492.5	813624.1	1466522	576478.56	2087790.8	1357783	1578133	1743893.2	938383.94	393515.12	747519.3	1022389.75	1132199.4	1407610.4	1693224	1617827.5	1024181.44
"sp|Q9NP79|VTA1_HUMAN"	"HUMAN"	3958841.2	3694394	2821568.8	3752992.2	3743302	3261238.8	4507762.5	3161144.5	3040525	6500796	6449187	5073144	5658146.5	5695149	4773780	5142963.5	5411556.5	4707357
"sp|Q9NP92|RT30_HUMAN"	"HUMAN"	213060.88	0	204279.7	0	0	0	0	0	0	0	0	183745.19	199122.89	176658.42	197089.98	190511.42	207926.23	0
"sp|Q9NP97|DLRB1_HUMAN"	"HUMAN"	1574171.2	951698	1698334.8	1515005.2	1581972.2	1644269.5	1596457.2	1652540.8	1614519.8	1751099.6	1845656.5	1777053.5	2169569.8	2028949	1639646.5	1763565.5	1578592	2037187.6
"sp|Q9NPA8|ENY2_HUMAN"	"HUMAN"	2343478.8	2164911.2	1631210.6	2741073.2	3308881.8	2926918	2575118	783800.94	629787.2	5972301	4873971	4581173	5986870.5	3306558.2	3972936.2	5033716	2918992.2	3988539.2
"sp|Q9NPD3|EXOS4_HUMAN"	"HUMAN"	3007780.5	2987639.2	3905880	3233486.8	2332793.5	3027814.2	3241696	3616163.8	3955235.2	2982437	3981089.8	2763562.5	3186268.5	3969620.5	3871772.8	3990229	3196302.5	3409568
"sp|Q9NPD8|UBE2T_HUMAN"	"HUMAN"	2697839	943344	562505.7	2466836.2	0	1088668.1	806664.94	2293914	2229623	1385577.8	1929963.9	1804243.5	1012887.56	1124818.2	2587283.2	1385169.5	1713349.4	1709612.5
"sp|Q9NPE3|NOP10_HUMAN"	"HUMAN"	1787222.1	1573195	2322680.5	1597700.8	1620684.9	1106739.9	1428099.6	2050489.2	1607451	2063442.5	812430.2	980661.3	1663694.1	1781817.2	1693857.9	1555435	962531.25	1838592.1
"sp|Q9NPF4|OSGEP_HUMAN"	"HUMAN"	457682.44	0	659920.6	690755.6	0	669632.8	436001.84	0	343251.3	291012.8	806047	937900.4	453393.75	709580.9	0	831722.25	514063.6	835805.7
"sp|Q9NPH2|INO1_HUMAN"	"HUMAN"	1394612.1	1535832.2	1765862	1907107.4	1802086.2	894424.44	1544016.8	1941843.8	2364489.2	1603578.2	2473047.8	5035333.5	4537278	2173869.5	3362181	3097230	3204959.8	2548213.2
"sp|Q9NPJ3|ACO13_HUMAN"	"HUMAN"	3580924.5	3948954.5	3838992	3618267.5	4365294	3592579	3196344.5	3056065.8	3743676.8	4743645.5	4504440	4303519	3226317.5	4709014	4065588.2	3224109.5	4620916.5	4263966.5
"sp|Q9NPJ6|MED4_HUMAN"	"HUMAN"	374106.4	340429.7	439850.34	346776.2	0	367686.1	383274.78	396799.25	385018.28	332518.9	351476.78	393629.66	316582.2	233764.62	331605.84	386534.12	170284.69	384887.2
"sp|Q9NPL8|TIDC1_HUMAN"	"HUMAN"	0	0	0	0	0	0	0	0	0	0	0	0	0	0	0	0	0	0
"sp|Q9NPQ8|RIC8A_HUMAN"	"HUMAN"	256527.52	271053.25	245237.14	290429.5	275254.25	277416	356227.7	223297	299119.12	249378.77	254247.67	624256.4	253670.1	290166.5	250582.92	914897.75	275214.8	715601
"sp|Q9NQ29|LUC7L_HUMAN"	"HUMAN"	0	297981.47	684756.56	0	269163.53	0	0	287094.66	0	0	0	0	0	118960.52	0	0	0	0
"sp|Q9NQ50|RM40_HUMAN"	"HUMAN"	473772.06	517110.84	397331.4	469223.12	439443.6	670671.44	467041.28	474445.2	422584.2	462106.44	423113.5	412625.2	429925.28	465435.66	504969.56	464113.75	387888.88	400470.7
"sp|Q9NQ55|SSF1_HUMAN"	"HUMAN"	585955.1	493766.34	0	848279.94	0	143103.98	0	0	0	128028.89	446480.5	133235.05	113967.37	430460.2	1121996.1	100628.49	0	130221.78
"sp|Q9NQC3|RTN4_HUMAN"	"HUMAN"	2230701.5	2483582.5	3535250.2	2271346	2406469.5	3662351.5	4061575.2	3847731.5	2606002.2	4696116.5	5488511	4097238	4525254.5	4587404.5	5318682	5324178.5	4941537	5263119.5
"sp|Q9NQE9|HINT3_HUMAN"	"HUMAN"	0	0	0	0	0	0	0	0	0	0	0	0	0	0	0	0	0	0
"sp|Q9NQG5|RPR1B_HUMAN"	"HUMAN"	5397943	5793850.5	7236291.5	7444264	5519260.5	5522354.5	5809116	5713209.5	6321499.5	6125074	6391791	7268685.5	7572655.5	7354937	7154037	7059330	6434880	6300954
"sp|Q9NQP4|PFD4_HUMAN"	"HUMAN"	3005162.8	2905145.5	3105775.8	3131304.5	2749814.5	2983194.5	3049510.8	2834895.2	3008214	2962850.5	3612705.8	2810553.5	3606216.5	2928753.5	3165710.5	3157834.5	3032501	3276096
"sp|Q9NQR4|NIT2_HUMAN"	"HUMAN"	2450919.5	2417707	1684505.8	2593775.5	2570767	1996844.9	2534346.2	2472247	2308840.2	0	0	0	0	0	0	0	0	0
"sp|Q9NQS7|INCE_HUMAN"	"HUMAN"	0	4596056.5	4189522.5	4318818	4656049.5	4090080.2	4488382	4560755.5	4039122	0	4167350.2	4358554	0	0	4348084.5	105507.766	4553032	4687498.5
"sp|Q9NQT4|EXOS5_HUMAN"	"HUMAN"	2702265	1200796.5	875713.6	3195793	2541925	2770457	2265642.2	995425.75	1071762.5	2371684.2	2180792	1932495.4	2164026.2	2045877	1681412.4	824442.75	3071589.8	2276231
"sp|Q9NQT5|EXOS3_HUMAN"	"HUMAN"	4616633.5	6761652	4374997	5555968	5518231.5	6479734	4279915.5	5406536.5	5654895	5810484	3756272.8	7448224.5	6516259.5	6842192	6763134	5265203	3678492.5	5620570
"sp|Q9NQW6|ANLN_HUMAN"	"HUMAN"	1382171.8	1139879.8	0	1087088.8	1202024	382398.78	1057944.4	1095582	333722.9	0	0	0	0	72970.3	0	0	0	0
"sp|Q9NQW7|XPP1_HUMAN"	"HUMAN"	3214089.2	1521301.1	1816770.4	3389800.5	3034846.8	373985.3	819666.5	2173642.2	2718660.5	261177.72	545632.4	2745328.5	2967892.5	2537303	2692595.2	2287701.2	2317386.2	357352.4
"sp|Q9NQZ2|SAS10_HUMAN"	"HUMAN"	675795.8	809300.56	763488.56	751112.6	1753543	790545.8	1628081.2	1595572.8	692020.9	1226726.5	1253785.9	1167646.9	1376030.6	1303224.1	1294371.4	895156.44	1231674.4	1226931.6
"sp|Q9NR09|BIRC6_HUMAN"	"HUMAN"	0	121609.9	64026.27	146471.97	621568.44	12241.444	556983	755952.2	537657.44	0	436789.28	0	0	414339.8	707738.06	0	566594.3	1078120.5
"sp|Q9NR12|PDLI7_HUMAN"	"HUMAN"	1605528	1052200.2	777317.94	1092882.2	656725	720939.44	428290.3	784310.56	1174509.2	1915421.6	1242000.8	2038691.9	980477.9	1374860.5	1237476.6	1294137.6	1284393.8	1201511.8
"sp|Q9NR19|ACSA_HUMAN"	"HUMAN"	269733.8	247314.84	0	222245.61	219694.89	238891.2	258926.06	227690.72	275793.6	265891.44	263571.3	236988.72	0	274163.6	265937.78	280787.4	257769.58	256619.9
"sp|Q9NR28|DBLOH_HUMAN"	"HUMAN"	1502507	1838965	1755980.8	1294915.4	1801251.2	1984859.4	782764.3	1795996.8	1542257.2	1393535.6	1608633	1526413.2	1284884.5	1622927.5	1133983.4	1695950.2	1129284.8	1619561.2
"sp|Q9NR30|DDX21_HUMAN"	"HUMAN"	65295250	58049940	53446000	67169430	60822220	57564930	60730350	59690240	64941530	61833612	63853536	60017170	62497430	61276132	58410524	61004708	60139212	61432160
"sp|Q9NR31|SAR1A_HUMAN"	"HUMAN"	12769415	10606546	11623446	10428091	11892180	11863533	13136117	12583525	10781066	10800199	10419859	10474452	11872772	11987124	8707004	10428899	10212250	11514134
"sp|Q9NR33|DPOE4_HUMAN"	"HUMAN"	0	0	0	0	0	0	0	0	0	0	0	0	0	279723.4	0	0	0	0
"sp|Q9NR45|SIAS_HUMAN"	"HUMAN"	25825814	24418462	27917622	23948216	23142744	28437948	23640476	24716782	26350012	26860748	24937472	26811634	25093442	25756918	28285482	24197714	24446312	24513056
"sp|Q9NR46|SHLB2_HUMAN"	"HUMAN"	1207026.5	715847.94	1257308.9	705046.75	686723.25	676633.1	1033044.5	837142.4	725097.6	287107.5	809589.94	256734.55	1245616.9	785337	274692	682414.25	257579.05	691892
"sp|Q9NR50|EI2BG_HUMAN"	"HUMAN"	7352120.5	7099965.5	57372916	6345522	7817832.5	5423363.5	7736267	7613354	8716164	34402452	27207414	11325763	7754850	31076904	8003747.5	9670350	17858730	6221697.5
"sp|Q9NR56|MBNL1_HUMAN"	"HUMAN"	6893719.5	6486528.5	5948910.5	5954829	7044300	6772504	3865366	5561413.5	7332953	4749708.5	7104584	5332255	5655768	6782356	5958434	5003284.5	5768588	5807023
"sp|Q9NRF8|PYRG2_HUMAN"	"HUMAN"	727202.06	0	0	0	741769.8	408054.8	759692.2	0	0	0	0	0	1272923.8	0	0	0	0	0
"sp|Q9NRF9|DPOE3_HUMAN"	"HUMAN"	2151189	2274166.8	2260222	2239044	2228054.2	2220213.5	1675971.2	2258855.5	2207503	3068888	2250185	2196882	2524656.5	2711314.5	2392337.8	2621620.2	2648077.2	2226904
"sp|Q9NRG0|CHRC1_HUMAN"	"HUMAN"	0	0	0	0	0	0	0	0	0	0	0	0	0	0	0	0	0	0
"sp|Q9NRG9|AAAS_HUMAN"	"HUMAN"	4427341	1240519.2	1326801.9	2200141.2	2392212.2	2577798.5	2416705.8	2877024.2	3278610.5	3140768.2	3536599.8	1864962	3020942.8	3015793.5	1862057.6	2822051	3449087	2831805.5
"sp|Q9NRK6|ABCBA_HUMAN"	"HUMAN"	0	0	0	2308014.2	0	0	263308.62	266580.22	0	1007308.8	997562.6	1054947.5	2938705.8	1074431.9	1019034.2	1018089.06	1089953.4	3267984.8
"sp|Q9NRN7|ADPPT_HUMAN"	"HUMAN"	3492695	2839359.5	3180086.8	3447617	2619731.8	4026004.8	3032952.8	2404553	3301977.8	2958137.2	2956771.5	2878104	3406055	3413672	3719968.2	3471661.2	2889733.5	3257926.5
"sp|Q9NRN9|METL5_HUMAN"	"HUMAN"	544912.44	0	410441.94	0	0	589755.3	560025.56	651475.56	427047.03	678913.06	761065.8	627018.2	552620.56	659139.1	615342.1	0	681671.94	879127.6
"sp|Q9NRP2|COXM2_HUMAN"	"HUMAN"	517835.75	615560.75	0	0	0	0	711824.94	712786.2	0	451457.16	420656.66	1101547.2	446710.25	419734.84	536486.4	397672.06	385697.72	562546.1
"sp|Q9NRR5|UBQL4_HUMAN"	"HUMAN"	2063665.4	1289431.9	742427.94	2100787	2089828.4	776726.9	1047139.6	1144153.8	597038.6	2132511.8	2183707	1565407.8	1607993.9	1817433.2	2543022.2	2493376.8	2332061.5	2624745.8
"sp|Q9NRS6|SNX15_HUMAN"	"HUMAN"	1156308.5	1129964.8	1540287.5	1328809.2	1462349.8	1675119.9	1385182.4	1626468	967853.2	1432760.2	1083058	1048350.56	1360185.2	1525576	1033547	1162764.5	1099911.4	1010721.8
"sp|Q9NRW3|ABC3C_HUMAN"	"HUMAN"	6704270.5	7249231.5	571074.44	7323935.5	1329008	661054.4	6812363.5	7037089	640389.56	768025.8	157162.06	7983539.5	1747607.2	7921653.5	7004430.5	8737649	1636526	904006.44
"sp|Q9NRW7|VPS45_HUMAN"	"HUMAN"	0	0	0	0	0	0	1050602.2	0	0	1235960.9	0	0	0	1018617.2	0	0	1336055.4	1227039.6
"sp|Q9NRX1|PNO1_HUMAN"	"HUMAN"	2404053.8	1622431.8	2354694	3246805.2	2420624	1212519	2654236	3161891	2169069.2	2003940.8	2141616.8	2137387.2	2396846.2	2072841	2024573.6	2018029	1978973.1	2048412
"sp|Q9NRX2|RM17_HUMAN"	"HUMAN"	185470.08	226459.83	186098.97	198755.75	3744071.2	2286114	2911773	3800085	130623.89	3505621.5	3111269	2030801.6	2102249.8	3691599.2	3462708.5	3094740.8	3606171.2	3142649.2
"sp|Q9NRX4|PHP14_HUMAN"	"HUMAN"	988528.75	916700.4	1081226.8	1102252.2	1001928.75	1037543.8	885549.5	1016391.56	928001.94	1084102.2	985233.25	910978.56	796696.1	1017033.1	976542.25	967582.44	894293.2	952659.6
"sp|Q9NRY5|F1142_HUMAN"	"HUMAN"	730339.4	0	186476.22	588112.9	717143.5	0	334609.03	0	352958.44	40112.293	421517.84	1142350.4	659247.4	311830.8	776598	949908.4	749578.25	490519.7
"sp|Q9NS69|TOM22_HUMAN"	"HUMAN"	5298418	6668231	5755794	7529307.5	7544123	5846619	7820220	4252244	6176330	4545180.5	7173989.5	7624134	7467688	5475575	7321927	7758931.5	6739224	7152302.5
"sp|Q9NS86|LANC2_HUMAN"	"HUMAN"	0	0	508940.62	0	0	571656.3	0	0	0	1326754.8	479415.4	0	0	0	467747.06	0	0	903992
"sp|Q9NS87|KIF15_HUMAN"	"HUMAN"	0	0	0	0	0	0	0	0	0	701776.1	170984.83	584761.4	0	143564.81	0	0	178628.47	0
"sp|Q9NS91|RAD18_HUMAN"	"HUMAN"	0	0	0	0	0	0	0	0	0	0	0	0	0	0	0	0	0	0
"sp|Q9NSD9|SYFB_HUMAN"	"HUMAN"	17829724	18538904	16451347	19535738	22118930	16022625	20219676	18551216	19299274	19537014	20023168	21699760	18596176	20569302	21054232	20737128	18856442	20921434
"sp|Q9NSE4|SYIM_HUMAN"	"HUMAN"	4258666	1670392.8	4430972	2795777.8	4399809	5302326	4705446	4969056	2085358.4	3286966.8	2740289.8	3311266.8	1389155.6	966342.8	3238249	884955.06	1012838.2	1974845.5
"sp|Q9NSG2|FIRRM_HUMAN"	"HUMAN"	0	0	0	0	0	0	0	0	0	0	0	0	0	0	0	0	0	0
"sp|Q9NSI2|SLX9_HUMAN"	"HUMAN"	1106712.5	1373758.5	1473040	1220261	1135993.1	1053442.8	1488437.5	1116282.9	184508.06	316468.5	1167353.2	1318292.2	1297813.1	1360174	1014127.6	323098.4	1304953.2	1216044.6
"sp|Q9NSI8|SAMN1_HUMAN"	"HUMAN"	3667677.2	2359543.2	5636435.5	6231423.5	4172233.2	10130574	3963385.5	5638504	5053192	9300831	9344858	10046554	9022713	4081570.5	9962938	9255508	9095182	9989628
"sp|Q9NSY1|BMP2K_HUMAN"	"HUMAN"	0	0	0	0	0	0	0	0	0	0	0	0	0	0	0	876408.75	798521.8	0
"sp|Q9NT62|ATG3_HUMAN"	"HUMAN"	1166726.5	2100203.2	1108303.2	2373693	1300872	1308184.8	1187259.1	1020504.06	1285685	1692364.1	2167364.5	1214193.8	1136242.9	2361533.5	2239880	1850160.2	1576413.2	1432659.9
"sp|Q9NTJ3|SMC4_HUMAN"	"HUMAN"	24735550	11166792	12121953	17687428	23624866	12861789	15532541	14105938	11019700	14106719	15441779	15259660	18404372	17595644	14893844	16676845	15389445	13122207
"sp|Q9NTK5|OLA1_HUMAN"	"HUMAN"	45631840	42618600	44246132	42812080	44491590	44631252	46291730	44330256	46719116	46485640	45194612	46451530	44763930	42056044	45273776	41778156	45182984	46519576
"sp|Q9NTM9|CUTC_HUMAN"	"HUMAN"	0	0	0	0	0	0	0	0	0	0	482496.8	0	0	0	0	349706.56	0	0
"sp|Q9NTZ6|RBM12_HUMAN"	"HUMAN"	6558623	6736107.5	6180041	6584151.5	7402690.5	7067240	6277986.5	6131125	7766783	7209896	6230709	6786840	6505391.5	7611083	8383557	6425396.5	6946653.5	8065729.5
"sp|Q9NU22|MDN1_HUMAN"	"HUMAN"	4412478.5	4913520	4965820	5704042	5849647	5043588.5	5382628	5653137	5427890	2940563.5	3142313.5	2916554.2	4077062	3663148.5	5575920.5	3209962.5	3572507	3202336
"sp|Q9NUD5|ZCHC3_HUMAN"	"HUMAN"	0	0	0	0	0	0	0	0	0	0	0	0	0	0	0	0	0	0
"sp|Q9NUP1|BL1S4_HUMAN"	"HUMAN"	0	0	0	0	0	0	0	0	0	123419.97	0	0	0	0	0	0	0	0
"sp|Q9NUP9|LIN7C_HUMAN"	"HUMAN"	0	0	0	0	627232.8	0	0	500938.25	0	378423.56	0	0	0	0	0	401421.3	0	0
"sp|Q9NUQ2|PLCE_HUMAN"	"HUMAN"	0	417496.53	0	0	520929.75	0	622062.25	684830.1	0	568676.6	256082.56	0	402113.25	0	215519.83	0	251452.39	327818.97
"sp|Q9NUQ3|TXLNG_HUMAN"	"HUMAN"	5719169.5	4424758.5	2305014.8	5488950.5	4613581.5	2265756.5	5800584	2230469.8	2270712	5249440	3164988.2	2988763.8	4976319	5217203.5	4322650	4299585	2955928	5000169.5
"sp|Q9NUQ8|ABCF3_HUMAN"	"HUMAN"	300412.28	285596.97	545675.3	292678.47	303245.28	247774.2	265852.47	0	436726.5	590591.1	578319.3	489179	588915.4	493238	500593.94	448081.94	595200.4	574153.75
"sp|Q9NUQ9|CYRIB_HUMAN"	"HUMAN"	3300954.8	4018107.5	3089815.5	3509143	3796138	3717858.5	3980834.2	3627087.8	3163455.5	3563010.5	4185768.2	3331489	3577147.5	3092293.8	2963787	4512827.5	3057381.2	2552973.2
"sp|Q9NUU7|DD19A_HUMAN"	"HUMAN"	8553252	9149804	6183992.5	10953326	6748883	8386459	12362242	9229295	8685978	9270580	8102756.5	8517927	10621468	6614357	6730925.5	7564299	9087855	9292866
"sp|Q9NUY8|TBC23_HUMAN"	"HUMAN"	0	0	425880.2	446756.06	394609.53	0	0	0	412692.62	0	330221.7	0	409521.75	392225.03	434885.94	585833.75	403766.62	0
"sp|Q9NV06|DCA13_HUMAN"	"HUMAN"	1962438.1	1266196.1	2242644.5	1966506.2	1225515.2	1690422.4	1240954.8	2064674.6	1630362	2054227.2	2412990.5	2143507.2	1995762.2	2619827.2	3415352.2	3510919.5	2576762.5	2464132.5
"sp|Q9NV31|IMP3_HUMAN"	"HUMAN"	1455010.8	316950.03	1032915.44	662857.7	1269461	1229172	885043.06	422321.5	1031802.75	1148456.4	1410789	0	1147210.9	190382.17	732689.1	1072087.2	699508.2	687060.44
"sp|Q9NV56|MRGBP_HUMAN"	"HUMAN"	1512357.2	990275	0	1234217.9	1615917.1	0	368532.75	287161.28	1114530.1	1285544.4	1222670.9	1631478.9	194832.83	1721734.9	286410.4	1370838.5	349432.4	1182784.1
"sp|Q9NV70|EXOC1_HUMAN"	"HUMAN"	251338.28	229162.45	92909.33	249915.23	178543.06	226469.94	296360.66	235607.05	203196.36	446180.94	239935.16	179185.94	206500.62	145497.25	213525.81	242619.25	234793.33	201777.81
"sp|Q9NVA2|SEP11_HUMAN"	"HUMAN"	2139091.5	4213201	2895121.8	2196482.8	2902318.5	3961457	4455357	2773766	4459611	3112157.8	4336287	2773032	2874103.5	4358423	4153911	2084297.1	3117042.5	4066806.5
"sp|Q9NVH1|DJC11_HUMAN"	"HUMAN"	1988463.8	3524862.8	2020439	1840392.1	2237386.5	4441040.5	2983097.5	3281547	1801846.1	1627764.8	2146452.5	1975231.2	4187956.5	2025459.1	1223347.8	2460843.2	2141293	2631773.2
"sp|Q9NVI1|FANCI_HUMAN"	"HUMAN"	432108.75	425713.44	752271.9	429134.25	426702.9	914370.9	395968.3	1127006.4	628145.4	395116	449392.88	564170.6	628275	178426.83	1093372.4	444495.97	601707	1105239.4
"sp|Q9NVI7|ATD3A_HUMAN"	"HUMAN"	14970228	17885638	17734522	17710698	15978674	17837968	16345085	17694364	17452790	16022155	19831168	15343848	17616402	14089073	15445433	16367601	15838612	16491859
"sp|Q9NVJ2|ARL8B_HUMAN"	"HUMAN"	3980970.8	4320207.5	3939960.5	4607730	4140033.5	3954437.8	4920539.5	4886970	3898543.8	3735974.5	3688407.5	5192860	3817295.5	3833192	5122571	4190401.5	4809076	4480495
"sp|Q9NVM4|ANM7_HUMAN"	"HUMAN"	218125.27	269264.53	197143.22	187123.44	229126.81	232945.62	0	230738.81	0	244510.97	0	0	0	231618.16	238730.2	0	0	0
"sp|Q9NVM6|DJC17_HUMAN"	"HUMAN"	0	0	0	0	0	0	0	0	0	0	0	0	0	0	0	0	0	0
"sp|Q9NVM9|INT13_HUMAN"	"HUMAN"	486160.7	334228.78	0	0	457757.47	0	379569.1	295698.2	0	0	678733.6	372103.28	497383.12	0	424039.88	429292.34	678722.3	340177.94
"sp|Q9NVN8|GNL3L_HUMAN"	"HUMAN"	1184939.6	0	1614935.5	132971.28	0	812592.4	0	0	0	0	0	0	0	0	0	0	0	0
"sp|Q9NVP1|DDX18_HUMAN"	"HUMAN"	14391452	16821280	15474803	11391660	16943920	17144780	15603863	17691246	15431438	13847705	16345023	16913004	15862486	14736024	17770198	15873199	10918329	16001119
"sp|Q9NVS2|RT18A_HUMAN"	"HUMAN"	0	0	0	0	0	0	0	0	0	0	0	0	0	0	0	0	0	0
"sp|Q9NVS9|PNPO_HUMAN"	"HUMAN"	2893995.5	2639843.2	2553463.2	2448365.2	0	2530135	2240197.8	0	0	372797.78	0	360995.56	0	0	429037.3	399658.88	436422.34	410316.8
"sp|Q9NVT9|ARMC1_HUMAN"	"HUMAN"	1545545	1189250.2	1639518.8	985510.56	1213284.9	1552273.2	984040.1	949163.06	1297533.2	2161404.5	1685093.9	1517314.9	988041.4	1168310.9	1737814.8	1082354.4	1576481.4	1232905.4
"sp|Q9NVU0|RPC5_HUMAN"	"HUMAN"	181946.56	0	229217.98	0	259879.28	0	0	0	0	290291.4	0	166697.62	191905.45	0	179783.69	207343.36	0	186932.08
"sp|Q9NVV4|PAPD1_HUMAN"	"HUMAN"	1164289.2	0	749725.5	0	0	676622.5	0	0	0	573293.6	0	0	0	0	0	0	0	0
"sp|Q9NVX2|NLE1_HUMAN"	"HUMAN"	7945408.5	8854671	5997276.5	7529416	6730422.5	8859810	9576424	4802435.5	4186034.5	724759.1	4726174.5	6399169	3953993.2	7191211	11287007	4271352.5	4620903	5725670
"sp|Q9NVZ3|NECP2_HUMAN"	"HUMAN"	1966994.5	774560.56	2412000.5	1686766.5	1929938.5	2074165.9	1885534.4	2654423	1472802.2	1837031.8	1440106.6	1909526.4	2377321	1621060.6	2232788.8	1736846.6	1800338.5	2102893
"sp|Q9NW08|RPC2_HUMAN"	"HUMAN"	0	0	0	0	0	0	0	0	0	0	0	0	0	0	0	0	0	0
"sp|Q9NW13|RBM28_HUMAN"	"HUMAN"	0	363031.38	0	17073.559	0	33897.92	273517.97	0	0	1845935.5	135468.34	28002.355	2058107.5	1909252.2	2049634.2	2294082.5	1905988.2	761348.44
"sp|Q9NW64|RBM22_HUMAN"	"HUMAN"	1513026.6	2992498.2	3393378.8	2315204.2	4333749	1884908.2	2374748.2	3186018.5	3342381.5	3785748.5	2970583	1238657.1	2797606.2	3495113	2126532.8	3272911.2	1726289.4	2045360.6
"sp|Q9NWB6|ARGL1_HUMAN"	"HUMAN"	747520.2	836109.44	840598.75	0	705041	246562.73	0	681636.06	860237.06	311162.12	0	967050.2	0	134367.38	578631.75	150079.48	0	278819.5
"sp|Q9NWH9|SLTM_HUMAN"	"HUMAN"	85108.38	3048718.2	2974818.2	2680522.5	487618.25	3388834.2	790740.06	548867.3	895775.7	2649726.8	3375299.8	91781.72	3257798.2	2429471.5	3139430.8	775842.7	3274314.2	3106892.5
"sp|Q9NWS0|PIHD1_HUMAN"	"HUMAN"	2630842	3353531	3152484.8	2442797.5	2850165	2699121.8	2521573.8	2185194.5	2287418.8	198133.77	2002370.4	1721045.5	1825736.5	1683137.4	48196.13	0	2766727.5	2075626.4
"sp|Q9NWS6|F118A_HUMAN"	"HUMAN"	440693.5	700262.6	0	498809.5	423050.97	0	471631.16	0	519834.5	0	0	0	0	0	450848.4	0	0	465930.9
"sp|Q9NWT1|PK1IP_HUMAN"	"HUMAN"	0	0	0	543265.5	0	763232.5	0	0	575488.1	329872.56	0	0	0	0	0	0	0	312247.6
"sp|Q9NWU1|OXSM_HUMAN"	"HUMAN"	0	0	0	0	0	0	0	0	0	196373.53	0	191639.86	934841.06	207384.84	182906.11	196472.3	231006.86	1184157
"sp|Q9NWU2|GID8_HUMAN"	"HUMAN"	0	0	0	721596.2	1121247.9	805430	0	917633.9	0	1411542.5	1308323.9	1769684.5	1365220.8	1449467.9	189327.89	2049123	0	1546520.6
"sp|Q9NWU5|RM22_HUMAN"	"HUMAN"	0	0	0	0	0	0	0	0	0	0	0	0	0	0	0	0	0	0
"sp|Q9NWV4|CZIB_HUMAN"	"HUMAN"	4253014.5	4144762	4905911	4219536	3078579.8	4923268	4847420	4055572.2	4172551	3351648.5	3440554.8	3424077.8	3443633.5	3333516.5	3497066.5	3642908.5	3434550	3399196.5
"sp|Q9NWV8|BABA1_HUMAN"	"HUMAN"	0	0	0	0	0	0	0	0	0	0	0	0	0	0	0	0	153690.89	80154.31
"sp|Q9NWY4|HPF1_HUMAN"	"HUMAN"	0	0	0	0	0	0	0	0	0	296589.44	273397.53	809847.2	274845.34	0	842929.4	0	260798.56	516130.2
"sp|Q9NX02|NALP2_HUMAN"	"HUMAN"	0	0	0	0	0	0	0	0	0	0	0	586594.1	297050.72	0	0	0	0	0
"sp|Q9NX08|COMD8_HUMAN"	"HUMAN"	0	0	0	0	0	0	0	0	0	0	0	0	0	0	0	0	0	0
"sp|Q9NX14|NDUBB_HUMAN"	"HUMAN"	615504	565300.94	575693.2	601259	914949.1	599318.6	667482.2	694235.06	641112.06	528669.4	515469.16	628299.7	723759.06	508434.38	888603.06	459545.62	574642.6	920791.3
"sp|Q9NX20|RM16_HUMAN"	"HUMAN"	0	0	477046.62	624481.94	0	399810.2	771949.6	0	0	0	0	0	0	0	0	0	0	0
"sp|Q9NX24|NHP2_HUMAN"	"HUMAN"	6309449.5	7215595.5	5452188.5	7193361	7033948	5990659.5	7523878	7308051	7495851.5	5363499	6538813.5	5083568	7211971	5140000.5	5869943	6377857	5021911	5740758.5
"sp|Q9NX40|OCAD1_HUMAN"	"HUMAN"	5189669	5436535	5138279	5712687	5618794	5631514	5600581	3404130	5642174.5	6095859.5	8813946	6796186.5	5236638.5	5846280	6027237.5	5560882.5	5763229.5	5985517.5
"sp|Q9NX46|ADPRS_HUMAN"	"HUMAN"	0	0	0	0	0	0	0	0	0	0	0	0	0	0	0	0	0	0
"sp|Q9NX55|HYPK_HUMAN"	"HUMAN"	8629324	9448976	9644792	9651162	9677071	9529970	8902856	9949352	9340205	9767313	9870455	9133710	9269758	10291215	9493264	9502767	8982338	8728509
"sp|Q9NX58|LYAR_HUMAN"	"HUMAN"	786815.8	875359.8	1394791.5	3111719	1126391	2196877.5	694013.56	655747.7	3480242	1182401.6	1600757.4	78083.49	959618.7	1029395.06	1379100.5	822175.9	2275552.5	1300500.9
"sp|Q9NX63|MIC19_HUMAN"	"HUMAN"	7282194	6024689.5	6737512	5589249	6472551.5	6152739.5	6484762.5	5732846.5	6182624	6197382.5	5811416.5	6444986.5	6294351	6503828.5	6269970.5	6166127.5	6078743.5	5939808
"sp|Q9NX70|MED29_HUMAN"	"HUMAN"	0	0	0	0	0	0	0	0	0	0	0	0	0	0	0	0	0	0
"sp|Q9NX74|DUS2L_HUMAN"	"HUMAN"	0	0	0	0	0	0	0	0	0	0	0	0	0	0	0	0	0	0
"sp|Q9NXF1|TEX10_HUMAN"	"HUMAN"	432862.66	383704.47	775161.75	657473.25	533207.44	690258.06	782843.9	607407.7	543596.2	658275.7	802518.75	651699.75	527733.2	352591.66	678457.3	684795.9	646582	559431.25
"sp|Q9NXG2|THUM1_HUMAN"	"HUMAN"	5841861	4079693.8	4558731	6082926	5439821	4232229	5440333	5736934	4748827.5	10762006	7202989.5	6998817	8103226	7737483	10814561	6482240	6802889	6814753
"sp|Q9NXH9|TRM1_HUMAN"	"HUMAN"	710014.8	415507.62	160179.58	1039032.25	625160.5	119748.95	323740.66	0	1087568.2	844813.6	257855.2	476271.22	836353.1	1137830.4	310362.22	236012.39	847152.9	586152.94
"sp|Q9NXJ5|PGPI_HUMAN"	"HUMAN"	652180.06	0	720272.5	652683.4	671441.1	668515.6	710907.5	656204.6	593674.2	0	757520.6	629521.3	0	0	693031.25	0	0	655249.06
"sp|Q9NXR7|BABA2_HUMAN"	"HUMAN"	0	0	0	289874.5	303315.28	264424.88	266037.66	265931.56	237759.8	294039.5	323878.03	290265.3	294659.3	320307	300288.03	0	311441.84	292891.75
"sp|Q9NXR8|ING3_HUMAN"	"HUMAN"	3759634.5	3708996	3701374.8	3264825.5	3565323.2	3619766.5	3628969.5	3706965	3729229.5	0	0	0	0	0	0	671325.06	0	0
"sp|Q9NXU5|ARL15_HUMAN"	"HUMAN"	0	0	0	0	0	0	0	0	0	94832.71	0	0	0	0	0	0	0	0
"sp|Q9NXV6|CARF_HUMAN"	"HUMAN"	0	0	0	0	0	0	0	0	0	0	224113.33	0	0	0	0	0	246418.48	0
"sp|Q9NXW9|ALKB4_HUMAN"	"HUMAN"	0	0	0	0	0	0	0	0	0	37102.617	0	0	0	0	0	0	0	0
"sp|Q9NY12|GAR1_HUMAN"	"HUMAN"	6416194	6478237	6744587	6849842	6787300	6948735.5	6765354	6608510.5	7238692.5	7124338.5	6905966	7423142.5	6644451.5	7190451	7321295	7220490.5	6594935	7030290
"sp|Q9NY27|PP4R2_HUMAN"	"HUMAN"	0	424685.12	0	376753.97	0	0	0	0	0	416465.06	0	371676	407944.47	0	0	417741.44	369490.97	0
"sp|Q9NY33|DPP3_HUMAN"	"HUMAN"	3468612.2	4168476.5	3636273.2	3291814.2	3394220	3345618.2	3143252.8	3750065	2051478.6	4686230	4899034.5	4858293	4746587.5	4604828.5	2400947	3369671.2	4270689.5	3933908.2
"sp|Q9NY61|AATF_HUMAN"	"HUMAN"	1487257.1	3187382.5	1599235.9	3050511.8	965244.4	1110158.2	5714775.5	1136129	992064.2	1222627.5	2249811	2674462	3089356.5	2724665.8	2338676	4373964	2198852	2712705
"sp|Q9NY93|DDX56_HUMAN"	"HUMAN"	2143194	1951665.8	2706212.5	1997842.8	1826379.8	2227844.2	1990033	1930575.2	1784368.5	812542.75	1294005	746580.6	2624573.8	1062593	2002460.6	1633942.8	1591260.5	1814277.2
"sp|Q9NYB0|TE2IP_HUMAN"	"HUMAN"	649450.75	0	502980.12	556747.56	509559.56	509318.62	626065.2	564872.5	477549.62	557972.56	594097	0	575605.1	0	566517.1	537815.5	552457.1	431742.6
"sp|Q9NYF8|BCLF1_HUMAN"	"HUMAN"	9608239	8260002	9651019	10791527	9092788	8753149	8599147	8959186	8825489	10984754	12245951	10530483	10728900	11445354	11684063	10227842	9997620	11871766
"sp|Q9NYH9|UTP6_HUMAN"	"HUMAN"	1022826	405643.56	665838.6	980233.5	633817.44	920918.3	529719.6	1131647.2	698990.5	979560.9	300256.47	282259.84	869523.1	622046.1	357739.06	997551.75	691051.56	1332888.6
"sp|Q9NYJ1|COA4_HUMAN"	"HUMAN"	0	147535.22	103232.664	30816.43	175816.8	104238.98	0	925657.8	142336.69	141605.06	154942.38	150523.03	181446.2	170577.27	189237.42	153091.39	0	117297.14
"sp|Q9NYK5|RM39_HUMAN"	"HUMAN"	1651098.6	1856503.2	1628937.8	2591825.8	3887841.2	3332733.8	3117410.8	1735544.1	1554593.1	1417243.2	3636415	2103788	2356810.5	1291182.5	4017340.8	3961185.8	3075480.2	3089727
"sp|Q9NYL9|TMOD3_HUMAN"	"HUMAN"	6695571.5	4884456	5806909	6383513	5210892	6374938	5709963	6406742.5	6596520	3483445.5	6177856.5	3393696	6252456.5	5985375.5	6026977	6954204	6529119	5109434
"sp|Q9NYP9|MS18A_HUMAN"	"HUMAN"	1119430.9	0	0	1112000.5	0	0	19622.377	108506.164	0	141893.23	106109.65	1387778.5	1349363.8	596442.6	1512359.1	488746.72	0	157111
"sp|Q9NYU2|UGGG1_HUMAN"	"HUMAN"	1796969.1	0	0	0	0	140435.64	0	0	0	0	151876.47	137027.98	166905.53	153174.89	0	262813	0	0
"sp|Q9NYV4|CDK12_HUMAN"	"HUMAN"	0	0	0	0	0	0	0	0	0	669615.75	0	687007.3	718324.56	588579.44	0	0	679758.2	453960.34
"sp|Q9NYY8|FAKD2_HUMAN"	"HUMAN"	2015830.5	2189627.2	441270.5	2287757.5	2020193.8	1773685.9	1988638.2	2357819.8	2379696.2	249696.69	285169.47	613466.1	323996.72	1923834.2	287984.8	1702359.1	1820122.8	364824.38
"sp|Q9NZ01|TECR_HUMAN"	"HUMAN"	39351.41	0	0	0	0	0	52623.832	55621.457	0	0	0	0	0	66887.63	0	0	0	0
"sp|Q9NZ32|ARP10_HUMAN"	"HUMAN"	0	0	0	0	0	0	0	0	0	0	0	0	0	0	0	0	0	0
"sp|Q9NZ45|CISD1_HUMAN"	"HUMAN"	1343329.2	1292866.1	1391459.4	1263478.1	1277761.5	1234420.2	1209432.1	1353825.4	1325290.9	1837147	4230903.5	1621574.1	1730957.8	1679709	1697998.2	1252498.5	1262453.6	1339688.9
"sp|Q9NZ63|TLS1_HUMAN"	"HUMAN"	8617958	8839130	8823399	8881580	7555183	7323870	7559102	5368332.5	8663398	10587487	6291460.5	8358446.5	6422585	8167190	10585313	5209855	8240620.5	10146196
"sp|Q9NZD4|AHSP_HUMAN"	"HUMAN"	148253.25	0	143420.73	131849.61	0	117869.99	0	74300.66	0	146332.06	110206.37	158456.84	127888.9	0	159764.39	0	128768.94	111926.02
"sp|Q9NZD8|SPG21_HUMAN"	"HUMAN"	207089.42	551756.44	0	275521.4	0	188873.98	300420.97	315804.28	490545.34	503533.94	535167.7	264388.7	553310.44	0	0	0	430589.78	0
"sp|Q9NZI7|UBIP1_HUMAN"	"HUMAN"	890784.3	1437157.6	1741155.9	1024586.94	2210405	0	1206346.8	0	946033.4	0	0	0	0	0	0	0	0	0
"sp|Q9NZI8|IF2B1_HUMAN"	"HUMAN"	50313868	48177564	48543544	49790588	51110870	50074436	49493972	49462532	47280110	50603350	49809276	50684270	50083536	50954612	52777390	49480324	50499960	50332890
"sp|Q9NZJ9|NUDT4_HUMAN"	"HUMAN"	3835163	1748758	3834468.8	3208598.5	5148895	7297130.5	2567455.2	3575957	3462812.2	3284008.8	2500517	3455315.5	2691480.2	3916810	3248992.5	3804288.8	2884888.8	3488695.5
"sp|Q9NZL4|HPBP1_HUMAN"	"HUMAN"	3790719.8	3412947.2	2831367.8	3981831	3415312.5	3244650	4952261	6228038	3020778.2	5646693	4008759.5	6081653	3653587.5	5878270	4827114.5	4860853.5	3373679.2	4325328
"sp|Q9NZL9|MAT2B_HUMAN"	"HUMAN"	3333786	2677424.2	2688064.5	2838807.2	3002060.5	4433695	3976180.2	2732141	2841279.2	3758569	3382934.8	3682839.2	3814870.2	3622624.8	3963900	3699920.8	3530408.2	3744241.5
"sp|Q9NZM5|NOP53_HUMAN"	"HUMAN"	0	0	0	0	0	0	0	0	0	0	0	0	0	0	0	180346.17	0	0
"sp|Q9NZN4|EHD2_HUMAN"	"HUMAN"	0	0	0	0	0	0	0	0	0	0	0	0	0	0	0	0	0	0
"sp|Q9NZN8|CNOT2_HUMAN"	"HUMAN"	0	0	0	0	0	0	0	0	0	0	0	0	0	78801.4	0	0	0	0
"sp|Q9NZT2|OGFR_HUMAN"	"HUMAN"	0	457753.94	0	0	0	9897.005	0	0	0	446480.38	456355.88	448977.62	430351.12	0	429140.06	829984.6	451099.9	0
"sp|Q9NZZ3|CHMP5_HUMAN"	"HUMAN"	0	1242560.1	1524242.9	780122.94	1070701	1098042	1013932.06	1270291.8	0	0	0	0	0	1060488	1216066.8	1279845.8	0	0
"sp|Q9P000|COMD9_HUMAN"	"HUMAN"	665923.4	568018.7	526678.94	521734.53	567882.44	726141.6	710544.1	423359.4	486788.5	407933.5	496420.34	644590.9	690905.1	456035.75	465816.4	536968.4	636935.94	607249.1
"sp|Q9P013|CWC15_HUMAN"	"HUMAN"	1039099.94	1050217.9	1155140.4	851664.8	847300.7	1135101.4	839670.06	1050712.5	1000695.2	2169628.2	1025086.75	1780828	933174	1187091.8	892961.5	1932260.2	1799036.5	1981142
"sp|Q9P015|RM15_HUMAN"	"HUMAN"	611454.5	0	208653.25	1814420.4	1522186.6	604391.4	1579116.9	1730421.8	237650.1	236998.17	0	265055.25	237969.19	0	218499.42	270775	2146747	1961614.9
"sp|Q9P016|THYN1_HUMAN"	"HUMAN"	743197.75	3100044.8	2750812	2621157	1040028.6	155081.89	0	43502.613	0	1011127.3	3229111	3909906.8	3463343.5	3072464	3435682	1048576.1	5444452	2708032.5
"sp|Q9P032|NDUF4_HUMAN"	"HUMAN"	377194.56	316203.25	718180.7	304090.38	310542.44	798289.5	326033.84	330596.8	695653.25	375664.06	356948.97	729074.6	326960.53	335522.2	779458.4	739846.6	894210.9	347129.06
"sp|Q9P035|HACD3_HUMAN"	"HUMAN"	0	0	0	0	154665.03	0	0	218969.34	0	167911.94	185644.42	0	158744.4	216499.53	0	0	0	0
"sp|Q9P0J0|NDUAD_HUMAN"	"HUMAN"	0	641040.44	1458992.9	797684.4	534792.3	363867.38	1117270.8	478538.97	568169.1	443811.2	1302984	653299.7	655964.8	681368.7	671031.1	1429106	560724.56	858076.4
"sp|Q9P0J7|KCMF1_HUMAN"	"HUMAN"	0	0	0	0	0	0	99253.914	0	0	0	0	0	0	0	0	0	0	0
"sp|Q9P0L0|VAPA_HUMAN"	"HUMAN"	8111707	9384315	7625026	8680029	10669446	8811922	9071407	9531072	8358473	9118762	8368536	8614471	8703171	10409974	8774720	8462834	8883981	8955371
"sp|Q9P0P0|RN181_HUMAN"	"HUMAN"	0	0	0	0	0	0	0	0	0	0	185197.69	0	0	0	0	0	0	0
"sp|Q9P0R6|GSKIP_HUMAN"	"HUMAN"	0	0	0	0	0	0	0	73077.86	0	0	0	0	0	0	0	0	0	0
"sp|Q9P0U3|SENP1_HUMAN"	"HUMAN"	0	0	0	0	0	0	73819.32	99471.805	0	0	53182.594	0	0	82788.336	0	0	0	0
"sp|Q9P258|RCC2_HUMAN"	"HUMAN"	47029828	49627484	50019748	52947444	48840396	49796916	51766890	48753630	48273960	52523916	51186024	51838600	53042092	53221348	51115650	52247936	53134308	50781156
"sp|Q9P265|DIP2B_HUMAN"	"HUMAN"	995484.9	1115430.5	3080396.5	1095808.1	920298.3	3829455.5	1086731.2	1082451	2320236.8	3842813	2805522.5	2004615.2	3248919.5	2591962.5	3855881.2	2814471.5	2908573.8	2814344.2
"sp|Q9P275|UBP36_HUMAN"	"HUMAN"	241838.64	0	0	0	0	0	153096.88	0	0	78455.44	0	0	0	0	0	0	0	0
"sp|Q9P287|BCCIP_HUMAN"	"HUMAN"	8206679.5	7864923.5	7799860	8028898	7875409	7956411.5	6485952.5	7895929.5	7586340.5	10347592	10808849	11003714	10742958	10462209	10109975	10497968	8015878.5	11209860
"sp|Q9P289|STK26_HUMAN"	"HUMAN"	13427925	3436615	7349395	7063472.5	17387414	14060204	9334132	12921410	13710920	12356177	3210229	5712002	13804973	3244856.8	4064073	4914080.5	7116144	4394910
"sp|Q9P2E9|RRBP1_HUMAN"	"HUMAN"	489332.53	419152.44	496620.3	793938.75	798398.7	784452.44	816800.1	1168703.9	863637	234291.78	27087642	717396.8	427499.34	497462.5	616738.5	285568.03	213918.33	754857.75
"sp|Q9P2I0|CPSF2_HUMAN"	"HUMAN"	790081.9	1663228.4	1533070.2	892459.5	1477081	1829093	1558874	992878.94	992160.06	1446796.5	1504326	5732257.5	1543809.6	1643899	1513903.8	1533096	1601870.8	1585212.5
"sp|Q9P2J5|SYLC_HUMAN"	"HUMAN"	34725500	35031308	26550714	33535866	36217980	33845530	33255034	33631024	33346164	31689414	34400380	31041730	35100092	35281044	31609932	32381534	33414910	34137250
"sp|Q9P2K3|RCOR3_HUMAN"	"HUMAN"	0	0	0	0	0	0	0	0	0	0	0	0	0	0	612259.7	0	622947.7	0
"sp|Q9P2N5|RBM27_HUMAN"	"HUMAN"	922376.4	0	306640.1	0	209841.66	216309.64	0	0	0	1708629.5	486653.78	2170554.8	1469733.5	1401873.9	1372847.5	1228595.5	2638405.5	2921182
"sp|Q9P2R3|ANFY1_HUMAN"	"HUMAN"	0	0	0	0	0	0	0	0	0	0	0	0	0	0	0	0	0	0
"sp|Q9P2R7|SUCB1_HUMAN"	"HUMAN"	837939.6	933045.06	546102.25	693653	0	652964.44	563131.1	559677.44	839058.44	637769.56	0	565847.1	488778.62	537130.2	0	621055.3	527049.75	549371.06
"sp|Q9P2T1|GMPR2_HUMAN"	"HUMAN"	1012644.4	167778.64	0	840280.3	0	261944.92	693967.3	979144.44	0	0	325369.72	0	0	0	680237.3	0	0	606790.4
"sp|Q9UBB4|ATX10_HUMAN"	"HUMAN"	2633932	2055424.2	2690673	2501885.2	3151065.2	2442190	1495960.5	2192964.2	3029739.2	2758607.8	4274390.5	4234616	4940099.5	3675940	4153100.8	4955189	3842513.8	4392696
"sp|Q9UBB5|MBD2_HUMAN"	"HUMAN"	0	0	0	510354.16	366965.9	0	0	0	0	0	536502.75	0	0	0	0	515062.56	0	0
"sp|Q9UBB6|NCDN_HUMAN"	"HUMAN"	0	0	0	0	0	0	0	0	0	0	0	0	80553.44	0	0	0	0	0
"sp|Q9UBB9|TFP11_HUMAN"	"HUMAN"	216941.52	3164936.8	3594495.2	3639761.5	2626809.8	2068952.4	3977225.5	3292570	3917438.5	3429231	2932168	2572253.8	2729987.2	2885812.5	2335780.2	381633.53	3568068	2857543.5
"sp|Q9UBC2|EP15R_HUMAN"	"HUMAN"	0	0	0	0	0	0	0	0	0	0	0	0	0	0	0	0	0	0
"sp|Q9UBD5|ORC3_HUMAN"	"HUMAN"	0	0	0	658812.94	0	0	0	0	0	0	0	0	0	0	32344.35	0	0	0
"sp|Q9UBE0|SAE1_HUMAN"	"HUMAN"	15173236	12577633	13700660	13122607	13663659	14125778	13393314	14462921	14363528	13874328	13607838	13576853	12500532	12951998	15032327	11311471	15164840	15277516
"sp|Q9UBF1|MAGC2_HUMAN"	"HUMAN"	2414971	2644876.8	2327067.2	3044531.2	3214908.5	2411542.5	3001256.2	2282936.5	2861909	2588620.8	3232467.5	2993652	3254193	2953964.5	3971175	2992250.2	3933186.8	3800865.2
"sp|Q9UBF2|COPG2_HUMAN"	"HUMAN"	5941030.5	5066595	4517220.5	3133328	3948682	5487671.5	4878169	3580423.5	3361116	3339223.2	4461007	4248547	5411570	3147349.8	4843656	5583023	4782346	5021098.5
"sp|Q9UBF8|PI4KB_HUMAN"	"HUMAN"	759078.2	744869.7	0	655403.56	0	706330	816750.94	0	0	0	0	0	0	0	0	0	0	0
"sp|Q9UBI1|COMD3_HUMAN"	"HUMAN"	166353.55	0	0	0	0	0	136078.72	0	0	158491.69	150682.64	0	0	0	130850.01	160438.98	173528.66	116005.984
"sp|Q9UBL3|ASH2L_HUMAN"	"HUMAN"	2470421.5	2211729.8	2241051.2	3057053.5	2917613.8	2148731	1878343.9	2006796.1	2543316.2	3025270.5	1572279.2	3041397.5	2685586	1295720.1	1654330	1392065.4	1261334.5	517362.97
"sp|Q9UBP6|TRMB_HUMAN"	"HUMAN"	0	0	0	0	0	0	0	0	0	0	0	0	0	0	0	0	0	0
"sp|Q9UBQ0|VPS29_HUMAN"	"HUMAN"	1267682.2	780764.6	339908.34	1841641	653727.25	1203853.8	1004314.9	1291777.1	1180227.1	1936541	541841.4	1496483.8	1613297.2	274529.94	1278069	1121086.9	535198.56	604242.8
"sp|Q9UBQ5|EIF3K_HUMAN"	"HUMAN"	17655662	19025318	18092096	17927780	6030264.5	18136288	17281252	18023474	17059692	14132952	13752149	14179955	6925330.5	14815760	15928942	14518825	17240326	15791283
"sp|Q9UBQ7|GRHPR_HUMAN"	"HUMAN"	5058255.5	5334414.5	6009337	3411897.2	4624058.5	3768222	6513491	5924596.5	3218660.5	5956576.5	5621840	5439352	4647758	6032277.5	5618100.5	5284760	3692757.2	4657107
"sp|Q9UBR2|CATZ_HUMAN"	"HUMAN"	705556.06	2006270	1594737	773591.56	1795074.6	2008367	2123836.8	732956.2	1509228.2	1795521	2863467.8	723644.1	2526955.2	2565790.8	2026671.5	2731183.8	1697844.5	2967940.5
"sp|Q9UBS4|DJB11_HUMAN"	"HUMAN"	1988785.5	0	593633.2	502760.8	1234208	628880.25	630478.7	524305.7	617783.25	1236789.9	1622627.5	1451424.8	1836882.2	1492388	1522933.2	1978750.2	1005352.44	1291964.8
"sp|Q9UBT2|SAE2_HUMAN"	"HUMAN"	118921990	112911710	115331304	28353160	26542514	27699276	26473812	103712504	116267160	71630170	71619130	73744400	71346984	70357870	68429560	67951810	69417370	76694250
"sp|Q9UBU8|MO4L1_HUMAN"	"HUMAN"	0	0	0	0	164858.42	176017.23	0	0	0	169613.22	340466.44	176386.23	191745.4	169941.39	179757.1	0	168331.5	180528.69
"sp|Q9UBU9|NXF1_HUMAN"	"HUMAN"	6791987	5536970	5846179	6699534.5	6655920	6395661.5	6682016	5781192.5	6363660.5	5429101.5	5313716	7201423	5123691	4622516.5	5681054	6175567	4895250.5	5734838.5
"sp|Q9UBV8|PEF1_HUMAN"	"HUMAN"	1854774.9	1886194.1	1893601.1	1629799	1588893.2	1679114.8	1820486.6	1682837.9	2014032.8	1838800.5	1664072.2	1973385.1	1907794.8	1778140.1	2132223	2182274.5	2017699	1990818.4
"sp|Q9UBW8|CSN7A_HUMAN"	"HUMAN"	1461952.5	1381457.8	1517890.2	1423450.2	1369548.1	1697746.9	1296499.8	1251139.9	1198133.9	32643.902	0	0	0	0	0	0	0	0
"sp|Q9UBX3|DIC_HUMAN"	"HUMAN"	769446.2	899490.3	799340.7	831250.56	690889.2	948345.44	687009.7	804137.25	849085.3	917063	724188.56	810444.3	727747.56	786169.7	807608.4	737841.9	881132.1	880487.3
"sp|Q9UDW1|QCR9_HUMAN"	"HUMAN"	444204.38	354728.2	388874.28	383886.28	442416.38	416915.62	404093.66	359460.38	436353.5	419748.03	434041.28	461136.38	388214.16	385478.47	398205.53	398638	459186.72	421605.84
"sp|Q9UDY4|DNJB4_HUMAN"	"HUMAN"	293529.88	290022	0	0	0	0	310417.28	0	322982.56	0	57846.586	0	0	0	0	0	0	0
"sp|Q9UEE9|CFDP1_HUMAN"	"HUMAN"	0	0	35887.47	0	0	0	0	0	0	39524.234	0	0	0	43646.56	0	37028.312	0	0
"sp|Q9UER7|DAXX_HUMAN"	"HUMAN"	0	0	0	0	0	0	0	0	0	0	0	895332.4	1279553.9	840970.94	0	0	0	824226.5
"sp|Q9UEU0|VTI1B_HUMAN"	"HUMAN"	0	0	0	0	0	0	0	0	0	0	0	0	0	0	0	0	0	0
"sp|Q9UEY8|ADDG_HUMAN"	"HUMAN"	0	0	0	0	0	0	0	0	0	0	0	0	0	0	0	0	0	0
"sp|Q9UFC0|LRWD1_HUMAN"	"HUMAN"	2711978.2	2244133.5	2059619.9	2555432.2	1377158.8	2692900.5	0	1915383.2	2513143.2	3117665	2249470	2027846	341087.8	1252028	2276928.8	2760860	2042421.6	685039.5
"sp|Q9UFG5|CS025_HUMAN"	"HUMAN"	0	437654.34	506289.34	434162.12	438373.5	554077.56	459638.1	475577.12	0	0	381168.16	471845.75	452706.2	0	442440.4	593248.2	547788.25	0
"sp|Q9UFN0|NPS3A_HUMAN"	"HUMAN"	0	222217.84	0	257558.48	221496.11	656212.44	233985.7	0	0	746813.6	611647	708240.9	819185.1	820214.6	769503.94	640639.6	788069.25	843740.1
"sp|Q9UG63|ABCF2_HUMAN"	"HUMAN"	14229934	12719039	14231829	17037042	13884654	15835828	15278098	13867631	14816773	16259474	14605142	15152045	15037060	14814013	14573527	14195860	15643353	16282715
"sp|Q9UGI8|TES_HUMAN"	"HUMAN"	417078.9	459035.25	321163.44	930308.44	1164236	341295.72	887041.94	1416009.2	400097.38	1497572.9	2150158.5	1486155.1	1649828.5	1639870.6	2111089.5	1997403	716522	2618029.8
"sp|Q9UGJ1|GCP4_HUMAN"	"HUMAN"	0	0	0	0	0	0	0	0	0	0	0	0	0	0	0	0	0	0
"sp|Q9UGM6|SYWM_HUMAN"	"HUMAN"	0	0	0	0	0	0	0	0	0	821903.1	695905.5	0	0	0	0	0	0	0
"sp|Q9UGV2|NDRG3_HUMAN"	"HUMAN"	0	0	517919	310535.12	0	481737.25	0	377647.72	408523.44	426201	387776.34	0	407212.25	296869.3	0	0	359656.97	468207.8
"sp|Q9UHA3|RLP24_HUMAN"	"HUMAN"	1006126.2	1142907.1	1093797.2	1172166.4	955709.9	1048293.06	1035033.25	1428998.9	1105216.4	866720.2	674455.1	699433.56	607162.8	865869.44	855115.7	1151162.6	670812.1	786375.4
"sp|Q9UHA4|LTOR3_HUMAN"	"HUMAN"	976773.6	1187064.6	964873.56	1048911.5	872978.44	937126.7	731312.6	1004125.8	808273.4	835256	981754.44	858590.06	765923.9	1000880.6	806952.56	917398	798510.94	1001520.06
"sp|Q9UHB6|LIMA1_HUMAN"	"HUMAN"	2060292	3381033	2179626.2	2941736.2	1836499.5	1840448.5	3123500.8	2767063	1748692.9	1762433	3148196	1758946.9	1509830.2	1928384.8	2740543.5	605923.25	2724781.8	2878986.5
"sp|Q9UHB9|SRP68_HUMAN"	"HUMAN"	6470017	6665550	7536432.5	7420394	6306576.5	7080968	7381843	7743863.5	7022564.5	7226972.5	6729549.5	8020384.5	8175237.5	8248741.5	7856506.5	7985258	7912206.5	7633549
"sp|Q9UHD1|CHRD1_HUMAN"	"HUMAN"	17737462	18026718	17415156	18270452	18846446	17625438	17817192	18036884	17581410	17930302	18623278	18517040	19831172	17963574	18768348	17158318	18820834	18889476
"sp|Q9UHD8|SEPT9_HUMAN"	"HUMAN"	6284821.5	5167873	5921108	6916355	4716900.5	6679382	5245782	5102363.5	6146312	4841061.5	7224846	6666834.5	6756506	7452462	6769045	6773635	6550455.5	6252858
"sp|Q9UHD9|UBQL2_HUMAN"	"HUMAN"	867633.6	798644.4	994505.6	691101.5	731823.06	779415.9	1217675.5	1259798.5	1303330.8	0	998078.1	1229969.2	814448.75	1002269.3	0	1142475.6	1259335.6	1303336.4
"sp|Q9UHI6|DDX20_HUMAN"	"HUMAN"	117691	0	0	0	0	272317.2	160608.98	311329.56	99589.49	1117696.9	88828.484	0	124907.28	726280.6	904004.9	109474.305	661946.44	886775
"sp|Q9UHL4|DPP2_HUMAN"	"HUMAN"	0	0	0	0	0	0	0	0	0	0	0	1227035.4	0	1285858.5	0	0	1264167.4	1234967.6
"sp|Q9UHQ1|NARF_HUMAN"	"HUMAN"	526837.44	385795.9	389156.38	3368914.2	0	725898.25	297417.12	963549.9	2394976	891299.5	300723.84	539058.75	600224.44	218320.06	876273.56	723843.25	352536.34	2251552
"sp|Q9UHQ9|NB5R1_HUMAN"	"HUMAN"	44645.965	67430.64	48499.914	47539.85	48833.383	54048.93	49505.88	57247.777	26210.018	1494660.6	1434219.2	1228810.1	1287265.4	1130972.1	1260230.1	1265086.5	1540537	1151481.8
"sp|Q9UHR4|BI2L1_HUMAN"	"HUMAN"	0	0	0	0	0	0	0	0	0	243599.98	198919.3	193062.2	0	0	200726.27	0	0	199196.81
"sp|Q9UHR5|S30BP_HUMAN"	"HUMAN"	106434.12	0	0	0	0	2284075.8	0	0	0	97962.08	0	94675.414	0	0	0	0	0	0
"sp|Q9UHR6|ZNHI2_HUMAN"	"HUMAN"	0	0	0	0	0	0	0	0	0	0	0	0	0	0	0	0	0	0
"sp|Q9UHV9|PFD2_HUMAN"	"HUMAN"	14791957	15149269	15362386	13946642	14873804	14921426	14888748	15018398	15452659	15172225	14842730	14594369	14739727	15675499	15459585	14966353	15030573	13754603
"sp|Q9UHW5|GPN3_HUMAN"	"HUMAN"	335709.53	0	218464.53	0	234693.69	190813.45	223449.66	375464.8	0	0	102904.4	0	0	0	0	0	0	122768.016
"sp|Q9UHX1|PUF60_HUMAN"	"HUMAN"	29539648	27604638	26932574	28120052	28785094	27058030	27557514	27844526	28054446	30975506	31180864	30415608	32362924	29918724	31345884	31535352	31449268	29208106
"sp|Q9UHY1|NRBP_HUMAN"	"HUMAN"	1597475	1627731.2	1484794.4	1557184.5	1889906.1	1660253.5	1471287.5	1668927.2	1447137.5	1517438.1	1342844.5	1993472	1427391.5	1540351.4	1703870.9	1831410.6	1671733.2	1696839.2
"sp|Q9UHY7|ENOPH_HUMAN"	"HUMAN"	3587565	4173084.5	3713614.8	3583785.8	4124149	3237197.5	3731989.2	3781218	3673258.2	2562586	3392126.2	1625305.2	3394950.2	2141922.2	1954732.5	3118103.2	3281155.5	2744697
"sp|Q9UI09|NDUAC_HUMAN"	"HUMAN"	687900.6	0	1131275.6	788337	999126	804186.56	681902.56	202437.08	1034957.44	173348	183713.11	179508.72	178749.16	728341.56	190741.03	791845.1	0	716933.5
"sp|Q9UI10|EI2BD_HUMAN"	"HUMAN"	342375.34	0	323343.7	336523.78	0	0	349394.12	0	554882.1	1329436.9	1350201.2	1143877	0	376834.7	1294819.1	0	0	510926.25
"sp|Q9UI12|VATH_HUMAN"	"HUMAN"	2267551	2707444.2	2364933	2568563	1351721.2	2379104.2	2428660.8	2304260	2664709.5	2301980.2	2714909.2	2082409.9	2174491.2	1761366	2711596.5	1692146	1956999.2	2156276.5
"sp|Q9UI26|IPO11_HUMAN"	"HUMAN"	5195702	4405162.5	5569625	5056333.5	5176052.5	4922852.5	4936895	4840255.5	4026328.8	6196004	4765667.5	4447297	5274424	3886120.5	4967498	4823719.5	5121057.5	4144641.5
"sp|Q9UI30|TR112_HUMAN"	"HUMAN"	6712159.5	6470824.5	7100195.5	6739267.5	6280350	7249841.5	6786629.5	7009527	6646306	6977751	7263789	6487432	6528257	7205448.5	6907645	6989149	6585123.5	7122814
"sp|Q9UIA9|XPO7_HUMAN"	"HUMAN"	7671056	8440093	8176404	8320597.5	8143171	8159279	4532074.5	4250214	10787221	10514901	7910759	9968013	10735883	9978502	9372574	9378356	9863648	8944787
"sp|Q9UID3|VPS51_HUMAN"	"HUMAN"	2432862.8	1962313.6	2168746.2	2230221.5	2157597	1799113.4	2279325.2	2040087.9	2089035.2	1309161.6	1097277.2	1071274.2	1173578	1293644.2	1088689.6	1130563.6	873625.4	862813.75
"sp|Q9UIG0|BAZ1B_HUMAN"	"HUMAN"	0	0	0	0	0	0	0	0	0	0	0	0	0	0	0	0	0	0
"sp|Q9UII2|ATIF1_HUMAN"	"HUMAN"	1249426	118714.766	1344428.5	1246494.4	1402628.6	1677887.9	1665566.8	1234541.6	1300520.5	1254824.2	2837770.8	2789089	0	1518150.2	3134820.5	1337759.6	2926501	1507912.4
"sp|Q9UIJ7|KAD3_HUMAN"	"HUMAN"	1522132.9	1354170.4	937462.9	1580159.2	932873.06	2498287	1057664	2027470.2	825654.3	0	1836809	640896.44	1788613.1	2536611.5	0	0	1684053.9	174458.22
"sp|Q9UIL1|SCOC_HUMAN"	"HUMAN"	562625.2	655503.44	695966.5	748455.6	629476.7	581891.94	588278.44	556100.94	549066.8	767833.2	653860.56	708673.3	778225.25	666018.2	568220	605363	757687.8	677695.56
"sp|Q9UIV1|CNOT7_HUMAN"	"HUMAN"	0	1160195.6	1147864.1	892795.44	1004684.25	908427.25	959032.7	1491727.8	958797.3	1563184.2	1610603.2	1841371.5	950476.9	828989.1	1505549.2	1513407.9	1035596.1	2000780.9
"sp|Q9UJ70|NAGK_HUMAN"	"HUMAN"	0	0	0	0	0	0	0	0	0	0	0	0	0	0	0	0	0	0
"sp|Q9UJA5|TRM6_HUMAN"	"HUMAN"	524892.06	650719.6	652463.5	473756.5	565137.9	528506.6	595374.5	526529.6	508093.3	455834.3	463869.7	0	421429.2	458259.16	452938.9	480482.2	0	450570.66
"sp|Q9UJK0|TSR3_HUMAN"	"HUMAN"	0	0	0	0	117379.96	0	0	0	0	0	0	0	0	0	0	0	413807.22	0
"sp|Q9UJS0|S2513_HUMAN"	"HUMAN"	3878164.8	3160914.5	4310561	4097642.5	2827624.5	3763260.5	2713548.5	4244559.5	3296373.2	4121775	4125542	4096924.8	3961776.8	4623088.5	3922297.8	4458937	4235439.5	3235864
"sp|Q9UJU6|DBNL_HUMAN"	"HUMAN"	0	2580898.8	292563.94	167628	2225499.2	607102.25	3415356.5	882547.4	3292801.5	1083298	352560.75	499146.84	581842.4	0	0	317337.56	778463.2	609289.2
"sp|Q9UJV9|DDX41_HUMAN"	"HUMAN"	0	0	0	0	0	0	0	0	0	0	0	0	0	0	0	0	0	0
"sp|Q9UJX3|APC7_HUMAN"	"HUMAN"	1348793.9	0	2383588.5	1672803.5	0	1185561.9	1579117.6	1505486	288695.06	2477487.5	2016809.9	1088720.8	2952188	1752947.9	1188321.5	2138946.5	2557545.5	1114911.9
"sp|Q9UJX4|APC5_HUMAN"	"HUMAN"	314180.62	159377.86	140820.69	319011.22	0	0	156154.64	117423.086	149400.47	134521.47	124991.41	147071.53	141955.34	138426.23	127144.414	155310.8	152416.89	0
"sp|Q9UJX5|APC4_HUMAN"	"HUMAN"	0	0	0	0	0	0	0	0	0	0	0	0	0	0	0	0	0	0
"sp|Q9UJY5|GGA1_HUMAN"	"HUMAN"	0	0	771171.06	0	0	0	0	2012713.2	0	0	0	0	49797.477	0	0	0	0	0
"sp|Q9UJZ1|STML2_HUMAN"	"HUMAN"	7182874	5448956.5	7242214.5	6634281	6211437.5	7155857.5	6269842	6625813.5	6553944	7201738.5	7703827	7471696	5717420	5785584	7576238.5	5597929	6529811	6261294
"sp|Q9UK41|VPS28_HUMAN"	"HUMAN"	976895.25	541489.8	854329.4	138429.23	0	706414.6	0	0	234653.45	306972.94	705230.44	0	934117.75	0	824102.75	478277.66	208082.98	4952815
"sp|Q9UK45|LSM7_HUMAN"	"HUMAN"	4979233	5735585.5	5590883	5003987	5278721	5339648.5	5073909	5002352	5125156.5	5334207	5261345	4935389	5033001.5	5848879	5055848	5350454	5111939	4853717
"sp|Q9UK76|JUPI1_HUMAN"	"HUMAN"	5471047	5039422	5752318	4266713.5	4267942.5	6246500.5	4017815	5389664.5	4131860	5994443.5	6524668	5595894.5	4155571.5	3775627	7964685.5	6039374.5	3955621	3933245.5
"sp|Q9UKB3|DJC12_HUMAN"	"HUMAN"	0	0	0	0	0	0	0	0	0	0	0	0	397574.84	0	0	0	0	0
"sp|Q9UKD2|MRT4_HUMAN"	"HUMAN"	10043502	6276476	13273858	8560380	10697956	15805814	7952056	10814803	7665345	11820993	10208243	7300347	7884049.5	8493055	6836525.5	6786473	11053487	10973221
"sp|Q9UKF6|CPSF3_HUMAN"	"HUMAN"	1342403.8	1772197.8	1004304.2	3037396.5	1674346.1	735907.1	1355825.1	1623113.5	2711831	3368358	4253221.5	900701.6	2360987.8	1679002.5	2351241.2	1803092.9	1326126	2704168.5
"sp|Q9UKJ3|GPTC8_HUMAN"	"HUMAN"	0	0	177718.94	0	0	0	213084.16	195633.67	228780.33	0	0	215583.84	188866.98	212277.47	202765.84	171071.23	192505.05	201026.67
"sp|Q9UKK6|NXT1_HUMAN"	"HUMAN"	2238884.2	1997037.1	2123090.2	2159425.2	2639979	2122306	2096249.5	2739403.5	2115411.5	241281.84	217849.75	0	0	218641.25	246108.66	554700.94	1078150.1	1656148.4
"sp|Q9UKK9|NUDT5_HUMAN"	"HUMAN"	20355302	18915766	19736736	19590750	20527834	21409324	20573414	21042150	20007370	21765298	21193626	21050590	21875232	19507534	20671612	21685594	21222398	20851720
"sp|Q9UKL0|RCOR1_HUMAN"	"HUMAN"	5633361	7176240	4369504.5	5473173	3324446.2	5426263.5	6357506	4071405.8	6593221.5	7222200.5	9165911	4575711.5	8306726.5	8885513	5922174.5	9583480	7212229.5	7329308
"sp|Q9UKM9|RALY_HUMAN"	"HUMAN"	10659423	10329567	10570493	11569601	12108769	14026500	12349402	13219533	13361915	13343079	12708751	15140127	12741165	12686856	11876442	12154997	13275141	14643816
"sp|Q9UKN8|TF3C4_HUMAN"	"HUMAN"	605178.9	234841.9	330847.03	310220	232144.56	347062.8	464902.9	322494.28	187023.72	344005.1	0	0	428015.4	448723.53	261414.72	314513.34	345517.38	278209.78
"sp|Q9UKT4|FBX5_HUMAN"	"HUMAN"	0	0	0	0	0	0	0	0	0	0	0	0	0	0	0	0	0	0
"sp|Q9UKV3|ACINU_HUMAN"	"HUMAN"	11614475	8497466	15823229	16521671	15512519	9862647	11508679	8978605	16515941	10796957	13095688	13503438	13435104	13261124	12573006	12568320	11658006	11441636
"sp|Q9UKX7|NUP50_HUMAN"	"HUMAN"	1596313.5	978835.7	981625.4	824122.6	2203733.8	864315.4	1394493.6	1615513.9	1047805.2	2431729.5	1156470.8	301375.56	2666431.5	2013271.6	3071722	1967471.5	1876073	2607148
"sp|Q9UKY7|CDV3_HUMAN"	"HUMAN"	1978985.8	1194349.6	4115964.8	3673043.2	3072427.5	4613580.5	3687647.8	3615536.2	4069220.2	3858098	3915945.5	3482312.5	3996996.5	3879738.2	4678226	4001308	4665340	4184987.2
"sp|Q9UKZ1|CNO11_HUMAN"	"HUMAN"	159131.97	0	0	101059.02	258355.06	0	0	162266.53	0	0	164564.5	134266.84	92884.87	0	88369.33	159769.53	0	93373.06
"sp|Q9UL12|SARDH_HUMAN"	"HUMAN"	541273.25	550139.94	0	467812.97	651445.6	489133.84	506428.44	541453.56	0	0	0	0	0	0	0	0	0	0
"sp|Q9UL15|BAG5_HUMAN"	"HUMAN"	0	0	0	0	0	0	0	0	0	485534.75	133064.5	149014.62	0	118927.19	134976.08	724065.3	702944.25	659939.94
"sp|Q9UL25|RAB21_HUMAN"	"HUMAN"	627017.3	1028226.25	530367.75	594500.06	1034419.56	554570.5	564813.25	1476832.2	600045.56	515526.28	548017.2	489800.56	573253.25	620638.6	494857	655051.06	494499.88	603059.3
"sp|Q9UL45|BL1S6_HUMAN"	"HUMAN"	355525.56	0	0	0	270764.38	0	0	0	0	0	0	0	0	0	236404.31	184904.19	0	265825.94
"sp|Q9UL46|PSME2_HUMAN"	"HUMAN"	3796820.5	2837697.8	3772912.5	4659777.5	3526582.2	4441651.5	2932639.8	4225650	3503512.2	3973665.2	5469401	5371302	5294297	4132356	4979411.5	4797487.5	4703620.5	6175582
"sp|Q9UL63|MKLN1_HUMAN"	"HUMAN"	956421.56	884287.56	0	1052021.2	892417.5	0	879100.75	0	922255.7	919533.94	895477.44	910048.75	848880.5	852548.75	846268.2	822178	992596.94	938440
"sp|Q9ULA0|DNPEP_HUMAN"	"HUMAN"	0	0	0	0	0	0	0	0	0	0	0	0	0	0	0	0	0	0
"sp|Q9ULC4|MCTS1_HUMAN"	"HUMAN"	2673391.8	2912097	6115366	7132807.5	2392643	3058722	3104337	3710317	6936072.5	2999084.5	3197522.8	5889575	3310428.5	3003418.8	2420998.5	2549767.5	2936636	3765053.2
"sp|Q9ULH0|KDIS_HUMAN"	"HUMAN"	0	0	0	0	0	0	0	0	0	0	0	0	0	0	0	0	0	0
"sp|Q9ULR0|ISY1_HUMAN"	"HUMAN"	0	0	0	0	0	0	0	0	0	0	0	0	0	0	0	0	0	0
"sp|Q9ULT8|HECD1_HUMAN"	"HUMAN"	0	0	0	0	0	0	0	0	0	0	0	0	0	0	0	0	0	0
"sp|Q9ULU4|ZMYD8_HUMAN"	"HUMAN"	772735.06	552689.56	843270.9	887034.56	544157.75	702205	764882.8	1203724.4	0	410194.12	982962.75	343260.06	392950.22	0	424733.66	392156.03	577530.75	410795.62
"sp|Q9ULV3|CIZ1_HUMAN"	"HUMAN"	0	0	209206.38	0	0	0	0	0	0	0	0	0	195054.75	0	0	0	0	0
"sp|Q9ULV4|COR1C_HUMAN"	"HUMAN"	19584212	13449802	19208526	15400912	16411626	18878230	15998853	18014126	15776776	20664052	13882244	22528898	17631184	16445070	20251900	18971920	18413958	22365214
"sp|Q9ULW0|TPX2_HUMAN"	"HUMAN"	1295267.6	319451.88	271929.7	340842.25	647236.1	1463756.8	1598870.8	853850	770050.4	414451.12	827900.56	213900.73	0	0	770125.06	0	246508.77	552746.94
"sp|Q9ULW3|ABT1_HUMAN"	"HUMAN"	2303311	0	2372904	0	2351277.5	2144524	0	2002002.4	0	2134557.8	1533336.9	1954982.4	1933845.5	1494998.5	1758608	1750723.2	1862216.6	1821637.5
"sp|Q9ULX3|NOB1_HUMAN"	"HUMAN"	3597040	3636455	4413170	3815118	4481532	4645597.5	4236797	4230593.5	4432666.5	5846310	5568085.5	4273824	5144941	5152901	5090370.5	4784820	5158824.5	5052442.5
"sp|Q9ULX6|AKP8L_HUMAN"	"HUMAN"	2299447.5	2249406	2075370.9	1968750.6	1872681	1953114	2227054.5	1886462.8	2098045.8	2618942.2	1768548.1	2808396	2352069.8	1897151.1	2432091.8	2288371.5	1998568.9	2410047
"sp|Q9UMR2|DD19B_HUMAN"	"HUMAN"	198608.05	0	392210.75	0	0	317435.88	0	0	0	185781.69	0	0	0	0	234720.89	0	0	0
"sp|Q9UMR5|PPT2_HUMAN"	"HUMAN"	0	0	0	0	0	0	0	0	0	0	0	0	0	160479.1	0	0	0	269826.94
"sp|Q9UMS0|NFU1_HUMAN"	"HUMAN"	1359913.4	1436594.2	1197718.9	1388157.2	1274208.1	1125355.8	1313555	1404616.6	1159082.8	0	1082322.8	0	741973.2	689626.4	1234003.8	0	0	1120919.9
"sp|Q9UMS4|PRP19_HUMAN"	"HUMAN"	46913764	46541920	46318880	44364780	43897188	47332212	47909136	47402940	45184864	46286532	47764164	47800532	46019700	47990412	47469130	47286012	47891310	48042540
"sp|Q9UMX0|UBQL1_HUMAN"	"HUMAN"	7689474	8402921	8315610.5	8204831.5	7220879.5	7818665	8383129	7995894.5	8001975.5	7709597	7846920	8565509	8176538	8063093	7240586	7913723	7646144.5	7312256
"sp|Q9UMX5|NENF_HUMAN"	"HUMAN"	377888.12	507554.75	699863.06	0	0	0	0	0	339754.7	373015.06	551012.3	702133.8	487500.4	619777.75	870744.9	752770.1	1108016.9	484850.6
"sp|Q9UMY1|NOL7_HUMAN"	"HUMAN"	0	278754.2	323201.88	353460.84	349885.25	382936.94	1785962.5	273557.84	327233.1	342881.1	1035519.75	302054.72	1590978.9	297348.3	683303.75	1363922.4	0	1337980
"sp|Q9UMY4|SNX12_HUMAN"	"HUMAN"	0	0	126417.34	131879.28	130233.36	157441.38	132624.11	0	0	127026.66	353048.75	146419.4	0	0	144425.36	0	0	126362.55
"sp|Q9UN36|NDRG2_HUMAN"	"HUMAN"	441039.16	0	623263.5	554171.06	0	0	0	357968.3	758542.25	649498.75	0	637533.56	633791.25	578019.4	0	235779.6	278570.1	422725.62
"sp|Q9UN37|VPS4A_HUMAN"	"HUMAN"	796426	712931.56	746052.2	723175.56	1398778.9	0	1358805	1444320	1347508.9	1455555.1	1439806.5	1444252.2	1466904.8	1471817.8	1428753.6	3672737	1499891.4	1479863.8
"sp|Q9UN86|G3BP2_HUMAN"	"HUMAN"	16628427	15573627	13372648	13459382	16529638	15599095	15553747	15578251	17127008	14245554	14165576	13638870	12060611	14169794	14974088	14575792	14409434	13157947
"sp|Q9UNE7|CHIP_HUMAN"	"HUMAN"	1739546.6	3030962	2297040	2949692	4024119	3263666.8	3737674	5983949.5	3601058.2	2193942	3953045.2	1803712	2172588	3328954.2	3575722.2	3885519	3212612.8	3032555.2
"sp|Q9UNF0|PACN2_HUMAN"	"HUMAN"	0	0	0	0	0	0	0	0	0	0	0	0	0	0	0	0	0	0
"sp|Q9UNF1|MAGD2_HUMAN"	"HUMAN"	0	0	0	0	114631.195	0	72650.13	0	0	84223.45	0	99242.445	0	0	0	0	0	0
"sp|Q9UNH7|SNX6_HUMAN"	"HUMAN"	4233997	5375117.5	3663060.2	3582457	1668927.8	4169766	4116817.2	2318762.8	4344077.5	4331223	3971244	4490474.5	4022743	2706380.5	5181478.5	4463024	5245074	4518899
"sp|Q9UNI6|DUS12_HUMAN"	"HUMAN"	165767.36	179230.5	174804.27	200817.31	147087.92	0	0	183878.39	0	188273.28	183742.86	186151.67	0	184725.25	185152.88	202533.34	0	187209.38
"sp|Q9UNL2|SSRG_HUMAN"	"HUMAN"	1204298.5	1276716.8	0	0	1134565.8	0	508545.53	1075878.6	0	0	0	0	0	0	0	0	0	0
"sp|Q9UNM6|PSD13_HUMAN"	"HUMAN"	28512482	23591490	25032404	28385074	27482280	28253312	26306472	29143172	25119954	28279012	29394056	29672248	26756714	26981776	25979650	25286258	28279648	28030106
"sp|Q9UNN5|FAF1_HUMAN"	"HUMAN"	7983947	8816922	7723403	8684724	9351347	7078581.5	7876255.5	7812138	8266738.5	7626201	8992668	7500307	9554959	10007251	7126501.5	9044766	9256449	9372733
"sp|Q9UNP9|PPIE_HUMAN"	"HUMAN"	4616907	2792555	2075243.2	2834129.8	2987872.5	4699436	2199697.5	2439080	2066654.8	6143429.5	5540267	4591592.5	4844440	4682581	4119193.2	4222515	4012782.5	4913377.5
"sp|Q9UNQ2|DIM1_HUMAN"	"HUMAN"	246412.58	69376.3	286741.47	1017588.8	1937834.1	1361119.5	2640173	2122308	740347.75	1932781	2173100	2304405.2	1187930.8	729082.5	2002958	696586	1226197	1667858.8
"sp|Q9UNS2|CSN3_HUMAN"	"HUMAN"	5670695	3353910	5393977.5	5565870.5	5241418	3081290.8	2713563	2581430.5	3025421.2	4866847.5	5600818	5337259	6314918	3194323	4147769.5	4410944.5	2709265.5	2775787.5
"sp|Q9UNX4|WDR3_HUMAN"	"HUMAN"	5140553	5643259.5	7179399.5	4638103.5	5993794.5	5158227.5	6059370	5491093.5	4740091.5	5244196.5	5604726	6550210	5192837	6983686.5	4457397	6851230	6324644	6306356
"sp|Q9UNZ2|NSF1C_HUMAN"	"HUMAN"	5104664	5789150	5498613	5901079	5253784.5	5176900	5394825.5	7489000.5	5582108.5	6072601.5	6546304.5	5840409.5	6079060	7357850	4920632	7188550	5380894	5452265
"sp|Q9UPN3|MACF1_HUMAN"	"HUMAN"	2447868.2	2456117.5	3232741	4971953.5	1158198.2	6134917.5	1196166.2	2880319.5	3449570.2	3441647	4251765.5	2339380	4627478	4020563	3334421.2	3083622.8	3606678.5	2582596
"sp|Q9UPN6|SCAF8_HUMAN"	"HUMAN"	0	0	0	0	0	165324.42	0	0	0	229888.11	241463.55	277785.3	263269.22	235475.38	212375.31	0	216175.03	246785.55
"sp|Q9UPN7|PP6R1_HUMAN"	"HUMAN"	648219.25	0	2017586.5	794148.5	668657.2	801174.3	658742.6	0	2374425.5	764896.75	1794496.2	1620664.9	2764677	1890998.5	1586062.5	337714.1	1197895.5	1693383.8
"sp|Q9UPN9|TRI33_HUMAN"	"HUMAN"	1309096.5	965942.9	737241.6	459733.16	1075507.5	1386141.6	420959.7	768648.6	1155962	890425.94	984810.2	452932.66	0	848294.5	23867.754	432883.75	967163.44	667762.8
"sp|Q9UPT8|ZC3H4_HUMAN"	"HUMAN"	0	0	0	0	0	0	0	0	0	0	0	0	98478.97	0	0	0	0	0
"sp|Q9UPT9|UBP22_HUMAN"	"HUMAN"	0	0	0	0	0	0	0	0	0	0	0	0	0	0	0	0	0	0
"sp|Q9UPU5|UBP24_HUMAN"	"HUMAN"	1622357.9	1491190.8	2417217.2	2730716.8	2280734	2094750.8	2223884.5	1581692.8	2296505.8	2918922	2581474	2402563	2735178	2744454.2	2428808	2365792	1905820.5	2732604.2
"sp|Q9UPW6|SATB2_HUMAN"	"HUMAN"	947936.9	0	278868.8	280911.16	497850.75	527281.2	0	798020.5	1335442.6	853161.7	693191.25	1004369.1	255144.9	0	419414.34	303271.22	661282.1	271690.25
"sp|Q9UQ16|DYN3_HUMAN"	"HUMAN"	0	0	0	0	0	0	0	592374.44	369463.66	479020.78	437903.22	542352.75	326718.38	590525.7	0	589087.8	263298.47	384339.22
"sp|Q9UQ35|SRRM2_HUMAN"	"HUMAN"	23075162	22587518	23471918	24022970	23812768	24982340	24120196	25127760	23129084	24485460	23532292	23166204	24066904	23209988	22983496	24062872	20861884	22166202
"sp|Q9UQ80|PA2G4_HUMAN"	"HUMAN"	138029310	138949150	136216420	140447660	136583280	135768820	135304220	135667870	133733450	137198350	134401630	135175840	136565140	132701496	135478660	131554920	136255940	138753500
"sp|Q9UQ84|EXO1_HUMAN"	"HUMAN"	0	0	0	0	0	0	0	0	0	0	0	0	0	130315.95	0	0	0	0
"sp|Q9UQB8|BAIP2_HUMAN"	"HUMAN"	0	0	127897.49	0	0	0	220643.1	0	0	0	0	0	0	0	0	0	0	0
"sp|Q9UQE7|SMC3_HUMAN"	"HUMAN"	5801824.5	7107868	4776629	5044717	4964947	6131075	8651815	5462612	8122107	7335897	7929452.5	6373790.5	7459542	5754674.5	6180295	6849940.5	7347867	8205842.5
"sp|Q9UQR0|SCML2_HUMAN"	"HUMAN"	0	0	0	0	0	10974.889	0	0	0	0	0	0	0	0	5948.361	0	7998.597	0
"sp|Q9Y217|MTMR6_HUMAN"	"HUMAN"	791859.1	1249870.1	731345.8	547276.56	466308.22	730426.06	659130	751124.5	0	548737.2	629641.75	501567.75	0	0	0	922682.7	0	563957.4
"sp|Q9Y221|NIP7_HUMAN"	"HUMAN"	2547672	2664383.5	2610370.2	3067798	1795637.9	2841121.5	1661348.2	1761091	2657817	4079398	6661684	3109021.5	4289287	4014739.5	2961866.8	3814437.5	2798949	3074246
"sp|Q9Y223|GLCNE_HUMAN"	"HUMAN"	0	0	0	0	0	0	0	0	0	0	0	0	0	0	0	0	666281.8	19003.1
"sp|Q9Y224|RTRAF_HUMAN"	"HUMAN"	6323778	9363388	9983870	9775983	8120857	10011702	10237432	10411747	9983424	10598872	10763362	10115762	10891582	10574619	9838719	10293658	10993701	10829093
"sp|Q9Y230|RUVB2_HUMAN"	"HUMAN"	45756524	46705530	63276690	47319364	47152970	62951900	45794988	45546656	46234704	45225860	46842096	44932028	45852656	46119244	48457132	56620770	46170660	47845820
"sp|Q9Y237|PIN4_HUMAN"	"HUMAN"	1729696.1	1047554.6	1905022.8	2254374.5	2238485.5	2193593.5	1949504.9	2370910	2414750.8	2246651.5	2451604.8	1904832.5	2082474.6	2319062.5	2012048.2	1859414	1970411.2	2288413.8
"sp|Q9Y241|HIG1A_HUMAN"	"HUMAN"	1351597.1	1484948.9	1261626.1	1309446.9	1516727.2	1305905.8	1348992.2	1393171.5	1455444.2	1455960.4	1447979.1	1351450.4	1445362.6	1378631.6	1392503.1	1490131.9	1408357.1	1367222.1
"sp|Q9Y244|POMP_HUMAN"	"HUMAN"	3475495	3694123	2867785	3643615	3180530.5	3174922	2839087.8	3300276.5	3153043.8	3382680.5	2622507.2	3281228	3472425.8	3646529.5	3097265.2	3694800	3218249.2	3078549
"sp|Q9Y248|PSF2_HUMAN"	"HUMAN"	324634.28	0	342669.97	314909.38	379787.56	341546.53	275856	363261.03	380648.72	338098.97	0	0	0	0	0	0	0	0
"sp|Q9Y262|EIF3L_HUMAN"	"HUMAN"	36088376	31450136	27619382	24049302	33537736	26615004	26648070	27672900	27502272	26262670	25855152	31926858	28826986	29354236	28882526	27035544	23892140	21692712
"sp|Q9Y263|PLAP_HUMAN"	"HUMAN"	344174.06	188196.81	689269.8	607256.3	0	659149.3	0	283191.12	618983.9	296394	0	161513.36	0	0	258047.02	0	316042.7	170646.45
"sp|Q9Y265|RUVB1_HUMAN"	"HUMAN"	51652332	52739660	52092364	53007256	53073276	53269530	52221156	51761690	49589984	51655148	50139276	51400628	46197300	52583676	49972020	50595656	52561850	51248790
"sp|Q9Y266|NUDC_HUMAN"	"HUMAN"	75932750	71591870	69606430	70122450	70217040	71331060	74231260	74146360	65879604	74730490	72033970	73201360	70960510	64738028	72584216	68206200	66304860	72219100
"sp|Q9Y277|VDAC3_HUMAN"	"HUMAN"	13186033	15277134	11559351	11475635	12101351	14659404	13797838	15681236	11957659	13069145	11459410	12290988	12242356	14195488	11780373	12922492	10595012	13741236
"sp|Q9Y285|SYFA_HUMAN"	"HUMAN"	9792210	6683137	9411080	9915261	9534110	8764696	7712095	7362075	7372979	12199475	12769347	12792477	11571519	11037867	10135153	12183187	10960509	13014547
"sp|Q9Y289|SC5A6_HUMAN"	"HUMAN"	0	0	0	0	0	0	0	0	0	1025369.25	1234477.9	712510.44	1336470.1	0	1612548.6	692222.9	1470477.6	1284247.8
"sp|Q9Y294|ASF1A_HUMAN"	"HUMAN"	1527791.8	1390912.5	1711138.1	0	828156.9	1647309	1430476.6	446864.94	631586.06	1634579.2	1319111.5	735818.3	787275.3	517809.25	848597.7	1484991.6	871123.94	1437556.5
"sp|Q9Y295|DRG1_HUMAN"	"HUMAN"	7875108.5	8577073	7891184	3008012	6793492	4037579.5	7747394	4108949	7714874	3856004.8	6337652	3933073.5	7042193	3832365.5	3914290	7523382.5	3158867.2	3998271.2
"sp|Q9Y2A7|NCKP1_HUMAN"	"HUMAN"	0	0	0	0	0	0	0	0	0	0	0	0	0	0	0	0	0	0
"sp|Q9Y2B0|CNPY2_HUMAN"	"HUMAN"	2867001.2	1447857.5	1981334.4	2504217.5	4086969.2	2454729.8	2020369.2	3482672.2	2036557	1903463	3237154	2248335.8	1595922	3382400.5	2160109	2102336.8	3680499.2	2297622.2
"sp|Q9Y2D8|ADIP_HUMAN"	"HUMAN"	5722268	6571878	6628789.5	3779678.5	5894513	6108534.5	6014356.5	4365493	5409727	4830415.5	4051315.5	3874703.8	5028889.5	3867121.5	4922313	2504838.5	4236412	1423369.9
"sp|Q9Y2I1|NISCH_HUMAN"	"HUMAN"	0	0	0	0	0	0	110792.22	0	0	0	0	154748.64	0	0	0	170705.4	122560.49	0
"sp|Q9Y2K7|KDM2A_HUMAN"	"HUMAN"	0	0	0	0	10542.28	0	668861.2	0	0	857987.7	861152.3	795141.3	789404.3	715119.8	835645.56	918178.8	860573.94	874693.3
"sp|Q9Y2L1|RRP44_HUMAN"	"HUMAN"	1961606.5	1987726.4	330534.7	808226	2182560.5	928438.8	559084	1281904.2	338441.03	2497724.8	2326726	302512.75	971290.3	516690.2	1503399.6	1673522	0	1021296.4
"sp|Q9Y2L5|TPPC8_HUMAN"	"HUMAN"	0	0	0	0	0	0	0	0	0	132924.6	0	112923.05	0	0	0	475321.06	0	0
"sp|Q9Y2P8|RCL1_HUMAN"	"HUMAN"	431598.94	344072.44	0	189152.8	344760.28	170492.67	0	0	857382.4	0	328764.03	370873.53	378990.72	0	392237.06	375219.47	374268.5	359127.75
"sp|Q9Y2Q3|GSTK1_HUMAN"	"HUMAN"	5752783	5907400	5091856.5	6299867.5	5929228.5	6156854	5755691.5	5586145.5	5797577	5893588	6328730	6780341.5	4974975	5955961	5984723.5	5628047.5	6986660	6413227
"sp|Q9Y2Q5|LTOR2_HUMAN"	"HUMAN"	525874.8	0	416420.56	0	545656.8	422008.22	440454.53	433903.9	403802.7	632001.4	672164.06	614717	649530.7	554953.3	382069.12	602773.6	666367	639485.4
"sp|Q9Y2Q9|RT28_HUMAN"	"HUMAN"	1042596.06	551377.8	963934.1	1437953.9	544819.6	1162011.6	452029.28	993234	1208025.1	956324.25	1640519.5	1725516.2	1925682.4	1804830.4	1007946	1192621.6	1169538.2	1695193.8
"sp|Q9Y2R4|DDX52_HUMAN"	"HUMAN"	0	0	0	0	0	0	0	0	0	0	0	0	0	0	0	0	224756.31	0
"sp|Q9Y2R5|RT17_HUMAN"	"HUMAN"	385904.5	922943.7	2291334.5	2804793	3052220.5	891508.5	823121.9	799367	859393.56	882553.1	1850285.2	811397.75	1404776.8	2754327	1522145.9	1762634.9	438303.8	1700306.8
"sp|Q9Y2R9|RT07_HUMAN"	"HUMAN"	483415.9	528274.06	450093.03	547047.9	432749.16	969172.4	1021835.6	1126503.1	0	627796.75	935798.6	931521.75	1269120.8	863770.6	986652.1	0	1053029.8	0
"sp|Q9Y2S6|TMA7_HUMAN"	"HUMAN"	502098.75	0	455763.16	414673.8	0	516674.22	419261.4	497240.4	0	0	56243.79	0	64437.1	0	67301.52	49031.164	0	51789.992
"sp|Q9Y2S7|PDIP2_HUMAN"	"HUMAN"	0	0	0	480264.1	0	501150.7	0	0	449584.28	34476.977	0	414796.97	542578.6	604926.4	540044.75	519403.56	408817.5	356010.4
"sp|Q9Y2T2|AP3M1_HUMAN"	"HUMAN"	0	0	0	0	0	0	0	0	0	545905.1	0	0	322895.7	268845.97	224975.6	374366	0	320344.44
"sp|Q9Y2V2|CHSP1_HUMAN"	"HUMAN"	3856766.5	3893294.5	3648456.5	3556947	3758669	3694674	3785696.2	3811990.8	3560932.5	2397385.5	2517302	2562006.2	2505901.8	2661903.5	1931880.1	2545380.5	2516016	2207262.2
"sp|Q9Y2W1|TR150_HUMAN"	"HUMAN"	13881189	12919855	9118336	12407658	13058016	12081202	13819281	12246578	15356889	13184546	14894348	13489797	11916148	10688121	11358877	13603988	11916036	13995884
"sp|Q9Y2W2|WBP11_HUMAN"	"HUMAN"	3015154.8	2123775	1809278.2	2492589.2	2908116.5	2401591	1996926.2	2373871	2546249.5	3169544.5	1924463.8	2992188.5	2768842	2604733	2100513.5	1097949	1908678.1	4020827.5
"sp|Q9Y2X3|NOP58_HUMAN"	"HUMAN"	9279224	5008778	7894101	7886559.5	7533685.5	8588531	7634463.5	6774237.5	7750739	7883443	7654437.5	7598963.5	9050276	10095458	6362302	6540679.5	7987780.5	8312002.5
"sp|Q9Y2X9|ZN281_HUMAN"	"HUMAN"	0	0	0	0	0	0	0	0	0	0	0	0	0	0	0	0	0	0
"sp|Q9Y2Z0|SGT1_HUMAN"	"HUMAN"	7932435.5	8548766	7609342.5	9046692	8385601	6307392.5	8676081	7478532.5	6507450	9192890	8076152	9076093	8408414	9400609	8626451	8335295.5	8740148	8445076
"sp|Q9Y2Z4|SYYM_HUMAN"	"HUMAN"	0	0	0	0	0	0	0	0	0	0	0	0	0	0	0	0	0	0
"sp|Q9Y303|NAGA_HUMAN"	"HUMAN"	826379.2	701104.6	773331.56	801006.25	565955.1	863179	720670.1	896229.56	954129.5	0	0	0	0	0	0	0	0	583919.2
"sp|Q9Y305|ACOT9_HUMAN"	"HUMAN"	644550.5	216465.73	440504.6	352585.72	825775	608589	0	0	398575.88	0	335760.25	246224.05	274770.97	0	183525.69	338818.44	0	261003.1
"sp|Q9Y312|AAR2_HUMAN"	"HUMAN"	282187.38	561055.75	89474.016	492840.28	256066.28	0	280477.28	475648.2	0	0	0	467605.53	0	527149.75	491516.03	308712.06	0	421643.6
"sp|Q9Y314|NOSIP_HUMAN"	"HUMAN"	3881998.5	4552249.5	3178461.8	4150175	2822543	3880916.5	2669637.8	2546406.5	2920703	4574951	2985394.5	3924423.5	3191963	3153494.8	4034757	3374184	3627317.5	2591288.5
"sp|Q9Y316|MEMO1_HUMAN"	"HUMAN"	0	0	0	416237.75	0	382019.06	1279309.5	516394.56	924652.75	814462.44	1813550.2	1489227.9	1922260.8	1106299.6	745692.44	2567824	1542251	965599.56
"sp|Q9Y333|LSM2_HUMAN"	"HUMAN"	7718553	7294401.5	7718136	7649226	7781240.5	7514203	7275763	7622804	8057270	7393354	7618775	7391555	7430084	7277646.5	7564820	7333334.5	7467122	7767854
"sp|Q9Y371|SHLB1_HUMAN"	"HUMAN"	1055421.5	778762.9	405456.47	0	1083483.6	0	449271.4	389253.8	372421.9	3771742.8	3047298	2822225.8	3575965.5	3474456.8	3015862.2	3733130.2	4592154	1067254.2
"sp|Q9Y376|CAB39_HUMAN"	"HUMAN"	8505446	7181770	8133583	7837112	6489532	6929829.5	6836083	7743354	5515382	7287169.5	6623453	7329793	8284601	9624615	4932309	8354753.5	7506398	6197985.5
"sp|Q9Y383|LC7L2_HUMAN"	"HUMAN"	23618328	22097920	21867478	24683058	25603926	23336594	24385224	23545526	24785204	26982480	25933246	24620720	24174330	24414000	25203134	24130884	26114404	25920704
"sp|Q9Y399|RT02_HUMAN"	"HUMAN"	0	0	20074.152	0	0	0	0	0	0	114911.41	0	0	0	89425.09	0	0	92080.555	98081.61
"sp|Q9Y3A4|RRP7A_HUMAN"	"HUMAN"	0	0	0	0	0	0	0	0	0	0	0	0	0	0	0	0	0	0
"sp|Q9Y3A5|SBDS_HUMAN"	"HUMAN"	12140275	15534497	12691072	10386684	15487307	16123907	14456632	16835680	14253848	17138608	17765408	16228499	16406226	18626018	19029648	18408646	17880594	17257016
"sp|Q9Y3B2|EXOS1_HUMAN"	"HUMAN"	0	0	289080.62	178043.06	0	295240.38	0	0	234151.06	0	213314.58	596230.4	530285.25	0	324602.28	0	442274.94	0
"sp|Q9Y3B4|SF3B6_HUMAN"	"HUMAN"	5439477.5	5488477	5357750	5283240.5	5302437.5	5582506.5	5483795.5	5404241	5120762.5	5505107	5756642.5	5849072	5437146	6276546	5536033	5563295	5751565.5	7419402.5
"sp|Q9Y3B7|RM11_HUMAN"	"HUMAN"	0	0	0	0	0	0	0	0	0	0	918285.8	273952.12	331599.7	259672.23	270970.06	269028.34	0	185363.62
"sp|Q9Y3B8|ORN_HUMAN"	"HUMAN"	3452169.8	4926677.5	4753420	4946288.5	4064863.8	4559413	5028195.5	4379106.5	4718722	4235057.5	4087289.5	4344565	4288311	3663828.8	3747303.8	3826481.2	3502994.5	3617192.5
"sp|Q9Y3B9|RRP15_HUMAN"	"HUMAN"	1275649.9	2903308.5	4318479.5	4353285	2635727	1313296.9	415970	3241260	380476.44	2863267	2597035.2	2444670.5	1292970.1	2182911.2	3001169.5	1264453.4	2585777.5	1678713.1
"sp|Q9Y3C1|NOP16_HUMAN"	"HUMAN"	3127804.5	3649478	3383496.8	2933986	2700618.2	3401822.8	2898378.8	2897574.8	3640000.2	3485212	2918110	3822079.2	3640310.5	2950547	3144426	3422718.8	3869247.5	2917117.2
"sp|Q9Y3C4|TPRKB_HUMAN"	"HUMAN"	0	0	0	0	0	0	0	0	0	0	0	0	0	0	0	0	0	0
"sp|Q9Y3C6|PPIL1_HUMAN"	"HUMAN"	4618216	4292751	3919225.5	4183193	4615629	4198953.5	4396686.5	5599908	4567825.5	4876543.5	4238883.5	4284939	4614481	4160095.8	4126007	4180665.5	4247949	3910230.5
"sp|Q9Y3C8|UFC1_HUMAN"	"HUMAN"	2251588.5	2304136.5	1741015.8	2196324.5	1968706.8	1787931.8	3102124.2	1894977.8	1939777	2133737.8	1851499.6	2369778.8	2574063	2852852	2473519.2	2760656	2259718	2616081.5
"sp|Q9Y3D0|CIA2B_HUMAN"	"HUMAN"	827622.25	785134.44	0	740848.5	845731.8	891439.44	729897.8	874432.3	884636	0	1386160.8	1303561.1	718216.3	842008.8	1438768.4	1645910.8	722094.44	1577977.5
"sp|Q9Y3D3|RT16_HUMAN"	"HUMAN"	593701.9	596521.1	4915253.5	557956.94	554315.9	4704189	632347.1	578522.5	628879.2	5287647.5	5155779.5	745169.75	700793.75	5586060	5129321	657112.5	4603509	661894.4
"sp|Q9Y3D5|RT18C_HUMAN"	"HUMAN"	641086.25	1105774.1	0	1204503.1	717969.9	595527.5	270615.72	0	621058.1	770695.9	858687.1	0	637645.75	513480.34	484903.75	710858.9	0	792270.8
"sp|Q9Y3D6|FIS1_HUMAN"	"HUMAN"	2661936.8	1903435.8	2239542.8	2850521.5	2319622.2	2055169.8	2701839.8	1977321.5	2765343	2179591.5	1949832.9	2317415.5	2001728.5	2241780	2063315.8	2329885.2	1968549.2	2434756.5
"sp|Q9Y3D7|TIM16_HUMAN"	"HUMAN"	1385393.2	1425746.5	1421039.6	1499493.2	1396653.9	1476749	1367186.8	1447817.6	1439236.4	1405427.5	1674863	1617240.6	1734461	901686.94	1970225.8	1462871	1566497.2	1862794.1
"sp|Q9Y3D8|KAD6_HUMAN"	"HUMAN"	1344356.1	734090.1	986601.25	1028501.2	1069561	1861684.2	783149.06	797947.8	962386.4	842944.75	1090105.5	884649.4	1426213.8	901483.9	2163063.5	1379759.8	1154712.6	1462072
"sp|Q9Y3D9|RT23_HUMAN"	"HUMAN"	1552984.4	691311.5	1267364.9	1505505.6	1268285	1004377.9	684461.9	722357	1377130	1420811.2	936725.4	1219413.6	1029854.3	1168314	1036807.9	1341425	830948.6	1105550.8
"sp|Q9Y3E1|HDGR3_HUMAN"	"HUMAN"	0	0	0	0	0	0	0	0	0	0	0	0	0	0	0	0	0	0
"sp|Q9Y3E5|PTH2_HUMAN"	"HUMAN"	362465.66	379740.9	0	603298.3	327458.38	646534.7	372526.7	205145.9	329930.38	252937.25	323897.38	265750.75	200915.55	631207	337099.38	406985.62	272360.38	483581.25
"sp|Q9Y3F4|STRAP_HUMAN"	"HUMAN"	22804276	15128083	17475392	17892422	18324190	16879604	15514178	16551964	19688658	17869182	24307080	22866446	27218016	25371050	25987164	25259408	26238952	25710996
"sp|Q9Y3I0|RTCB_HUMAN"	"HUMAN"	22386464	21396654	20241726	21092512	19793732	22477742	21508054	19827668	20942980	24858138	21882636	21827268	21428036	24698528	24759312	22840132	20148830	24018772
"sp|Q9Y3L5|RAP2C_HUMAN"	"HUMAN"	0	0	0	126610.17	0	0	0	0	0	118710.81	137191.22	136648.66	0	122142.53	152711.58	0	0	0
"sp|Q9Y3Q8|T22D4_HUMAN"	"HUMAN"	211734.88	0	0	0	0	0	0	0	0	0	0	0	0	0	0	0	0	0
"sp|Q9Y3S2|ZN330_HUMAN"	"HUMAN"	0	0	0	16200.593	0	0	17393.752	14074.946	0	17546.643	0	0	0	25036.057	20985.857	0	16939.586	0
"sp|Q9Y3T9|NOC2L_HUMAN"	"HUMAN"	5258192	3515269.5	4267891	6100975	5302516.5	5103043	5217554	3986651.2	3568406.5	4988689.5	3842294.8	2835556.2	4005918.8	4152363.8	3059898.5	3681194.2	2733663.5	4062781.2
"sp|Q9Y3U8|RL36_HUMAN"	"HUMAN"	16887746	16570989	16677126	16640016	17142518	15714815	16667957	15994173	17316720	15594402	16179847	17269736	17064596	16796706	16943966	16860606	17133762	17204552
"sp|Q9Y3X0|CCDC9_HUMAN"	"HUMAN"	0	0	0	333690.34	0	0	0	0	0	390277.38	0	0	0	0	0	0	0	0
"sp|Q9Y3Y2|CHTOP_HUMAN"	"HUMAN"	770857.5	720391.56	793433.25	758184.25	707811.06	685061.3	519267.75	738080.1	0	0	717800.4	500040.88	0	0	0	448927.84	0	699150.1
"sp|Q9Y3Z3|SAMH1_HUMAN"	"HUMAN"	0	0	0	0	0	0	0	0	0	0	0	406998.97	394171.88	0	0	321557.1	0	0
"sp|Q9Y446|PKP3_HUMAN"	"HUMAN"	2034047.5	574616.44	612739.6	1556206.1	479084.5	892804.94	2210373.2	2872139.5	1207517.5	1583971.5	1235358	1068635.2	1361199.8	1501068.5	1168775	870744.06	2518066.8	1265518
"sp|Q9Y448|SKAP_HUMAN"	"HUMAN"	0	0	0	0	0	0	0	0	0	0	0	0	0	0	0	0	0	0
"sp|Q9Y450|HBS1L_HUMAN"	"HUMAN"	1677824.1	2371192.2	3346445.8	2626366	4356783.5	1727286.1	3794811	3077302.5	756602.25	4401953	3667468.2	6418451	6856335	7022481	1930721.4	1416293.5	6818023.5	6512473.5
"sp|Q9Y478|AAKB1_HUMAN"	"HUMAN"	0	0	0	209444.38	0	0	0	170191.06	0	679558.44	0	317907.8	380867.78	338195.8	0	0	343134.44	365613.16
"sp|Q9Y490|TLN1_HUMAN"	"HUMAN"	77862664	74632230	79045710	118186820	75619730	80650824	132801700	78554780	80984290	122036264	115346310	86321336	85591080	82114340	124717410	135042910	132499760	84152456
"sp|Q9Y4A5|TRRAP_HUMAN"	"HUMAN"	0	0	0	0	0	0	0	49864.27	0	0	508203.94	0	0	624092.6	627757.25	0	0	0
"sp|Q9Y4C2|TCAF1_HUMAN"	"HUMAN"	0	398663.44	0	529277.56	518784	511668.3	0	0	0	0	0	645034.4	0	0	480754.9	0	0	539122.6
"sp|Q9Y4E5|ZN451_HUMAN"	"HUMAN"	0	7876.016	67671.164	0	0	0	424591.44	0	288339.84	0	0	0	0	516241.84	0	0	0	0
"sp|Q9Y4E8|UBP15_HUMAN"	"HUMAN"	17513950	21615082	19836932	19394194	19350108	20947458	20525042	23320690	19136760	23001402	21396518	21341232	19677952	22676014	21106510	22075312	22018970	20553832
"sp|Q9Y4L1|HYOU1_HUMAN"	"HUMAN"	12079346	28661098	14693696	13208714	11008759	12256712	27417584	12747133	12830099	24320418	27670380	25900800	26997638	18865620	25395038	18623610	23632596	19674446
"sp|Q9Y4R8|TELO2_HUMAN"	"HUMAN"	0	0	214472.28	0	0	0	0	0	0	0	0	306874.1	177875.97	162906.39	142239.44	0	0	182927.83
"sp|Q9Y4W2|LAS1L_HUMAN"	"HUMAN"	2466692.2	1662519.8	3536848	3049060.5	2402201	1927994	1802039.2	1684995.1	2661710.5	2618320.5	1970913.8	810461.25	2793135	2628769	1713319.1	1200712.8	2210884.8	1193367
"sp|Q9Y4W6|AFG32_HUMAN"	"HUMAN"	2900312	4127000.2	4746706	5263534	4184474	4715599.5	4947424	1332616.1	4484818.5	2001447	3371766.5	2946023	2250627.8	1416417.8	2342901.2	1989211.2	2516094.5	2179332.2
"sp|Q9Y4X5|ARI1_HUMAN"	"HUMAN"	0	0	0	0	46836.52	0	0	0	0	0	39035.742	0	0	27654.984	373665	0	253312.05	468121.75
"sp|Q9Y4Y9|LSM5_HUMAN"	"HUMAN"	6444365.5	5975120.5	6752855	6415072	5468200	6517452	5711377.5	6351746	5561705	6533075.5	6318340	6277208	6505018	6346802	6558311	6897319.5	6447958	6149533
"sp|Q9Y4Z0|LSM4_HUMAN"	"HUMAN"	5425691	3424870	4032962.5	3506783.8	4775902	3443460.5	4597541.5	4672162	5082116.5	4851233.5	3827583.2	4151825.8	3232955.2	4373528	4057375	3138000	5298228.5	5299567
"sp|Q9Y508|RN114_HUMAN"	"HUMAN"	167632.66	57470.984	390735.38	461944.38	69546.73	0	876292.75	255983.94	82913.766	901814.3	283979.5	353097.84	873333.3	1060392.5	375316.62	754583.4	337126.12	339873.84
"sp|Q9Y512|SAM50_HUMAN"	"HUMAN"	1286602.1	709064.56	1511204	1349505.5	1235659.4	1576826.5	1183942.4	1265982	1083622.6	1743154.5	1184983.8	1407550.2	1431395.5	1437900.8	1674385.1	1617846.2	1500825.2	1501457.4
"sp|Q9Y520|PRC2C_HUMAN"	"HUMAN"	2137292	1599909.2	1094969.6	1667281.2	3354593	885413.9	1679339.2	1627786.1	1580915.2	2720103.5	1085770.5	1628029.8	2451362.5	2172348.5	1547144.8	2638509.5	1531551.4	2188092.2
"sp|Q9Y530|OARD1_HUMAN"	"HUMAN"	0	0	683556.8	0	0	804951.1	331028.12	255402.69	689935.25	935843.4	290749.44	594003.5	268015.22	291734	315172.47	0	722187.1	331309.3
"sp|Q9Y535|RPC8_HUMAN"	"HUMAN"	0	0	0	0	0	0	0	0	0	0	0	0	0	0	0	0	736409.8	0
"sp|Q9Y547|IFT25_HUMAN"	"HUMAN"	1039987.6	1533282	885014.9	1028535.1	875984.06	1381012.8	1381848.1	1288226.8	1100420.1	1007073.6	904161.75	1282179.1	1128445.5	890955.2	1192834.6	1236611.8	971421.56	982120.4
"sp|Q9Y570|PPME1_HUMAN"	"HUMAN"	3483250.5	3260160.2	3259518.8	3400195.5	2191349	3153884	2822026.8	1829543.5	2448030.2	2741145.8	3084380.8	2842026.8	3182670.2	3036657	3127923	2381741	2799057.2	2908588.5
"sp|Q9Y580|RBM7_HUMAN"	"HUMAN"	435552.56	411735.56	382141.9	428236.94	418461.34	414540.44	451939.56	371818.72	456050.4	443603.34	429474.03	415524.72	405802.75	416662.9	455920.22	490039.84	450115.7	403454.3
"sp|Q9Y597|KCTD3_HUMAN"	"HUMAN"	0	0	0	8094151.5	0	0	0	0	0	0	0	0	0	0	0	0	0	0
"sp|Q9Y5A7|NUB1_HUMAN"	"HUMAN"	147554.36	0	0	0	0	0	0	0	0	292906	0	0	339540.28	0	353671.9	369870.78	0	0
"sp|Q9Y5A9|YTHD2_HUMAN"	"HUMAN"	5910474.5	5296316.5	4638438	5810880.5	4984486.5	6320188.5	6039370	6677212	5115808.5	7174842	6709725	5937081.5	6733048	6313375.5	6298119	7011965	6676873	7043054.5
"sp|Q9Y5B6|PAXB1_HUMAN"	"HUMAN"	0	0	0	0	0	0	0	0	0	205028.28	351446.84	0	0	193445.36	187507.38	0	219595.58	189343.38
"sp|Q9Y5B8|NDK7_HUMAN"	"HUMAN"	0	0	265922.94	0	0	0	0	0	0	0	304072	278297.34	0	238304.27	237438.19	326857.22	0	0
"sp|Q9Y5B9|SP16H_HUMAN"	"HUMAN"	19296350	16009398	15392529	17221466	15799184	16865700	16429353	19316408	19727990	24402052	20098562	19858380	20521468	17998730	16159269	21676670	18573834	17230678
"sp|Q9Y5J1|UTP18_HUMAN"	"HUMAN"	5530041.5	2843274	4365630	4100737	4542793.5	5420103	5027524	4711528.5	5166940	3401935.8	3509146.5	2784062.8	4534134.5	4896824	4485950	2806706.2	3158264.5	4106878
"sp|Q9Y5J6|T10B_HUMAN"	"HUMAN"	0	0	0	0	0	0	0	0	0	0	0	0	0	0	0	0	0	0
"sp|Q9Y5J7|TIM9_HUMAN"	"HUMAN"	1967811.4	1470769.2	1626541.1	3622837.2	1570680.1	3396218	1495891	1378300.1	1848195.1	2800592.2	1647849.2	2985808.5	1722330.6	2318309.8	1388831.6	2609555.5	1648237	2738008.5
"sp|Q9Y5J9|TIM8B_HUMAN"	"HUMAN"	3358122.5	1876659.2	3404652	3375276	3549199.5	2252781.5	3549703.5	3410180.2	2372610.5	2918010.2	2708860.8	3017293.2	3504676.2	3893637	2881458	3827137.2	2782185	2645666.8
"sp|Q9Y5K5|UCHL5_HUMAN"	"HUMAN"	18572422	18022366	19292380	19177996	18322664	18511754	19469648	19843844	18339440	18713424	18361512	17771762	19653510	19881124	18683000	20682538	19175712	18623042
"sp|Q9Y5K6|CD2AP_HUMAN"	"HUMAN"	7611797.5	5173885	5348031	4166248.5	7946678.5	4558093	5944702.5	5603174.5	4413245.5	7304918.5	4801755	4799916.5	8376375	5407666.5	4373271.5	5337408	6124537.5	5212611
"sp|Q9Y5K8|VATD_HUMAN"	"HUMAN"	0	0	0	0	0	0	0	0	0	0	0	0	0	0	0	0	0	0
"sp|Q9Y5L0|TNPO3_HUMAN"	"HUMAN"	11272138	10224778	11659527	8038887	8272006.5	10801343	9540097	9961090	10076316	10997560	8081987	9210988	8572827	7400691.5	10971299	10295256	9278448	8692480
"sp|Q9Y5L4|TIM13_HUMAN"	"HUMAN"	10324889	9104112	9123004	9288111	8596474	8789012	8509529	9421518	8726091	10243300	10085723	10486240	9719226	10128252	9361654	9916072	10267438	8887156
"sp|Q9Y5P4|CERT_HUMAN"	"HUMAN"	0	0	0	0	0	0	0	0	0	0	0	0	0	0	0	0	0	0
"sp|Q9Y5P6|GMPPB_HUMAN"	"HUMAN"	0	0	0	0	0	0	0	0	0	0	0	0	0	0	0	0	0	0
"sp|Q9Y5Q8|TF3C5_HUMAN"	"HUMAN"	683461.4	1635551.4	1308837.5	966645.4	1135599.1	1855573	1790489.5	662135.3	1800844	561811.4	0	646556.56	380907.25	313945.2	410731.94	137265.72	126051.36	141684.75
"sp|Q9Y5Q9|TF3C3_HUMAN"	"HUMAN"	0	0	0	0	2220478	0	0	0	0	0	0	0	0	0	0	0	0	0
"sp|Q9Y5S9|RBM8A_HUMAN"	"HUMAN"	17944940	16851824	18084356	18370120	16932504	18099452	17888912	18078674	18429714	18673590	17106774	18253328	18393952	19030636	19280288	19956504	19421226	20475804
"sp|Q9Y5T5|UBP16_HUMAN"	"HUMAN"	657622.9	950033.25	877013.25	930378.8	959637.6	861761.6	845600.1	1061538	1117739.8	1647254.2	1407491.8	547752.25	1482499.5	0	0	561519.06	1088187	1420811
"sp|Q9Y5V0|ZN706_HUMAN"	"HUMAN"	1399840.4	1650637.2	1461023.5	2834601.2	0	1568692.6	1552814	1691058.8	2610986.8	1994047.1	2592440.5	2886356	606473.1	2540417.5	1206890.6	1366071.9	2903795.8	2454961.5
"sp|Q9Y5X1|SNX9_HUMAN"	"HUMAN"	3831784	3038712.2	2778624	2689180.8	3189408.2	3583674.8	5693607	2702350	2886841.2	3194560.5	2635589.8	3723289	3132412.8	4227138.5	3065508.5	4226863	3582005.2	3240224.5
"sp|Q9Y5X3|SNX5_HUMAN"	"HUMAN"	741533.4	2024845.8	1240547.5	2359165	292252.94	681502.06	1431698.5	0	1269612.8	1958248.5	2795556	2091077.1	2560933	2606556	1722679.9	589936.44	585486.7	2393857
"sp|Q9Y5Y2|NUBP2_HUMAN"	"HUMAN"	660597.4	1670777.8	1408877.5	10197576	1359898.9	10404365	10537617	1685244	10369438	10133751	10101020	10167407	10216568	10179796	9989267	10244316	10447171	10308724
"sp|Q9Y5Z4|HEBP2_HUMAN"	"HUMAN"	1772346.2	0	532182.4	912141.75	1472305.6	1027809.5	627457.5	1407063.2	1385010.1	748039.94	604160.6	749333.8	1106014.2	722454.06	531432.9	1717757.4	1192750.8	586900.6
"sp|Q9Y606|PUS1_HUMAN"	"HUMAN"	1762251.8	1144127.8	1041967.5	1547378.2	1689186.8	1568871.5	1099681.5	1542687.4	1090514.5	1271513.9	1869728.2	2349553.5	1030672.1	1564470.6	1544222	2145620.8	1702853.2	1960136.1
"sp|Q9Y608|LRRF2_HUMAN"	"HUMAN"	0	769665.9	0	0	0	0	0	0	0	0	0	0	910692.25	0	0	768460.7	0	0
"sp|Q9Y613|FHOD1_HUMAN"	"HUMAN"	2139525.8	2159011.5	2439986.2	2367070	2673544.8	584308.5	3101121.5	2500411.5	3128027.5	2164892.5	2589441.5	2680171.5	4391438	2612735.2	2669185	3979389	2830016.8	2595839.2
"sp|Q9Y617|SERC_HUMAN"	"HUMAN"	43289080	43669356	44913692	44676380	44112092	44519460	45256644	43759010	45997084	44490550	45697024	46175750	45212670	44667444	41815470	44461180	42438396	42853276
"sp|Q9Y624|JAM1_HUMAN"	"HUMAN"	278425.47	0	270467.75	256070.61	262965.78	270987.72	0	626903.2	281512.1	0	0	0	0	0	0	0	0	0
"sp|Q9Y676|RT18B_HUMAN"	"HUMAN"	355002.1	452089.22	417748.97	267757.66	372148	380102.94	402964.2	393500.38	337905.53	293010.3	370777.28	302636.4	360454.44	352423.1	377246.2	343392.8	310661.4	376195.2
"sp|Q9Y678|COPG1_HUMAN"	"HUMAN"	6219277.5	5555500.5	5843056.5	5862379.5	4227531	5480311.5	8367178	5746296.5	5226580	5723202	5018972	4952068.5	4091347.8	5407676	4105582	6131985.5	5643402.5	4609751
"sp|Q9Y696|CLIC4_HUMAN"	"HUMAN"	4495179.5	2804683.2	3383499.8	4654041	2576630.8	4910424	3102006.8	3050046	3402792	1668138.5	2803396.5	3213893	2360051	1559713.1	1872715.6	1907699.9	1561481.2	2201347
"sp|Q9Y697|NFS1_HUMAN"	"HUMAN"	0	0	0	0	0	0	0	0	0	0	144378.73	0	0	87920.32	0	0	0	113647.31
"sp|Q9Y6A4|CFA20_HUMAN"	"HUMAN"	0	0	0	0	0	0	0	0	0	0	0	517348.94	0	0	0	0	0	201514.58
"sp|Q9Y6A5|TACC3_HUMAN"	"HUMAN"	4070673.5	2353280.8	1989940.8	4865866.5	4974853.5	1314263.4	4921923.5	3682750	2179493.2	3598765	4458096	4131717	2652125.8	3500601	1709624	2307211.2	2875070.8	2696940.5
"sp|Q9Y6B6|SAR1B_HUMAN"	"HUMAN"	895288.6	430619.28	406906.44	515676.62	518875.88	895070.25	948325.9	397182.16	1018806.1	923186.5	448746.12	947145.5	390933.72	595271.9	956963.6	540073.2	510187.22	516673.34
"sp|Q9Y6C9|MTCH2_HUMAN"	"HUMAN"	2918189.2	2685903	2655816.5	2321484	2496948	3082279.5	3462189.2	2547316	3067576.8	3310804.2	4344162	2763350.5	2625888.2	3421976	2435129.8	3518936	3770923.8	2940171.8
"sp|Q9Y6D9|MD1L1_HUMAN"	"HUMAN"	1854686.8	805714.25	1100043.4	831552.4	1231228.8	1227330.2	1770033.5	1349631.6	964445.4	1084296.5	1366833.6	1145238.6	867988.4	1193638.8	1482694.5	1359363	1412147.9	1421192.8
"sp|Q9Y6E0|STK24_HUMAN"	"HUMAN"	0	0	0	0	0	0	0	0	0	0	0	0	0	0	0	0	0	0
"sp|Q9Y6E2|5MP1_HUMAN"	"HUMAN"	13680367	13009539	14886643	15132477	14150514	12424579	15647775	12913063	12915282	14797892	12515435	18250168	17023870	16021670	16754192	16594580	16426786	16686413
"sp|Q9Y6G9|DC1L1_HUMAN"	"HUMAN"	8938990	9082122	9953929	10000703	11440466	9865025	10161435	10184682	11627312	10459168	10713945	10679837	11640511	11502765	9374204	10008638	9635766	13176948
"sp|Q9Y6H1|CHCH2_HUMAN"	"HUMAN"	4862913	5015306	5966697	6098467	5881810.5	5602837	6148907	5984754.5	5783394.5	5884801	5914315.5	5722231.5	5815024	5812817	5760068	6192929	5754049.5	5805959
"sp|Q9Y6I3|EPN1_HUMAN"	"HUMAN"	0	0	0	0	0	0	0	0	0	301622.28	0	330950.84	248033.33	293650.22	342135.94	0	286478.44	0
"sp|Q9Y6I4|UBP3_HUMAN"	"HUMAN"	0	0	0	0	0	0	0	0	0	0	0	0	0	0	0	0	0	0
"sp|Q9Y6K9|NEMO_HUMAN"	"HUMAN"	0	0	0	0	0	0	0	0	0	0	0	0	0	0	0	0	0	0
"sp|Q9Y6M1|IF2B2_HUMAN"	"HUMAN"	667037.4	0	1166971.8	1016491.25	403817.25	0	0	0	368638.25	1287386.2	941528.9	859051.9	1400648.8	1358850.9	1515861.5	849118.6	884421.56	481716.84
"sp|Q9Y6M9|NDUB9_HUMAN"	"HUMAN"	0	0	0	0	0	0	0	0	0	0	0	0	0	0	0	0	0	0
"sp|Q9Y6Q9|NCOA3_HUMAN"	"HUMAN"	0	0	0	0	0	0	0	0	0	0	0	0	0	0	0	0	0	0
"sp|Q9Y6R4|M3K4_HUMAN"	"HUMAN"	176358.83	170105.73	0	208410.1	208773.2	169336.31	177722.17	178390.14	152939.53	175963.69	195365.66	167759.44	0	185695.86	189063.75	196149.73	153569.4	168940.12
"sp|Q9Y6V7|DDX49_HUMAN"	"HUMAN"	280271.28	257091	1366851.5	658815.06	623275.94	310277.88	528880.6	0	667633.4	0	0	0	0	0	0	0	0	0
"sp|Q9Y6W3|CAN7_HUMAN"	"HUMAN"	356779.1	386357.75	223521.3	387605.4	424885	398819.44	453756.88	378411.12	442475.72	0	0	0	0	0	0	985449.75	0	0
"sp|Q9Y6W5|WASF2_HUMAN"	"HUMAN"	3105248.8	1693011.2	2608821	3643470.5	2773306	2917431	1738118.4	2889185.5	2884806.2	4954822	2521556	3656894	3426616.8	2578511.8	3591300.5	3538783.8	3774478.2	3582161
"sp|A5Z2X5|YP010_YEAST"	"YEAST"	1999676.2	2302695.5	2003289.1	1683369.2	1992769.8	1809265	1706259.6	1686417	1846356.2	0	0	0	0	0	0	0	0	0
"sp|O13516|RS9A_YEAST"	"YEAST"	0	0	263974.78	269865.88	281092.9	289944.38	270261.97	0	297199.78	123507.94	132593.94	117707.81	127881.85	0	0	0	0	0
"sp|O13563|RPN13_YEAST"	"YEAST"	221247.55	0	215445.89	191015.19	0	0	177339.81	191628.64	223382.81	0	0	0	0	0	0	0	0	0
"sp|O14455|RL36B_YEAST"	"YEAST"	50775230	45487910	46734570	48016504	45976820	28987860	49191870	34390470	34833710	16006221	28422896	32354254	31388736	28239382	28466920	26698002	26297330	30452010
"sp|O14467|MBF1_YEAST"	"YEAST"	12363145	11605522	11638665	11603923	11834453	11437612	15999401	17023058	11558523	7371337.5	7614484.5	8998453	8139393	7607653	8547902	7543288	7578903	7389572
"sp|O43137|YB085_YEAST"	"YEAST"	4430861	4311658	4709640.5	3933676	3641790.8	4654128.5	4536682	3429192.8	4178261.5	1346411.5	1310293.4	246364.44	1370251.9	258246.7	277372.3	0	245479.42	232355.31
"sp|O60200|MDM35_YEAST"	"YEAST"	0	0	0	0	0	0	0	0	0	0	0	0	0	0	0	0	0	0
"sp|O74302|YD13A_YEAST"	"YEAST"	35358450	33183606	35250956	33876640	34555264	34247268	34062532	34719892	33798284	16024539	16870314	17109782	15428098	16778532	17500596	17077682	17160882	15640846
"sp|O74700|TIM9_YEAST"	"YEAST"	554179.1	719777.5	0	715235.9	829758.6	706699.1	779420.5	0	782349.1	0	0	0	0	0	0	0	0	0
"sp|O94742|SEM1_YEAST"	"YEAST"	490643.06	395703.34	399560	353739.53	388038.97	418778.47	381535.3	432827.03	426742.84	0	0	0	0	0	0	0	0	0
"sp|P00127|QCR6_YEAST"	"YEAST"	0	72123.91	0	0	0	0	0	0	0	0	0	0	0	0	0	0	0	0
"sp|P00330|ADH1_YEAST"	"YEAST"	717064500	685865900	714683500	669364200	673249150	673508300	672892350	673230900	676913660	353789800	351271230	356377000	356333440	341939700	361401630	340972770	352249800	358856030
"sp|P00358|G3P2_YEAST"	"YEAST"	41166070	39772252	41961864	40802816	40814330	41458972	40784280	39868816	42695040	22765170	21502372	22938800	17729306	21952260	22979638	17437384	20530932	22381414
"sp|P00359|G3P3_YEAST"	"YEAST"	1399428500	1321677300	1403181600	1344590300	1172641900	1197331500	1333646600	1322064900	1188815500	687758500	687656300	683813400	686336450	712890800	721037200	666146560	692758300	715693000
"sp|P00360|G3P1_YEAST"	"YEAST"	178626820	174454510	177780160	167160600	166934290	168230660	168977490	171588940	171753860	93212070	92688190	93863250	92834984	95117150	95056920	92132280	95180130	94923930
"sp|P00445|SODC_YEAST"	"YEAST"	70017656	62604740	66258284	62537268	63962540	63073510	66082210	64921344	63430170	33572904	31829084	31983322	31619580	33137916	31493350	29810962	30836494	31082800
"sp|P00447|SODM_YEAST"	"YEAST"	1842276.2	2335456.5	2139765.8	2088387.1	1751783.5	1816803.4	1173130.2	1245998	1480411.2	917912	729255	351959.25	662080	610892.7	360949.56	712192.3	600953.7	786168.25
"sp|P00498|HIS1_YEAST"	"YEAST"	5841046.5	6333716.5	5933009.5	5610145	5379298	6724744.5	5557061	6100697	5838905	2000469.1	2444359.5	1064376.5	1729906.1	1998014	1334919	2063126	2803408.5	2156771.8
"sp|P00549|KPYK1_YEAST"	"YEAST"	1046728400	1038832450	1050625700	982026560	980895550	986697600	987508860	990579100	991382300	519602140	514947870	511588100	514143740	518745820	519306700	515572930	520027070	517979740
"sp|P00560|PGK_YEAST"	"YEAST"	1334298100	1315098200	1319798900	1240787700	1243843200	1232429400	1234688100	1244074600	1211572000	648212350	645990300	651113200	647990140	644324540	649816770	645121340	656445100	640576300
"sp|P00724|INV2_YEAST"	"YEAST"	649133.5	1614170.5	1375667.5	724558.75	669885	669745.56	1309661.2	1507076.8	728451.44	340208.7	0	0	371762.1	516602.75	0	0	0	408153.47
"sp|P00729|CBPY_YEAST"	"YEAST"	7733993	7464436.5	8160009	6356322	6962612.5	7219848	6486474	6583832	6719166.5	2778741.8	2657412	2499865.8	2648851.2	2538738.8	1840941.6	2734585.2	2975994	2527237.2
"sp|P00812|ARGI_YEAST"	"YEAST"	255023.06	720471.2	0	298575	422017.4	0	0	298662.12	771850.3	677298.75	554126.5	0	702715.5	568444.06	0	222542.16	0	0
"sp|P00815|HIS2_YEAST"	"YEAST"	28725928	34043988	28431536	30482514	25858412	23063300	27430492	32267636	32828326	8377278	8315628	11497427	12508039	11445853	12405520	8465301	8337178.5	8663618
"sp|P00817|IPYR_YEAST"	"YEAST"	74786160	70414070	73951224	68127920	71873336	71696024	70533420	68880900	66602780	34299708	37197188	33212524	34727184	33705230	32017528	35458052	34728976	37443170
"sp|P00830|ATPB_YEAST"	"YEAST"	22777026	23792512	26070872	21994458	22801580	22008700	23826448	23716378	25357490	11798902	11089765	12964508	12990056	12584674	12389127	13720479	12820430	12350546
"sp|P00890|CISY1_YEAST"	"YEAST"	7064854	7493979	7250362	6919166	7112734	6891736	7059803	6452583.5	6725536.5	3203027.2	3119981	3511602.8	3453873.8	3487601.5	3205748	3222258.8	3318023.2	3641517.8
"sp|P00899|TRPE_YEAST"	"YEAST"	1062072.4	2525036.5	1851049.2	1851074	1042972.44	1596082.5	1785000.5	1889610.8	1022339	0	0	509510.38	0	0	0	752414.6	0	0
"sp|P00924|ENO1_YEAST"	"YEAST"	138621420	139427900	140722640	129000770	130064980	129882250	130269336	128295250	130509950	68605010	68001500	69937080	70029810	68500550	69120610	70705890	69079280	69202300
"sp|P00925|ENO2_YEAST"	"YEAST"	1071929660	1039414000	1061111040	991064600	984594100	978008960	981826940	1004193860	996755800	500741570	487834900	509491460	497835500	492460000	509623230	497925020	499286800	504269220
"sp|P00931|TRP_YEAST"	"YEAST"	14014561	14280214	12937063	13051486	17388840	12648256	13487409	14085826	14587126	4720063	5748516	5019653.5	4392996	4146882	5650632.5	5017413	5771264.5	4660508
"sp|P00937|TRPG_YEAST"	"YEAST"	2397854	2295074.8	1742606.2	2518049.5	2210100.8	416583.62	2241434.8	1209971.9	2562379.5	0	1423513.4	0	1497430.8	1207980.4	0	2396300.5	1356419	1186055.5
"sp|P00942|TPIS_YEAST"	"YEAST"	132404720	117691140	131857840	114401600	118588150	126560580	114622430	114162344	118939390	60102724	58997748	62538944	62306280	59846490	63666896	58284420	57227130	58316020
"sp|P00950|PMG1_YEAST"	"YEAST"	498410750	495840930	493384830	471385400	459088100	468722240	465286750	476059900	440537380	246932480	240609700	247848060	242939940	240126400	246623970	226310240	247707980	247310850
"sp|P00958|SYMC_YEAST"	"YEAST"	9602621	6426816.5	6819609.5	6084564.5	6064504.5	7684329.5	6403467	8259693.5	7144326.5	1906258.6	1332409.5	1495800.5	1764499.6	1905203.2	1687086.8	1980567.5	1970847	2270089.5
"sp|P01094|IPA3_YEAST"	"YEAST"	716472.75	479678.9	638778.6	928757.9	587423.7	973671.5	945457.8	629165.75	952681.1	425902.84	341460.2	153265.62	366706.88	62916.13	159557.69	0	361485.53	106225.516
"sp|P01120|RAS2_YEAST"	"YEAST"	4151416.5	3134000	4115471.5	4556862	3259292.2	3834524.2	3896455	3070889.5	4502386.5	945206.1	801431.94	1063449.5	269780.1	556561.9	1652079.5	903104.6	530254	1150625
"sp|P01123|YPT1_YEAST"	"YEAST"	6257875	4764729.5	4713880	4445973.5	4469189.5	5640727.5	4967669.5	4583431.5	5220666.5	2314831.5	1660369.2	1907998.5	2128982.2	2176218.8	1204058.2	1875733.5	1403815	2179818
"sp|P02293|H2B1_YEAST"	"YEAST"	11899573	11085228	9003883	8292230.5	11440741	10260130	12271530	9994635	8335160	5472463	6242197.5	5949415	5173085	6696500	6218986	6629553	4708000.5	5792155
"sp|P02309|H4_YEAST"	"YEAST"	20580324	20558656	21139144	19769206	19486360	19823350	19075000	19229968	19936950	10604067	10886780	10727015	10638452	10734944	10561527	10682140	10694533	10693667
"sp|P02400|RLA4_YEAST"	"YEAST"	56627028	58068870	56580652	49966650	54417348	51728796	49826036	55746304	54608140	30211150	28940780	29242122	26285866	28926496	30048894	30427928	28666764	27329688
"sp|P02406|RL28_YEAST"	"YEAST"	51647130	49530012	50003348	48919584	48876936	47405010	47854220	49304856	48842524	25975750	26213670	25271534	26000278	26628908	25767184	26120242	26182684	26221056
"sp|P02407|RS17A_YEAST"	"YEAST"	70111496	67831250	67630700	61881890	62481010	64621380	62476692	62932396	64681052	35250524	37281316	34463668	34464668	29010190	35461880	33048632	34967748	35938548
"sp|P02557|TBB_YEAST"	"YEAST"	8288768	9134229	7875596.5	6439507	4583442.5	6265534.5	3604885	9956062	7798184	1726463.8	1568455	1532352.8	1422442	1247635.5	1540093	1555520.2	1645603.2	1557304.5
"sp|P02829|HSP82_YEAST"	"YEAST"	12284717	11683873	11726423	11147551	11878831	11237632	10505912	12315963	11474542	5503098.5	5318639.5	4471516	6159236	5474607.5	5677942.5	4719020.5	5582364.5	6018842
"sp|P02992|EFTU_YEAST"	"YEAST"	9176150	8587758	9183489	7145733	7935591.5	8210156	5757797	6405587.5	7264283	2768164.2	848610	1918473.9	2768535	1346675.6	1281591.5	1880277.8	774640.3	496351.6
"sp|P02994|EF1A_YEAST"	"YEAST"	550485500	535649250	557241860	512828480	508597950	517796480	511943900	513169600	512160200	268078930	270986200	266856400	269185630	269921280	271553400	260185360	267201950	275534460
"sp|P03875|AI1M_YEAST"	"YEAST"	0	0	0	0	6039431	5883245	5993349	5845761	0	3535371.5	3261461.8	0	3323537.2	3391063	0	0	3316525.8	0
"sp|P03965|CARB_YEAST"	"YEAST"	446393.75	1018303.4	455960.06	341954.56	923823.5	471364.22	735309.44	769487	503037.47	0	0	0	0	0	182385.3	0	0	0
"sp|P04046|PUR1_YEAST"	"YEAST"	9273482	9020777	9711449	9519080	9305269	8781853	8796941	8472565	9345674	2043982.6	1680899.2	1689121.8	1376186.2	350694.2	1233936.2	1551011.4	1131778.2	1235706.2
"sp|P04050|RPB1_YEAST"	"YEAST"	836064.9	664963.3	616948.3	646780	667988.25	528798.7	218424.4	766575.6	212443.47	199507.12	38050.984	32280.906	297181.34	146710.47	186105.9	296233.66	35437.945	39910.65
"sp|P04076|ARLY_YEAST"	"YEAST"	1570985.2	1500491.9	1268075.1	857575.4	1879136.8	896220.25	1039576	1444797.2	1411021.1	0	0	0	0	0	0	0	0	0
"sp|P04147|PABP_YEAST"	"YEAST"	39720176	38070304	37531892	38315364	38789560	37379944	37821268	37423596	37878690	14104294	17687912	15972503	16897826	12443685	17375724	16176982	12373629	15434917
"sp|P04161|PUR3_YEAST"	"YEAST"	345524.3	87080.55	421652.2	536924.25	318785.97	345327.44	0	410442.94	378938.5	55219.594	171221.52	0	355796.16	0	59868.996	0	0	77741.43
"sp|P04449|RL24A_YEAST"	"YEAST"	5464285.5	5487238	5477247.5	5409624.5	4980922.5	5417872.5	4927424	5317555	5668834	2790572.2	2812881	2954741	2783195.8	2797627.5	2979089	2632132.5	2999201.5	2845491
"sp|P04456|RL25_YEAST"	"YEAST"	51699564	50076908	52508724	49796636	50122660	48764876	49694268	48794590	50467556	26173016	27981862	27940890	27356852	27207272	28851366	25900388	26796402	27213748
"sp|P04801|SYTC_YEAST"	"YEAST"	27612258	23627576	28781426	25838568	23292644	25716074	22928632	24918358	27380354	10051397	9324271	9298365	10455033	10374141	11141265	9935321	11129705	10627972
"sp|P04802|SYDC_YEAST"	"YEAST"	30543002	29042552	27127588	27452862	27403356	26664966	26769684	28996420	25953772	12032567	11220486	11453527	11596427	14197509	11164300	12776774	13622633	12077699
"sp|P04806|HXKA_YEAST"	"YEAST"	235909580	260532270	247209460	239720960	236201580	232778770	240332220	242006080	228868960	121865490	121502990	121281576	122002760	119922590	121807530	122060740	116145240	119714040
"sp|P04807|HXKB_YEAST"	"YEAST"	139579760	145706060	147375890	134301620	132033220	135263620	135148240	141936740	129557550	64729612	70043880	68997890	63372770	63434496	69721710	65125804	70615720	70284300
"sp|P04840|VDAC1_YEAST"	"YEAST"	92754120	86351944	93868320	80401450	87628730	87940930	92229230	83105790	88025610	46153856	46040700	52694710	48469076	47301930	46117124	44785230	47549420	44342544
"sp|P04911|H2A1_YEAST"	"YEAST"	22494718	23502312	23314984	21755836	20881558	22104672	22404234	21562160	22078856	10517332	10273729	10402686	10315701	10412408	10431229	10120892	10302069	10125897
"sp|P05030|PMA1_YEAST"	"YEAST"	167242850	162587840	164451330	155659900	156491200	155722270	157302190	155742350	156462820	78700540	79519100	80928280	80715300	79779490	80295784	79139480	79181544	80758720
"sp|P05317|RLA0_YEAST"	"YEAST"	67307896	66189024	63137624	60353148	59562756	63396020	60467548	65764690	61456116	31626826	33471218	32763512	33357524	32565060	32865320	32868752	33083474	31847924
"sp|P05318|RLA1_YEAST"	"YEAST"	7483414	6803255.5	6040314	6811377	6931273	7029894	6933293	5745591	6335028.5	3124768.8	3065615.2	3741735	3716500.5	3565888	3102695.2	2779025	3410104.5	4234779.5
"sp|P05319|RLA2_YEAST"	"YEAST"	31393168	29622650	30555438	29006964	29503172	28775134	29081274	29303678	29365816	15348942	15863119	15288665	15140170	15150748	15501980	15369669	15575557	15377258
"sp|P05373|HEM2_YEAST"	"YEAST"	934171	953725.2	575847.1	783514.6	885136.5	561188.6	891333.75	875382.8	873132.5	254017.48	256449.72	265539.44	250789.58	242999.94	259431.84	40206.086	369975.7	262416.1
"sp|P05453|ERF3_YEAST"	"YEAST"	3234650	3105514	4818805.5	3631003.2	2678931	5509005.5	5392731.5	5811483	4758137.5	1807836.8	1724966	1923260.6	504343.4	2324649	1593684.8	565774.44	0	874734.94
"sp|P05694|METE_YEAST"	"YEAST"	33152046	31081528	30239854	31831232	31454702	29422694	29434548	29497778	31983320	12535166	12314408	14375919	12174368	11977818	14139068	11662198	11846017	15029190
"sp|P05737|RL7A_YEAST"	"YEAST"	76152210	74129900	74634890	70874700	73871490	71061330	72201670	71687016	72295770	37672984	37954788	36890350	36765950	37784650	36885930	36665360	36746104	36886510
"sp|P05738|RL9A_YEAST"	"YEAST"	54468388	52543428	53702644	51927428	51883560	50877476	55155740	52590464	51165224	25071848	25423702	26267372	26082992	28749094	26162094	26052268	26836668	28829542
"sp|P05739|RL6B_YEAST"	"YEAST"	46799868	43557210	44692556	46983780	43315800	43477580	44389864	43137376	44269560	23890324	24353380	25461614	23150766	24075458	27255282	22942928	24284862	24749416
"sp|P05740|RL17A_YEAST"	"YEAST"	5319605.5	4682267	5296884.5	4632108	4767205	5108353	4853485	4775737.5	4796420	2364440	2516485.5	2588090.2	2634036	2415432.8	2441815.8	2368420.8	2454679.5	2517239
"sp|P05743|RL26A_YEAST"	"YEAST"	35235696	32413800	35028964	32427518	33324168	33141856	32199290	32777814	33687790	16250256	16235917	17073986	16453058	16430946	16791518	14718050	15926520	16445285
"sp|P05744|RL33A_YEAST"	"YEAST"	12716898	13486575	13026677	12254171	11796733	11892639	11894903	12122882	11571464	6302148.5	6022067	6123725	6231579.5	6180363	6175322	5868990.5	6193383	5472446
"sp|P05745|RL36A_YEAST"	"YEAST"	2004105.1	1463541.6	1514816.8	1809910.5	2118127.5	1803736.1	2277898.8	2004494.5	1700267.5	1019116	718525.56	999948.75	825302.56	884513.56	1052908.5	689003.3	796969	915389.75
"sp|P05747|RL29_YEAST"	"YEAST"	310258.3	400404.72	404315.34	341616.8	316696.6	304186.56	347901.56	312450	408490.25	150144.62	145009.95	112232.92	156362	148954.72	185274.23	169310.66	138556.23	187062.5
"sp|P05748|RL15A_YEAST"	"YEAST"	41297412	41093484	40381550	40575130	40138336	38307524	40464496	39391504	38995544	20809116	20733368	20301980	20517924	21203642	21018786	21043986	21106868	21738030
"sp|P05749|RL22A_YEAST"	"YEAST"	26335390	26706582	24831530	25153092	24816680	24572832	25384370	26359332	25009010	13221202	13431808	12591519	13541792	13928548	13956989	14463356	13410140	13007815
"sp|P05750|RS3_YEAST"	"YEAST"	106153760	111092904	114545890	107043120	105575270	110635100	104397500	100509450	100278650	56173576	55255292	50863108	56188644	51956136	52978564	56336580	52362720	56063868
"sp|P05755|RS9B_YEAST"	"YEAST"	63934600	62139676	63169276	60601900	58546056	59619980	59639090	59536096	60148988	31406108	31289898	32274072	31036998	31105350	31349932	29675504	31247288	30507664
"sp|P05756|RS13_YEAST"	"YEAST"	63793276	61068084	60474704	61088936	59198096	61605012	60652956	61369892	59540148	31705912	32565174	32774728	32277914	33704560	30807020	32454910	31895308	32861340
"sp|P05759|RS31_YEAST"	"YEAST"	15576325	14921846	15815608	14909964	14795632	14965012	14943346	14812189	14544514	8033266.5	8060014	8638952	8205422.5	8101926	8006511	5262310.5	8226471.5	8147487
"sp|P06101|CDC37_YEAST"	"YEAST"	3182302.5	3218206.5	3086863.5	2333772.5	2627841.5	2415865.8	2668909.8	2097293	2786275.8	1254076.4	0	0	1235692.4	0	79804.836	240541.86	0	0
"sp|P06103|EIF3B_YEAST"	"YEAST"	5137557	5845843.5	5306823.5	5348817	4624350	5619312.5	6040179.5	4041176.2	4977179.5	1458747.9	1342552	1580227	530676.44	1692389	2131500	2091255	1684483.8	1230961.9
"sp|P06105|SC160_YEAST"	"YEAST"	33298414	27848766	33297282	28638538	28144016	18823824	31778404	24226182	25766912	19017936	17718608	17806586	18944502	22865140	6474938	5530112	11227202	18289692
"sp|P06115|CATT_YEAST"	"YEAST"	0	0	0	0	0	0	0	0	0	0	0	0	0	0	0	0	0	0
"sp|P06168|ILV5_YEAST"	"YEAST"	59285056	57568170	58823900	54793610	52814640	52569330	54608676	55388224	55650440	26637782	26324046	27041666	28559324	26403094	27533956	26803602	29620508	27509548
"sp|P06169|PDC1_YEAST"	"YEAST"	1224525200	1157347800	1219918300	1115141400	1075962600	1152398000	1049856200	1120144500	1126678400	589623940	570587140	583517400	577137660	555712830	592552800	556555840	563817860	585910340
"sp|P06197|PIS_YEAST"	"YEAST"	340934.84	0	346591.3	0	0	125665.37	0	320338.28	0	287210.6	290992.94	0	0	326866.22	0	0	0	0
"sp|P06208|LEU1_YEAST"	"YEAST"	5286476	3740643	4561322	3761910.8	3344564.8	3768389	3170821.8	3660487.5	2718632.5	1437734.4	573199.56	605101.06	623384.3	725432.94	635148.06	0	1600699.5	691598.9
"sp|P06244|KAPA_YEAST"	"YEAST"	1237710.4	938879	1375643.2	1426063.1	1368021.8	109836.4	0	922179.9	1019126.4	476155.8	1141089.5	1009850.75	0	0	810740.75	0	1121508.5	959311.7
"sp|P06367|RS14A_YEAST"	"YEAST"	1210603.5	1210615.9	1382212.4	1190039	1090764.4	1192122.9	1150656.4	1223411.6	1232290.9	516513.22	451657.8	569492.4	511333.3	0	376728.25	461887.38	514786.12	504772.94
"sp|P06634|DED1_YEAST"	"YEAST"	14603404	16487720	16363485	13116627	15185469	14073022	15649576	16876946	15109243	8142375	9142627	9410173	4899410.5	3080479.5	8667495	6828573	3182956.2	6478825.5
"sp|P06738|PHSG_YEAST"	"YEAST"	26142052	35949184	24393644	25196604	31757018	23250092	32162972	24965334	30988890	8227561.5	6126766	7906519	9348592	10838390	6593672.5	7562889	6572394.5	10649327
"sp|P06780|RHO1_YEAST"	"YEAST"	2135638	1538264.8	1553435.6	1585883.5	1374995	1421397	1489403.9	1401928.9	1443819.2	1339200.8	1494204.9	1249601.5	976385.8	1384922.2	809019.3	1285815.6	1056055.5	1214053.8
"sp|P06782|SNF1_YEAST"	"YEAST"	0	0	0	632576.4	0	0	386234.1	0	0	1476354.8	0	546192.3	0	0	0	0	0	669670.3
"sp|P06787|CALM_YEAST"	"YEAST"	13621422	13346897	13675822	13126365	11963095	13432807	13593630	12268837	13318252	6693143.5	6020098.5	6108185.5	6820491.5	5298707	6254775	6238497.5	6159325.5	6340402.5
"sp|P07149|FAS1_YEAST"	"YEAST"	50579700	53368404	52834028	52519220	55312470	49975224	52264480	48322376	47649930	17281704	20497998	16852076	19378252	16133355	19509602	15126192	19568694	17125394
"sp|P07170|KAD2_YEAST"	"YEAST"	44206710	39931876	42036176	41847824	41297524	42810856	41481020	40700460	41952776	16842650	22166070	17393472	21621720	20554572	16472132	17074664	24187102	21549236
"sp|P07213|TOM70_YEAST"	"YEAST"	5526727.5	6259891	5490160.5	6216704	5516290.5	6145591	5980381	7043962	5567181	1629656.9	2922223.5	3301208	2300962.5	4434374	2644940.2	2803269.2	4152640.5	2521934.5
"sp|P07244|PUR2_YEAST"	"YEAST"	49366596	48609584	46592624	46374460	45930176	45052590	45338410	47093230	47790076	21572402	22549624	18714908	22312802	22388392	20354080	18848586	21593458	22982282
"sp|P07245|C1TC_YEAST"	"YEAST"	40016988	98923710	126556584	121608370	37386136	36493820	37250736	117928540	37054464	94618104	96423720	96849550	11109900	92973290	16317552	16072132	15047183	94814010
"sp|P07246|ADH3_YEAST"	"YEAST"	12092186	8897528	15712029	10968372	8896140	12095198	10510709	11455324	12524132	5726824.5	5859473.5	8347169	5475357.5	6470032	5511021	6464567.5	4964818.5	5790477
"sp|P07251|ATPA_YEAST"	"YEAST"	23372072	22117364	23094562	21498220	23277374	20999992	23522932	21150890	21132044	9514302	8892064	9663335	10564398	8664933	10003058	9430032	8905875	7963370
"sp|P07256|QCR1_YEAST"	"YEAST"	2413473.8	2780309.5	3251453.5	4212704.5	3362711.5	1769779.2	3653043.8	3491135	3301545	709364.7	1016518.7	151825.81	358293.88	157003.67	0	783050.56	1199163.1	929167.1
"sp|P07257|QCR2_YEAST"	"YEAST"	7020202.5	6984727	7368400	6613796	6940311	5757836	6317773	6119325	7791459	2156835.5	1658143	2348400.2	3022237.5	3306841.2	3081724.2	1787090	2722606	3137158.5
"sp|P07259|PYR1_YEAST"	"YEAST"	80167910	81353560	79583050	68493230	74936260	75824620	73520800	74405576	75310584	30492942	33769940	32069840	33647416	31370084	32101934	34669080	26682734	33367142
"sp|P07260|IF4E_YEAST"	"YEAST"	6685743.5	6544494	5208227.5	5283276.5	6396815	6121047.5	5033066.5	4514403	6620070	2200096.8	2206151	1232526.8	1501614	2190918	2569661.8	2103681.5	2248852.8	1137933.4
"sp|P07262|DHE4_YEAST"	"YEAST"	5373008.5	5634141	5689323.5	5190091	4719958	5450990	4225102.5	5257047	5159018	342289.5	978758.06	784157.1	978598.6	1070200.1	1020746.9	1324369.4	1146398.6	771615.5
"sp|P07263|SYH_YEAST"	"YEAST"	7251879.5	5965272.5	6890616	6277515.5	7027617	6755590.5	6767723	7036651	6775950	1046248.9	1590223.5	1488961.1	900782.6	654228.56	1025766.4	1070868.4	1005635.94	964826.1
"sp|P07264|LEUC_YEAST"	"YEAST"	645555.44	700794.06	292200.9	578783.6	1319718.2	1079101.5	1011357.5	547329.2	695082.9	541438.3	461794.6	0	638260.1	0	318903.4	451167.8	290851.6	0
"sp|P07267|CARP_YEAST"	"YEAST"	29172712	27883700	29408916	22865726	23199258	24102454	24918248	24514132	24587622	12962880	12833455	12983487	13415768	13727690	12778739	13993536	12357646	12325509
"sp|P07273|TFS2_YEAST"	"YEAST"	0	266478.53	0	342186.53	386244.75	380116.53	295983.47	260213.06	0	0	393536.6	0	458021.16	342053.6	0	0	0	0
"sp|P07274|PROF_YEAST"	"YEAST"	9556013	9299828	8616534	8570600	8022579.5	8367173.5	8529260	8327414.5	7960825.5	4229716	4205151.5	4189685.8	4657950.5	4192321.2	4125738.8	4352708.5	4189133.5	4900746.5
"sp|P07278|KAPR_YEAST"	"YEAST"	6105983	4629847.5	4655291.5	5596716	3381637.2	3635963.8	3771466.2	7277889	4996988	4588674.5	1709621	1653844.6	2646970	962941.8	1660683.1	1768554	2480650.5	1165613.8
"sp|P07280|RS19A_YEAST"	"YEAST"	63967364	61911060	62817780	61277956	59103104	60830710	61188240	60631970	59897280	30692044	32156788	31495622	30140330	31184380	31270390	30696386	31346386	31312468
"sp|P07283|PMM_YEAST"	"YEAST"	16382282	15697165	15999728	14035803	12892072	14032974	13760199	13606660	13770571	4539426	4937512.5	4773722	5449485.5	2945360.8	2626825	3991719.2	2817965.5	4133036.2
"sp|P07284|SYSC_YEAST"	"YEAST"	37333304	35638970	36868890	28618556	35518540	36043340	36373760	36376370	38041724	16000228	20857730	16614194	14434030	22061398	14612405	19778680	23140990	15329575
"sp|P07342|ILVB_YEAST"	"YEAST"	3982066.5	1840476.9	4456514	0	807417.1	1153184.8	725967.5	1061618.9	2255641.2	0	0	0	0	0	0	0	0	0
"sp|P07347|ARD1_YEAST"	"YEAST"	0	0	0	0	0	0	0	0	0	0	0	0	0	0	0	0	0	0
"sp|P07560|SEC4_YEAST"	"YEAST"	3228926.5	1675755.2	1329049.2	1845591	2065579.2	1571811.6	1550216.6	1161059.9	1252786.6	1040602	0	635879.5	709378.7	646475.4	591174.25	412665.4	908719.25	626064.44
"sp|P07702|LYS2_YEAST"	"YEAST"	980842.94	471949.28	970623.06	714274.5	691765.94	1088478.9	0	339132.22	507594.34	0	305022.94	0	0	0	0	269330.1	0	0
"sp|P07703|RPAC1_YEAST"	"YEAST"	0	0	156466.9	0	0	0	0	0	0	0	0	0	0	0	0	0	0	0
"sp|P07806|SYV_YEAST"	"YEAST"	29973192	27874746	26653766	28482128	26646480	28615320	25758584	29116500	28732400	14418630	12643092	13610820	13030153	13686939	13539774	12640334	14104778	12644168
"sp|P07991|OAT_YEAST"	"YEAST"	2084516.4	2914615.8	3025374.8	2411427.2	2565474.2	2772784.8	2606495.5	2936902.2	2781400.5	1068712.8	0	510969.38	932701.1	875651.3	936416.7	1299925	487285.84	530842.9
"sp|P08417|FUMH_YEAST"	"YEAST"	1999839.5	3256108	2131918	1872994.1	1942714.6	2623075.2	2880160.8	3531567.8	2034908.4	1032751.6	1521679.4	1390596.8	1060820.1	1213234.5	343432.6	967775.25	1122671.2	1270795.2
"sp|P08524|ERG20_YEAST"	"YEAST"	8954398	12193858	9107314	8658415	7934949	7039946.5	7862609.5	8650993	8506610	5442667.5	5427769.5	5930663	6538601	3304948	6323410	5829093	5412082	6221566
"sp|P08566|ARO1_YEAST"	"YEAST"	9213430	8572072	10402947	8836291	8495370	9166390	8425867	9425972	7474967.5	3952904	3834534	4431534	3512996.5	3615023.2	3662965.5	3225110	3552025.5	3572649.8
"sp|P09064|IF2B_YEAST"	"YEAST"	7246612	9734609	7717815	10300700	9433511	6721532	9070490	7575783	9645416	2877790.8	2525276.2	3355986	1916620.2	1624300.8	2043287	1956720.8	3724215.5	2745076
"sp|P09232|PRTB_YEAST"	"YEAST"	5925121	5844429	10244257	6143367	5465831.5	6390208.5	10913946	10683258	6711931.5	2142330	2489218.2	4887350	4902297	4325044.5	2521995.5	4604188.5	2132904.2	936989.06
"sp|P09436|SYIC_YEAST"	"YEAST"	44536664	44858180	32947830	34342332	42701040	39239830	43596320	32472120	42372900	25848758	21915654	21758118	22702258	21660796	19842786	23109874	19777418	22769036
"sp|P09624|DLDH_YEAST"	"YEAST"	8341999.5	8193459	8869404	8550474	7228446	8287430	6950076.5	7260114.5	7853236	6259059	6313866	5961088	6070042	5777706	4585600.5	5063779	2116424.8	6726351
"sp|P09733|TBA1_YEAST"	"YEAST"	7555542.5	7860620.5	9278640	7593215	7931106	8658379	8218324.5	9417490	7896850.5	2274628.5	2141992.5	2963681	1538771.2	1371347	1644322.8	2051204.9	2494654.2	1795226.5
"sp|P09734|TBA3_YEAST"	"YEAST"	1391688.2	1244876.1	1226598.5	1229635.4	1283447.2	1172868.5	1117736.5	1273054.9	1157819.9	988948.44	1022793.3	989791.44	1001104.1	0	739917	0	927760.1	891704.94
"sp|P09880|TRNL_YEAST"	"YEAST"	169106.33	0	0	0	260935.72	34460.883	0	0	0	0	0	0	0	0	0	0	0	0
"sp|P09938|RIR2_YEAST"	"YEAST"	26481738	25951018	26826962	26580694	25215306	24202174	25225668	28157784	25282980	14950352	13598399	13152090	11083287	9393816	13816002	13180015	14241384	13665149
"sp|P0C0T4|RS25B_YEAST"	"YEAST"	12641320	6219563	11265164	11922500	11688346	12112753	6532947	6333862.5	12352654	6006807	3695985.2	6116305	3454785	3597807.5	3592253.5	3393710.8	3389353	3689562.5
"sp|P0C0V8|RS21A_YEAST"	"YEAST"	27542530	25710328	27294344	25850176	26179002	26109366	26341890	26046386	25792222	14293524	14428237	13901120	14055409	14526953	14576961	13126630	13578547	14579560
"sp|P0C0W1|RS22A_YEAST"	"YEAST"	37045096	36173556	36720136	34081690	34370864	33813720	34074140	34169052	35208004	17217562	17925274	17379880	17440850	17372672	17258048	17310888	18515312	17261102
"sp|P0C0W9|RL11A_YEAST"	"YEAST"	48465290	44073044	32790822	45593620	45940730	44950104	45651980	45260780	46927510	26820756	15934337	27765958	15835514	27235824	26978794	25707432	15628103	28185374
"sp|P0C0X0|RS28B_YEAST"	"YEAST"	17666868	17343060	18328236	16246316	16429528	16927618	16809390	16558146	17480840	9095530	9072138	9267546	9287826	9146573	9332311	9814068	9596552	9366168
"sp|P0C2H6|RL27A_YEAST"	"YEAST"	42236828	37932490	37965236	39934788	40432764	40486404	40803560	41008468	37371976	18553538	18984758	18698616	20039462	19787694	18691726	19481392	18054054	18018986
"sp|P0C2H8|RL31A_YEAST"	"YEAST"	51562364	49095376	50514720	48721316	45085700	47580732	48864468	49677300	47970430	22869138	21659912	22041382	23515620	21441832	24961638	20781190	22041744	25790960
"sp|P0C2H9|RL31B_YEAST"	"YEAST"	902247.06	1091696.2	992482.8	1011941.4	1119431.8	989785.1	1165037.8	946887.9	918801.94	466251.44	468064.97	522338.2	476805.53	596116.75	352050.94	417846.1	400927.62	339296.7
"sp|P0CH08|RL40A_YEAST"	"YEAST"	1115638.5	1063432.9	0	981840.94	1221735.2	510655.5	1143377.1	1036096.4	0	559471.3	651176.25	0	0	0	309071.94	565285	267934.1	0
"sp|P0CS90|HSP77_YEAST"	"YEAST"	121355736	124600420	120810560	118839040	117787350	118855750	114345550	118285280	120124170	63021644	62440676	58720264	63707228	60058708	62282012	62587476	63204572	60778144
"sp|P0CT04|IPB2_YEAST"	"YEAST"	4532090	4153754	4828032	4539499.5	4938779.5	4702514	5206173	4301761	4599437	2110672	1394198.9	1812837.2	1858905	1226379.2	1262510.1	1921010.9	1989284	2424015.5
"sp|P0CX23|RL20A_YEAST"	"YEAST"	56108504	53158130	57444960	51275812	53389932	53031564	51862660	54250660	54556412	28546054	28742830	28347034	27164900	28492420	28487332	28429280	29093900	28400986
"sp|P0CX25|RL43A_YEAST"	"YEAST"	6526198	6620858.5	6379165.5	6336698	6364300	4980703.5	6388101.5	6305161	5965386	2150163.8	2673051	2657416.2	2160024.2	2769910.8	2252177.8	3002267.8	2783900.5	2648185.2
"sp|P0CX27|RL44A_YEAST"	"YEAST"	9046351	7993901	8209212	8128393	8317486	7753889	8370213.5	8087001	8434944	3291666	3414538	2947850.5	2909896.2	3486606.2	3049189.8	3064540.5	2779458.8	3149918.2
"sp|P0CX29|RS23A_YEAST"	"YEAST"	16909180	16835392	16745148	16383527	16607131	16470761	16341376	16383382	16580794	7902829	8338371	8221011.5	8853314	8732225	8403599	8409505	8166746	8186209.5
"sp|P0CX31|RS24A_YEAST"	"YEAST"	23586676	22957346	23779088	21188168	21856256	21729566	21389404	21555268	22150966	11796944	12231494	12229780	11737681	11919290	12228652	11627134	12220344	12207751
"sp|P0CX33|RS30A_YEAST"	"YEAST"	8533901	8244111.5	8421223	8135619	7858090	8004801	7945716	7880253	8289078	3889625.8	3875297	3874602.5	4084266.2	3757404.2	3931907.5	3592861	3960182.2	3920984.8
"sp|P0CX35|RS4A_YEAST"	"YEAST"	74431340	70666640	73159110	68939000	74092030	70613690	71008960	71297224	70821000	37216450	37108150	37340452	37502584	36617890	37387950	36235428	36765936	37904252
"sp|P0CX37|RS6A_YEAST"	"YEAST"	66446600	65399936	64558740	60973984	62781690	60990748	61624440	62799564	62622892	32884718	32040154	31682516	32291282	31650174	33807172	32554984	32713632	32912326
"sp|P0CX39|RS8A_YEAST"	"YEAST"	57789550	55235720	54900480	53702404	55048584	51700492	51589610	52263816	55144790	27886194	26643716	25812586	27571676	26843554	27272458	25254612	26708422	26071942
"sp|P0CX41|RL23A_YEAST"	"YEAST"	37991316	37747684	40564790	36538970	38627828	38323470	36122420	37208130	38080030	19166180	19275834	19520848	19403660	18828614	17880642	17831714	19141092	19138966
"sp|P0CX43|RL1A_YEAST"	"YEAST"	40383644	39502450	37289470	38462628	38616372	35604504	35247660	33944740	35210540	19425986	19548070	19857824	18724914	15445616	19138852	14050434	12779871	18564394
"sp|P0CX45|RL2A_YEAST"	"YEAST"	44784500	46077470	42982264	44369924	43913900	42669892	43939510	43280510	44289876	21157390	21757442	21289844	21944862	21498300	22189912	20957764	20570586	20993828
"sp|P0CX47|RS11A_YEAST"	"YEAST"	55622850	51130976	54291256	52041436	51654892	49909216	50620120	51637584	52354880	27848404	27668024	28772366	27466188	27834226	27890774	26555148	27114602	27066426
"sp|P0CX49|RL18A_YEAST"	"YEAST"	62876668	58959976	58846120	59446700	60326160	57695200	60380788	33527510	58553252	32242762	32966914	30800118	32080332	33959748	32200562	30284284	27938560	30525862
"sp|P0CX51|RS16A_YEAST"	"YEAST"	67493440	66326900	66147110	63110070	63459244	62610660	62877316	63232690	63630812	33215448	32897052	32154310	32322266	32726010	33404256	32241764	31100646	33447024
"sp|P0CX53|RL12A_YEAST"	"YEAST"	39149964	37036640	39693656	22274042	21900348	39077824	38180970	21721622	35674610	11273629	19015210	17040624	18644514	11112144	10923597	19839490	17902932	20023872
"sp|P0CX55|RS18A_YEAST"	"YEAST"	65354960	65393884	64587060	62015656	61125344	61821210	62054030	61764564	63621440	32510018	34061276	34642496	32734140	33964548	33426620	32601416	35788204	33407140
"sp|P0CX80|MTCU1_YEAST"	"YEAST"	220703.9	225348.44	207692.62	118002.58	226586.86	231227.62	234095.08	235428.6	219024.66	48125.887	116248.64	122584.67	63144.59	45379	71542.98	105337.7	76126.36	61947.25
"sp|P0CX82|RL19A_YEAST"	"YEAST"	40454844	38644276	39529480	38030984	39960012	38824796	39166732	39273064	40438868	21369650	21540672	20719378	20833944	21760450	20266448	19642158	20147278	21754356
"sp|P0CX84|RL35A_YEAST"	"YEAST"	37473704	37737010	41596456	35652796	36354450	39315904	36866412	32854838	35962788	20011536	21806312	22023626	20644682	20320588	21214082	20316028	20354938	19962286
"sp|P10080|SSBP1_YEAST"	"YEAST"	19965612	19944636	18897398	17772794	17622584	18932206	17850290	19121842	18991090	10308714	10224149	9786402	10998880	10069479	10375841	7927958.5	8648218	11233194
"sp|P10081|IF4A_YEAST"	"YEAST"	90048420	89952790	89688160	83699810	84998690	84908060	84616980	84720270	85189736	44184732	42667990	44508932	43156090	43865010	45519050	45045508	44560788	44167960
"sp|P10356|YEY2_YEAST"	"YEAST"	0	0	0	0	0	0	0	0	0	0	0	0	0	0	0	0	0	0
"sp|P10591|HSP71_YEAST"	"YEAST"	516491300	496457470	512405820	483290180	472299680	479149920	479392700	481850020	493172130	261366860	250975230	258547570	260272980	257426900	257411280	256840700	255009620	257913070
"sp|P10592|HSP72_YEAST"	"YEAST"	75832100	76076136	75750470	72693200	71942960	71666800	71243816	71199320	71606904	38154450	38099036	38457452	38298530	38737876	37966828	38767470	37926760	38947170
"sp|P10614|CP51_YEAST"	"YEAST"	537220.44	276960.9	1054360.5	641971	433838.9	0	628215	461288.4	678821.25	152823.34	0	0	0	150994	0	0	0	0
"sp|P10622|RLA3_YEAST"	"YEAST"	14220641	16518626	15266815	13682444	14384236	14389236	14252807	14469044	14379693	6721566	6668670.5	6828973.5	7050070	7127579.5	5945547.5	6712000.5	6078413.5	6317024.5
"sp|P10659|METK1_YEAST"	"YEAST"	17504498	17428476	17817660	23242364	24140192	24736138	15284948	19562374	15399348	7366951	7390420	6863892.5	5634728.5	6223565.5	6945655	5826200	4871787	8300938
"sp|P10662|RT01_YEAST"	"YEAST"	732148.4	828455.94	0	0	0	728938.94	0	893636.56	0	0	478757.06	0	0	0	0	0	0	807335.94
"sp|P10664|RL4A_YEAST"	"YEAST"	108588060	108006940	106467304	101135050	103629090	100422750	98809350	95113070	102076130	51850132	47085344	48765852	52345816	51316284	50363212	52558244	49977124	50729616
"sp|P10869|AK_YEAST"	"YEAST"	584747.06	0	528008.5	476585.84	513808.56	502188.03	489600.06	500151.3	547268.9	0	0	0	0	0	320855.47	0	0	0
"sp|P10964|RPA1_YEAST"	"YEAST"	442348.06	7799465	1396976.6	6830539.5	0	1179636.9	350892.44	345284.28	0	6856392	0	0	0	4687851	4211038.5	3917578.5	4964779	5889015
"sp|P11075|SEC7_YEAST"	"YEAST"	977415.1	277617.44	405409.7	210823.39	411847.75	380049.3	477345.22	0	393285.28	320706	0	0	0	0	0	0	0	0
"sp|P11076|ARF1_YEAST"	"YEAST"	26159408	24200920	27046038	22786396	23296036	23775948	24539596	25522886	25224112	12973454	12780307	12543079	12544996	12687933	11922623	12483165	12726933	12036005
"sp|P11154|PYC1_YEAST"	"YEAST"	3118068.2	1539782.9	197772.64	1258731.2	1281910.2	370045.3	1015325	962912.56	1603303.5	0	655239.2	128361.21	158069.83	0	399318.97	0	0	0
"sp|P11353|HEM6_YEAST"	"YEAST"	614236.44	377960.88	560048.1	386890.2	408639.78	510261.03	474123.03	516217.56	529820.6	299084.25	0	309487.6	0	0	318727.78	0	0	0
"sp|P11412|G6PD_YEAST"	"YEAST"	10094301	9575432	9349687	9385745	8618615	9697883	9481579	9507727	9540494	2038635.5	2130467.5	2633364.5	2564599.5	2615947.5	2589392.8	3318890	2225387.5	2538657.5
"sp|P11484|SSB1_YEAST"	"YEAST"	265843660	263555920	259990960	246579180	249161140	251727340	248082670	251651420	258401760	130398504	130815880	131789770	131156180	134471360	133668800	134563420	129862040	131569020
"sp|P11491|PPB_YEAST"	"YEAST"	364700.84	416193.16	1996499.2	399564.56	319415.94	0	415394.06	353838	0	0	0	0	317856.53	0	0	0	0	305843.22
"sp|P11632|NHP6A_YEAST"	"YEAST"	3068962.5	3181635.5	3039360.5	2944284.8	3118546	3228402.2	3030418.5	2872141.2	2584044.2	1494590.8	1330792.2	1640231.8	1588773.8	0	1660992.5	1626158	1014577.9	0
"sp|P11633|NHP6B_YEAST"	"YEAST"	1218219.8	1305977.4	1254601.2	1133332.1	1033853.1	992736.9	1186837.8	977917.5	1010620.8	0	509840.5	0	0	0	0	232130.7	0	0
"sp|P11745|RNA1_YEAST"	"YEAST"	15794095	13659016	5044611.5	4082861.2	12212350	4033577.5	5512563.5	13748724	4709297.5	1072831.1	956111.75	204988.78	673857.94	674019.1	458621.03	1049706	229269.53	205487.8
"sp|P11914|MPPA_YEAST"	"YEAST"	0	0	0	0	0	0	0	0	0	0	0	0	0	0	0	0	0	0
"sp|P11938|RAP1_YEAST"	"YEAST"	0	0	0	0	0	0	0	0	0	0	0	0	0	0	0	0	0	0
"sp|P12385|ERF1_YEAST"	"YEAST"	4961296	5232723	5577573.5	4861152	5705566	5140376.5	5671513.5	6120817	5341178	1405917.4	1330218.8	2307436	1947997.8	2197132.5	1496869	1520462.9	1990786.6	681351.1
"sp|P12612|TCPA_YEAST"	"YEAST"	2142902	1378409.5	1995763.8	1800857.6	2007850.2	2197323.5	2024100.2	1476960.6	1072450.1	344284.38	739465.1	744222.6	775844.75	319737.22	802705.9	276348.3	329035.44	646103
"sp|P12688|YPK1_YEAST"	"YEAST"	259731.83	0	275283.5	253190.95	215476.3	307089.22	238987.86	323144	237591.2	177374.95	0	0	0	0	0	0	0	175092.11
"sp|P12695|ODP2_YEAST"	"YEAST"	4539120.5	2422282.5	4016848	2307126.2	4355766.5	2361955	2340631.5	4050021	3680537.5	1232997.2	633392.7	581748.5	597120.5	621108	1002917.44	1145202.9	1032847.94	989758.25
"sp|P12709|G6PI_YEAST"	"YEAST"	184066270	177219820	179311700	171408030	170074660	172746300	171606200	171040350	173962660	73396300	72554750	76790640	70382504	72215220	78240690	73769390	71024380	70202860
"sp|P12754|EI2BD_YEAST"	"YEAST"	0	25654.188	0	20177.824	24886.176	0	0	23513.443	0	0	0	0	0	0	0	0	0	0
"sp|P12945|NAT1_YEAST"	"YEAST"	1000555	2374957	2294725.5	570216.6	0	3127567.2	2887738	2608621.8	887334	0	0	0	0	0	267693.56	0	0	0
"sp|P12962|CAF20_YEAST"	"YEAST"	629437.8	775856.5	523758.97	569698.8	583627.25	583337.3	586322.6	556496	546001.75	0	305476.88	0	0	93147.63	0	199614.73	0	258370.19
"sp|P13188|SYQ_YEAST"	"YEAST"	5242013.5	4623462.5	5737328	4733711.5	3686761.8	3489567.5	4339074	5165969.5	5084517	1743335.1	1758966	1255248.5	1180398.9	1338826.5	1647687.5	1147528.8	1717477.1	1796746.2
"sp|P13298|PYRE_YEAST"	"YEAST"	1021491.5	1062584.1	1136989.1	1054451	1009578	1227319.5	1033390.1	973235.9	783613.4	145104.66	246937.78	402496.94	623440.1	239053.05	1083334.1	786321.6	784965.94	1098588
"sp|P13517|CAPZB_YEAST"	"YEAST"	3033803.5	3208070	2819114.5	3027413.2	2862737	2881242.5	2787307.5	2904079.5	2933722.2	2225276.8	2185901.8	2179092.2	2378269.2	2196586	1946385.9	2298756.5	2512982.2	2342103
"sp|P13663|DHAS_YEAST"	"YEAST"	18046872	16325845	18716192	18322694	17459546	19031078	16824772	17700874	18034926	10457815	11073051	9176483	9629799	9442496	9015912	10140046	9949635	9987256
"sp|P13856|RSR1_YEAST"	"YEAST"	0	0	64454.086	0	0	0	0	0	0	0	0	0	0	0	0	0	0	0
"sp|P14020|DPM1_YEAST"	"YEAST"	13139154	15187322	15682253	15198265	14036916	14937805	11262820	12657158	14086446	3084546.5	2783905.2	3387690.8	3048190.2	4576385.5	6822429	6226670	2656744	4423061
"sp|P14065|GCY1_YEAST"	"YEAST"	385368.56	0	306612.2	345515.7	0	720897.25	0	351618.94	0	0	0	0	0	0	323630.97	0	0	0
"sp|P14120|RL30_YEAST"	"YEAST"	22412702	21236040	21287228	21889544	20720372	21042892	21298608	21645040	22036706	11729267	10849274	9957472	10852784	11048565	10339544	9985553	11171848	11033356
"sp|P14126|RL3_YEAST"	"YEAST"	76910420	71064890	75036520	72455624	75947704	74395090	73619816	74148400	74313060	37089064	40636950	37456150	39644210	38419930	38194840	36451664	35989730	41103040
"sp|P14306|CPYI_YEAST"	"YEAST"	2974253	3395131.5	2922156	3001784.8	2858878.8	2307696.8	2154423	2666833.2	2289352	911345.75	990216.5	893264.3	906501.8	858999.44	867974.56	1058014.9	888227.7	879139.9
"sp|P14359|SNA3_YEAST"	"YEAST"	0	0	0	0	0	0	0	0	0	0	0	0	0	0	0	0	0	0
"sp|P14540|ALF_YEAST"	"YEAST"	391489820	432851140	438866500	413519400	412510080	413735100	398380900	415050180	421677470	198252940	224102800	221837700	225324670	225543400	220968240	195978140	196833540	224745600
"sp|P14742|GFA1_YEAST"	"YEAST"	4676450.5	5000006.5	5278359	4475858.5	3853609.2	4599387.5	5993373.5	4444178.5	5310392	1981194.6	2180295	1820067.5	1551556.5	1609366.6	2171479.5	1402586.1	1303893.8	945470
"sp|P14743|NMT_YEAST"	"YEAST"	0	0	0	0	0	0	0	0	0	0	0	0	0	0	0	0	0	0
"sp|P14832|CYPH_YEAST"	"YEAST"	112015256	106885740	107632350	102371864	107166500	108398904	102610810	102671090	112967630	54367916	55625884	54391600	55932690	55708680	57688544	54362696	54072764	55582636
"sp|P14843|AROF_YEAST"	"YEAST"	1580510.5	1217719.8	1828415.5	1693847.2	0	420833.97	1729484.2	509384.38	617661.1	0	0	0	0	0	359739.94	0	349603.94	402258.3
"sp|P14904|AMPL_YEAST"	"YEAST"	0	926052.2	0	0	0	0	1005285.5	930756.3	136853.47	0	0	0	0	0	0	0	103014.5	93104.13
"sp|P14906|SEC63_YEAST"	"YEAST"	2850288.2	3918308.5	4181368.5	4179006	2351571	3279347.2	1920365.2	3408668.5	2375459	406282.53	638481.7	665685.44	0	0	616097.94	0	0	609510.9
"sp|P14907|NSP1_YEAST"	"YEAST"	0	1806192.6	0	1594026.6	0	0	0	0	0	1136600	968988.6	0	1003258.56	0	1062266	1040574.7	911445.9	0
"sp|P15019|TAL1_YEAST"	"YEAST"	66531524	62593884	62273108	62810360	59469628	59730268	66346804	57472180	57919736	39679056	43654308	35184420	43816080	42213236	35557076	41001616	34665692	35539332
"sp|P15108|HSC82_YEAST"	"YEAST"	242258910	235394130	242063090	231303310	225127820	227361470	220794670	229343520	229533800	120311870	122033140	119962270	123795610	123330390	124149980	123288400	120894510	121164110
"sp|P15180|SYKC_YEAST"	"YEAST"	19917816	19151690	19192630	19015758	16836800	16215077	17802726	17839454	18746630	6066948.5	7235404	6513782.5	6645140.5	7737825.5	7258601	7266515	7527717.5	7764450
"sp|P15274|AMPD_YEAST"	"YEAST"	991415.4	585128.3	1020919.44	651644.7	1005745.1	616427.4	982089.4	672087.8	1389333.5	680997.8	811777.56	759274.75	786587.5	690018.56	683470.1	661549.2	683446.75	740943.1
"sp|P15303|SEC23_YEAST"	"YEAST"	5794906	5607370.5	5827035	5905644.5	5447099	4209138.5	4204502	5616187.5	5634877.5	810530.9	982863.44	1322491.6	1348325.8	1272571.2	862568.06	1306570.6	831087.56	1050537.5
"sp|P15424|MS116_YEAST"	"YEAST"	0	0	0	573540.25	0	0	0	0	0	0	0	0	0	0	0	0	0	0
"sp|P15454|KGUA_YEAST"	"YEAST"	12554298	11880324	11472474	12420725	18793004	13258138	12811332	11947526	12443519	3869826	4566394.5	4440204.5	5623457	2906570.5	12683827	3581096.2	12855099	3293604.8
"sp|P15496|IDI1_YEAST"	"YEAST"	788704.2	758118.5	992471.94	597129.3	769376.06	809078.25	527103.44	0	945200.8	0	667239.4	0	0	0	0	0	0	429898.12
"sp|P15565|TRM1_YEAST"	"YEAST"	0	0	0	0	0	0	0	0	0	0	0	0	0	0	0	0	0	0
"sp|P15624|SYFB_YEAST"	"YEAST"	8551189	9112854	8364736.5	8279308.5	9232692	7429659	8849517	8682698	8086193	3005379.8	2213504.8	1420143.1	1231926.8	1738917.4	2748541.5	1873997.5	846515.8	2559717.8
"sp|P15625|SYFA_YEAST"	"YEAST"	8711758	8874659	8658817	8085906.5	7943789	7408963	10053467	8345414.5	7600208	3583586.5	2385771.8	2114625.2	3592428.5	2797210.2	3238425.5	3154617.5	3229883.5	1553008.5
"sp|P15646|FBRL_YEAST"	"YEAST"	9583583	8757331	9022719	9338149	8906223	8181322	9096199	8984499	9506591	2933160	4204784.5	2478304	3184004.8	2903335.5	3773557	2788939.5	2260095.2	2927438.8
"sp|P15700|KCY_YEAST"	"YEAST"	2324843.5	1856607.5	1388810.1	1597418.2	1396666.4	1324346.5	1651092.8	1124176	1315014.5	0	669987.44	445411.97	321117.94	0	311147.72	297298.44	0	0
"sp|P15703|BGL2_YEAST"	"YEAST"	4621198.5	4334234.5	4806486	4119803	4211006.5	4440049	4498766	4269533.5	4373896.5	1943370.8	2774844.8	2583198.5	2645366.5	2846544.5	2332144.2	3294600.8	2964919	2899771
"sp|P15705|STI1_YEAST"	"YEAST"	31082286	29419692	28522966	29415136	27401254	21910264	27499076	25649646	28321614	9068995	10674716	8250505.5	9139263	11035551	9219768	10567054	6329502.5	11685850
"sp|P15731|UBC4_YEAST"	"YEAST"	5141107.5	4486265	4425552	4567768	4653819.5	4062358.8	4331182	4792410.5	4427002.5	2525787	1921813.1	1917623.5	2331993	2290189.5	2162810.8	2530696.8	2494449.8	2007547.1
"sp|P15790|CSK21_YEAST"	"YEAST"	0	0	0	0	0	0	0	0	0	0	0	0	0	0	0	0	0	0
"sp|P15873|PCNA_YEAST"	"YEAST"	7562797	7417705	7506092.5	7132434	7048429.5	7541159.5	7028836	7300780.5	7274632.5	3366332	4472565	4708527	4001916.5	3009392.8	4307692.5	4824909.5	3970350	4487177
"sp|P15891|ABP1_YEAST"	"YEAST"	31203842	20859192	23177124	20673040	19485498	28624786	20326722	18298838	32034250	12539842	10557322	6254143	5820470	4889659.5	6070499.5	6104013.5	11246207	11494775
"sp|P15992|HSP26_YEAST"	"YEAST"	124116400	123881080	122360770	116276240	116135490	119382456	116515600	115876824	119525770	63435292	59588864	56084156	60563360	59126852	56702236	54679150	57018412	59133084
"sp|P16120|THRC_YEAST"	"YEAST"	25034372	46741780	28020844	26703946	35331270	28205614	25812056	27719510	28483686	18298222	19103244	16869092	23918626	18461374	19432374	23174872	19098700	26706816
"sp|P16140|VATB_YEAST"	"YEAST"	73922296	72051640	72577340	68687400	67247560	69152280	68899020	69344410	67937930	37801596	38036852	31953154	33362578	35388256	33724110	34933630	38137576	35552490
"sp|P16370|RPB3_YEAST"	"YEAST"	374619.34	1870872.5	0	1303737.2	0	293272.72	1016555.3	1713920.2	0	0	0	0	811271.56	0	0	0	0	0
"sp|P16387|ODPA_YEAST"	"YEAST"	13065983	17243628	13485589	11578041	15961778	10863608	9862369	10354498	11303063	4031937	7198779	8292011.5	9769677	3237770.5	4133980	4229831	3145092.8	4086705
"sp|P16474|BIP_YEAST"	"YEAST"	39284560	37590330	38665148	38017620	37531344	36439540	37201190	37824964	38891944	24493366	24473138	25848970	25337742	26306200	26122780	25712134	27062590	25494118
"sp|P16521|EF3A_YEAST"	"YEAST"	185978370	182564510	182742270	176337550	174642100	172611280	176458300	179753550	178439280	92560856	86314616	88712620	90030230	89011510	92839970	88080010	88947530	88291930
"sp|P16547|OM45_YEAST"	"YEAST"	3018882.2	4157577	2143609.5	1458905.2	2789657.8	2671065.2	2202615.2	2666737.8	1338046.8	391926.3	872693.9	680868.75	1346382.2	303021.9	647357.3	632172.7	315818.78	1060708.2
"sp|P16550|APA1_YEAST"	"YEAST"	11669597	14717931	14488462	12808056	10297028	12494589	13149567	13854408	10676307	5423777.5	5145497.5	4321899	4508249	5619434.5	5228634	5819727	4613369.5	4754055
"sp|P16603|NCPR_YEAST"	"YEAST"	7959525	8807294	5720142	7654909.5	8648489	7968945	7264473.5	7914495	7219417.5	532236.75	525214.9	932495.25	2034891	2692101.5	1015631	1193750.8	615956.9	730222.44
"sp|P16622|HEMH_YEAST"	"YEAST"	0	0	0	0	0	0	0	0	0	0	0	0	0	0	0	0	0	0
"sp|P16649|TUP1_YEAST"	"YEAST"	4233581	3324082.5	2683523.5	2861891.2	3576057.2	1627299.5	2289310.5	2741817	1563044	1163130.8	313997.3	1185111.5	629773	1142975.5	284176.8	1228730.8	364734.72	340009.16
"sp|P16661|ALG1_YEAST"	"YEAST"	0	0	0	0	0	0	0	0	0	0	0	0	0	0	0	0	0	0
"sp|P16861|PFKA1_YEAST"	"YEAST"	77677080	71055510	74139670	71096150	79085704	70699030	75743970	75724720	72494024	36440904	36062040	38468670	38937396	37680400	39974840	37109296	38983010	38264680
"sp|P16862|PFKA2_YEAST"	"YEAST"	49852040	49367290	46989596	45995260	44168296	46855340	50860050	48088250	51745440	22400150	24532360	21679184	24765412	25323404	23355760	20034514	22986774	22770886
"sp|P16965|STF2_YEAST"	"YEAST"	5854818.5	5888296.5	3947232.5	5502828.5	5659080	4641951	4407534.5	3189352.2	5544129	2648452	2037406.2	1588032.5	3256043.2	2053692.2	3649843.5	3335235.2	2363085	3335270
"sp|P17065|SEC2_YEAST"	"YEAST"	1618760.2	1610736.6	1741335.9	1709647.4	1648350.1	1965836.5	1953820.8	2014029.2	1667317.5	1651739.2	0	1827998	1744201.6	1668460.8	1756018.9	1834710.6	1661179.4	0
"sp|P17076|RL8A_YEAST"	"YEAST"	87989280	82066010	82948720	77253170	78176920	74534216	80446150	72221624	76591576	42605020	40243890	42406012	42081044	39221404	41949776	39487840	39000652	37454784
"sp|P17106|CBF1_YEAST"	"YEAST"	0	0	0	0	0	0	0	0	0	0	0	0	0	0	0	0	0	0
"sp|P17157|PHO85_YEAST"	"YEAST"	2648886	3014143.2	2037828.5	2787768	2758342.2	2644857.5	2750973.5	2605924.2	2746684.8	2391964.5	2103788.8	2203440.8	2292283.2	2341893.5	2628579	2310611.2	2411204.5	2137602.2
"sp|P17255|VATA_YEAST"	"YEAST"	109537850	104024550	105187590	94914530	93085370	99847960	100120460	95560750	91418750	53531292	52229388	51700652	52923916	52662310	52460530	49134696	48368800	49735420
"sp|P17423|KHSE_YEAST"	"YEAST"	2655115	4909493.5	3042437.2	3700299	4021510.8	3046912.5	4050883.5	4529920.5	3075055	1623351.1	935950.6	1556095.1	716522.1	0	1852437.9	0	990134.6	1830054.2
"sp|P17505|MDHM_YEAST"	"YEAST"	29145868	29367248	29039882	25817716	27044708	27722074	26365460	27778550	27197494	12082696	13109673	17422428	13887136	14127814	13039982	12787999	14513272	15168809
"sp|P17536|TPM1_YEAST"	"YEAST"	18242020	18454232	19986894	19597706	19896750	17880336	17569350	17132164	19667256	8271003.5	9506653	7969911.5	9164431	9286024	7976164.5	8309364.5	8360680	7936729
"sp|P17555|CAP_YEAST"	"YEAST"	7249544.5	7862260.5	7350406	6650977.5	6242767	6357945.5	6570515.5	5861498	6791859	1791076.2	1703287	1892357.1	2885565.8	1853278.1	1737605.1	2639254.8	3056462.8	2082566.2
"sp|P17649|GABAT_YEAST"	"YEAST"	1003798.4	963269.56	1084429.6	657868.75	1133154.9	909615.7	682432.06	758939.75	1131748.6	301638.38	528719.25	0	309123.06	357498	496839.2	524559.6	167285.17	478704.56
"sp|P17695|GLRX2_YEAST"	"YEAST"	4634036.5	6352449.5	4631145	5130521	6403468	4302794	6462117.5	5927499	4470946.5	2150312.5	2108637	2332511	2172347.5	2198602.5	2160217.2	2144782.8	2221254.5	2222506
"sp|P17709|HXKG_YEAST"	"YEAST"	66958548	64317910	68377496	61344324	63375390	66760930	59530324	63223210	63637052	33068852	33591884	32061986	34433930	30894364	35923212	28512780	28377610	31300806
"sp|P17891|CLC1_YEAST"	"YEAST"	9309204	8846258	7854248	8233854.5	7267115.5	8152989.5	8517677	7764241.5	6677600	3477669.2	4226877.5	3743627	4702544	4603654	3995108.5	4320750.5	3898882.2	3844501.8
"sp|P17967|PDI_YEAST"	"YEAST"	57974440	59344510	55612612	54478140	56416788	52622548	56122440	55314904	53105840	27805964	29679206	29001586	27389136	27035938	29321006	29602276	30850856	30404742
"sp|P18239|ADT2_YEAST"	"YEAST"	14941055	14525954	23738320	28820426	23186908	22514258	21236852	22074328	21821984	10035257	8689610	15538288	8300909	17674370	8734845	7139310.5	8463304	8824784
"sp|P18562|UPP_YEAST"	"YEAST"	2101682.2	2144485.5	2729075.2	2001102.5	2982954.8	1234374	1650294.1	3549348.5	2505348	472080.5	0	302279.6	0	0	0	452725.2	252443.23	279377.88
"sp|P18759|SEC18_YEAST"	"YEAST"	287842.34	1535333.4	1331913	324463.94	802796.94	1135840.1	1437486.8	751566.2	1363456.2	0	0	0	145824.97	266521.62	302322.12	0	184927.48	861349.8
"sp|P18899|DDR48_YEAST"	"YEAST"	2036614.6	1864500.5	1725710.4	1907645	0	669971.1	854981.44	999369.56	1834922.1	536947.6	0	0	538133.56	0	0	0	0	632621.75
"sp|P19073|CDC42_YEAST"	"YEAST"	0	0	0	0	0	0	0	0	0	0	0	0	0	0	0	0	0	0
"sp|P19097|FAS2_YEAST"	"YEAST"	66734456	81488880	72328970	58727012	63638268	70833470	62993304	66473496	72100696	39851256	24094292	34452180	41233656	37667428	28320538	35695530	33366404	30116972
"sp|P19211|IF5A2_YEAST"	"YEAST"	0	269943.53	0	0	0	0	0	0	0	0	0	0	0	0	0	0	0	0
"sp|P19262|ODO2_YEAST"	"YEAST"	65272.383	89737.57	95003.21	73604.62	93327.27	60238.055	109295.07	85896.37	77974.23	0	47996.04	44396.727	0	63946.54	31062.238	0	33507.96	50470.89
"sp|P19358|METK2_YEAST"	"YEAST"	3085441.2	2608832	2817243.5	2256067	2873112.8	2918972	2418358	2560251.5	2942442.2	808574.5	1353270.8	550683.06	876840.2	1199204.6	586555.3	542927.75	908293.06	1234890.8
"sp|P19414|ACON_YEAST"	"YEAST"	102697380	89283780	100710810	94505420	93962950	96221430	95181150	95617110	92831890	39428750	41359740	42564040	39277436	39334732	40757524	42207620	40452310	44502056
"sp|P19454|CSK22_YEAST"	"YEAST"	924939.25	1733283.1	364580.72	312858.7	346127.1	298952.8	310242.1	1490918.2	343905.25	436056.75	0	0	143774.14	132570.48	0	506707.5	146228.12	329663.53
"sp|P19524|MYO2_YEAST"	"YEAST"	453938.8	813265.4	797621.9	417768.56	534882.9	577204.5	887881.6	553255.5	852316.75	0	0	361713.75	0	0	624885.44	0	249418.05	0
"sp|P19882|HSP60_YEAST"	"YEAST"	102183560	103067900	103819096	95285670	96381580	94148530	97864664	98330880	100313840	53315316	49899524	51878576	51353460	54224576	50294484	52448990	51327624	52326800
"sp|P20051|PYRC_YEAST"	"YEAST"	469122	439034.5	450032.53	456376.62	482671.44	376248.72	507090.28	394969.8	0	0	0	0	0	0	0	0	0	0
"sp|P20081|FKBP_YEAST"	"YEAST"	14486273	19044390	16083640	13506357	13747608	14077947	14493409	16033820	14388337	8478779	8104279	9665041	8542218	8758940	9238601	8107611	8577366	8161354.5
"sp|P20424|SRP54_YEAST"	"YEAST"	0	0	0	0	6847256.5	0	0	127352.43	0	0	0	0	0	0	550540.4	0	0	0
"sp|P20435|RPAB2_YEAST"	"YEAST"	0	0	0	31092.791	0	0	37907.67	39303.84	0	0	0	0	0	0	0	0	0	0
"sp|P20436|RPAB3_YEAST"	"YEAST"	0	402154.8	0	445598.88	467028.84	445176.34	444311.7	480056.72	0	182982.48	240735.94	0	212155.58	211114.06	200908.1	0	0	209602.08
"sp|P20447|DBP3_YEAST"	"YEAST"	593076.6	812377.06	516868.75	760754.3	462302.97	446646.44	578597.2	517641.94	539985.1	0	0	369698.88	0	0	0	0	0	378743.88
"sp|P20449|DBP5_YEAST"	"YEAST"	1837893.8	2097103.6	620485.1	2021515	1868503.2	1801931.4	782422.4	2070998.5	1960270	1212513.5	909519.5	1189311.4	326949.44	981138.5	874581.8	0	0	0
"sp|P20459|IF2A_YEAST"	"YEAST"	6528714	5619318	8526073	6870495	5690119.5	6483681.5	5534368	6380762	5577877.5	2620971.2	2084646.5	2381154.2	2481837.2	2858905	1684917.8	2825704.5	1360642.2	1903074.6
"sp|P20604|PP11_YEAST"	"YEAST"	14506.129	0	13942.192	11944.347	13853.702	16699.518	0	0	14538.795	0	0	0	0	0	0	0	0	0
"sp|P20606|SAR1_YEAST"	"YEAST"	11183393	14745613	14338606	13826994	14076722	13349358	13663203	13985250	9635047	7099424	5198318	6987649.5	4894812.5	6487933	7044182	5378003.5	6868436.5	6966857
"sp|P20967|ODO1_YEAST"	"YEAST"	0	0	0	0	0	0	0	0	0	0	0	0	0	0	0	0	0	0
"sp|P21242|PSA7_YEAST"	"YEAST"	3367171.8	2317252.2	2375896.5	2692484	2887030	2263665.8	2417950	2349352.2	2264296.2	648833.75	891723.56	663190.56	713937.3	910583.25	738946.75	1140408.4	1097060.9	747249.44
"sp|P21243|PSA1_YEAST"	"YEAST"	5786798.5	7550776.5	6393055	6854049.5	5855488	4660886.5	6224615.5	7344794.5	5202418.5	2820872	2659151.2	806717.06	2333003.8	2554472	1855793.5	1630526.4	1933161.9	1985754
"sp|P21264|PUR6_YEAST"	"YEAST"	9611698	12042990	12668953	9715575	11376322	12665786	10226441	10404035	12805311	4883466	5859438	6794777.5	5162898.5	6480043	5471779.5	3482078.8	5380684.5	3457348
"sp|P21304|PWP1_YEAST"	"YEAST"	0	491291.3	246497.22	0	447076.44	0	0	474405.03	0	0	0	0	0	0	0	0	0	0
"sp|P21538|REB1_YEAST"	"YEAST"	0	0	0	0	0	0	0	0	0	0	0	0	0	0	0	0	0	0
"sp|P21560|CBP3_YEAST"	"YEAST"	0	0	0	0	0	0	0	0	0	0	0	0	0	0	0	0	0	0
"sp|P21576|VPS1_YEAST"	"YEAST"	9967362	10772238	11262179	8877538	8419297	9423030	8852920	7621063	9260396	2610605	3350623.8	2455575.5	1518159.9	2875972	2720788.5	3874748.8	2093136.1	2244446.5
"sp|P21734|UBC1_YEAST"	"YEAST"	2677000.8	2132001.8	2120547.5	2527283.2	2602468.5	1922937.4	1693502.2	2647910.5	1615461.5	812363	459760.47	0	379264.75	430891.12	1046080.25	436624.38	424115.28	362205.12
"sp|P21827|RCC1_YEAST"	"YEAST"	0	0	0	0	98709.32	0	0	0	12909.519	0	0	0	0	0	0	0	0	0
"sp|P21954|IDHP_YEAST"	"YEAST"	8452268	7882376.5	6326272.5	9647310	9670143	7075567.5	6328240	4814662.5	7689966.5	2144327.8	4755067	2520410.5	5107700	1960601.2	1662117.2	2455726.5	5368937.5	2264228
"sp|P21965|MCK1_YEAST"	"YEAST"	2603589.8	2049987.8	1878793.5	1937504.1	1682148	1496205	1543697.8	1552648.6	904978.75	0	429044.5	696146	669799.7	473087.12	411280.53	534202.8	553253.44	553306.9
"sp|P22137|CLH_YEAST"	"YEAST"	37962820	35690508	35945990	32991878	34536324	35558900	34605724	31264740	33730572	11248614	12139119	11734518	11163840	15059450	12909023	15417818	13258975	14123792
"sp|P22138|RPA2_YEAST"	"YEAST"	2788565.2	2444838.5	2685206.8	2832759.8	2584129	2796786.2	2886707.2	2791553.5	2858948.8	1192640.9	0	0	1101248.2	0	0	0	0	0
"sp|P22141|PSB4_YEAST"	"YEAST"	2856472	1518978	2319323.5	1857046.4	2085488.9	2313387.2	1617106.5	1901403.1	2416010.5	876358	817683.3	1289829.9	954538.9	1013403.7	909735.8	1018664.25	975515.4	865090.44
"sp|P22146|GAS1_YEAST"	"YEAST"	10219078	9570394	9272251	9455568	8747989	9466130	9644142	9053626	8903779	2741459	3196086.5	3210037	3301684.2	2339268.8	2957782	2594572	2832255	2818532.2
"sp|P22147|XRN1_YEAST"	"YEAST"	11892821	14238012	13603183	14400445	6709946	12754656	13701464	11989693	13796757	5541034	7647587	6200839	1707711.2	1743715.5	7220643.5	1059967.4	7201035.5	8112750
"sp|P22202|HSP74_YEAST"	"YEAST"	0	0	0	0	0	0	0	182455.58	100528.89	0	0	0	0	0	0	0	0	0
"sp|P22203|VATE_YEAST"	"YEAST"	31621444	28943552	30883498	28607922	30698986	28177594	30361956	30711564	31298142	15410174	16157026	12218635	14440369	14862762	11541846	16136698	11695613	14902578
"sp|P22217|TRX1_YEAST"	"YEAST"	20817702	21107776	20196000	19015404	19296644	18998138	19585376	18920096	19365562	11188135	10740655	11814477	12584893	12484686	13085666	12625766	12505030	12225557
"sp|P22336|RFA1_YEAST"	"YEAST"	0	0	0	0	212018.11	0	0	0	258223.45	0	0	0	0	0	0	0	0	0
"sp|P22515|UBA1_YEAST"	"YEAST"	49343950	49896390	53011810	94459820	91062620	43511340	43112504	46312356	42553970	21566168	17443610	17744036	19640862	16884916	19034130	16621849	19879288	17864014
"sp|P22517|KCC2_YEAST"	"YEAST"	0	0	0	0	416667.4	0	0	0	362415	0	0	0	0	0	0	0	0	0
"sp|P22696|ESS1_YEAST"	"YEAST"	0	0	0	0	0	0	0	0	0	0	0	0	0	0	0	0	0	0
"sp|P22768|ASSY_YEAST"	"YEAST"	532281.4	554148.56	0	0	0	0	360131.94	566747.4	0	0	273168.88	0	0	0	0	0	157066.95	0
"sp|P22803|TRX2_YEAST"	"YEAST"	59500910	57496570	58351610	54749176	55868532	55612336	56025324	55647436	56889256	29111450	29149114	30411692	30085374	29450422	29920222	28374132	29905532	29801254
"sp|P22855|MAN1_YEAST"	"YEAST"	904499.3	1537284.8	3758479	726672.7	787924.75	761110.6	866834.94	813932.44	1148212.5	0	0	0	0	0	0	0	0	0
"sp|P22943|HSP12_YEAST"	"YEAST"	84802030	79351864	80118760	79702660	81388296	80354776	80014760	78701490	81026660	41849736	43454700	42077748	42849412	43080604	43445630	41487160	41208620	44325830
"sp|P23180|AIM17_YEAST"	"YEAST"	4123375.2	4905646.5	5204822.5	4441865	4740966.5	3968999.2	5000797	3924958	4701895.5	2291693.5	1643115.1	1640900.2	1525258.5	1622913.4	1735236.2	1732164.8	637286.7	1627645.8
"sp|P23248|RS3A2_YEAST"	"YEAST"	73051176	71934300	72028350	66118296	66944960	67682260	67164470	75050590	68788090	34852612	38599570	34807920	34196050	35063110	34308430	33980956	35740596	34523220
"sp|P23254|TKT1_YEAST"	"YEAST"	44217360	42339084	43407476	41129910	43422176	39937564	41523524	44397880	41891690	21411462	21520134	20985632	23317188	22917356	21778420	20882560	22009520	19023450
"sp|P23292|KC12_YEAST"	"YEAST"	0	0	0	0	0	0	0	0	0	0	0	0	0	0	0	0	0	0
"sp|P23301|IF5A1_YEAST"	"YEAST"	50694124	48923508	50479710	47165184	45778110	46271780	40932690	46619944	46933196	22560556	22084400	21883552	22576646	22484648	22115082	21574304	21935486	22649666
"sp|P23337|GYS1_YEAST"	"YEAST"	1226288.5	1135928	1179957.6	1308722	941364.6	807677.8	1020385.7	963439.9	670474.7	0	214366.11	417405.94	0	423474.12	0	258586.19	0	199595.58
"sp|P23542|AATC_YEAST"	"YEAST"	16538580	16428691	16703552	17321868	16308138	16947346	16695519	15972568	16393489	7738098	7818536.5	7331639	8653812	7967871.5	6560779	8858348	8421942	7073118
"sp|P23585|HXT2_YEAST"	"YEAST"	2113732	2711341.5	403508.28	2441389.5	446316.28	416338.4	382817.7	1750337.8	414665.12	0	0	0	0	0	0	0	0	0
"sp|P23594|PP2A1_YEAST"	"YEAST"	4842706	4629571.5	4272600	4744592.5	4340438.5	4620017.5	4304350	4786638	4455303.5	4458982	4342520.5	4199244.5	4192700.8	4243996.5	4240849.5	4303723	4364094	4161875.5
"sp|P23615|SPT6_YEAST"	"YEAST"	1042233.1	1241559.6	564978	1890807.9	1248720.2	633005.25	2136259.2	1117606.2	428031.2	1037522.44	0	408704.12	304193.2	313867.16	325086.84	310597.12	302192.94	342779
"sp|P23638|PSA3_YEAST"	"YEAST"	4761873.5	3427085.5	4552904	4035644.5	4567323	4282318	4539897.5	4412856.5	4593606	1248685.8	1923841.2	2518855	2273937.8	2558435	2272876.5	2626444.8	1887684.8	2220075.5
"sp|P23639|PSA2_YEAST"	"YEAST"	4904561	5634656	6391086.5	4785045	5798587	4197352	4450855	5864162	5119136.5	1378267	657050.56	1457978.1	547337.3	1097854	1268284.5	926829.25	1648785.2	969391.56
"sp|P23641|MPCP_YEAST"	"YEAST"	1213625.4	1876170.2	522931.94	2206713.8	2282279	423545.38	2210521.5	1526242.8	1450748.2	228679.92	328911.97	269420.94	0	251138	0	0	739411.3	722285.4
"sp|P23644|TOM40_YEAST"	"YEAST"	7990367	8720149	8743378	7693050	6437180	7597337.5	7838772	7462005.5	7555780	2030551.8	2535756.5	2605193.5	1712559.4	2489664.2	2640595.5	1403270.8	2403931.5	2413786
"sp|P23724|PSB6_YEAST"	"YEAST"	1903100.4	1454858.1	2531376.5	732543.7	3809046	3973698	1012855.44	3146943	1611653.5	1258815.9	1599676.6	1409115.1	0	226503.8	1418448.2	203738.4	1123823.4	1267644.8
"sp|P23776|EXG1_YEAST"	"YEAST"	3067740.5	1643517.1	3109507.2	3646654	1377335.1	1330308.8	4054991	1686308.8	1732419.5	506259.75	238746.77	0	402352.03	316538.8	338921.47	0	0	0
"sp|P24000|RL24B_YEAST"	"YEAST"	21970414	19161572	22128528	19328100	19076482	20937436	19596092	18774836	21353694	9279906	6096013.5	10710998	9738858	7778903	11622715	7722030	10235532	11188149
"sp|P24276|SSD1_YEAST"	"YEAST"	0	0	0	0	0	0	0	0	0	0	0	0	0	0	0	0	0	0
"sp|P24280|SEC14_YEAST"	"YEAST"	6649253	6222505.5	6511616.5	6109650	5128242.5	5572979.5	5341857	6289492.5	5862882.5	3000563.5	2586458	2734464	2602390.5	2098035.5	2823408.8	2432168.2	2365119.8	2891961
"sp|P25039|EFGM_YEAST"	"YEAST"	0	0	0	0	0	0	0	1910162.5	0	0	0	0	0	0	0	0	0	0
"sp|P25043|PSB2_YEAST"	"YEAST"	2203624.2	1698732.5	1915507.8	2086552.1	2027258.1	1829435.4	1718514.8	1630396.6	2032207.2	1584562.2	1345502.5	1606704.8	1466235.2	0	1797899.4	1354342.6	1445478.1	1491785.1
"sp|P25045|LCB1_YEAST"	"YEAST"	0	0	0	0	0	0	4171788.2	0	0	0	0	0	0	0	0	0	0	0
"sp|P25087|ERG6_YEAST"	"YEAST"	17440878	14745775	14870579	15296906	14647664	16190553	15057140	14589482	11564178	4236216	3402394.5	4262011	3448616.5	5042104	2852930	3884427	4566034.5	5532419.5
"sp|P25293|NAP1_YEAST"	"YEAST"	3934253.8	3774897.2	3545318.8	2680175	3417328.8	4226235	4030597.8	4584795	3862146.8	1335117.5	946460.4	478350.34	838579.7	543864.1	1005703.25	431125.88	736617.25	871958.9
"sp|P25294|SIS1_YEAST"	"YEAST"	14578491	12290543	13851124	12967020	13121891	13265727	13413164	13353115	13413486	3751769.5	4771013	2978813	3888531	4916853	5521574.5	4473295	4403289	3944965
"sp|P25296|CANB_YEAST"	"YEAST"	937252.44	1104329.5	902656.06	884640.4	928047	880970.9	880325.5	762206.44	888816.5	392489.75	61759.105	83764.63	91023.82	0	111600.22	0	0	0
"sp|P25332|RBSK_YEAST"	"YEAST"	0	0	377275.78	0	0	0	0	0	0	0	0	0	0	0	0	0	0	0
"sp|P25339|PUF4_YEAST"	"YEAST"	0	0	0	0	0	0	0	0	0	0	0	0	0	0	0	0	0	0
"sp|P25340|ERG4_YEAST"	"YEAST"	1527856.5	3824172.8	1578749	1724833.5	775958.94	1656483.6	723936.6	1729044.1	1617114.2	3016999.2	2609349	3172291.8	2834719	3343074	2620214.5	3173649.8	3320505	3478478.2
"sp|P25342|CDC10_YEAST"	"YEAST"	1429343.9	2115450.2	421683.25	825019.75	370150.16	1132749	1372680.5	1397084.5	1086319.4	0	0	0	0	144709.2	0	0	110205.05	0
"sp|P25343|RV161_YEAST"	"YEAST"	5536905	7733541	7048886	6319047.5	7481490	7280923	7044119	3878086.5	5497662	2291716.8	2011763.8	1706217	1854674.9	2706208	0	1875553	280890.66	1768885.1
"sp|P25349|YCP4_YEAST"	"YEAST"	8349827.5	8883320	9196268	8311842	8583831	9094860	8893991	8007211.5	8968803	4100442	4187532.5	4486959.5	3976479	3560917.8	3443068.5	3596431	4003690.2	4318620.5
"sp|P25358|ELO2_YEAST"	"YEAST"	172107.06	491123.56	304995.03	390169	341736.97	502688.62	204389.61	193290.64	327421.88	190420.28	0	147614.69	0	0	0	0	0	157710.77
"sp|P25367|RNQ1_YEAST"	"YEAST"	40110.324	32677.805	64514.527	40763.062	39131.094	56204.79	35254.45	45385.426	48242.098	18316.77	18986.445	22204.682	0	13161.159	14345.203	0	23988.547	0
"sp|P25369|LSB5_YEAST"	"YEAST"	296730.34	0	0	248659.2	21766.38	0	29182.729	0	341943.9	0	184199.58	19522.277	235205.56	0	0	0	56821.66	0
"sp|P25371|ADP1_YEAST"	"YEAST"	213352.67	224169.98	245326.23	277201.53	263459.6	273033.3	227706.03	208597.03	292678.66	245568.94	264364.06	0	0	270143.94	0	0	227360.6	282584.72
"sp|P25372|TRX3_YEAST"	"YEAST"	0	0	0	0	0	0	0	0	0	0	0	0	0	0	0	0	0	0
"sp|P25373|GLRX1_YEAST"	"YEAST"	2328558.5	1202742.5	2170247.2	1079994.8	1845753.2	1248421	2684448.5	1195652.8	1415691.8	1407378.8	645873.5	579444.44	423874.03	1285525.5	1011937.4	187204.11	655314.44	563102.56
"sp|P25375|PRTD_YEAST"	"YEAST"	3921080.5	4360355.5	3921742.5	3794262	3684193	3383006.2	3191458	4131354	3400254	715075.75	0	274978.97	380600.38	313957.66	244378.94	263883.38	644338.56	212492.97
"sp|P25386|USO1_YEAST"	"YEAST"	2650771.2	2451654.5	2495398.5	3337823.8	3083591.5	3390072.8	2901804	2932039.2	3051709.8	3152549	3199284.8	3335242	3125743.2	3094512.5	3144708.2	2964845.5	3022706	2971966
"sp|P25443|RS2_YEAST"	"YEAST"	33252682	34053190	33595584	32339084	32140834	34492830	33297466	31270996	33874252	14647671	15185435	17725330	18107622	15827396	17444582	15668574	13903951	15957764
"sp|P25451|PSB3_YEAST"	"YEAST"	3236556	2348678.2	3185018.2	2689831	3424769	3081508	2809876.2	3536356.8	3637585.2	806009.06	575164.2	1179193	1538685.8	1705624.5	0	602119.06	582298.94	1234204
"sp|P25491|MAS5_YEAST"	"YEAST"	11890397	12113801	11619916	11153652	11474548	11338799	10550271	9664716	11357812	4603714.5	5685405	5945825.5	5560994.5	4839037.5	5645764.5	5519441.5	5902696.5	4941272
"sp|P25555|GBP2_YEAST"	"YEAST"	312468.7	347184.72	326930.38	299838.12	272881.75	0	219581.9	296651.22	236074.14	0	0	0	0	0	0	0	0	295841.44
"sp|P25567|SRO9_YEAST"	"YEAST"	543477.25	1740325.8	3217917	1659284.1	1524174	2730818.5	1529425.2	2522022.5	2787931.2	643172.25	901862.25	1014283.8	0	209174.94	2008315.5	177385.3	740067.4	1308487.2
"sp|P25574|EMC1_YEAST"	"YEAST"	904453.25	361756.3	931157.25	849916.25	831042.1	786689.75	917220.7	879060.75	540631	0	402437	0	0	0	0	467932.4	391289.9	370877.78
"sp|P25605|ILV6_YEAST"	"YEAST"	2050036.6	2175868.8	2230889.5	1956051.8	2086771.9	2100182.2	2134517	1989456.1	2096750.8	1080173.2	666463.5	591802.9	1021757.4	662114.25	747702.94	1156872.4	66506.61	903759
"sp|P25619|HSP30_YEAST"	"YEAST"	6469099	5730713	6001483.5	5509906	5527591.5	5704852	5952010.5	6068149	5831297	1846396	1244539.4	1232081.8	762049.2	467313.94	700679.2	849961	0	1809373.5
"sp|P25623|SYP1_YEAST"	"YEAST"	1465156.5	0	1155679.5	591021.25	554396.6	116383.92	1405638.2	1322542.1	382395.38	0	0	0	0	0	933209.6	750173.06	962321.2	0
"sp|P25628|ARE1_YEAST"	"YEAST"	0	0	0	0	0	0	0	0	0	0	0	0	0	0	0	0	0	0
"sp|P25632|RSC6_YEAST"	"YEAST"	27382.512	0	0	22722.775	0	0	0	0	0	0	0	0	0	0	0	0	0	0
"sp|P25639|YCV1_YEAST"	"YEAST"	0	0	0	0	0	0	0	0	0	0	0	0	0	0	0	0	0	0
"sp|P25644|PAT1_YEAST"	"YEAST"	0	0	0	0	0	0	0	0	0	0	0	0	0	0	0	0	0	0
"sp|P25655|NOT1_YEAST"	"YEAST"	0	0	0	0	0	0	0	0	0	0	0	0	0	0	0	0	0	0
"sp|P25694|CDC48_YEAST"	"YEAST"	73337390	76804260	63426644	69402590	68707590	65916000	66787410	72915910	65917868	33329072	35542264	31743056	36813612	37179344	31506372	36128564	35670644	37195372
"sp|P25719|CYPC_YEAST"	"YEAST"	10415824	9242780	11806537	10336583	9132399	9348108	9763484	8632006	9236244	3599908	2874324.8	3225771.8	5562727	3678336.5	3586961.5	3627519.8	3952960.5	4730873
"sp|P26321|RL5_YEAST"	"YEAST"	74155310	71413950	73186910	70628910	71758950	69396860	70346824	70320030	70525656	39498884	36254616	38775364	40239980	39035684	35784500	37587310	35910372	40425092
"sp|P26570|PPZ1_YEAST"	"YEAST"	0	0	0	0	0	0	0	0	0	166634.12	0	0	0	0	142971.81	0	0	179383.97
"sp|P26637|SYLC_YEAST"	"YEAST"	29681288	33514128	29906126	30758310	30143300	32687566	30223824	29780644	28577868	11140089	14522054	9357824	14566491	13323607	10262203	9895822	11141720	13275069
"sp|P26754|RFA2_YEAST"	"YEAST"	0	0	0	0	0	0	0	0	0	0	0	0	0	0	0	0	0	0
"sp|P26783|RS5_YEAST"	"YEAST"	85586580	85060870	83500400	79654480	79401400	79232340	81014296	80510460	81357530	50253736	40076680	46168908	48595676	47057910	44142424	48402430	42975384	43498656
"sp|P26784|RL16A_YEAST"	"YEAST"	39808452	37919132	37448452	30925220	34795204	38148670	37660616	31981560	36904404	18872212	19097612	17989684	19600976	19408266	21299744	17991268	20042298	19559064
"sp|P26785|RL16B_YEAST"	"YEAST"	14401920	15237120	15109650	14941897	14491490	22590904	14135607	14737069	14679491	7186675	7202461.5	7674654	7524272	7501083	7517458.5	13136476	13889438	7368580
"sp|P26786|RS7A_YEAST"	"YEAST"	37496412	38891040	34818650	34085184	31786712	29045084	36346076	35029390	31868968	13696433	13294404	15657407	13605885	15220154	17147930	16886806	14707324	14950880
"sp|P27466|KCC1_YEAST"	"YEAST"	0	0	0	0	0	25892.93	0	0	0	0	0	279406.53	0	0	0	0	0	0
"sp|P27472|GYS2_YEAST"	"YEAST"	8894250	7472091.5	8091713	8577234	8100082	8143112.5	8506036	7958232	7492862	1619907.5	1393891	2038542.9	2133479.5	1601738.5	1594561.5	1643799.4	1469319	1175047.8
"sp|P27476|NSR1_YEAST"	"YEAST"	3177840.5	2751907	1372095.5	2249536.2	2395940	1648512.8	2002209.6	2311583	2417040	130254.125	258641.47	0	600052.94	456404.25	0	736853.56	714163.75	0
"sp|P27614|CBPS_YEAST"	"YEAST"	673215.25	0	1035799.5	1369782	914011.94	746913.3	0	972197.25	0	0	0	0	0	0	0	0	0	0
"sp|P27616|PUR7_YEAST"	"YEAST"	25623928	26449554	26012414	23564762	23819106	24459452	22223558	24921314	25518508	8693664	13171810	9443096	11692785	12103653	9582160	12071900	10128733	10792269
"sp|P27692|SPT5_YEAST"	"YEAST"	507766.06	502204	484540.75	501833.38	475321.47	1725492.4	477834.47	455950.62	444127.6	0	0	0	0	209014.31	192803.72	0	0	191235.02
"sp|P27809|KRE2_YEAST"	"YEAST"	0	0	0	0	0	0	0	0	0	0	0	0	0	0	0	0	0	0
"sp|P27810|KTR1_YEAST"	"YEAST"	17357302	16355139	16361513	16879838	16280752	15709157	16388120	15884486	16430196	10618544	10736657	10704707	10767580	10044108	10305753	10190165	9819539	10845148
"sp|P27882|ERV1_YEAST"	"YEAST"	0	0	0	0	103191.2	0	0	0	0	0	0	0	0	0	0	0	0	0
"sp|P28007|GAR1_YEAST"	"YEAST"	353503.06	882236.7	0	519644.94	859446.2	706416.56	769263.56	964075.06	0	0	0	0	0	0	0	280558.8	0	0
"sp|P28241|IDH2_YEAST"	"YEAST"	33105246	33579256	32771176	30529236	31837674	31057252	31231028	32976920	33133134	18922024	18406696	19447764	18651614	16028785	18666436	19427528	17694610	18433562
"sp|P28272|PYRD_YEAST"	"YEAST"	4814567	5255938.5	4078346.5	4801395	5234367	5035318	5275251.5	4604844.5	4889606	1593106.8	1067492.2	934725.5	1468384	1220663.2	295943.2	1088720.2	662020.8	1531295.4
"sp|P28321|MGLL_YEAST"	"YEAST"	0	0	0	0	0	0	0	0	0	0	0	0	0	0	0	0	0	0
"sp|P28495|CAPZA_YEAST"	"YEAST"	427983.22	984385.6	1205639.2	1509028.8	1204669	1221454.5	1108691.2	1684385.8	1226942.4	273814.94	0	0	0	0	0	0	0	391353.1
"sp|P28496|LAC1_YEAST"	"YEAST"	1006290.6	1128245.1	1083839	977173	973517.8	805794.06	1058163.2	948120.8	906261.06	0	732049.06	0	0	0	574918.4	819205.56	0	721231.9
"sp|P28625|YIM1_YEAST"	"YEAST"	0	0	0	0	0	0	0	0	0	0	0	0	0	0	0	0	0	0
"sp|P28707|SBA1_YEAST"	"YEAST"	4116193	3988890.2	8309145.5	8110687	3864511.8	3913066.2	3559731	3731623.8	7078018	1752088.6	1915068.4	1932691.5	1933385.5	1705166.8	1783202	1952874.2	1651077.6	5627909
"sp|P28777|AROC_YEAST"	"YEAST"	5545745	5513951.5	5790001	5209419	5979474	5622644	3404193.2	5660489	2685583.5	1051353.5	1362782.8	434498.1	1207010.2	933160.25	444752.7	442197.16	471384.7	1407384.4
"sp|P28834|IDH1_YEAST"	"YEAST"	30279222	32348692	29018418	27412502	27397734	28680646	26871828	29858202	26181596	14251958	14782511	14426979	15856958	14389820	15590803	14439425	15170811	15314688
"sp|P29029|CHIT_YEAST"	"YEAST"	0	0	0	0	0	0	0	0	0	0	0	0	0	0	0	0	0	0
"sp|P29311|BMH1_YEAST"	"YEAST"	90714616	87935110	88063260	83989480	83543864	84375624	84736610	83665090	86655290	38496908	39375828	45218600	43159724	40328230	46315052	39816428	36578930	36933110
"sp|P29453|RL8B_YEAST"	"YEAST"	6650304.5	6557552	6837392	6958459.5	6988378.5	7131726	7250488	6463150	6565367	3230395.2	3329572.2	3434915	3527270.5	3277543.2	3307771	2871324.5	3328342	3351979.5
"sp|P29478|SEC65_YEAST"	"YEAST"	0	0	0	0	0	0	0	0	0	0	0	0	0	0	0	0	0	0
"sp|P29509|TRXB1_YEAST"	"YEAST"	17724492	18844576	18467066	17310526	16094909	16887992	17772928	17347840	17424074	6708883.5	8951049	7635051.5	8989200	6352701	9648076	6697368.5	9239366	7672117
"sp|P29547|EF1G1_YEAST"	"YEAST"	8342960	9862048	9893730	9025329	8846887	9864162	8705685	9015000	9491267	2348544.5	3144430.8	4480559	2481322.5	4154674.2	3497428.8	1889660.1	3614143.2	3024435.2
"sp|P29704|ERG9_YEAST"	"YEAST"	18326724	17042720	16019233	16020884	15798500	15126842	15197056	15765238	15071054	8489287	9228773	8798388	8153996.5	9094472	8502697	9799329	8840416	8420674
"sp|P29952|MPI_YEAST"	"YEAST"	5738052	5293577	5204241.5	6156636.5	4815546.5	4712317	5844320.5	5617130.5	5319221.5	326199.5	0	804620.7	585676.5	642020.8	804299.75	397241.72	389332.03	563171.44
"sp|P30624|LCF1_YEAST"	"YEAST"	11039251	10368632	11077504	10251737	9589077	10436592	10883074	10913795	11506931	2117938	4233752.5	5059931.5	2951190.5	5031264.5	5251101	2933963.2	3338728	5444503.5
"sp|P30656|PSB5_YEAST"	"YEAST"	0	0	0	0	0	0	0	0	0	0	0	0	0	0	0	0	0	0
"sp|P30657|PSB7_YEAST"	"YEAST"	1183393.9	1207204	927889.94	1107639.1	1147058	1106622.6	934730.9	1020981.06	1337445.2	843603.44	714401.1	1040245.25	903468.75	873849.75	767726.6	0	927454.56	882465.4
"sp|P30771|RENT1_YEAST"	"YEAST"	786883.75	0	0	0	0	944174.8	0	944483.6	0	711115.3	0	0	0	0	0	0	0	0
"sp|P31116|DHOM_YEAST"	"YEAST"	39773530	30304132	35947816	27395838	36225884	35845068	26430940	27644412	38210548	14414451	15371365	17491394	15701965	17134056	18633710	17082890	12870971	19070936
"sp|P31373|CYS3_YEAST"	"YEAST"	29363342	31700546	29402060	27369838	30061774	27993240	28503614	30522618	28032294	14966948	16075827	14290029	15079420	14285502	14854177	15294671	15739416	15123550
"sp|P31382|PMT2_YEAST"	"YEAST"	246510.95	1061483.5	643853.1	1206476.8	1138300.8	256361.4	259251.16	621400.5	679591.8	282188.8	0	0	0	142348.53	0	0	0	108090.28
"sp|P31383|2AAA_YEAST"	"YEAST"	809761.9	816736.06	654741.1	723723.1	597856.8	810477.3	1140664.6	946990.6	868145.8	0	0	323205.44	0	0	238849.48	0	0	0
"sp|P31384|CCR4_YEAST"	"YEAST"	0	0	0	0	0	0	0	0	0	0	0	0	0	0	0	0	0	0
"sp|P31412|VATC_YEAST"	"YEAST"	9554664	14053722	10500461	14027034	9766342	9890452	10073583	9723210	13087990	2719438.2	4771569.5	3707803.8	4588373	3964982	2461557	2490359	1194555.8	4529294
"sp|P31539|HS104_YEAST"	"YEAST"	91852120	89884650	96401064	86936700	89585530	80240700	90297230	83969290	91249230	41577760	46096796	45685050	44400220	49686056	46639296	47999864	43887950	49380108
"sp|P31688|TPS2_YEAST"	"YEAST"	18280106	15260430	17750688	16252763	15679161	16341011	15688091	16112422	17082506	5837870	5753585.5	7397953	4469405	4280434.5	5945408.5	3892634.8	8006219.5	6008993
"sp|P31787|ACBP_YEAST"	"YEAST"	10907350	5758230.5	11782373	6344679.5	5899870	5703659	10876910	6159626.5	6162388.5	9498960	6461896	9189926	9688563	9689411	10258866	9124307	10180705	7147399
"sp|P32074|COPG_YEAST"	"YEAST"	4394380	4338199.5	4459097	3593950.5	4141476.8	4325309.5	3499399	4122010.2	4210512	1518048.8	1730501.2	1374903.8	1650855.2	1238832.1	1785277.1	1581774.5	1217423.4	1536431
"sp|P32178|CHMU_YEAST"	"YEAST"	0	0	0	413368.6	0	0	0	0	277350.53	0	0	0	0	0	0	0	0	0
"sp|P32179|MET22_YEAST"	"YEAST"	0	0	0	0	0	136369.34	0	0	0	0	0	0	0	0	0	0	0	0
"sp|P32191|GPDM_YEAST"	"YEAST"	268075.56	0	0	0	475534.28	0	232400.84	0	0	0	0	0	0	0	0	0	0	0
"sp|P32263|P5CR_YEAST"	"YEAST"	10987486	8401205	11187027	9832263	11544589	8305726.5	8878158	9127058	8289857.5	4436750	5275096.5	4034124.5	3749249.5	4706212.5	4048614.2	5688845	5194731	4424969.5
"sp|P32266|MGM1_YEAST"	"YEAST"	0	0	0	0	0	0	0	0	0	0	0	0	0	0	0	0	0	0
"sp|P32288|GLNA_YEAST"	"YEAST"	12987456	12515361	12442885	12260173	11836611	11587162	10765452	12895910	12119825	4819918	5154595	4697358	5025274.5	6027149	5317851	6206771	5804638.5	5146410
"sp|P32319|VPS10_YEAST"	"YEAST"	259088.05	0	730601.6	10654.667	0	0	266693.7	298186.7	340040.84	0	0	0	0	0	0	0	0	0
"sp|P32324|EF2_YEAST"	"YEAST"	288862850	280891600	279443040	272140800	276035070	273798600	266790300	270198270	268929470	139982800	158170380	145352640	142091680	143150750	146455950	137270940	145880210	144091730
"sp|P32327|PYC2_YEAST"	"YEAST"	23381576	24587204	24040540	12311529	14904176	14654316	16889640	22315608	13988545	4220385.5	3785104.5	4137330.5	4142530.5	5335044.5	5199387.5	3551890	5420634.5	4473164
"sp|P32337|IMB3_YEAST"	"YEAST"	274820.12	0	0	0	0	0	0	0	55191.5	0	0	0	0	0	0	0	0	0
"sp|P32340|NDI1_YEAST"	"YEAST"	313599.2	381094.5	325602.4	346339.34	197348.88	307014.75	294444.94	310058.88	322094.03	0	0	148421.48	0	162620.69	125316.07	0	139856.73	0
"sp|P32342|SRP21_YEAST"	"YEAST"	0	0	0	0	0	0	0	0	0	234499.52	368439.78	0	266225.25	0	0	0	0	0
"sp|P32349|RPC3_YEAST"	"YEAST"	154245.8	0	0	0	0	0	0	0	0	0	0	0	0	0	0	0	0	0
"sp|P32352|ERG2_YEAST"	"YEAST"	2448980.5	1632782.2	2471669	2445442.8	1788039.5	2064942.9	2034786.5	1778850.5	2524719.5	1582626.1	574677.2	588096.06	1239619.4	388394.75	544051.94	567162.3	0	563777.7
"sp|P32353|ERG3_YEAST"	"YEAST"	43406.074	179077.23	249294.05	29142.03	283914	0	207407.61	0	0	0	0	222517.34	0	125280.82	210681.64	210383.98	125441.484	0
"sp|P32356|TREA_YEAST"	"YEAST"	2718936.5	2286994	2772805.2	2157832.8	2593300	2471382.2	2386289	3353984.5	2092627.1	0	0	164553.38	0	0	0	0	0	0
"sp|P32366|VA0D_YEAST"	"YEAST"	2051571.2	1758653.2	3061425	780988.75	1632864.5	2266033.8	446605.34	1518919.2	1696333.1	0	0	1183973.2	0	251521.66	888778.94	928072.7	874520.4	1041637.75
"sp|P32368|SAC1_YEAST"	"YEAST"	3583687	4698865	2222987.8	3882816	4200389	4086178.5	3215059.5	3212528.2	4927507.5	2339696.5	2435975.8	2411941.8	2348282	2478784.5	2755638.2	2637571	3437502.8	3075800
"sp|P32377|MVD1_YEAST"	"YEAST"	1246574.9	3265272.2	2631185	3144085.8	2842096.5	3279990	2969925	2633630	3062219.5	877985	2199914.5	1918839.5	1732876.8	2479486	1947271.6	2932974.8	2314718	2302625.5
"sp|P32379|PSA5_YEAST"	"YEAST"	5979632.5	7064069	6284216.5	7413560	5264884	4451726	7403440.5	3458944.8	6701251	2606871.8	2570276	2779629.2	2900759	1848185	1850716.1	2137354	2907780.8	2355922.5
"sp|P32381|ARP2_YEAST"	"YEAST"	8873188	11019638	8034605	9873356	11134781	10267912	10954404	8864087	6305558.5	3050635.5	5173185	1815919.5	6179965	776708.94	1223580.9	5974633	845765.75	2249852
"sp|P32419|MDHP_YEAST"	"YEAST"	3580794.2	653871.6	805780.9	783169.4	405765.62	804402.1	449525.44	624430.5	805591.75	446007.62	0	0	1394182.2	0	0	0	0	329958.06
"sp|P32445|RIM1_YEAST"	"YEAST"	1362853.2	0	1157040.4	1361739.2	1495038.4	1229421.5	378008.12	1462938.6	1409547.1	0	958151.2	704311.4	0	722280.1	711801.94	808034	728116.8	991071.25
"sp|P32449|AROG_YEAST"	"YEAST"	15051485	12897466	13016295	12258740	13361268	12913283	42282680	12908179	13002788	3342929.2	3401397	4712141	3538109.2	5485777	3252569.8	2926314.8	3030255.2	3406326
"sp|P32453|ATP11_YEAST"	"YEAST"	0	0	0	0	0	0	0	0	0	0	0	0	0	0	0	0	0	0
"sp|P32454|APE2_YEAST"	"YEAST"	17358562	14914640	15879754	13878696	15320586	15437055	15559999	13318818	14208899	5330106.5	4097145.5	6081097.5	6722492.5	5242417.5	5911873.5	5669817	5508732.5	5620269
"sp|P32457|CDC3_YEAST"	"YEAST"	0	75912.12	398999.38	406907.12	0	861926.56	0	61377.418	0	440439.8	0	0	0	0	0	0	0	32487.904
"sp|P32463|ACPM_YEAST"	"YEAST"	2704940.2	2799173.8	2835371.5	3176642.5	2614040	3034608.5	2936766.2	2415613.2	3020569	1210671.2	1080103.8	1169362.6	664176.3	213770.62	1016161.94	1286599.8	1232624.2	1036742
"sp|P32468|CDC12_YEAST"	"YEAST"	386763.62	270362.56	1628218.8	453986.9	1561729.5	1762941	264454.6	1389602.2	1931577.4	0	0	1064239.5	0	0	0	0	0	0
"sp|P32469|DPH5_YEAST"	"YEAST"	0	0	0	0	0	0	0	0	0	0	0	0	0	0	0	0	0	0
"sp|P32471|EF1B_YEAST"	"YEAST"	51128310	50691204	55798880	50777424	56243390	50745652	52589964	55912320	51918064	29163488	29627894	27053534	30453868	24529276	23498582	30265776	29425288	24563786
"sp|P32472|FKBP2_YEAST"	"YEAST"	3187606.5	2506909	3193841.5	3212468.5	3232806	3174974.2	3280573.8	3162619	3029204.2	2488334.5	1868839.6	1741559.5	2202660.5	2200340	1994557.2	2260408	1919993.2	1999055.9
"sp|P32473|ODPB_YEAST"	"YEAST"	12314881	10874125	11927034	10658341	10138980	11182780	9977729	17085910	10197405	4460658	2792871.8	3156906.8	3117951.5	3529926.2	4579678	2968382.2	4235751.5	2782410
"sp|P32474|EUG1_YEAST"	"YEAST"	0	0	0	0	228371.52	0	319763.84	260332.62	0	0	0	0	0	0	0	0	0	0
"sp|P32476|ERG1_YEAST"	"YEAST"	8518698	0	8794758	7961803.5	818991.9	10127959	450491.94	7681360.5	8489237	6111165.5	6111588.5	5904174	6403215.5	6218335.5	6188055.5	6797778	5836694.5	6038377
"sp|P32477|GSH1_YEAST"	"YEAST"	0	0	0	2098845.8	0	0	1999719	2086566	0	0	0	0	0	2442835.5	0	1769990.4	1834569.5	0
"sp|P32481|IF2G_YEAST"	"YEAST"	6819144	6134002.5	6506215	6153274	5037834	5969241	6420283	6884966.5	5766693	2182273	3530076	1825339.8	2723156.5	2840252.8	2814130	2540754.5	1229581.8	825284.3
"sp|P32485|HOG1_YEAST"	"YEAST"	0	0	0	0	0	0	0	0	0	0	0	0	0	0	0	0	0	0
"sp|P32495|NHP2_YEAST"	"YEAST"	720149.7	337373.94	709313.75	322209.84	347410.97	514936.6	580433.25	697279.4	682357	132580.47	0	214368.12	159013.3	0	137704.67	0	0	158764.33
"sp|P32496|RPN12_YEAST"	"YEAST"	5578946.5	3813771.2	3519035.2	4476087.5	5057584	5273358	4187098.2	4651437	2959332.8	2123185.8	978531.1	1403390.2	1706164.8	1831937	1376075.8	1141397	2352958.2	845412.94
"sp|P32497|EIF3C_YEAST"	"YEAST"	3720561.2	1438605.5	4091485.2	5850039.5	2854608	3564561	3157076.8	4750106	5440172.5	1603530.2	1235228.1	1387171	3166639	965593.56	1667576.6	1294410.8	1011695.25	2488182.2
"sp|P32499|NUP2_YEAST"	"YEAST"	937253.56	0	852933.94	0	0	0	351337.25	0	22408.361	0	0	0	0	0	0	0	0	0
"sp|P32500|NDC1_YEAST"	"YEAST"	0	0	0	0	0	0	0	0	0	0	0	0	0	0	0	0	0	0
"sp|P32501|EI2BE_YEAST"	"YEAST"	136550.7	168993.66	126196.72	148129.08	116856.46	0	119838.82	128122.805	123671.36	0	0	0	0	0	0	0	0	0
"sp|P32502|EI2BB_YEAST"	"YEAST"	0	0	0	0	0	0	0	0	0	0	0	0	0	0	0	0	0	0
"sp|P32521|PAN1_YEAST"	"YEAST"	1133063.5	1583200.2	1757727.8	1692905.1	1576803.9	1615568.2	1400639.4	1891671.2	1598492.6	982944.9	0	0	623550.4	400806.3	697350.2	0	790766.3	751599.56
"sp|P32527|ZUO1_YEAST"	"YEAST"	14907874	14503658	14242672	13101322	14110741	14086094	13456585	12964785	13772148	8663612	7734958	7581551	8321291	6308513.5	8402432	8341245	7974054	8156604
"sp|P32558|SPT16_YEAST"	"YEAST"	5800419.5	6309360.5	5747047	5753651.5	4053141	5502847	5725725	6252160	6055280	3019311.8	4760976	4716534	4921141	3296338	4874994	2854858	3329161	4987213.5
"sp|P32563|VPP1_YEAST"	"YEAST"	12601135	9356692	11832082	8961041	7811662	12494866	11168653	8183235.5	9301936	1972563.5	2811190.8	3580131.2	3293586	3094877.2	6173229.5	4879434.5	2477254.8	3647559.5
"sp|P32565|RPN2_YEAST"	"YEAST"	1816756.2	1898515.5	2285717.8	1983905.5	2351434.5	2735491.2	3426756.5	2388217.5	3391807	700485	658026.25	796027.75	0	601463.56	492749.8	746760.44	554702.44	787569.44
"sp|P32582|CBS_YEAST"	"YEAST"	41156640	39714820	39975970	38991710	36148624	36937636	36856836	38177220	39287776	19083332	19620822	16677222	16778606	15457520	17452174	16969720	17010698	17198554
"sp|P32588|PUB1_YEAST"	"YEAST"	4255015.5	3040846.2	4597322	3192750.5	2704323	3941468.5	3910220.5	4416987	4329292.5	2085374	1724645.2	2323369.8	2553854	2033395.4	1898981.9	985397	1909063.9	1285772.2
"sp|P32589|HSP7F_YEAST"	"YEAST"	79467590	80536670	81160240	74625500	77051480	76605080	73270120	76371816	78660620	39988820	39712292	39046024	37855420	40789570	37668320	38585590	38120690	37752520
"sp|P32590|HSP79_YEAST"	"YEAST"	1163228.1	1232790	1124458.2	471432.22	1329747.5	1195152.5	1037042.75	649410.1	768197.6	0	0	0	0	171823.92	187542.75	0	0	0
"sp|P32598|PP12_YEAST"	"YEAST"	5692700	5830974	5442920.5	5455200.5	5557569	5474130.5	5876563.5	5319457	5288275.5	3205376.8	3341249.8	3116677	3220504	3122911	3236697.2	4025167.8	3210707.2	3481041.8
"sp|P32599|FIMB_YEAST"	"YEAST"	23931606	20776018	27504848	27114170	24825564	21038414	24515626	23197716	27608752	15825092	14948090	15642872	15866072	16487673	7998733	14050662	14955511	15865386
"sp|P32602|SEC17_YEAST"	"YEAST"	1140586.5	1176104.5	393242.28	982682.25	609161	597170.94	1305248.8	672316.4	641464.9	396689.38	337207.3	289327.12	0	230489.28	390509.97	307801.75	429987.62	306764.25
"sp|P32610|VATD_YEAST"	"YEAST"	1729295.8	2382336.5	2379394.8	1940125.2	1261019.5	2242540.8	1213331.9	1967386.4	2124493.8	344253.22	0	703406.75	0	0	293422.78	325029.25	706451.6	584001.56
"sp|P32614|FRDS_YEAST"	"YEAST"	14620112	12837570	10168938	9178587	9620444	8803174	8102658	11505024	9273384	4416505.5	4972912.5	3728895.8	3882044	2461136.5	4734776	5674106.5	3209191.2	3003324.8
"sp|P32621|GDA1_YEAST"	"YEAST"	919935.6	1015164.44	570112.8	858211	847768.06	1251546.5	799488	372548.28	459419.7	220978.9	115991.195	540105.2	180156.98	286627.7	0	0	0	202134.17
"sp|P32623|CRH2_YEAST"	"YEAST"	375995.8	224625.78	353862.62	438214	406363.8	0	241704.31	364488.22	333892.22	0	0	0	0	0	0	194620.5	0	0
"sp|P32626|ENOPH_YEAST"	"YEAST"	522420.2	1338478.2	926605.25	969787.25	264751.3	476192.4	739472.5	1183705.1	940666.1	0	158720.27	0	409959.62	0	0	151289.8	0	0
"sp|P32628|RAD23_YEAST"	"YEAST"	16537878	7728342	7535478	16149296	16937548	14975583	13266199	14670148	13865722	2550636	787253.25	1080451.2	1799550	1731429.8	1437736.4	1051672.4	1202271.5	915160.1
"sp|P32771|FADH_YEAST"	"YEAST"	881320.4	221546.11	1695155.1	0	543426.5	265930.7	499819.53	613769.44	516478	0	0	0	0	0	0	0	0	0
"sp|P32775|GLGB_YEAST"	"YEAST"	2216539.2	2248100.8	2286904	2144140.5	1889526.2	2178597.5	1859618.5	540894	2207186	916182.3	1432260.1	1553124.4	1666389	265760.75	1326385.8	971268.7	1917914.8	1430861.6
"sp|P32787|MG101_YEAST"	"YEAST"	384583.66	382426.84	412541.94	0	446343.94	403593.88	469201.03	432269.56	0	0	284957.06	195268.08	221467.31	242002	256731.17	341404.72	0	0
"sp|P32790|SLA1_YEAST"	"YEAST"	6494761	5735209.5	6132265	6530503	6029279.5	5185090	7565620	6988227	5854557.5	3385537.2	3414470.2	3441115.5	3612403.8	4154664.5	2747260.2	3314583.5	3271963.8	3684077
"sp|P32802|TMN1_YEAST"	"YEAST"	0	0	0	0	0	0	0	0	0	0	0	0	0	0	0	0	0	0
"sp|P32803|EMP24_YEAST"	"YEAST"	1751767.1	4120084.5	1538013.2	0	3854641	2923530.5	4223310	2499178.8	2413755.5	1683813	3171589	3483970.2	1773926	3125199.2	3116611	1350582.1	3360867.8	3354865.5
"sp|P32806|GYP6_YEAST"	"YEAST"	0	0	0	0	0	0	0	0	0	0	0	0	0	0	0	0	0	0
"sp|P32832|RSC7_YEAST"	"YEAST"	0	0	1507541.4	1464529.9	1510740.6	1466869.1	1609112.1	1095778.6	1411202.8	0	1096183.2	0	0	0	0	0	1323851.6	0
"sp|P32835|GSP1_YEAST"	"YEAST"	9250500	9218175	8748597	8749686	8893264	9296999	8626200	9138401	8884502	4927502.5	4881256	4609042.5	4787729	4814748	3535997.2	4986870	3260351.2	4915971
"sp|P32836|GSP2_YEAST"	"YEAST"	0	0	0	0	0	0	0	0	0	0	0	0	0	0	0	0	0	0
"sp|P32860|NFU1_YEAST"	"YEAST"	776620.8	850133.9	833213.1	751805.7	708425	827176.6	800052.4	768546.06	869487.5	0	0	0	0	0	0	683816.2	493543.56	0
"sp|P32861|UGPA1_YEAST"	"YEAST"	29477156	31204422	31382436	31482438	31383168	28457680	28350282	32520396	27698830	11921482	15601960	14231360	11539647	15255794	9248552	11831512	13671824	11076019
"sp|P32864|RAEP_YEAST"	"YEAST"	0	0	0	0	0	0	0	0	0	0	0	0	0	0	0	0	0	0
"sp|P32867|SSO1_YEAST"	"YEAST"	0	0	0	0	0	0	0	0	0	0	0	0	0	0	0	0	0	0
"sp|P32891|DLD1_YEAST"	"YEAST"	540109.75	1155090.1	656538.8	1673172.8	1384211.9	1165062.5	1354215.5	1468819.1	1129033.5	0	0	1146750	0	0	1371159.9	1195513.2	0	0
"sp|P32895|KPR1_YEAST"	"YEAST"	992430.9	330986.1	1000618.6	2140947	978506.1	528722	643222.8	871476.6	1058770.5	0	0	0	0	0	281375.4	0	0	0
"sp|P32897|TIM23_YEAST"	"YEAST"	747591.7	0	0	0	707558.3	854206.8	0	0	530077.3	0	0	242276.19	0	586351.25	328453.78	627571.94	0	254473.33
"sp|P32905|RSSA1_YEAST"	"YEAST"	62360360	62777990	61696584	61397810	61640780	60777252	59211820	61390236	64758264	26723564	31903584	30555602	28185264	33707428	30228740	30312834	30425634	30917772
"sp|P32911|SUI1_YEAST"	"YEAST"	3279882.5	1423355.9	1438730.5	3327388	3397122.5	2932897	3536570	2930073.2	3563609	2163630	587181.1	2272753.2	2239118.8	1941580	2262200	1807215.4	1813763.4	2134471.5
"sp|P32915|SC61A_YEAST"	"YEAST"	1368225.9	1075943.5	966619.4	980328.1	216043.19	1320052.5	692315.75	347115.5	1319662.6	0	0	0	143514.33	0	0	172580.66	0	0
"sp|P32916|SRPR_YEAST"	"YEAST"	88526.64	0	0	0	0	0	0	0	0	102625.59	103985.48	91780.375	0	43924.98	0	0	57222.766	0
"sp|P32939|YPT7_YEAST"	"YEAST"	0	0	0	0	0	0	0	0	0	0	0	0	0	0	0	0	0	0
"sp|P33201|MRT4_YEAST"	"YEAST"	268514.22	1806566.6	796525.3	893663.7	1926601.4	1948414.5	571965.1	0	232844.67	0	0	0	0	0	0	397700.88	0	0
"sp|P33202|UFD4_YEAST"	"YEAST"	0	0	0	0	0	0	0	0	0	2496601	0	2683528	0	0	0	0	0	0
"sp|P33297|PRS6A_YEAST"	"YEAST"	5664401.5	3925392	4734522.5	5668283.5	4532351.5	5037615.5	4392073	4896560.5	4910174.5	2585387	3553237.5	1385244.1	2577126.2	2867357	382179.34	2165770	1729228.2	2630989
"sp|P33298|PRS6B_YEAST"	"YEAST"	2263094.2	1951735.4	1349908.1	1855161.2	920970.75	1231809.8	2093417	1464923	1002774.9	0	780765.4	262323.47	1063710.2	0	1014649.9	1094441.8	0	132603.03
"sp|P33299|PRS7_YEAST"	"YEAST"	5230575.5	4562926	4381575	4535804	2530486.5	4200653	3673860.5	4511867	4880405.5	1445967	2625066.5	2596253.5	1330440.9	2269769.5	850303.5	267080.06	1624693.6	811992.75
"sp|P33302|PDR5_YEAST"	"YEAST"	12508270	10787733	12742864	9614638	11390474	11516352	12112033	10991836	10432314	3330435	2283417	5087838	1702597.1	689115.4	4623254.5	3352098.2	2246596.8	4682912.5
"sp|P33309|DOM34_YEAST"	"YEAST"	0	0	0	0	0	0	0	0	0	0	0	0	0	0	0	0	0	0
"sp|P33317|DUT_YEAST"	"YEAST"	0	0	0	0	0	0	0	0	0	0	0	0	0	0	0	0	0	0
"sp|P33322|CBF5_YEAST"	"YEAST"	4338817.5	3877284	4013154.2	4777677	3734897.5	3450620	3899639.8	3661109.5	3115496.8	11932938	2033207.9	11107906	400854.16	11904886	3178958	1356408.2	976962.25	937530.1
"sp|P33327|DHE2_YEAST"	"YEAST"	1847442.2	0	2125429.5	2315389	2146971	1975461	2385752.5	2130912.2	0	0	0	0	0	0	0	0	0	0
"sp|P33328|SNC2_YEAST"	"YEAST"	1518599	534638.44	1636587.2	366456.28	516866.25	1521012.2	2110886.5	1376091.5	1672989.4	0	0	0	0	0	0	0	0	0
"sp|P33330|SERC_YEAST"	"YEAST"	10317105	10450897	10499672	9155240	9590355	8918673	8326566.5	9213424	8576029	2645078.2	3120147	2331829	3163944.5	2601420.2	3256059.2	3408433	3339113	4113321.2
"sp|P33331|NTF2_YEAST"	"YEAST"	8109423.5	8170048.5	6108841	7105637	7081933	7641094	7904545	7771075.5	5797232.5	3948484	2616121.2	3098188.5	3656790	2621387.2	2723667	2743225	2837670.8	3147972.8
"sp|P33333|PLSC_YEAST"	"YEAST"	1710683.9	896757.6	1921082.6	1321179.5	860779.7	827028.25	1561065.8	1289802	706490.4	0	0	120728.21	0	0	123881.48	0	0	0
"sp|P33338|SLA2_YEAST"	"YEAST"	0	449229.84	433936.66	496535.3	0	0	501038.62	586693.5	0	170833.86	0	0	527856.3	0	0	255591.12	463870.6	0
"sp|P33399|LHP1_YEAST"	"YEAST"	0	715145.6	0	426994.38	0	687024.75	0	0	0	0	0	444273.6	0	0	0	0	0	0
"sp|P33401|PGM1_YEAST"	"YEAST"	1281012	1144337	566516.3	1456390.9	512186.5	728392.4	1386439	848520.75	1129004.2	0	253656.72	0	0	0	0	0	0	0
"sp|P33416|HSP78_YEAST"	"YEAST"	2898714.8	2900645.5	4823898.5	4378318.5	2753812	2314122.5	4006778.5	2347750	2705049.5	2835857	3261365.5	3245758	2048217.5	1095051.5	2846291	1279932.5	2012344.4	2508966.5
"sp|P33442|RS3A1_YEAST"	"YEAST"	10587017	11512280	10802920	10073380	10211999	10867629	10142745	10108679	10326084	4958795	4904415.5	5190522.5	5365120	4991975.5	5111915	5037091	4997069.5	4900225
"sp|P33734|HIS5_YEAST"	"YEAST"	1399269	1690921.8	1626071.5	1756999.9	2452748.5	1147926.1	1385893.9	1409858.5	1147455.9	0	340431.84	0	412774.44	227110.16	635347	207066.95	380276.6	225842.12
"sp|P33767|OSTB_YEAST"	"YEAST"	2647429.2	2153128.8	1587260.2	1015843.7	1845558.1	1098326.9	1880891.5	1906845.9	1916558.5	299321.88	386765.12	0	336110.25	0	59541.47	333781.84	142520.69	250606.1
"sp|P33775|PMT1_YEAST"	"YEAST"	408304.6	0	383799.97	0	0	0	0	0	381619.72	0	0	0	0	0	0	0	0	0
"sp|P33892|GCN1_YEAST"	"YEAST"	15209026	8371627.5	8267736	10746040	6342452	7584273	5834577	12602134	12102473	4883293.5	3003703	5781234.5	1635375.8	4305286	5124968.5	3857064.8	6109643.5	4674089
"sp|P34160|NCBP1_YEAST"	"YEAST"	1387704.8	1589530	1873473.8	1936561.1	2027672.6	1598681.2	1307526.5	1567288.2	1600852.2	1393613.5	1761180.6	2081811.5	0	1865091.6	1446613.4	1932359.5	1399327.9	2063082.2
"sp|P34163|TGL1_YEAST"	"YEAST"	1347384.5	0	1009777	988761.06	0	681241.75	0	0	396510.56	0	0	0	0	0	0	0	0	0
"sp|P34167|IF4B_YEAST"	"YEAST"	10284697	6366671.5	8017353.5	5514957	6845411	7242638	7131338	7476572	8558662	1071752.2	1640620.4	2521351.2	4944574	6852517	4031421.5	1614013.2	1858805.8	3735765.5
"sp|P34216|EDE1_YEAST"	"YEAST"	2776644	1613127.9	1859630.2	3435483.8	2034575.8	2166369	3181855.2	3012682.2	2740844.5	0	116747.16	51078.73	81344.63	192698.05	513840.03	66674.92	624586.25	873284.75
"sp|P34217|PIN4_YEAST"	"YEAST"	0	0	0	0	0	0	0	0	0	0	0	0	0	0	0	0	0	0
"sp|P34221|PP2C3_YEAST"	"YEAST"	170929.4	305003.06	275431.78	196506.62	0	213450.1	386991.06	184232.52	199225.4	77632.48	0	0	61831.406	128531.23	0	163470.77	0	57694.76
"sp|P34222|PTH2_YEAST"	"YEAST"	1261326	1105921.9	1396600.9	1005199.7	1162595	1145827.4	1138123.2	1215081.9	1193025.1	1021261.5	0	0	1113121.9	0	0	0	0	0
"sp|P34223|UBX1_YEAST"	"YEAST"	5024908.5	2802575	2622126.5	2623439.5	2506582.2	2331540.2	2712402.8	1379217.9	1620753	2385746.5	2441986	0	1866032.4	2183568.5	0	47655.727	57094.074	468796.75
"sp|P34227|PRX1_YEAST"	"YEAST"	3586043.2	4701227	4575796	4121929	4114198.2	3514212.5	4794867.5	4534090	3490851	2977002.5	3726228.5	2100477.8	2016922.8	3573634	2823953.2	1738712.8	2885709.2	2964800
"sp|P34243|HCS1_YEAST"	"YEAST"	0	0	0	0	0	0	0	0	0	0	0	0	0	0	0	0	0	0
"sp|P34248|YKK0_YEAST"	"YEAST"	275827.78	0	0	0	0	255436.33	297361.84	0	0	0	0	0	0	0	0	0	0	0
"sp|P34730|BMH2_YEAST"	"YEAST"	7649937.5	7083214	6276908.5	5436412	7298966.5	6098359	6183119	6528276	6349118.5	2592354.5	2769569	2667533	3377281	2907153.5	2869636.5	3006414	3601872.2	2236834
"sp|P34760|TSA1_YEAST"	"YEAST"	163996560	164036480	163978720	157810750	155950050	155254960	156171970	155796200	155791800	83386680	84794024	85125416	84167360	85099680	86162300	84233270	85056540	85932650
"sp|P35176|CYPD_YEAST"	"YEAST"	1571804.6	1880622.6	1954557	1728097.5	1485332.8	1244177.2	1052233.1	1119680.4	2150573.5	384362.62	457047.12	185687.42	565511.7	640676.5	197797.66	417356.88	476178.03	205958.94
"sp|P35179|SC61G_YEAST"	"YEAST"	6195324	5866160.5	5999950	5617350.5	6084238	5326742	5776335	5767661	6275543	2520658.8	2140323.5	2038795.8	1965986.8	2054112.8	2077620.2	1990611.9	2085467.4	2484857.5
"sp|P35180|TOM20_YEAST"	"YEAST"	1254419.1	1143767.1	1517589.5	1287611.5	1136872.5	1222545.1	1381131	1241361.8	1254300.5	364943.53	0	0	0	0	0	358281.56	0	0
"sp|P35184|SQT1_YEAST"	"YEAST"	0	237785.27	858938.6	0	216889.28	384393.8	463403.44	1017974.6	982196.8	0	0	0	0	0	0	0	0	0
"sp|P35189|TAF14_YEAST"	"YEAST"	296472.66	0	309922.3	299791.7	0	249683.14	0	0	0	0	0	0	0	0	0	0	0	0
"sp|P35191|MDJ1_YEAST"	"YEAST"	0	0	0	0	0	0	1196953.6	200010.19	0	0	0	205995.25	0	210863.1	0	0	0	0
"sp|P35197|GCS1_YEAST"	"YEAST"	720920.56	965691.25	876326.75	715889.75	231423.34	848153.7	480471.72	722787.9	1010258.9	0	137951.95	0	0	0	0	0	0	0
"sp|P35691|TCTP_YEAST"	"YEAST"	34722564	34457516	34021580	32656136	33636572	33044726	33709830	33162094	32760374	17684934	17748228	17575194	18124398	17888028	17260572	18080476	17493178	17933690
"sp|P35719|MRP8_YEAST"	"YEAST"	14365778	15322821	14940771	13698789	13976283	13503022	13256119	11870813	13376957	5211163	5143398.5	4595235	3430013.2	5993406	5173215	5206859.5	5116015.5	6873330
"sp|P35723|YET1_YEAST"	"YEAST"	1734018.1	2554379.5	2605510.5	2309507	1535136	2519363.8	2594989	2698037.5	2471299.5	592371.2	569433	1071478.8	458658.9	0	0	0	0	0
"sp|P35729|NU120_YEAST"	"YEAST"	0	0	0	0	0	0	0	0	0	0	0	0	0	0	0	0	0	0
"sp|P35732|DEF1_YEAST"	"YEAST"	2745546.8	4555789.5	2750040.8	2220956.8	4180261.8	3935449.8	3477759.8	4267256.5	4059397.5	1240027	1417713	1059388	953624.2	150959.53	1516265.6	134629.89	1211773.1	1115002.2
"sp|P35817|BDF1_YEAST"	"YEAST"	276929.38	291212.28	555713.8	486526.66	226133.75	642016.75	240834.64	630662.9	372079.2	524768.8	0	0	0	0	0	214288.38	262425.47	583233
"sp|P35842|PPAB_YEAST"	"YEAST"	0	724640	681496	0	0	741438.25	633397.44	0	848655.2	0	0	0	0	0	0	0	0	0
"sp|P35844|KES1_YEAST"	"YEAST"	4227905.5	3983334.8	2992325	3228938	2495263.2	3677425.5	3542932.5	4170408.2	3159146.5	981584.75	1234154.6	804763	676924.9	812508.7	1188539.2	2261280.2	992945.4	1561889
"sp|P35997|RS27A_YEAST"	"YEAST"	29076886	26319320	28928576	26203448	26031486	26693802	26083654	26399952	27161358	14236211	14612422	14381433	13957873	15080907	14493526	14064323	14502527	14391693
"sp|P36008|EF1G2_YEAST"	"YEAST"	50691944	49111052	50328736	45329948	46415760	46588844	47848250	49714264	47229176	25494240	23031928	24671338	22522234	22346360	26282102	23877182	24401920	24717524
"sp|P36010|NDK_YEAST"	"YEAST"	13408039	14325767	13524244	14758342	13571239	12345937	13105438	14060379	11964542	5787557	5276870.5	5481797	6487291	5950372	5952707.5	6540402	5688845	5689723.5
"sp|P36013|MAOM_YEAST"	"YEAST"	0	896745.2	0	0	0	0	0	0	0	0	0	0	0	0	0	0	0	0
"sp|P36015|YKT6_YEAST"	"YEAST"	4947861.5	4241511.5	3021598.2	2614401.5	3024391.2	4606711.5	3959270.8	4676826.5	4306424.5	1814914.5	1154518.5	584559.94	410133.28	765878.25	2079422.2	866853.4	402668.75	1654580
"sp|P36017|VPS21_YEAST"	"YEAST"	1565811.8	1802228.9	1777276.2	1868857.2	1344683	1435767.8	1686856.2	1591493	1018705.94	900962.5	889491.44	993477.75	720157.6	766506.56	693797.06	974709.5	974438.06	738802.5
"sp|P36018|YPT52_YEAST"	"YEAST"	843950.9	755347.4	719710.25	793654.2	704017.3	685687.75	692959.06	598275.7	733189.1	374769.56	0	0	0	0	0	334462.9	234429.11	0
"sp|P36022|DYHC_YEAST"	"YEAST"	0	0	0	0	0	0	0	0	0	0	0	0	0	0	0	0	0	0
"sp|P36037|DOA1_YEAST"	"YEAST"	0	0	0	0	0	0	0	0	0	0	0	0	0	0	0	0	0	0
"sp|P36041|EAP1_YEAST"	"YEAST"	0	0	0	0	0	1057179.8	0	0	0	0	0	0	0	0	0	0	0	0
"sp|P36046|MIA40_YEAST"	"YEAST"	0	0	270272.25	294734.62	0	0	259674.62	277875.56	0	0	0	0	0	0	0	0	0	0
"sp|P36047|SDS22_YEAST"	"YEAST"	435578.7	463896.34	370595.7	448314.06	399629.44	380387.9	384321.62	386353.97	356597.34	0	177630.23	0	0	0	0	189269.17	166595.22	0
"sp|P36049|EBP2_YEAST"	"YEAST"	177561.31	14272.124	180563.19	19781.51	208308.67	24441.01	144335.61	27614.709	215100.66	0	0	0	0	0	0	0	0	0
"sp|P36053|ELF1_YEAST"	"YEAST"	0	0	0	0	0	0	0	0	0	0	0	0	0	0	0	0	0	0
"sp|P36059|NNRD_YEAST"	"YEAST"	0	669948	0	613177.6	0	0	381889.2	0	0	0	0	0	0	0	0	0	0	409933.9
"sp|P36060|MCR1_YEAST"	"YEAST"	8267236	7148616	2426651.8	7750499	4059365.2	7305478.5	5370252	5471600.5	7591302.5	1540645	1723489	1718963.6	1615232.2	1222573.8	1505391.8	1956922.2	1322339.2	1740537.5
"sp|P36069|PMU1_YEAST"	"YEAST"	466304.22	583294.5	0	0	0	469506.4	0	668742.1	0	0	0	0	0	0	0	0	0	0
"sp|P36080|RRP14_YEAST"	"YEAST"	0	0	0	0	227840.95	341615.66	0	354697.9	0	0	0	0	0	0	0	0	0	0
"sp|P36081|PSG1_YEAST"	"YEAST"	0	0	0	0	0	0	417983.97	0	0	0	0	0	0	0	0	0	0	0
"sp|P36091|DCW1_YEAST"	"YEAST"	0	0	0	0	0	0	0	0	0	0	0	0	0	0	0	0	0	0
"sp|P36095|VPS24_YEAST"	"YEAST"	0	0	0	0	259581.42	0	0	320436.66	0	0	0	0	0	0	0	0	0	0
"sp|P36105|RL14A_YEAST"	"YEAST"	18265236	16135773	17560620	16535899	16847446	16613582	16953014	16295724	17057582	9095872	9216249	9492071	9121668	8713598	9412348	7685279	9214264	9219788
"sp|P36114|YKR18_YEAST"	"YEAST"	266023.16	1944690.9	308906.84	258421.4	1171133.9	163126.7	212617.86	255813.67	191882.72	0	0	145054.11	2628488	0	106078.766	0	1243181.5	0
"sp|P36136|SHB17_YEAST"	"YEAST"	0	0	0	0	0	0	0	0	0	0	0	0	0	77651.47	0	0	0	0
"sp|P36139|PET10_YEAST"	"YEAST"	2055328.2	2560770.5	2349627.5	1911071.8	1603819.5	2165875.2	2193977.5	2521323.5	2129564	53502.45	0	226328.55	0	0	492174.66	440205.53	0	0
"sp|P36145|T2EB_YEAST"	"YEAST"	0	0	0	0	0	0	0	0	0	0	0	0	0	0	0	0	0	0
"sp|P36148|GPT2_YEAST"	"YEAST"	1116628.9	0	0	0	0	886036.94	737973.8	987497.4	0	545163.9	0	0	0	0	0	0	501251.06	0
"sp|P36151|YK50_YEAST"	"YEAST"	0	0	0	0	0	0	0	152965.92	0	0	0	0	0	0	0	0	0	0
"sp|P36154|AIM29_YEAST"	"YEAST"	738478.7	938008.2	662589.25	741848.4	613789.75	754729.3	686095.2	711719.56	716052.1	0	0	0	0	420471.03	0	625846.1	0	0
"sp|P36160|RPF2_YEAST"	"YEAST"	691171.06	1043439.7	666703.3	966529.06	908339.56	813322.06	831994.4	793562	1110988	0	0	491171.8	0	0	0	0	0	489120.56
"sp|P36421|SYYC_YEAST"	"YEAST"	8788795	10633751	8740125	8443819	7879049	8783234	8964907	8239162	8457227	2801242	2503002.5	3446259.5	2410008.5	2434831	3845620	2754271.5	1570690.2	4203170.5
"sp|P36775|LONM_YEAST"	"YEAST"	1205167.1	961498.8	1786793.6	816635.94	1550049.8	1032182.06	781149.2	1852199.1	1530660.1	495428.62	623055.1	578157.44	561331.1	0	589587.56	3819047	621720.3	3249069.2
"sp|P37012|PGM2_YEAST"	"YEAST"	60771536	57707856	62548236	57562964	58028570	56961900	58010750	58490156	63647020	31968958	27361470	27381990	26007490	29579460	25645896	25943808	26364956	30351064
"sp|P37291|GLYC_YEAST"	"YEAST"	120275176	118053330	117111064	116040320	108406730	113259380	116494900	111999816	113775990	58907336	60791532	55705068	58576930	65536200	61188250	59180696	59900740	59328240
"sp|P37292|GLYM_YEAST"	"YEAST"	3729785.8	8766547	4315331.5	9269568	7721144	5406559	4385306.5	5461204.5	6131581.5	2172761	2138702	2736867.8	2187808.8	2943758	1271150.2	2504916.8	5153154.5	2755619.8
"sp|P37302|APE3_YEAST"	"YEAST"	13886002	14359795	11651787	11233790	11345220	9835173	14000276	12227809	12622074	3128345.8	3913769.5	3325661.8	3950075.5	3605683.5	3097402.5	4578964	4218726	3833157
"sp|P37898|AAP1_YEAST"	"YEAST"	2244965	2130405	2026954.2	2681241.8	1457429	880100.06	1918270.5	1631924	1933883.5	586869.44	885443	1019921.25	903827.7	451519.53	525718	179977.64	657670.4	878581.1
"sp|P38009|PUR92_YEAST"	"YEAST"	82935770	76086320	85256360	79055540	76055760	78819560	76058360	78970820	81246630	39961476	37763836	40037612	40936260	36963536	38737636	38531456	39682344	42135052
"sp|P38011|GBLP_YEAST"	"YEAST"	57837668	50854076	58499096	48915144	47086188	55150336	55221796	46344460	54957324	28253696	24081368	24797034	27250242	27619884	28683862	27049354	23029046	28874450
"sp|P38013|AHP1_YEAST"	"YEAST"	115630140	113145210	115988710	109703640	109574056	111084080	108185096	108030040	108660536	60074708	61496188	57771404	53962430	56009140	55759616	54113436	58451036	60611388
"sp|P38061|RL32_YEAST"	"YEAST"	27683630	26898112	26937654	26587928	27639644	26206900	26930062	26773324	27652246	14001330	14109456	13433771	14283052	14348094	12573176	13284655	13918687	13487932
"sp|P38063|KPR4_YEAST"	"YEAST"	0	0	0	0	0	0	0	0	0	0	0	0	0	0	0	0	0	0
"sp|P38069|MNN2_YEAST"	"YEAST"	1066188.8	1193678.1	1738943	1373019.2	1110632.5	1329181.6	1134365.5	1453283.5	1655089.6	0	0	0	0	0	0	0	0	0
"sp|P38071|ETR1_YEAST"	"YEAST"	1068396.2	671546.1	742308.25	548276.25	731720.7	1029916.5	747978.1	529009.25	690235.4	345185.62	253416.5	60762.46	379840.44	393257.44	0	359103.72	342370.56	422063.12
"sp|P38074|HMT1_YEAST"	"YEAST"	0	2706249	2312653.5	2781683	1981040.6	2385519.2	2249118	2583937.5	2341170.5	0	0	0	0	0	0	227092.22	0	0
"sp|P38075|PDX3_YEAST"	"YEAST"	2870953	3720180.8	1956934.2	3118317.5	3172061	3505503	1791726.8	3085713.2	3085094.5	332286.66	353446.6	1118270.4	1367847.2	808461	874280.56	1681125.2	382602.88	692435.7
"sp|P38077|ATPG_YEAST"	"YEAST"	522863.7	564100.06	500959.16	0	79454.54	577781.4	553231.4	521446.12	517063.97	256993.66	345277.88	242514.48	281573.66	311636.38	255921.62	413038.25	338507.12	307485.12
"sp|P38079|YRO2_YEAST"	"YEAST"	1399826.1	1738035.5	1535628.2	1580407.9	1322191.2	1414374.6	1645885	1611425.5	1347934	842224.9	542859.56	452041.84	704580.4	830381.9	797198.1	883083.9	731335.3	830404.4
"sp|P38081|YBQ6_YEAST"	"YEAST"	0	39280.746	0	52019.68	0	64518.754	0	18776.664	0	0	0	0	0	0	0	0	0	0
"sp|P38088|SYG_YEAST"	"YEAST"	48773640	47597610	46214070	46793580	48947610	43092220	44319996	40654356	40711616	19765108	13583505	12856291	19521604	13711902	23438530	11940641	17032896	17267146
"sp|P38109|ATG42_YEAST"	"YEAST"	0	0	0	0	0	0	0	0	0	0	0	0	0	0	0	0	0	0
"sp|P38115|ARA1_YEAST"	"YEAST"	12787452	13104862	14145852	12476170	14152386	12377679	15037412	15373248	13971269	5057771.5	5098929	5248093.5	9261266	4626882	2999136	3964885.2	4170963.5	5236600.5
"sp|P38130|KTR3_YEAST"	"YEAST"	0	0	0	0	0	0	0	0	0	0	0	0	0	0	0	0	0	0
"sp|P38137|FAT2_YEAST"	"YEAST"	1237834	2174549.8	1149657	1528987.4	1570645.9	1788833.6	1477603.9	1717022.5	1277877	1108235.2	0	0	0	0	0	147481.8	0	0
"sp|P38143|GPX2_YEAST"	"YEAST"	3251696	4075102.8	3646852.5	2830291	2406548.2	3276071.2	3373620.5	3992394.5	3876560.2	1412627.8	1253847	1600067.6	1765317.4	768707.9	1276320.9	1302688.4	1630964.6	983893.9
"sp|P38145|RISA_YEAST"	"YEAST"	0	0	0	0	0	0	0	0	0	0	0	0	0	0	0	0	0	0
"sp|P38166|SFT2_YEAST"	"YEAST"	907877.25	0	0	1735015	0	0	0	0	84326.414	0	0	0	0	0	0	0	0	0
"sp|P38174|MAP2_YEAST"	"YEAST"	1410933	1306616.8	922310.3	992954.3	1231337.2	1256963.4	896847.8	964880.94	631040.7	0	0	149412.31	318731.22	0	278775.2	436872.47	425930.8	487225.38
"sp|P38197|PLPHP_YEAST"	"YEAST"	513699.47	951526.5	884617.44	599755.8	763232	0	653316.1	91034.36	513796.4	0	48961.582	0	0	0	0	0	0	0
"sp|P38199|HEK2_YEAST"	"YEAST"	389296.16	1444247.9	872179.4	1054868.9	1069704.2	1677750.5	1933986.4	624843.06	1706329.4	0	0	0	0	0	0	0	0	0
"sp|P38203|LSM2_YEAST"	"YEAST"	374815.72	0	325748.22	404608.8	0	0	312822.56	339751.6	4001384.8	0	0	3936860.2	0	0	0	0	0	0
"sp|P38205|NCL1_YEAST"	"YEAST"	3846649	3887768	3342552.2	3369141.8	3545533	3605815.5	3964788.2	2735407.2	2666514.8	0	0	0	0	0	0	0	0	486813.22
"sp|P38210|LDB7_YEAST"	"YEAST"	0	0	0	0	0	0	0	0	0	0	0	0	0	0	0	0	0	0
"sp|P38216|YBM6_YEAST"	"YEAST"	0	0	0	0	0	0	0	0	0	0	0	0	0	0	0	0	0	0
"sp|P38218|POA1_YEAST"	"YEAST"	0	0	0	0	0	0	0	0	0	0	0	0	0	0	0	0	0	0
"sp|P38219|OLA1_YEAST"	"YEAST"	23108770	21444420	22663656	21179282	22443948	21550266	22359206	21770998	20408692	10400130	10932158	9766463	11078149	10863348	10204391	10342958	9794405	10222711
"sp|P38221|CDS1_YEAST"	"YEAST"	8534671	7439716.5	8029778	7914000.5	7770346	7673570.5	7250078.5	7418680	8326238	4017017	4082214.8	4250241.5	3723892.8	3767556.5	4160010.2	3992833.2	3813907.5	4274509.5
"sp|P38230|QOR_YEAST"	"YEAST"	1020338.7	579240.3	1023263.6	1284330.1	0	1950487.1	1503316.5	1516579.4	1411382.2	0	0	1141008.2	0	0	0	1432189.8	0	0
"sp|P38234|RFS1_YEAST"	"YEAST"	892819.44	2284906	1622137.1	212303.69	1344885.8	1531409.2	1622233.1	1152451.1	2439864.5	357588.22	0	731092.5	0	477514.66	754328.5	771429.06	0	545387.8
"sp|P38235|YBQ3_YEAST"	"YEAST"	0	150946.48	150593.89	0	95689.93	0	0	108938.16	0	76186.14	0	0	0	0	97785.44	0	89619.16	105473.57
"sp|P38244|PFF1_YEAST"	"YEAST"	2853669.2	2116871.8	2896064.5	2652197.8	2630203.5	2755889.5	2710446.5	2710849.2	2858917.5	0	2274358.5	2403684.8	2550748	0	0	2350172	2723895.8	2354135.8
"sp|P38248|ECM33_YEAST"	"YEAST"	5198308	5372544	4800473	4604700	4894031.5	4463421	5302480	4343022.5	4438915	2346369	1944142.4	2155780.8	2349227	2720722.8	2736142.2	2220957	2703636.5	2479400.2
"sp|P38249|EIF3A_YEAST"	"YEAST"	9917703	9293808	9769648	9472484	9248567	8311846	9670632	7779704	9786371	1993489.5	2571087.5	1278923.2	1649291.2	1849471.9	1203544.8	2846114	1708470.4	2023817
"sp|P38250|IST2_YEAST"	"YEAST"	1351167.2	1191664.2	628921.2	282937.9	300795.2	1012908.5	1184376.8	1076030.1	335098.34	0	246330.84	0	0	0	23485.941	0	0	0
"sp|P38254|TTL_YEAST"	"YEAST"	0	0	0	0	0	0	0	0	0	0	0	0	0	0	0	0	0	0
"sp|P38260|FES1_YEAST"	"YEAST"	589885.06	171140.38	163842.45	608305.6	582764.9	129119.64	830871.56	875368.4	152771.56	0	0	0	0	0	0	0	0	0
"sp|P38264|PHO88_YEAST"	"YEAST"	11105579	10719260	10281985	9132119	10038809	11451049	10550159	10592541	9314230	5909761	6622435.5	6775551.5	6061968.5	6876161	7120652.5	4868952.5	7278307	9154387
"sp|P38281|APD1_YEAST"	"YEAST"	0	0	0	0	0	0	0	0	0	0	0	0	0	0	0	0	0	0
"sp|P38286|MKAR_YEAST"	"YEAST"	339673.62	609608.1	0	0	0	293122.2	327096.22	379341.12	293254.16	0	0	193063.9	0	0	0	0	0	0
"sp|P38295|MCFS2_YEAST"	"YEAST"	0	0	0	0	211739.22	0	0	0	0	0	0	0	0	0	0	0	0	0
"sp|P38314|SDS24_YEAST"	"YEAST"	1107196	1353789.9	1326783.1	899030.5	874526.7	1180597.1	849889.56	1156219.2	1104053.4	0	0	1197203.6	0	1390321.8	1459218.5	1630724.6	0	1639870.6
"sp|P38315|YBP1_YEAST"	"YEAST"	0	203410.45	0	0	0	0	0	0	0	0	0	0	0	0	0	0	0	0
"sp|P38325|OM14_YEAST"	"YEAST"	97000.305	0	0	768532	828841.56	31646.32	0	32030.18	701569.56	15869.219	21007.426	0	0	13583.508	42493.5	274993.75	0	0
"sp|P38328|ARPC1_YEAST"	"YEAST"	1381265.2	1475137.6	1499455.5	819282.6	1232259	1255008.8	644010.56	1213448.5	1496742	368814.25	422920.34	0	378987.78	441377.56	413122.12	409058.3	421148.1	580492.56
"sp|P38351|PAF1_YEAST"	"YEAST"	0	0	0	0	0	0	0	0	0	0	0	0	0	0	0	0	0	0
"sp|P38353|SSH1_YEAST"	"YEAST"	8996778	8871166	8357898.5	8550883	8937347	9175597	9563178	9075099	9394847	7337760.5	8297497.5	6723551.5	6852253	7177538.5	7056662.5	6866165.5	7377496	6241154.5
"sp|P38426|TPS3_YEAST"	"YEAST"	2440088.5	2268557.8	2162152.8	2633064.2	1229306.8	1686337.2	1943479.8	1364534.5	2252289.5	269864.2	416738.5	803970.25	412241.2	0	0	882987.7	387633.22	574062.75
"sp|P38427|TSL1_YEAST"	"YEAST"	10522175	8701667	10243256	11376203	7702612	12579580	13515813	8597258	16522230	2138140	2527038.5	3854018	2961389.8	2893796	3518609.2	3375165.5	3053726	3035943
"sp|P38431|IF5_YEAST"	"YEAST"	17056302	16643248	19719356	15813710	15352922	15690290	15851294	17468630	14705212	9067865	8641689	238982.58	7848211.5	2977689.5	7813756.5	8011999	1351978.9	6248917.5
"sp|P38439|LEO1_YEAST"	"YEAST"	0	0	0	0	0	0	0	287617.28	0	0	0	0	0	0	0	0	0	0
"sp|P38523|GRPE_YEAST"	"YEAST"	4432324	4633978	5022416.5	3809215	4783456	4014077.5	3118335.5	4652934	4056204	2869158.5	2178804	2167712	2339444	1399353.9	1936519.2	2409528	1826122.8	1999058.2
"sp|P38555|YPT31_YEAST"	"YEAST"	5754863.5	5710440.5	5911483.5	4023727.5	6342216	3443869.8	3621315.8	3697685	5311714	159708.16	416515.75	2270557.8	404632.94	224042.03	2180722.2	187641.03	459177.5	514323.56
"sp|P38615|RIM11_YEAST"	"YEAST"	0	0	0	0	0	0	0	0	0	0	0	0	0	0	0	0	0	0
"sp|P38616|YGP1_YEAST"	"YEAST"	6668368	6541074.5	5775576	5807264.5	5792904.5	5432565	6068665	5823429.5	6476199.5	2114537	1940416.2	6172494.5	2292552.2	7119344.5	2278433.5	2177594.2	9115084	9566665
"sp|P38623|RCK2_YEAST"	"YEAST"	3006568.2	0	0	308987.78	0	0	0	0	0	0	0	0	0	0	0	0	0	0
"sp|P38624|PSB1_YEAST"	"YEAST"	5219633	5278788	4497821.5	4871991	3937308.2	4659338	4333634	4261133	4165507.8	1023342.5	1732285	2715244.5	1105802.6	1169273.2	2587441.2	1132633.8	2670459	2174150.5
"sp|P38625|GUAA_YEAST"	"YEAST"	13230023	10608343	11396580	11521265	12372505	14180492	14648504	12187616	9854344	5428606	4418917.5	5989781	5477006	3808839.5	6571518.5	4954058	5921035	4846032.5
"sp|P38626|NCB5R_YEAST"	"YEAST"	848492.5	1165299.6	1196635.6	1575231.4	1146231.2	1261992.6	1392920.6	805547.7	567589.56	0	0	616199.56	0	0	659038.1	0	0	0
"sp|P38627|URA8_YEAST"	"YEAST"	372891.22	331950.28	419025.9	280656.3	502542.66	418770.3	604107	451531.8	352042.94	0	0	145958.12	0	0	0	0	111296.68	0
"sp|P38628|AGM1_YEAST"	"YEAST"	0	542062.56	96853.445	0	0	0	402185.56	0	593595.44	297673.84	429300.4	48399.113	627260.2	0	0	0	897993.06	376570.6
"sp|P38629|RFC3_YEAST"	"YEAST"	0	0	0	0	0	0	0	0	0	0	0	0	0	0	0	0	0	0
"sp|P38631|FKS1_YEAST"	"YEAST"	968395.4	790127.1	1440831.9	426069.38	83912.41	1348474.9	848946.8	1355760.2	962052.5	245800.05	0	0	0	0	0	0	0	0
"sp|P38636|ATX1_YEAST"	"YEAST"	584166.9	943693.9	534996.56	793618.75	590332.56	558911.5	1262582.4	582114.5	553499.25	279480.25	402394.22	365161.9	0	0	374405.53	329310.06	273810.34	0
"sp|P38682|GLO3_YEAST"	"YEAST"	615999	502205.56	249029.95	0	195412.72	0	0	454958.06	0	0	67927.836	0	54334.53	0	0	0	0	0
"sp|P38687|SRP68_YEAST"	"YEAST"	0	0	0	0	0	0	0	0	0	0	0	0	0	0	0	0	0	37258.863
"sp|P38688|SRP72_YEAST"	"YEAST"	2408443.8	2383648.5	2859787.8	2358369.2	2537233.2	2279827.5	2274227.8	3100225.5	2393431.2	2392457.8	2375040.2	2292437.8	2310292.5	2124000.2	2366023	2138182.8	2324966.5	2315454.8
"sp|P38689|KPR3_YEAST"	"YEAST"	1139575.9	966273	0	433538.38	867683.6	930964.9	1167045.4	0	0	0	0	0	0	527955.25	0	0	0	224089.5
"sp|P38701|RS20_YEAST"	"YEAST"	49061932	47177090	48256700	45837890	46224760	45213524	46011004	46338932	45996532	22738492	24019728	23432590	22960636	23543470	23972360	23071716	23499252	22712610
"sp|P38707|SYNC_YEAST"	"YEAST"	13825578	13868745	15556664	13341392	11306517	13160126	13903537	13366092	12912012	7433017.5	6920276	6797966.5	6402295	6729297.5	6994393	7273908	6888773	7343035.5
"sp|P38708|YHI0_YEAST"	"YEAST"	13813954	11474295	8035522	15588073	10887437	18641098	11644736	10388572	9477040	2802095.5	3163675.5	1547859	2070348.6	3124976.8	2040738.5	1967836.8	1379986.1	3407792.2
"sp|P38715|GRE3_YEAST"	"YEAST"	13313520	13297210	12651838	10570417	12337960	12508264	11814370	12501769	12642552	6388201	4987551.5	5717246.5	5996779.5	6245385.5	5161718	5407690	5912072	5941353
"sp|P38716|YHR2_YEAST"	"YEAST"	0	0	0	0	0	0	0	0	0	0	0	0	0	0	0	0	0	0
"sp|P38720|6PGD1_YEAST"	"YEAST"	60187510	61558892	63411560	59133724	58858812	62272536	55697760	54212080	60268584	24785576	24872412	26004168	23059154	27203340	23344048	27080476	28458258	24513882
"sp|P38736|GOSR1_YEAST"	"YEAST"	0	0	0	0	0	0	0	0	0	0	0	0	0	0	0	0	0	0
"sp|P38737|ECM29_YEAST"	"YEAST"	0	0	527551.56	0	949685	0	0	0	393312.7	0	0	0	0	0	0	0	0	0
"sp|P38754|RL14B_YEAST"	"YEAST"	1206008.4	0	830381.7	0	0	1055240.4	0	1017034.1	0	530311.25	0	519432.7	497289.6	0	870112.1	650986.06	0	0
"sp|P38755|OSH7_YEAST"	"YEAST"	2614707.5	2342818.8	3098141.8	613662	2645521.2	2846051	620421.8	3018089.2	2287704.8	0	415938.75	312995	0	307552.03	318100.28	319542.6	290861.06	307872.28
"sp|P38759|VPS29_YEAST"	"YEAST"	0	0	30342.602	21382.588	0	20108.041	0	0	0	21222.459	0	0	0	0	0	0	0	0
"sp|P38764|RPN1_YEAST"	"YEAST"	10336717	9301470	9726431	9996695	8245055.5	5661678	8590243	9736024	6861032	1865428.8	749414	1798862.5	2036447	520167.22	2026622.6	3033277.8	3131726	2575373
"sp|P38765|YHI9_YEAST"	"YEAST"	812774.9	850039.5	1030318.2	747366.75	753755.9	496665.75	893040.75	328632.72	811627	411632.56	0	0	0	117637.45	0	360223	0	0
"sp|P38771|RRF1_YEAST"	"YEAST"	0	0	0	588219.44	439464.6	0	0	0	0	0	0	0	0	0	0	0	0	0
"sp|P38773|DOG2_YEAST"	"YEAST"	0	0	0	11469.61	0	8128.6	0	0	0	0	0	0	0	0	0	0	0	0
"sp|P38777|FSH1_YEAST"	"YEAST"	0	0	0	0	0	0	0	0	0	0	0	0	0	0	0	0	0	0
"sp|P38779|CIC1_YEAST"	"YEAST"	681290.7	733873.6	0	0	629493.75	0	0	0	608551.5	291816.78	362497.2	0	0	0	0	441254.44	0	0
"sp|P38787|PANE_YEAST"	"YEAST"	0	526028.8	612942.1	0	493268.7	0	0	522855.9	0	415365.8	383013.6	555766.9	394007.8	447224.38	0	0	438226.88	448622.4
"sp|P38788|SSZ1_YEAST"	"YEAST"	40670630	38355132	39670156	37445164	37509228	39701210	36142470	36765410	38107664	17326524	19266780	19816126	18476170	16550551	17349216	14936926	16106460	18836358
"sp|P38791|DHYS_YEAST"	"YEAST"	8713944	7668373.5	6796158	6591374.5	6106250	4900709.5	6211075.5	6135146	6703876.5	2575085.8	3660561.8	1494801	2955371.5	3446281.8	3030292.5	4148837	3460848.5	3196640
"sp|P38795|NADE_YEAST"	"YEAST"	0	0	0	0	0	294553.5	211022.84	0	0	0	0	0	0	0	0	0	0	0
"sp|P38797|PP2C7_YEAST"	"YEAST"	0	0	0	0	0	0	0	0	0	0	0	0	0	0	0	0	0	0
"sp|P38804|SDO1L_YEAST"	"YEAST"	4459439	4445721.5	4483761	2789132.2	2741078	4642661	4568263.5	4228504	4990161	2683874.5	1426152	1483115.2	2785381	2767618.5	2796162.5	1146721.6	3015083.2	2803171.8
"sp|P38809|YHP7_YEAST"	"YEAST"	48189.594	39904.516	31535.643	0	0	34828.99	61461.918	0	0	0	0	0	0	0	22304.59	0	0	0
"sp|P38817|GGA2_YEAST"	"YEAST"	582841.75	0	0	0	478893.53	223571.75	470401.12	438997.47	0	178079.23	0	0	0	0	156095.53	0	0	119026.86
"sp|P38821|DNPEP_YEAST"	"YEAST"	0	0	0	0	0	0	0	0	0	0	0	0	0	0	0	0	0	0
"sp|P38822|BZZ1_YEAST"	"YEAST"	0	0	0	0	0	0	0	0	0	0	0	0	0	0	0	0	0	0
"sp|P38828|LSM12_YEAST"	"YEAST"	10350486	15790676	0	14513372	15427281	16250752	16012557	15785810	16432693	0	0	9761479	0	0	9985082	0	0	0
"sp|P38836|ECM14_YEAST"	"YEAST"	630447.9	0	0	0	0	118954.31	0	0	0	0	0	0	0	0	0	0	0	0
"sp|P38841|YHT8_YEAST"	"YEAST"	503511.97	1661547.2	1554837	398022	1410608.2	0	1304170	1819683.5	2145697	0	0	0	0	0	0	0	0	0
"sp|P38845|CRP1_YEAST"	"YEAST"	4309637	3073035	3952140.5	4270446.5	3573936.5	4237503	3452139.8	3607706.5	3861366	1278303.6	1277794	1475568.5	1902598.8	2179783.8	573946.44	1754721.8	1856079.9	1324666.4
"sp|P38853|KEL1_YEAST"	"YEAST"	0	0	0	0	0	0	0	0	0	486740.3	0	636396.3	720051.6	0	0	0	0	0
"sp|P38861|NMD3_YEAST"	"YEAST"	185221.06	171649.56	126287.56	138059.88	0	0	0	0	0	0	0	0	0	0	0	0	0	0
"sp|P38869|SVP26_YEAST"	"YEAST"	110299.12	0	0	0	0	0	0	0	0	0	0	0	0	0	0	0	0	0
"sp|P38875|GPI16_YEAST"	"YEAST"	374774.94	0	0	483126.72	531998.44	366006.78	0	0	0	0	0	0	0	0	0	0	0	0
"sp|P38879|NACA_YEAST"	"YEAST"	21592592	20822788	20136400	21802676	19432732	17557270	21177500	19715496	20007254	9996394	7956603	8089601	10274532	10312626	9996313	8762687	7837982	9378759
"sp|P38886|RPN10_YEAST"	"YEAST"	1047437.2	1056152.4	1000231.9	1170722.5	1334499.8	933785.1	1134535.2	1166484.6	786203.6	355087.12	0	423027.66	335039.97	326341.62	416808.1	334586	312285.84	499498.03
"sp|P38890|SET5_YEAST"	"YEAST"	0	0	0	0	0	0	0	0	0	0	0	0	0	0	0	0	87081.54	0
"sp|P38891|BCA1_YEAST"	"YEAST"	1478966.1	1666278.2	1360394.5	1103240	1053189.1	1451746.4	1171645.4	1110507.2	1209728.1	0	0	1148259.6	0	580266.44	0	0	0	0
"sp|P38892|CRG1_YEAST"	"YEAST"	0	0	0	0	0	0	0	0	0	0	0	0	0	0	0	0	0	0
"sp|P38902|RPB11_YEAST"	"YEAST"	0	428019.9	0	0	398427.9	0	317101.62	263930.03	0	0	0	0	0	0	0	0	0	0
"sp|P38903|2A5D_YEAST"	"YEAST"	0	0	0	0	0	0	0	120679.51	302408.88	0	0	0	0	0	0	412717.28	236815.02	0
"sp|P38910|CH10_YEAST"	"YEAST"	26671230	27021288	26720746	25577768	25906124	24619378	27860808	23220172	24232974	14935867	12794765	14471043	12146735	13692882	13549660	12875402	12859592	9299752
"sp|P38911|FKBP3_YEAST"	"YEAST"	587615.44	839772.1	625176.8	766214.8	882728.9	0	343612.16	807597	607176.4	538784.6	581074.8	0	622169.4	566760.06	522480.3	526537.8	511947.97	0
"sp|P38912|IF1A_YEAST"	"YEAST"	3580359	2621854.5	3516893.8	3235908	3492296	2920973.8	3547955.5	3273313.2	3396354.8	1879777.9	1486280.5	1815951.5	1802239	194679.98	1120337.2	1472407.5	1162291	1013831.2
"sp|P38930|CSK2C_YEAST"	"YEAST"	0	0	0	0	0	0	0	0	0	0	0	0	0	0	0	0	0	0
"sp|P38934|BFR1_YEAST"	"YEAST"	17887600	18261290	16198420	15896460	17158260	14339199	17984242	17875464	16041867	6040972	6217558	6499106	5583455.5	7502472.5	6994086.5	5577748	6300721.5	5479530.5
"sp|P38962|TVP23_YEAST"	"YEAST"	0	340459.84	0	0	0	0	408320.12	0	0	0	0	0	0	0	0	0	0	0
"sp|P38968|SEC31_YEAST"	"YEAST"	8109692	8120999	6723007.5	6293743.5	8141115.5	6484670	7333617	6381870	6198788.5	1451309.6	660768.44	1571180.6	2375841.8	1590648.4	1174260.2	2164388.5	1316920.8	1472796
"sp|P38972|PUR4_YEAST"	"YEAST"	36990204	34795680	33323584	30635986	31694396	34005440	28341148	32615688	30901154	14445113	16362498	16507632	16237743	15974505	17046530	15880129	13264309	16802742
"sp|P38986|ASPG1_YEAST"	"YEAST"	1986323.2	1382260.2	1080887.6	1518505.5	1457328.5	1508742.8	0	1022270.94	1510227.2	0	0	685581.6	0	0	0	0	0	0
"sp|P38993|FET3_YEAST"	"YEAST"	0	0	0	0	0	0	0	0	0	0	0	0	0	0	0	0	0	0
"sp|P38996|NAB3_YEAST"	"YEAST"	265127.56	0	392829.06	242720.72	0	0	259199.17	210641.11	146905.81	116769.64	0	0	0	0	0	0	0	0
"sp|P38998|LYS1_YEAST"	"YEAST"	2637517.2	2532014	3203046	2484558.8	2446072.8	2376833.2	2589330	2621316.2	2518663.5	956897.06	945538.56	956896.06	972729.1	938769.7	902196.25	1021199	912474.9	926658.6
"sp|P38999|LYS9_YEAST"	"YEAST"	0	764605.1	0	0	35085.87	0	25977.744	418973.38	0	0	0	0	0	0	0	0	0	0
"sp|P39003|HXT6_YEAST"	"YEAST"	3906737	3660640.5	3950200.2	3661944.5	3874423.5	3855700.5	3491757.5	3720254.5	3801411.5	1715467	1744083.1	1770425.2	1740168	1785295.8	1715352.5	1761643.1	1884915.2	1783845.5
"sp|P39004|HXT7_YEAST"	"YEAST"	56568636	55192540	54726772	51917428	53385236	53266468	53851096	51318044	53771470	28651526	28981974	28756548	28154484	26717114	28971626	29203204	26325816	30652212
"sp|P39007|STT3_YEAST"	"YEAST"	349891.94	686278.44	338319.34	477250.06	587093.5	657151.44	40462.594	400096.6	464995.47	0	244360.8	249571.92	269977.3	232568.2	227281.42	0	0	0
"sp|P39010|AKR1_YEAST"	"YEAST"	0	0	0	0	0	0	0	0	0	0	0	0	0	0	0	0	0	0
"sp|P39015|STM1_YEAST"	"YEAST"	49789170	43904004	50522710	47137708	42480660	49103404	42921356	45638596	47287252	14395954	13031964	15123611	15595354	14164946	16825842	13708362	15535612	15465563
"sp|P39076|TCPB_YEAST"	"YEAST"	3958192.5	5187579.5	3867682	4282684.5	3931858.5	4264885.5	2988992.2	2969197.5	3349406.5	836820.94	1020510.5	703048	418533.28	412054.62	682548	572166.4	416373.78	954858.1
"sp|P39077|TCPG_YEAST"	"YEAST"	4239511.5	5199372.5	5015850	2196513.8	8739168	3720489.5	4787386	10225513	3667918.8	3222892.5	3961521.2	1247294.5	1059915.5	3854102	4173709	2641746.8	3799357.8	3895051.2
"sp|P39078|TCPD_YEAST"	"YEAST"	3314164	3443177.2	4097678.8	2612033.2	2093046.2	3918098.5	3586126	2626318.5	3136620.8	597141.5	827440.5	676000.4	884395.4	573349.75	265428.44	556133.75	627403.44	771464.8
"sp|P39079|TCPZ_YEAST"	"YEAST"	1545992.8	1770025.6	2188727.5	1196937.8	1252946.9	1811546.6	1908340.9	1406176.5	1427798.1	0	0	0	89532.51	0	0	0	0	0
"sp|P39101|CAJ1_YEAST"	"YEAST"	2009402.2	1950602.8	2010602.1	2009845.5	1351854.2	1665705.1	1924622	881452.8	1168760.2	806276.25	0	57926.14	56322.3	536385	364058.7	1184844.2	0	550749.94
"sp|P39103|COX14_YEAST"	"YEAST"	0	0	0	125093.51	0	223450.23	0	107840.33	0	0	0	0	0	0	0	0	0	0
"sp|P39109|YCFI_YEAST"	"YEAST"	628125.2	1053605.8	584614.3	1106243.4	577467.3	561381.1	455104.84	593190.94	558138.3	694754.2	0	247107.94	0	0	688272.7	522383.78	0	0
"sp|P39111|VATF_YEAST"	"YEAST"	3338916.8	3578293	3544955	3027475	3211960	3015463.2	3251397.5	2433288	2928457.5	1673102.8	0	1690743.8	1638263.4	1728339.4	1906173.5	1818080.8	1644800.1	1647795.2
"sp|P39516|RS14B_YEAST"	"YEAST"	38728420	33496784	36672396	36660308	34453890	35919970	36837256	35058372	36823856	21367490	21120744	21696128	21014206	21168056	21163060	19943166	19965566	22590672
"sp|P39517|DHH1_YEAST"	"YEAST"	478056.5	895899.25	813685.44	966258.25	1358535.4	283689.06	934246.25	1126818.6	500573.75	0	0	206713.44	234946.25	319345.06	0	240304.39	0	213260.16
"sp|P39522|ILV3_YEAST"	"YEAST"	311631.2	2964277	2131353.5	732249.4	970937.9	2187816	1609013.1	1413202.6	1943578.6	0	0	0	0	0	332373.38	0	0	0
"sp|P39523|YM11_YEAST"	"YEAST"	0	0	0	0	0	0	0	0	0	0	0	0	0	0	0	0	0	0
"sp|P39538|UBP12_YEAST"	"YEAST"	0	0	0	0	0	0	0	0	0	0	91391.62	122944.3	116464.5	128897.82	0	0	0	0
"sp|P39676|FHP_YEAST"	"YEAST"	18762352	20722680	18993650	18015108	16513591	17531634	19292206	17730780	17874496	7084080	7067816.5	7265949.5	8665868	7281346	7964958.5	6368690	7810104	8002054.5
"sp|P39683|NPT1_YEAST"	"YEAST"	3978231.5	4021898.2	3551104.5	1098659.1	2927760.2	3593913.8	3558733.5	2929020	4595999	0	667508.2	186950.84	0	0	0	461917.72	0	545090.5
"sp|P39685|PO152_YEAST"	"YEAST"	0	0	96804.8	0	55630.902	73561.305	0	0	134649.61	0	0	0	0	0	0	0	0	0
"sp|P39713|BDH2_YEAST"	"YEAST"	2781612.5	3510840.8	4094183.5	3577742.2	3255699.5	4577341.5	3513793.2	5113287	3869790	3821219.5	0	4662146.5	0	0	0	1928553.8	1784145.2	2353275.5
"sp|P39714|BDH1_YEAST"	"YEAST"	3403543	6520026	6998500	6038380	6788983	5717383	7090718	7071614	7969132	1749055.6	1488898	1707895.5	1275443.2	1714929.5	551319.94	1160252.2	1313528.5	2303732
"sp|P39721|AIM2_YEAST"	"YEAST"	0	0	0	0	0	0	0	0	0	0	0	0	0	0	0	0	0	0
"sp|P39726|GCSH_YEAST"	"YEAST"	697768.5	2597757	0	2385132.5	2448516	3245167	2361276.2	2125365	0	1281156.8	0	868689.75	0	0	0	1251262.2	0	1648581.6
"sp|P39730|IF2P_YEAST"	"YEAST"	7138410	4348668.5	6141339.5	4751128	6860304.5	7036485.5	5717121.5	6188550	5295498	268860.03	578628.9	4355621.5	808243.25	1693704.6	1510986	818515.56	1660038.5	1302646.6
"sp|P39742|SEC72_YEAST"	"YEAST"	605370.56	0	660268.4	541428.3	742610.25	0	0	0	707916.4	555210.2	514851.47	586586.3	594456.8	539463.4	638275.9	616535.2	546979	795651.8
"sp|P39743|RV167_YEAST"	"YEAST"	2036283	1449276.2	2189474.8	1424671.8	1309594.4	1191652.4	1561505	1470168.8	1577669.2	393501.5	365665.22	914427.94	363435.47	356648.88	895296.4	454134.62	559602.8	0
"sp|P39744|NOC2_YEAST"	"YEAST"	0	0	0	212369.3	0	0	318171.16	0	0	0	0	0	0	0	0	0	0	0
"sp|P39926|SSO2_YEAST"	"YEAST"	3360952.8	2966181	4456168	2934138	4914559.5	4281284	2224791	2796105.8	2922623	2080753.4	0	0	1490090.1	1138475.9	0	1431834.6	0	1716737
"sp|P39929|SNF7_YEAST"	"YEAST"	309655.12	239209.23	0	188548.36	0	129439.16	314627.7	0	0	196826.2	0	200686.45	0	0	0	0	0	0
"sp|P39931|SS120_YEAST"	"YEAST"	1630570.2	1388825	1568016.9	1347409.2	1599981.4	1163722.9	1440306.9	1840576.9	1215573.2	107586.81	683807.3	714981.4	285767.06	592994.6	246604.3	934734.44	431164.53	449134.66
"sp|P39935|IF4F1_YEAST"	"YEAST"	2451716.5	970504.06	1262020.2	1353906.9	4817972.5	4297804	3682515.8	1764709	1662470.8	103517.54	1113456.6	925489.9	992686.25	933533.8	86055.43	845215.7	1070345.6	909632.06
"sp|P39936|IF4F2_YEAST"	"YEAST"	0	0	0	0	23372.826	0	32436.102	0	0	0	0	0	0	0	0	0	0	0
"sp|P39938|RS26A_YEAST"	"YEAST"	19938052	20817932	19999628	18724384	19288002	18125612	19583866	19318878	19280852	10413800	10458103	10107426	10755250	11174698	10254380	10786327	10563339	10322382
"sp|P39940|RSP5_YEAST"	"YEAST"	1470709.4	1076419.8	631868	152060.73	0	963673.4	654926	2227734.5	229691.39	159226.2	0	0	0	0	0	0	0	0
"sp|P39954|SAHH_YEAST"	"YEAST"	31909050	32827490	27168490	29735254	40846530	23531864	38746130	25133978	32714198	14275752	13492246	12250101	12501296	12653318	13593948	12713022	13449889	11901656
"sp|P39958|GDI1_YEAST"	"YEAST"	9625353	7807533	8599267	7261749	7585627	6671091.5	6599752	7281655.5	9264847	1520899.4	3617241	2007579	1824366.8	1075172.4	2847007.5	1281080.5	1429289	2312472.5
"sp|P39966|PP2C2_YEAST"	"YEAST"	401414.28	129466.8	0	510861.7	502588.7	542879	0	57562.46	477495.2	349316.88	0	0	0	0	0	0	0	0
"sp|P39968|VAC8_YEAST"	"YEAST"	1578278.5	1434361.6	1444241.6	682798.6	604136.56	663584.25	614673.3	1261291.9	1734292.6	1553489.8	1316759.6	579073.3	748469.9	7323401	1494385.2	446465.7	749919.44	1525236.5
"sp|P39976|DLD3_YEAST"	"YEAST"	10545421	9242397	12075674	10026007	8248211	8380792.5	7446547	9799082	9288600	4093746	1975926.4	3122461.2	2538617	1446975.8	2233638.2	2246413.8	2964040.2	4082414.2
"sp|P39984|HAT2_YEAST"	"YEAST"	0	656179.1	0	621494.2	529029.94	1231570.9	887803	630615.4	643540.5	0	0	0	0	0	0	0	0	0
"sp|P39986|SPF1_YEAST"	"YEAST"	6032342	5787020	5221763	4312691.5	5078008	5186509	5706893	1673697.8	4035103.5	1133703.5	1919224.2	1754408.5	597327	1508668.1	1605494.8	2744999.5	2227377.5	1490460.8
"sp|P39990|SNU13_YEAST"	"YEAST"	3929238.5	4889575	3194946.5	2961770.2	3636681	3421096	3640207	3587122.5	3938676.5	2078960.1	2271722.8	2444241.8	2540670.2	2129081.5	2368821.5	1904639	2298055	2203039.2
"sp|P39993|GEA2_YEAST"	"YEAST"	286857.7	0	0	0	0	0	0	0	0	0	0	0	0	0	0	0	0	0
"sp|P40008|FMP52_YEAST"	"YEAST"	0	4070145	0	2059032.4	0	5478293.5	0	4857917	1878548.2	0	0	0	0	0	0	0	0	0
"sp|P40010|NUG1_YEAST"	"YEAST"	656917.5	348206.5	494678.2	686442.1	671726.94	489203.9	301097.2	0	599252.25	0	0	255312.75	270927.84	273705.4	265182.94	0	0	0
"sp|P40016|RPN3_YEAST"	"YEAST"	1960803.1	2155760.8	1243947.8	2979697.5	1830441.4	1947848.4	1813947.2	1326235.5	2506133.5	1301073	872856.25	772361.4	889282.44	816090.25	0	0	877001.1	880494.75
"sp|P40024|ARB1_YEAST"	"YEAST"	8046285.5	7254581	6852798	7791336.5	7499430	6600042	6628190.5	7679223	6413330.5	2059824.5	2024702	2839870.5	1926551.4	2616789.8	2164217.5	1827164.8	1891158.4	1912245
"sp|P40029|MSRA_YEAST"	"YEAST"	43721.344	602320.3	620467.2	624693	552758	564373.9	647709.9	615881.2	355818.03	381914.78	20356.96	352782.56	0	0	0	440090.22	431537.34	0
"sp|P40030|ERG28_YEAST"	"YEAST"	895234.94	930256.75	895856.1	751631.75	1560565.2	1343593.2	517603.56	1570627.8	760914.75	0	0	551011.1	467563.75	0	389119.6	0	0	620563.6
"sp|P40032|TPA1_YEAST"	"YEAST"	304502.06	0	0	377869.75	0	0	0	430413.5	0	0	0	0	0	0	0	0	0	0
"sp|P40037|HMF1_YEAST"	"YEAST"	8884246	6480555.5	7988772	6480850.5	6538858.5	6600854	2933559	6513189.5	7316914.5	4532062	1950982	5136584.5	2468183.5	4595338	4651577.5	4683112	3448433	2492267
"sp|P40040|THO1_YEAST"	"YEAST"	675501.56	667614.2	553264	685330	0	573030.8	369792.16	586317	539663.3	0	0	0	0	0	0	0	0	0
"sp|P40043|RGI1_YEAST"	"YEAST"	4122490.8	3872885.2	3945005.5	4032102.2	3402313	3631901.2	3592558.8	3859728	4271559	847781.9	779675.94	1016989.6	750403.25	725960.44	851239.4	1193174.8	1483512.2	850683.56
"sp|P40046|VTC1_YEAST"	"YEAST"	2596613.2	763849.6	744353.25	791650.3	688234.06	2383739.5	2587757	2416991.2	2657960.5	1247077.2	1000428.94	1583229.1	1078354.9	0	1029846.44	1128671.9	593381.25	1178618.8
"sp|P40053|AIM9_YEAST"	"YEAST"	0	0	0	0	174778.69	0	0	0	0	0	0	0	0	0	0	0	0	0
"sp|P40054|SERA_YEAST"	"YEAST"	3033264.8	4011232.5	3865394	5617909	3498040.8	5835363.5	4744955	3118294.2	4321179	281380.78	723789.1	676015.06	924247.6	410168.4	822991	876705.9	267198.03	295356.84
"sp|P40056|GET2_YEAST"	"YEAST"	435699.4	496925.22	406512.84	0	247167.19	230720.3	406395.84	256447.11	329434.62	0	0	0	0	0	0	0	0	0
"sp|P40069|IMB4_YEAST"	"YEAST"	11648771	17018834	19434322	20347166	10942501	18960652	15786027	16475769	15941299	13622608	10091575	10621633	9869032	9183015	15380454	14060938	4852752	4821945.5
"sp|P40070|LSM4_YEAST"	"YEAST"	768550.8	824076.1	475246.4	721227.25	968387	691573.6	906253.9	609857.5	415833.06	0	334181.5	0	0	0	0	0	0	0
"sp|P40075|SCS2_YEAST"	"YEAST"	10236627	10638545	9139725	11695154	10904701	10306419	11618113	10408094	11200850	3917333.2	3580939.8	3404874	3111555.2	3393679	3208271.5	4433023	2825597.8	3724862.8
"sp|P40081|MGDP1_YEAST"	"YEAST"	0	0	0	0	0	0	0	0	0	0	0	0	0	0	0	0	0	0
"sp|P40087|DDI1_YEAST"	"YEAST"	785863.94	1077295.5	0	708007.06	714768.1	542391.3	220579.44	642915.56	515134.06	0	0	0	0	0	0	0	359048.72	0
"sp|P40088|FTR1_YEAST"	"YEAST"	1293784.2	1016183.7	1211842.1	1112073.6	1009410.56	1887570.2	0	0	0	0	0	0	0	0	0	0	0	0
"sp|P40089|LSM5_YEAST"	"YEAST"	448498.84	550589.8	374311.88	592482.2	571256.56	381565.53	499876.1	476463.4	566333.06	192970.98	0	0	0	0	0	0	0	0
"sp|P40093|YEY6_YEAST"	"YEAST"	1046544.06	306911.62	3639345	341297.22	3060132	3093893.5	2333923.5	1407523.1	2808208.5	106505.74	0	0	0	0	2020606.5	0	0	0
"sp|P40094|COG3_YEAST"	"YEAST"	0	0	240880.23	235199.8	516802.72	0	528803.7	0	0	580585	432369.62	0	0	0	0	512075.78	0	0
"sp|P40096|NCB1_YEAST"	"YEAST"	0	0	0	0	0	0	0	0	0	0	0	0	0	0	0	0	0	0
"sp|P40106|GPP2_YEAST"	"YEAST"	5114048	4963166	5007574	5125761.5	7994247	5113025.5	6917013.5	7047974.5	3161651.5	2058839.4	2832171.2	2181738.5	2800240	2081088.8	3790285.8	1885194.8	2625234	2902759.8
"sp|P40150|SSB2_YEAST"	"YEAST"	14382994	14204343	15706727	13379090	13012366	13552490	13127856	13156457	14119406	7420028.5	7561733	7504205.5	7326285	6256786.5	7177002	7885404	7602030	7796744.5
"sp|P40159|YNU8_YEAST"	"YEAST"	0	111589.81	116841.7	208869.11	199341.95	185456.81	0	220104.97	407216.28	0	0	0	0	0	0	0	0	0
"sp|P40165|NNRE_YEAST"	"YEAST"	2069406.9	2277078.2	1277445.5	1741547.2	2317593	997490.4	1877153.8	2350277.8	1916227.2	202720.36	0	0	254727.44	255028.89	245127.86	0	274973	312092.44
"sp|P40169|YNT4_YEAST"	"YEAST"	0	0	0	0	0	0	0	0	0	0	0	0	0	0	0	0	0	0
"sp|P40185|MMF1_YEAST"	"YEAST"	33541932	34056744	34874104	31987150	30772108	31610526	31821386	31628972	32027638	13288730	12496372	12971910	13239421	12795410	15315720	15428364	13834450	13115576
"sp|P40202|CCS1_YEAST"	"YEAST"	4049293.8	3496790.8	3780972.8	954611	4149220.5	1083119.8	1022912.4	827871.5	4153528.5	0	2903164.2	0	0	0	0	0	0	0
"sp|P40210|SIP5_YEAST"	"YEAST"	0	0	0	0	0	0	0	0	0	0	0	0	0	0	0	0	0	0
"sp|P40212|RL13B_YEAST"	"YEAST"	46041724	42596616	43979936	41105050	42084800	40955812	41310460	42408604	41567250	21176846	22035864	21197154	22416068	21028452	22200640	21946272	22047394	22438158
"sp|P40215|NDH1_YEAST"	"YEAST"	1341285.5	1291920.1	4288325.5	1356465.2	1761601.8	1668162	881381.7	2648108	1813970	819112.9	0	0	0	0	0	0	160435.8	0
"sp|P40217|EIF3I_YEAST"	"YEAST"	6092009.5	6579639	3069902.2	2809136.5	2970802.2	4824335.5	3799282.2	2316100.2	2615363	1105089	1268153.2	914826.94	1496953	0	1071519.2	0	1463841.6	988823.1
"sp|P40302|PSA6_YEAST"	"YEAST"	7696808	5157547	6242789	5573749.5	3990982.8	5423412	6687469.5	4118418.8	5477878.5	2988932.2	1559974.8	2634584.2	2298743.8	2586217	1164655.8	1425086	929699.75	1704368.9
"sp|P40303|PSA4_YEAST"	"YEAST"	3723722.2	3821041	3887604.5	3553010.8	3848377.8	3826817.8	4001237	3369081.2	3610944.8	751541.6	1743177	819159.4	775748.56	761834.5	658723.44	747523.8	1503883.8	910140.3
"sp|P40318|DOA10_YEAST"	"YEAST"	0	0	0	0	0	0	0	0	0	0	0	0	0	0	0	0	0	0
"sp|P40319|ELO3_YEAST"	"YEAST"	1254479.9	1176829.8	1132402.9	1130793	1058711.2	1053453.9	1115556.5	1144772.9	995976.9	453371.38	336439.16	220165.86	243139.92	0	289774.06	333025.06	412933.66	259608.39
"sp|P40325|HUA1_YEAST"	"YEAST"	2390766.2	2139759.8	2311338.5	2394150	2471871.5	2369470.2	2266838.2	2164391.2	2465040.8	2486996.8	2456025	2379047.5	2467261	2298525.2	2442727	2172779.8	2398218.5	2488873
"sp|P40327|PRS4_YEAST"	"YEAST"	1489691.1	2632893.5	2374071.5	2229751.5	1953747.8	2098957	2772515	2429523.8	2285947.5	1638338.2	1495939.8	900387.4	1033770.75	809962.25	861561.7	912785	988146	959672.6
"sp|P40341|YTA12_YEAST"	"YEAST"	0	0	0	0	0	0	0	0	0	0	0	0	0	0	0	0	0	0
"sp|P40348|RFC2_YEAST"	"YEAST"	3471541.8	2962273.5	3325740	2990213.5	2888822.5	3523703.5	3380021.5	3042533.2	3265064.2	3268911.8	3483554	2970995.8	3501833.5	3388509.8	3390105.8	3662044.8	3188579.5	3271297
"sp|P40357|SEC9_YEAST"	"YEAST"	9148944	7135504.5	7818610	7728080.5	7909674.5	7748413.5	8164888.5	7400834	7409430	4306314.5	4302464	4233283.5	4246921	4466705	4666636.5	3722325.5	4257316.5	4285249
"sp|P40363|SFGH_YEAST"	"YEAST"	673385.6	702120.6	624216.25	610997.2	605415.06	753321.6	573147.44	647197.75	746908.5	16251.266	17929.229	15235.18	0	15648.653	0	17531.162	0	18600.117
"sp|P40364|MPM1_YEAST"	"YEAST"	0	0	0	0	0	0	0	0	0	0	0	0	0	0	0	0	0	0
"sp|P40368|NUP82_YEAST"	"YEAST"	218499.88	0	0	159226.62	0	0	0	220563.1	0	0	0	0	0	0	0	0	0	0
"sp|P40413|TCPE_YEAST"	"YEAST"	2988138	4330367	3707282.2	3003284	2291851.5	2971206	2750651.5	2644275.5	1913257.5	733410.8	782296.5	768042.4	787523.4	206208.52	553937.9	541354.1	232910.58	1076430.1
"sp|P40414|TPM2_YEAST"	"YEAST"	4599948	4245754	3300794.2	3756243.8	3511848.2	3129956.8	3454934.5	4569872.5	3582458.8	510690.66	523948.75	757550.1	1164565.8	750834.75	342217.56	1260279.5	940330.5	474328.66
"sp|P40422|RPAB4_YEAST"	"YEAST"	113160.13	182349.83	128409.2	159259.23	207549.08	141229.48	171505.83	137828.22	141789.42	0	0	0	0	0	72645.5	0	0	0
"sp|P40471|AYR1_YEAST"	"YEAST"	1768620.9	2062169.2	2383978.2	617489.25	1865400.1	1821864	741783.94	2551947.8	1859832.5	0	0	897813.94	0	0	0	0	0	0
"sp|P40482|SEC24_YEAST"	"YEAST"	12414027	11360056	12227062	10935750	11780380	4964874	11573580	10363661	9811250	0	5142187.5	550219.75	683784.25	5635718	179430.56	4949558.5	1548880.2	3898369.2
"sp|P40495|LYS12_YEAST"	"YEAST"	6516432.5	7667967.5	5593908.5	5224592	4677228	5151584.5	6936632	5204127	4186063.8	3192894.8	2551346.5	2301656	3099832.5	2639496.2	2964563.5	2761734.5	1181806	795500.94
"sp|P40509|COPE_YEAST"	"YEAST"	1232727	843047.6	1274046.9	814557.94	594533.5	1128515.1	684417.6	990570.25	1364881.5	0	600321.06	761439.7	270328.22	244142.17	896622.9	0	568735.44	448325.06
"sp|P40513|MAM33_YEAST"	"YEAST"	3490391.5	5908790	3004140.5	2806103.2	3710697	2551415.5	2711097.2	3144208.8	3358734.2	720714.06	632920.75	1041674.5	860438.5	776438.1	710228.44	546600.4	983308	751669.5
"sp|P40518|ARPC5_YEAST"	"YEAST"	374460.75	2331650.8	1229748.9	1273770.8	1566830	478212.2	440354.6	1304522.9	548365.94	466795.5	488976.94	757897.3	434484.72	396567.66	0	442147.25	0	186873.47
"sp|P40525|RL34B_YEAST"	"YEAST"	15279585	14870960	14412934	14496790	13802751	13307158	13953212	13668017	13439418	7713744	8136989	7792739	7967492.5	7665565	7827373.5	7993528.5	7592105.5	7921155
"sp|P40531|GVP36_YEAST"	"YEAST"	13159032	13698600	12041273	12445034	12946571	11659301	12013633	12716947	13165079	7361247.5	6213745.5	5450353	4874208	5651943	6474752	5218308.5	4803558	6336575.5
"sp|P40533|TED1_YEAST"	"YEAST"	340779.47	0	0	0	0	0	0	0	0	0	0	0	0	0	0	0	0	0
"sp|P40540|EMC5_YEAST"	"YEAST"	522712.16	0	863073.75	409055.06	503590.88	537430.94	531515.4	647682.25	485487.56	395174.22	0	488943.4	376556.72	400888.25	0	353586.9	426802.28	438378.12
"sp|P40553|DOT5_YEAST"	"YEAST"	0	0	0	0	0	0	0	0	126071.88	0	0	0	0	0	0	0	0	0
"sp|P40563|AIM21_YEAST"	"YEAST"	22340.959	0	0	18741.363	0	0	0	23914.498	23905.854	0	8152.654	0	0	0	0	0	0	0
"sp|P40564|DJP1_YEAST"	"YEAST"	86549.45	0	104899.36	97550.125	124783.695	177949.38	0	197476.58	0	0	0	0	0	47400.98	0	0	0	0
"sp|P40566|EGH1_YEAST"	"YEAST"	0	0	0	0	0	0	0	0	0	0	0	0	0	0	0	0	0	0
"sp|P40580|BZRD_YEAST"	"YEAST"	0	0	0	0	0	0	86691.33	0	0	0	0	0	0	0	0	0	0	0
"sp|P40581|GPX3_YEAST"	"YEAST"	4749523.5	4264360.5	4288179	7563618	3703277.8	3542891.5	9036148	4691151	9024676	2071437.5	2272662.5	4565578.5	2226669.8	2350021.2	2134295	2353469	2328595	2302902.8
"sp|P40582|GST1_YEAST"	"YEAST"	1513143.5	1443307.2	927825.6	1280306.5	3176647.8	1312957.5	1282791.8	1468477.4	893444.06	420546.8	0	0	402320.47	429029.12	0	0	0	455047.94
"sp|P40825|SYA_YEAST"	"YEAST"	17019430	14037161	14764589	15194124	13317466	13987057	14632199	12468647	14269361	3066227	3593131.2	5997359	4738465	4478546	5354658.5	4918981	3047369.5	5734792
"sp|P40893|REE1_YEAST"	"YEAST"	3939358.5	3596833.5	5262884.5	2607107.5	2577123	3152547.5	6825557.5	3413762.8	3051711.2	1545694.6	1138271.9	1461138	1538823.8	1459922.5	1430549.8	4027524.5	1399454.2	1468283.2
"sp|P40961|PHB1_YEAST"	"YEAST"	1517141.9	1219861.1	1576965.4	1226821	1161960.9	758523.44	1162061.4	1161526.5	1082830.4	0	136601.08	79668.81	0	0	0	0	0	0
"sp|P40970|LCB2_YEAST"	"YEAST"	800783	567025.1	527690.75	549720.75	566623.06	653667.44	614905	507521.12	1304154.4	1269389	507830.97	1160276	587761.06	572648.56	1480577	546881	522456.4	497850.16
"sp|P40991|NOP2_YEAST"	"YEAST"	647993.3	0	742683.6	103770.11	694228.1	0	0	0	612639.6	0	0	371109.8	0	0	336855.2	0	319515.1	0
"sp|P41056|RL33B_YEAST"	"YEAST"	24310660	23003518	23719930	22540248	22828158	22834700	22762820	22901474	23001242	11481900	11875563	11821770	11511070	12139685	11639375	11496333	11042612	11884829
"sp|P41057|RS29A_YEAST"	"YEAST"	6406347.5	7684632	6893457	8466782	7712497	3801173.5	8151869	5874333	6626789	3665330	2813886.5	3883743.2	3355957.5	3322199	4103435	2969620.5	3146648.5	3668401.8
"sp|P41058|RS29B_YEAST"	"YEAST"	5938606	5625213.5	5544229.5	5700311.5	5396812.5	5776843.5	5540614	5878188	5950587	2900055	3106237	3200646	2911584.8	2883333.8	2502082	2846464.5	3137711.8	3059151
"sp|P41277|GPP1_YEAST"	"YEAST"	76511750	75460330	75584216	72191280	73916050	71692360	71072010	72133220	72020480	29931702	34505544	33483360	28447396	36097596	31814512	34898804	32869756	30766880
"sp|P41338|ERG10_YEAST"	"YEAST"	27276744	27894866	27504750	25824550	26082252	25875420	26194762	26734334	28897552	19184656	19420138	19962144	3956442.8	18564804	19279280	17786948	18197164	19434186
"sp|P41543|OST1_YEAST"	"YEAST"	301657.28	0	0	0	0	0	320141.88	0	0	0	0	0	0	0	0	0	0	0
"sp|P41805|RL10_YEAST"	"YEAST"	31224696	31050620	32996334	29581480	32147784	31538588	30304024	32311834	33259886	13161565	13607884	16372628	12668762	15749864	14984321	14878390	15964043	14059398
"sp|P41807|VATH_YEAST"	"YEAST"	15551480	12744690	14408620	13881185	13460304	13120971	12234038	11544668	13210102	4818974.5	5274049	4724575.5	6086864.5	4215460.5	4395793	4190088	5139030	5235404.5
"sp|P41810|COPB_YEAST"	"YEAST"	4675014.5	4691962	4624111.5	4859651.5	5913804.5	4564896	5229438	4334805.5	4610291.5	2796668.5	2808315.8	3438613	2699515.5	2888178.5	3658959	2128254.2	3122650.8	3310613
"sp|P41811|COPB2_YEAST"	"YEAST"	12143629	13790578	12351920	12384889	14315844	13241280	13778229	12099211	11844585	6184481	4569448.5	7169014.5	5603389.5	6677386.5	7065975.5	5042167	5108664.5	6426358.5
"sp|P41818|GLC8_YEAST"	"YEAST"	764138	588022.3	606095.06	240359.98	622111.5	817749	0	629664.5	886568	371105.7	502001.72	380530.4	0	412045.88	568080.7	378615.3	394995.47	0
"sp|P41832|BNI1_YEAST"	"YEAST"	0	0	0	0	0	0	0	0	0	0	0	0	0	0	0	0	0	0
"sp|P41911|GPD2_YEAST"	"YEAST"	0	528893.44	538942.94	0	0	0	0	0	544307.2	0	0	0	0	0	0	0	0	0
"sp|P41920|YRB1_YEAST"	"YEAST"	4481512	3705158.5	3733645.2	3631072.2	4040016.8	3704771.8	3945283.5	3697321.5	4418053.5	1356556.5	1363994.9	1320873.1	1307029	1159490.1	1197253.2	1263012.8	1235797.4	1307586.2
"sp|P41921|GSHR_YEAST"	"YEAST"	7781471	8347345.5	8643262	5852416	8410981	7233104	7423933.5	6968511	7079632	2050257.9	1051301.4	1901505.5	2466412	1609429.2	1553989.8	1051623.8	838805.75	1130995.8
"sp|P41940|MPG1_YEAST"	"YEAST"	85956550	89438376	91124376	87841820	80797380	85067870	87082840	87096570	84278030	46687788	45469376	44868510	46451756	45915080	47093492	44331530	44309348	41261384
"sp|P42826|XKS1_YEAST"	"YEAST"	1258625	0	804421.7	1020421.1	1009444.8	1009924.9	1306343.8	1151562.8	0	659720.5	0	0	0	0	0	0	0	607107.3
"sp|P42838|LEM3_YEAST"	"YEAST"	0	387133.84	0	0	0	0	0	0	0	0	0	0	0	0	0	0	0	0
"sp|P42842|EMW1_YEAST"	"YEAST"	0	0	0	0	0	0	0	0	0	426959.5	0	0	0	0	0	1072725.2	491334.72	765062.8
"sp|P42938|TDA10_YEAST"	"YEAST"	0	3735594.5	3762366.2	0	0	0	0	0	0	0	0	0	0	0	0	0	0	0
"sp|P42940|ETFB_YEAST"	"YEAST"	612308.94	2084309	2534966	2122093.2	612974.3	2029162	1332228.4	2662134	2056346.8	358284.8	217624.8	351028.38	1053742.5	373680.34	362480.12	401501.44	356496.53	388294.53
"sp|P42941|SERB_YEAST"	"YEAST"	0	0	0	0	0	0	446185.16	0	0	0	0	0	0	0	0	0	0	0
"sp|P42943|TCPH_YEAST"	"YEAST"	3537806.8	3340838.2	4023856.5	3271137.5	3483084.5	2505531	5417791	2883741.2	3187931	1309243	535971.6	1330790.2	1232059	1313209.2	0	532784.75	1135604.1	1441025.5
"sp|P42945|UTP10_YEAST"	"YEAST"	0	0	0	747324.4	0	599590.4	0	0	0	0	0	0	0	0	0	0	0	0
"sp|P43123|UAP1_YEAST"	"YEAST"	6254945	6771836.5	4963644	1076555.1	5903815.5	6020363	6178054.5	6800253.5	4847794.5	0	0	0	0	0	0	0	0	0
"sp|P43321|SMD3_YEAST"	"YEAST"	199451.89	226072.16	218393.12	0	218395.48	193010.94	0	188674.72	198095.19	0	0	0	0	0	0	0	0	0
"sp|P43535|GCN20_YEAST"	"YEAST"	0	0	823618.5	953763.6	0	0	0	0	0	0	0	0	0	0	0	0	0	0
"sp|P43555|EMP47_YEAST"	"YEAST"	141283.06	0	136549.31	132185.6	133488.86	156404.03	0	0	642969.7	348668.47	0	0	0	0	0	0	0	429162
"sp|P43577|GNA1_YEAST"	"YEAST"	1672804.5	2438941	0	0	0	0	0	0	2259867.8	0	0	0	0	0	0	0	0	0
"sp|P43582|WWM1_YEAST"	"YEAST"	1380708.1	1391741.1	1432488	1444822.6	1395677.8	1556717.1	1790306.5	1442643.8	1372780.4	0	0	0	0	0	0	0	0	0
"sp|P43585|VTC2_YEAST"	"YEAST"	1486925.8	1144691.1	1459899.8	1543512.4	1961045.9	1467043.9	1616931.5	1843931	643061.6	422179.38	50961.67	703016.44	863322.5	0	308116.97	858451.7	296957.53	337566.56
"sp|P43588|RPN11_YEAST"	"YEAST"	2273099.5	4579054	3886118	4409924.5	3974346	4375338.5	4941091	3487138.5	4023594	173213.3	299952.03	241063.58	2005256.4	1281059.8	646600.56	2450791.5	287934.53	2358147
"sp|P43590|YFH6_YEAST"	"YEAST"	0	0	0	0	0	0	0	0	0	0	0	0	0	0	0	0	0	0
"sp|P43593|UBP6_YEAST"	"YEAST"	1359375	1865742	2317235	1843338.8	1575400.8	2420451.5	1559234.4	1889950.9	1640953.1	235461.98	730341.1	243163.64	256367.9	607627.1	234307.72	237265.98	242760.66	237929.78
"sp|P43597|YFI6_YEAST"	"YEAST"	0	0	0	0	0	0	0	0	0	0	0	0	0	0	0	0	0	0
"sp|P43598|IGD1_YEAST"	"YEAST"	0	0	0	0	0	0	0	0	0	0	0	0	0	0	0	0	0	0
"sp|P43603|LSB3_YEAST"	"YEAST"	2121420.2	2767920.8	1960107.2	1156138.2	2091181.8	1866733.4	2182078.5	1466481.8	1010443.44	0	446046.06	0	0	0	221438.16	0	0	0
"sp|P43609|RSC8_YEAST"	"YEAST"	403692.6	0	770275	690055.44	479679.9	509105.84	470610.97	387059.84	612929.7	0	0	0	0	0	0	0	0	0
"sp|P43616|DUG1_YEAST"	"YEAST"	26275504	23025780	30693262	26913554	25792064	27506456	22472640	22554028	28605370	10432209	13010321	13642388	13699547	14796020	13660952	12946095	14760071	15499210
"sp|P43619|NADC_YEAST"	"YEAST"	776323.8	0	0	1425931	1135368	689526.94	0	0	0	0	0	0	496446.78	0	0	0	0	0
"sp|P43621|COPD_YEAST"	"YEAST"	864085.56	160210.11	159196.23	779200.06	726702	0	820388.25	579278.5	0	0	0	0	0	0	600812.06	0	0	0
"sp|P43639|CSK2B_YEAST"	"YEAST"	0	0	0	0	0	0	0	0	0	0	0	0	0	0	0	0	0	0
"sp|P45978|SCD6_YEAST"	"YEAST"	295179.28	2269980.8	496314.94	457472.62	585676.44	65972.836	1195313.5	338152.3	1016054.56	0	0	0	0	249349.23	6376985.5	0	0	0
"sp|P46367|ALDH4_YEAST"	"YEAST"	36767452	36805130	36475076	34587456	33270460	33975320	33981020	34580620	34645336	16656397	15867853	14461106	16928682	14276700	15132002	14472796	14580235	11013436
"sp|P46654|RSSA2_YEAST"	"YEAST"	2258758.5	2434859.5	2222762.5	2100725.8	1950379.5	2042465.4	2233339.8	2128901.5	2056841.6	1025422.9	1010508.2	1048577.1	1059027.2	1114663.9	954379.4	1190404.1	1098440.2	1048949.9
"sp|P46655|SYEC_YEAST"	"YEAST"	31390136	31315470	30869156	29604900	28211638	29164168	30637480	30692808	30407008	12774891	10882949	12564944	11334298	10891237	12034559	12636996	12215254	13335226
"sp|P46672|ARC1_YEAST"	"YEAST"	18955306	15979786	19735222	17809716	16483482	18038774	16634090	17254056	17284160	5485596	8937561	8803601	8979968	8526146	9545429	8241608	8537114	8967566
"sp|P46680|AIP1_YEAST"	"YEAST"	3254118.5	2008378.4	2458653.8	3307568.8	2014386	2917254	2770046.2	2701993.2	3194799.5	996728.75	130860.37	822402.9	945556.4	30229.645	163274.03	1612612.6	1516953.5	0
"sp|P46681|DLD2_YEAST"	"YEAST"	0	0	0	0	0	0	0	0	0	0	0	0	0	0	0	0	0	0
"sp|P46683|YAR1_YEAST"	"YEAST"	210358.98	1302900.4	1371853.5	0	0	0	480530.2	464868.44	0	0	0	0	0	0	266281.44	0	0	0
"sp|P46784|RS10B_YEAST"	"YEAST"	21996390	20874940	21076428	19703498	20139490	20082822	19707444	21407182	19414390	10151921	9350122	10268224	10375723	10396637	10485476	10342421	10021958	10069850
"sp|P46956|PHO86_YEAST"	"YEAST"	1862840.1	1832201.8	1823122.5	1626852.4	1672258.8	850120.5	1714017.1	880906.8	1646373.2	447449.44	490812.38	463796.8	453649.16	1325062.2	412748.72	467354.9	420072.56	427946.06
"sp|P46965|SPC1_YEAST"	"YEAST"	681770.56	858437.5	843970.9	0	0	694361.5	715042.25	738568.7	766561	0	0	0	0	0	0	0	0	0
"sp|P46969|RPE_YEAST"	"YEAST"	25572.82	0	27771.178	0	0	22318.941	0	0	0	0	0	0	0	0	0	0	0	0
"sp|P46970|NMD5_YEAST"	"YEAST"	0	0	0	0	0	0	0	0	0	0	0	0	0	0	0	0	0	0
"sp|P46971|PMT4_YEAST"	"YEAST"	0	52621.734	49731.53	0	0	0	0	43400.027	0	0	0	0	0	0	0	0	0	0
"sp|P46985|MNN11_YEAST"	"YEAST"	769020.1	838915.06	0	723584.5	550935.2	655892.1	0	701570.06	0	0	0	0	0	0	0	0	0	0
"sp|P46990|RL17B_YEAST"	"YEAST"	45041080	42504280	44210824	42425650	42443960	42300348	41755660	42187624	42451916	22458060	23186726	22991946	22541724	22218858	22708820	21722522	22240974	23348536
"sp|P46992|YJR1_YEAST"	"YEAST"	1913339.4	0	725266.25	0	0	0	1598845	0	0	0	2221128	2412124.5	0	1707754.2	2130365	1441616.1	2017244.4	0
"sp|P47006|RPA34_YEAST"	"YEAST"	30186.734	0	0	0	0	556020.25	0	0	581285.2	0	0	0	0	0	0	0	0	0
"sp|P47008|SFH5_YEAST"	"YEAST"	39800.44	46418.082	0	0	49689.383	0	48832.926	48451.863	0	0	0	0	0	0	0	0	0	0
"sp|P47018|MTC1_YEAST"	"YEAST"	2404544.2	3462552	3049534.8	3837723.5	3303066.2	4026716.5	3078366	3171440.8	2255697.2	1248907.6	1409062.4	1472907.2	910493	1426475.2	1358965.8	1839684.6	0	1527735.9
"sp|P47031|IML2_YEAST"	"YEAST"	0	0	0	0	0	0	0	0	0	0	0	0	0	0	0	0	0	0
"sp|P47032|PRY1_YEAST"	"YEAST"	0	0	0	0	0	0	0	0	0	0	0	0	0	0	0	0	0	0
"sp|P47033|PRY3_YEAST"	"YEAST"	210678.56	0	0	0	0	0	0	0	0	0	0	0	0	0	0	0	0	0
"sp|P47035|NET1_YEAST"	"YEAST"	0	0	0	0	0	0	0	0	50677.81	0	0	0	0	0	0	0	0	0
"sp|P47044|YJF5_YEAST"	"YEAST"	519569.53	438715.5	358437.72	601484.9	1247688.9	558248.7	668456.3	462253.2	0	0	0	0	3392753.5	0	0	0	0	0
"sp|P47068|BBC1_YEAST"	"YEAST"	5554926.5	5734996.5	5454110.5	5464920.5	5570337.5	7457006	5569572	7432689	4473247.5	149933.14	0	2502491.8	295118.7	448438.06	174160.4	485208.6	2014515.5	1928590
"sp|P47075|VTC4_YEAST"	"YEAST"	15173588	12249867	12210423	10560364	10222167	11609998	12507187	12357916	12368396	3222218	5176302	4306246.5	3071235.5	4371741.5	4661826.5	3631904.2	3515319.2	2828422.8
"sp|P47077|NOP9_YEAST"	"YEAST"	0	0	0	0	0	0	0	0	0	0	0	0	0	0	0	0	0	0
"sp|P47079|TCPQ_YEAST"	"YEAST"	5115871.5	5851961.5	5114076	4733105	4831526	6323489	4807966	4454813	4653637	989921.25	118545.664	1216010.1	0	0	1252684	146022.73	375547.2	542629.9
"sp|P47089|DENR_YEAST"	"YEAST"	676132.2	948417.9	761821.4	1108369.5	773428.6	841587.75	616537.9	1227318.8	944214.6	0	0	0	0	0	301311.28	222913.28	0	277497.3
"sp|P47096|3HAO_YEAST"	"YEAST"	1920662.5	1708383	719038.06	741795.1	946404.6	832509.5	1789517.2	1988572	786726.3	0	0	958226.7	900994.44	758897.8	0	860544.3	0	0
"sp|P47103|CYP7_YEAST"	"YEAST"	0	0	0	0	0	0	0	0	0	0	0	0	0	0	0	0	0	0
"sp|P47117|ARP3_YEAST"	"YEAST"	3999917	3539427.2	3103688.5	2328334.8	4626482	3253420.2	3619677	3293545.2	2883900.8	916165.4	907976.1	920681.44	644519.25	927002.8	670339.2	747602.7	884117.44	695921
"sp|P47119|ITPA_YEAST"	"YEAST"	2875876.8	2472839.8	3025819.2	2329689	2363197.8	3035179	2559972	2373806.2	2800853.5	1506085.5	2140357	2061921.2	300738.8	248662.88	2040349.8	229654.88	1999786.1	1774042
"sp|P47120|DOHH_YEAST"	"YEAST"	6641347.5	7462620.5	2883430.5	6491137	807632.56	5039379	4839443	3578211	3055336	3241165.2	866694.9	1790428.4	3678348.8	1986695.5	1167095.4	2407035.5	603102.2	1948223.2
"sp|P47122|GPN1_YEAST"	"YEAST"	0	177374.12	0	0	386962.62	0	0	451472.22	0	0	0	322704.47	472887.34	505224.5	0	0	0	467967.06
"sp|P47133|EMC2_YEAST"	"YEAST"	0	271589.53	0	0	0	221037.3	0	291185.97	0	0	0	0	0	0	0	0	0	0
"sp|P47137|YJ66_YEAST"	"YEAST"	581494.44	677705.94	561287.94	552855.75	0	0	0	517832.53	784566.75	0	0	0	0	0	0	0	0	0
"sp|P47143|ADK_YEAST"	"YEAST"	16376327	14673675	14457174	12352988	12931750	14305583	14474556	16281056	12931556	7562378.5	7942736	6674974.5	7000560	6052223	7359042	7378301.5	7410565	6963483
"sp|P47154|STE24_YEAST"	"YEAST"	2448966.2	2896158.5	2592615.5	4810517.5	2428453.2	3858123.5	3727250.5	2868777.2	3195108.2	1906394	1577221	0	0	0	0	1597776.8	0	0
"sp|P47160|ENT3_YEAST"	"YEAST"	1246160.2	1366378.8	1684479.5	1803579.2	1314374.2	1380476.4	1464793.1	1805159.2	977683.44	324274.06	348406.78	345244.38	358111.28	330495.62	535523.75	646710.9	366676.88	388993.38
"sp|P47165|XPT1_YEAST"	"YEAST"	0	1290919.5	1359163.2	945473.4	1144782.2	1161486.4	0	0	1156328.1	706850.7	0	0	0	0	0	0	1016326.56	0
"sp|P47173|YJ9J_YEAST"	"YEAST"	0	0	2120575.2	0	0	0	0	0	2192746	1071529.9	1164270.1	1257614.5	1088212	1059775.8	944958	1062069.9	1020067.7	1086366.5
"sp|P47176|BCA2_YEAST"	"YEAST"	9233218	8185324	9999701	8588704	9312783	8257389.5	7428201	8822068	8241295.5	2305276	1624187.9	2511877	2233494.5	1935781.2	1049336.5	1669980.2	2001875	2271219.5
"sp|P47771|ALDH2_YEAST"	"YEAST"	260529.78	218762.27	0	0	0	0	0	0	0	0	0	0	0	0	0	0	0	0
"sp|P47912|LCF4_YEAST"	"YEAST"	2499483.5	2861906.8	692438.7	1092832.2	2764154.5	774044.44	1299288.8	713269.4	680364.6	2263343.2	0	361659.16	379434.7	374867.25	495721.56	400471.8	272565.28	0
"sp|P48015|GCST_YEAST"	"YEAST"	1830008.4	2072510	2701249	2260211	2052233.9	2411575.8	2397362.8	2663820.5	2252637.5	344241.47	0	180615.11	334755.88	0	210205.38	0	0	378789
"sp|P48164|RS7B_YEAST"	"YEAST"	43606340	45995524	45046812	43222990	41191400	41365210	43308640	43117230	41996310	23223914	24970008	22813408	25375236	23696860	24093956	22587478	22835100	21796216
"sp|P48231|TCB2_YEAST"	"YEAST"	0	0	0	25593.836	0	0	0	0	0	0	0	0	0	0	0	0	0	0
"sp|P48362|HGH1_YEAST"	"YEAST"	271135.84	277154.28	297812.9	226806.3	233297.25	0	244371.53	241834.52	174232.52	0	107790.84	123966.266	134287.19	0	0	124590.516	112096.01	102822.05
"sp|P48415|SEC16_YEAST"	"YEAST"	0	0	0	0	0	0	0	0	0	0	0	0	0	0	0	0	0	0
"sp|P48510|DSK2_YEAST"	"YEAST"	4428069	4195358	4011820.8	4124406.2	4221593.5	4258496	3783881.8	3694710.5	4083513.2	2214600.2	2184211.2	1891796.2	2337222.2	1745981.5	2542153.8	2241688	1651606.1	2145297
"sp|P48570|HOSC_YEAST"	"YEAST"	2142512	2683930.2	2396838.2	1825412.6	1907892.9	2107508.2	1878616.1	1330431.4	2131230	700892.4	602508.56	533150.06	485690.1	473196.66	552689.2	801934.4	543819.4	573521.2
"sp|P48589|RS12_YEAST"	"YEAST"	41205830	40038748	41170736	39189236	39185690	38637796	38990740	37823270	39082950	20583272	20493158	20907120	20481584	20372894	20584128	20069068	20020158	20758074
"sp|P48606|TBCA_YEAST"	"YEAST"	2731527.5	2499876.8	2352969.8	2586549	2010840.8	3021141.8	3397878.8	2131039	3466265.5	0	749403.9	296160.94	0	824969.7	0	567481.94	0	905303.44
"sp|P48813|GNP1_YEAST"	"YEAST"	0	0	163262.08	111326.86	0	0	146458.27	0	142999.06	0	0	0	0	0	0	0	0	0
"sp|P48836|VATG_YEAST"	"YEAST"	7475873	7340786.5	6854642.5	6031517.5	6982859	6957373	6328455	6375924	7483830	5302128.5	4075800.5	3732788.5	3519550	3398805	3786481.5	3740285.2	4167239	3658655.5
"sp|P48837|NUP57_YEAST"	"YEAST"	0	0	0	0	0	0	258179.58	256907.47	0	0	0	0	0	0	0	0	0	0
"sp|P49017|COQ5_YEAST"	"YEAST"	0	0	0	0	0	0	0	0	0	0	0	0	0	0	0	0	0	0
"sp|P49089|ASNS1_YEAST"	"YEAST"	13916770	9555818	13570121	11972820	10290967	13295583	11805624	10805529	10885080	7601520.5	6398638	7449740	2962933.8	1941887.8	7277615	2743137.2	6478983	7347247
"sp|P49090|ASNS2_YEAST"	"YEAST"	22459540	25736346	24154246	22931098	24661392	22821040	28015820	23863180	23152122	12669174	10818920	11996704	10516279	12034294	9968620	10335129	11960460	10103809
"sp|P49095|GCSP_YEAST"	"YEAST"	1420743	0	1984996.9	2861928.5	1397020.2	1107230.5	1975481.4	1580818.6	2126960	562364.56	356940.44	0	1034632.94	431355.34	0	416731.53	0	282640.66
"sp|P49166|RL37A_YEAST"	"YEAST"	5083572	2755387.5	4930316	3248996.8	5073809	4651084	3220632.8	2960361	4899407	2609229.5	1880130.6	2819225	2835755.5	1907734.5	3006458.5	2484531.5	2791591.2	1659769.6
"sp|P49167|RL38_YEAST"	"YEAST"	21951060	20442518	20864992	21673570	18063964	19901524	21650316	20185004	20319468	9855994	9956602	10507978	9475938	10251310	9957450	9200114	8149152	4697190.5
"sp|P49334|TOM22_YEAST"	"YEAST"	5237281	5939321	3966602	5592780.5	5521250	5357115	5879741	5387871	5032359.5	890302.4	2611189.5	796746.6	2534223.5	1895006.2	1876504.2	1376663.6	3058828.8	2075351.1
"sp|P49435|APT1_YEAST"	"YEAST"	4081718.5	3894589	3152207.5	2861488.2	3335817.5	4766225	3636840.8	2913948	3525082.5	915926.6	1124201.8	0	1164853.6	1761438	1509957	1488968.2	528738.1	1868905
"sp|P49573|CTR1_YEAST"	"YEAST"	1056763.4	0	402785.2	1017341.7	1075315.9	929005.06	799367.4	637409.4	193202.4	216087.5	299094.1	306109.4	0	0	2502755	0	1774919.5	286560.56
"sp|P49626|RL4B_YEAST"	"YEAST"	3250290.5	3334861	3849573	3022718.8	3281508	3568770.5	1522805.2	1526956.1	3092018.5	686319.25	1465755.8	852884.2	1552430.2	1683021.1	679291.5	724585.56	772384.9	798878.5
"sp|P49723|RIR4_YEAST"	"YEAST"	22542378	21687416	22998616	22416768	21836638	22393052	22112086	22339506	22762804	8969124	11192002	11655457	8479857	13785286	10701006	9800114	11826114	12443592
"sp|P49954|NIT3_YEAST"	"YEAST"	558171.8	551930.2	512587.5	508347.84	539480.1	457460	582727.06	815040.5	519573.78	0	0	0	0	0	347941.88	0	0	495984.03
"sp|P50085|PHB2_YEAST"	"YEAST"	1467164.9	1921807	4577265	2004403.2	1942404.5	1625457.8	1399361.2	1299014.2	1040893.5	0	623492	1307952.2	303636.97	0	1569457.1	0	0	245400.42
"sp|P50086|PSD10_YEAST"	"YEAST"	417405.47	396958.53	0	318359.66	670568.9	355489.94	361564.78	378784.53	306088.12	0	194498.14	0	0	0	0	0	0	0
"sp|P50094|IMDH4_YEAST"	"YEAST"	172024.31	0	106918.016	139829.27	183075.36	161735.67	0	170349.1	131072.97	55383.11	101563.055	0	0	151656.25	83153.516	0	100584.484	0
"sp|P50095|IMDH3_YEAST"	"YEAST"	16000666	13945480	18670062	12423642	14334421	11092458	10953649	20074722	14606729	4935604	5957961.5	6052938.5	5789374	6908837.5	5097431	4210420	5090550	5001939
"sp|P50107|LGUL_YEAST"	"YEAST"	0	396196.06	0	0	363189.4	0	89386.82	0	334663.1	0	0	0	0	0	0	0	0	0
"sp|P50263|SIP18_YEAST"	"YEAST"	68803.35	73160.81	0	64390.65	48838.62	0	18327.674	0	73460.445	47411.234	45794.152	28737.979	55440.11	0	19895.086	0	64098.383	0
"sp|P50276|MUP1_YEAST"	"YEAST"	0	0	1626809.6	0	0	0	0	0	0	998689.4	1071951.4	0	0	1094845.4	1151461.9	1021860.1	0	1089817.1
"sp|P50623|UBC9_YEAST"	"YEAST"	0	0	0	0	0	0	0	0	0	0	0	0	0	0	0	0	0	0
"sp|P50861|RIB4_YEAST"	"YEAST"	2131814.8	1659757.9	2031144.2	1549587.4	1388982.2	1597250.5	1566456.8	1559015.5	1609955	626656.6	667470.75	317056.22	287236.5	292073.88	585031	550897.4	370250.34	277836.62
"sp|P51401|RL9B_YEAST"	"YEAST"	5188189	2780098.2	5412688	4446556	4265108	4615703.5	4528545.5	4133757.5	2969793.8	1298893	1278894.6	2317073.5	2208642	2277948.2	1272970.8	2167754	1232805.2	2240052.5
"sp|P51402|RL37B_YEAST"	"YEAST"	1158497.8	1727679.9	1832043	1027410.8	1254651.8	2042547	1755322.2	1811716.9	1193326.5	611608	740186.56	648777.75	273033.75	310141.12	740337.1	277977	284407.44	680659.9
"sp|P51601|GCH1_YEAST"	"YEAST"	0	0	0	0	0	0	0	0	0	0	0	0	0	0	0	0	0	0
"sp|P52286|SKP1_YEAST"	"YEAST"	0	2085126.9	0	0	0	1575880	1593709.1	0	1558506	0	0	0	0	0	0	0	0	0
"sp|P52489|KPYK2_YEAST"	"YEAST"	2972195	2679930.2	2255306.2	3128448	3116411.5	3044669.5	2948231	3580521.5	3255065.5	2919851	3092124	2400080.2	3000626.5	3155542	2159789.8	3045224.8	2564924.8	2161187.8
"sp|P52490|UBC13_YEAST"	"YEAST"	1014693.8	1432657.4	1043104.94	1343429.5	0	1245550.1	1169117	1178577.9	1150822.9	0	0	0	0	0	0	0	0	0
"sp|P52553|PFD6_YEAST"	"YEAST"	673045.5	516762.56	622607.2	749898.25	0	0	123834.93	0	657159.5	0	0	0	0	0	123630.875	0	0	0
"sp|P52870|SC6B1_YEAST"	"YEAST"	0	0	129382.66	0	0	0	2761202.8	0	0	0	0	0	0	0	0	0	0	0
"sp|P52871|SC6B2_YEAST"	"YEAST"	877715.75	922826.56	730902.9	894199.56	839691.6	763371.2	858546.5	858106.44	877307.75	505253.66	649809.06	469248.66	0	461281.3	591708.94	522309.8	564720.8	560279.44
"sp|P52910|ACS2_YEAST"	"YEAST"	27737006	25623172	19054396	25181452	20594566	17046146	22160548	21050588	15333537	8799623	7557050.5	7050289.5	13784426	7851088	7704292	8058701	9830478	8786937
"sp|P52911|EXG2_YEAST"	"YEAST"	0	0	1871223.5	0	0	0	0	0	0	0	0	0	0	0	0	0	0	0
"sp|P52917|VPS4_YEAST"	"YEAST"	0	0	0	0	36539.43	0	38966.86	0	0	0	0	0	0	0	0	0	0	0
"sp|P53043|PPT1_YEAST"	"YEAST"	222318.48	184137.17	199321.31	138636.23	180162.31	169196.8	331786.2	364565.5	0	0	0	0	170370.12	127644.24	0	0	225280.6	0
"sp|P53044|UFD1_YEAST"	"YEAST"	0	0	0	0	0	0	0	0	59049.29	0	0	0	0	0	0	0	0	0
"sp|P53064|RTF1_YEAST"	"YEAST"	0	0	0	0	0	0	0	0	0	0	0	0	0	0	0	0	0	0
"sp|P53066|YGZ2_YEAST"	"YEAST"	319034.62	166058.11	968276.5	744217.3	0	562515.1	411974.44	0	0	0	0	0	0	0	0	0	0	0
"sp|P53075|SHE10_YEAST"	"YEAST"	1884646.8	1178966.9	382311.53	0	0	513811.28	492475.3	2053611.9	0	0	0	0	0	1003826.5	0	0	1138108.5	0
"sp|P53081|NIF3_YEAST"	"YEAST"	906638.3	0	526384.9	2109326.2	0	3487417.2	3443901.8	3988781.8	608042.3	1406415.5	2278169.8	1642073.9	0	1838891.6	0	1311845.6	0	0
"sp|P53090|ARO8_YEAST"	"YEAST"	18171814	18257270	17045536	17008420	16357540	16187837	15991080	17816550	17417732	6989264	5837960	4259303.5	5682343.5	5274340	4867407.5	4871126	5366564	6091087.5
"sp|P53095|DSD1_YEAST"	"YEAST"	0	0	0	0	0	0	0	0	0	0	0	0	0	0	0	0	0	0
"sp|P53111|ARI1_YEAST"	"YEAST"	0	0	0	0	0	1604210.4	0	0	0	0	0	0	0	0	0	0	0	0
"sp|P53114|MED5_YEAST"	"YEAST"	0	0	0	0	0	0	0	0	0	0	0	0	0	0	0	0	0	0
"sp|P53127|SNT2_YEAST"	"YEAST"	0	0	0	0	0	0	0	0	0	0	0	0	0	0	0	0	0	0
"sp|P53131|PRP43_YEAST"	"YEAST"	0	0	0	0	0	0	0	0	0	0	0	0	0	0	0	0	0	0
"sp|P53141|MLC1_YEAST"	"YEAST"	5463004.5	5003431	5914586.5	4872115	5212339.5	5409780.5	4514932.5	4968646.5	4461767	1536565.5	1661470	1466213.6	1860705.2	1424099.1	2079628.6	1659666.2	2307034.8	2158738
"sp|P53154|GUP1_YEAST"	"YEAST"	0	0	0	0	0	0	0	0	44318.062	0	0	0	0	0	0	0	0	0
"sp|P53155|YGI2_YEAST"	"YEAST"	0	0	0	0	0	0	0	0	0	0	0	0	0	0	0	0	0	0
"sp|P53163|MNP1_YEAST"	"YEAST"	317032.72	0	307270.7	0	0	264125.56	299291.3	0	0	0	355510.56	0	134975.81	348081.06	0	0	0	124858.164
"sp|P53178|ALG13_YEAST"	"YEAST"	0	0	0	0	0	0	0	0	0	0	0	0	0	0	0	0	0	0
"sp|P53183|YGD9_YEAST"	"YEAST"	0	0	0	343821.8	0	408898.53	0	0	0	188486.94	0	0	0	268569.38	0	343991.84	157735.6	0
"sp|P53184|PNC1_YEAST"	"YEAST"	17922662	17245812	19780006	15791172	15317775	18335980	16632110	16605120	16900898	7763338.5	7993158	8113059	5587759	7688743.5	6007135.5	7751114	6627271	7252279.5
"sp|P53188|CGR1_YEAST"	"YEAST"	0	0	0	0	0	0	0	0	165005.44	0	121700.32	0	0	0	0	0	0	0
"sp|P53199|ERG26_YEAST"	"YEAST"	1392865.9	1759564.1	2147332.5	1187856.2	984717.5	2276341	1245788.5	1626879.5	1441666.8	438901.66	1130912.5	779938.8	358667.16	186848.83	0	170887.3	909142.94	1230341.4
"sp|P53200|EFM5_YEAST"	"YEAST"	0	0	1287693.8	0	0	0	0	0	0	0	0	0	0	0	0	0	0	0
"sp|P53217|YG1I_YEAST"	"YEAST"	0	621630.1	541674.75	625939.8	632007.1	728514	669034.56	611101.44	728791.6	0	0	0	0	0	0	0	0	0
"sp|P53221|RL26B_YEAST"	"YEAST"	0	0	3178523.8	0	0	3195158.8	0	0	2503123.2	0	0	1615234	0	0	1508095.6	0	0	1362202.8
"sp|P53235|EIF2A_YEAST"	"YEAST"	2045981.8	2377733.2	1900111.2	1984436.6	1995060.4	1735630.4	2646854	2115041	1995292.8	761629.4	1003891.44	899031.5	951177.8	1012649.8	1577471.9	1052283.5	911435.7	947526
"sp|P53250|TWF1_YEAST"	"YEAST"	0	0	0	0	0	0	0	0	0	0	0	0	0	0	0	0	0	0
"sp|P53252|PIL1_YEAST"	"YEAST"	31768628	29067612	32680508	31853680	31092170	30700748	31960558	31005518	32993584	20273920	20622112	20754866	22235860	13077048	20476856	20630396	19852652	12271204
"sp|P53261|PESC_YEAST"	"YEAST"	9649782	8776003	0	9327151	9299232	9895280	0	9309531	9484049	9812118	0	0	9741111	0	0	0	0	0
"sp|P53278|YG3A_YEAST"	"YEAST"	1108310.2	1353011	1062950.4	1613781.5	650953.94	520999.25	1766970.9	187884.94	1068583	0	529257.4	1118530.5	465556.84	0	0	508382.56	0	457853.9
"sp|P53281|LSB1_YEAST"	"YEAST"	0	508958.4	0	512547.38	0	578379.25	579316.25	578031.4	0	526927	0	520745.56	0	0	0	585021.06	562470.6	527423.6
"sp|P53295|RBG2_YEAST"	"YEAST"	0	0	0	0	0	0	0	0	0	0	0	0	0	0	0	0	0	0
"sp|P53297|PBP1_YEAST"	"YEAST"	0	0	0	412920.62	0	0	269455.9	311346.8	0	0	0	0	0	0	0	0	0	0
"sp|P53303|ZPR1_YEAST"	"YEAST"	0	0	0	763019.94	0	0	0	0	0	0	0	0	0	0	0	0	0	0
"sp|P53315|SOL4_YEAST"	"YEAST"	0	992786.8	334419.75	959293.7	908338.75	0	0	372531.94	489862.16	536472	0	0	664749.9	0	0	0	0	0
"sp|P53334|SCW4_YEAST"	"YEAST"	204827.17	303330.44	313060.88	153807.8	0	224473.77	1141700.5	0	0	0	0	0	0	269697.06	0	335770.53	0	0
"sp|P53337|ERV29_YEAST"	"YEAST"	3072561.2	3239814.2	2944860.5	2925503.5	2968998.2	2944994	3209471	2775334.2	3084175.8	279140.62	827241.2	952538.25	991208.75	1017653.5	742125.56	1044986.5	261904.5	1156179.6
"sp|P53507|TOM7_YEAST"	"YEAST"	2062739.9	2059613.8	1803554.1	1906252.4	1741601	1863432.8	1848856.1	2086288.8	1752509.6	1102968.4	1128892.4	1021156.9	940441.8	1065971.9	1108920.8	1191388.5	1259391.8	1072828
"sp|P53549|PRS10_YEAST"	"YEAST"	611555.44	491122.16	656284.3	395771.75	846115.9	416192.06	537323.6	445404.66	676593.6	0	155251.83	0	122214.2	181453.33	227981.23	0	0	0
"sp|P53550|DCP2_YEAST"	"YEAST"	9436090	0	0	0	0	0	0	0	0	0	0	0	0	0	0	0	0	0
"sp|P53551|H1_YEAST"	"YEAST"	799688	577155.06	747791.06	1634441.8	778879.2	747036.5	1241097	663625.75	0	0	163264.86	0	0	424691.12	0	488153.6	0	0
"sp|P53552|THO2_YEAST"	"YEAST"	0	0	0	0	0	0	0	0	0	0	0	0	0	0	0	0	0	0
"sp|P53598|SUCA_YEAST"	"YEAST"	0	0	0	0	0	0	0	0	0	0	0	0	0	0	0	0	0	0
"sp|P53600|COPZ_YEAST"	"YEAST"	0	0	865392.4	0	1024616.4	534727.2	0	0	0	0	0	0	0	0	0	0	0	0
"sp|P53622|COPA_YEAST"	"YEAST"	5981754	5653973.5	5276668	4330735.5	5243221	5057025	6289461.5	5316469	5107743	2578541.2	1764485.1	2331224.2	1738817.2	2331737.2	1158511.2	2671585	2524293	2577016.2
"sp|P53629|ARE2_YEAST"	"YEAST"	0	909579.7	852679.4	0	0	0	0	881677.3	1001527	0	0	0	0	0	0	0	0	0
"sp|P53633|PRA1_YEAST"	"YEAST"	3636195	1737339.8	865557.3	2864966	1547042.1	3060085	2658867.5	848910.5	920430.6	1287381.4	411344.1	0	938675.06	0	0	823874.4	0	0
"sp|P53691|PPID_YEAST"	"YEAST"	6148154	6635979	7049063.5	5035902	4811350.5	4379825	6908236.5	5960807	5994961	2216156.5	2507764.5	1437998.4	2234601.8	2561229.8	2745358	2893111	1595056.1	2180819
"sp|P53721|RCF2_YEAST"	"YEAST"	0	0	0	0	0	0	0	0	0	0	0	0	0	0	0	0	0	0
"sp|P53723|YN8B_YEAST"	"YEAST"	1976027	2897962.2	2473874	1463227.5	1713893.8	3406558	3481169	3647465	2714278	801618.3	0	1806351.8	1473782.1	459808	1507597.1	1630271.4	1770632.9	269219.34
"sp|P53731|ARPC2_YEAST"	"YEAST"	2544058.8	3289352	3074367.5	2368991.5	3272407.5	3150864.8	3116810	2969270	2325224	783323.75	1357544.6	1178240.6	1663671.5	1271026.4	2413004	1819165.6	1723510.4	1813057.5
"sp|P53834|HCH1_YEAST"	"YEAST"	3038386.5	3340832.2	2944359	568788.8	553978.4	2616839.5	3166608.2	583942.7	543885.25	324049	0	245758.16	0	0	0	253753.98	0	0
"sp|P53839|GOR1_YEAST"	"YEAST"	0	658870.2	702301.1	0	620408.8	0	0	775545.5	0	0	0	0	0	0	0	0	0	275135.9
"sp|P53849|GIS2_YEAST"	"YEAST"	2290702	3085924	3499197	3495427.8	2896174.2	3092557.5	3275470.5	3382013	2055205.2	653888.6	1817067.6	913470.5	745771.75	1154154.9	1252058.5	1132482.2	1192062.2	1443748.6
"sp|P53852|SYC_YEAST"	"YEAST"	5829865	5889269	3966914.5	4148845.5	3360140.2	3513212.5	3130602.5	4051037.2	3384674.8	2058181.5	1790895.2	0	973560.44	0	1301439.5	1456610.6	2391327.8	1228064.8
"sp|P53859|CSL4_YEAST"	"YEAST"	0	0	0	0	0	0	0	0	0	0	0	0	0	0	0	0	0	0
"sp|P53860|PDR16_YEAST"	"YEAST"	1311349.9	2164976.2	1975866	1947650.4	1615823.9	1783575.9	1549360	1944785.2	1900469	512814.2	914692.44	920234.4	914146.5	858362.4	264406.4	1081478.5	352680.62	848845
"sp|P53868|ALG9_YEAST"	"YEAST"	721761.2	826220.8	696305.44	671717.8	649671.75	551509.06	559488.9	565540.25	671944.9	346026.6	0	0	0	0	0	0	0	0
"sp|P53877|IPI3_YEAST"	"YEAST"	0	0	0	0	0	0	0	0	0	0	0	0	0	0	0	0	0	0
"sp|P53883|NOP13_YEAST"	"YEAST"	778315.1	428880.28	488890.62	0	432229.1	317530.75	15217.265	962130.1	583096.1	0	241820.66	0	211950.78	0	221563.94	192285.38	264054.16	565251.9
"sp|P53885|MDG1_YEAST"	"YEAST"	0	0	0	0	0	0	0	0	0	0	0	0	0	0	0	0	0	0
"sp|P53889|FMP41_YEAST"	"YEAST"	0	0	0	0	0	0	0	0	0	0	0	0	0	0	0	0	0	0
"sp|P53890|BNI5_YEAST"	"YEAST"	0	0	0	0	0	0	0	0	0	0	0	0	0	0	0	0	0	0
"sp|P53897|IGO1_YEAST"	"YEAST"	0	0	0	0	0	0	0	0	0	0	0	0	0	0	0	0	0	0
"sp|P53898|NSG2_YEAST"	"YEAST"	0	0	0	0	0	0	0	0	0	0	0	0	0	0	0	0	0	0
"sp|P53900|PFD4_YEAST"	"YEAST"	0	0	0	0	0	0	0	0	0	0	0	0	0	0	0	0	0	0
"sp|P53912|YNN4_YEAST"	"YEAST"	10362583	9831384	9745563	10720791	9850156	10474336	9496909	11000814	9268182	5739812.5	5947405	5138926	4907230	4086589.5	3198552.5	3725213.8	4775464.5	5789549.5
"sp|P53914|NAT10_YEAST"	"YEAST"	0	0	0	0	0	0	0	0	0	0	0	0	0	0	0	0	71450.695	0
"sp|P53920|NM111_YEAST"	"YEAST"	313257.78	490355.9	0	0	0	0	331880.84	0	4586737.5	0	0	0	0	0	0	0	0	0
"sp|P53973|HDA1_YEAST"	"YEAST"	0	0	582159.4	0	0	0	687464.4	0	0	0	0	0	0	0	0	0	0	0
"sp|P53981|PYP1_YEAST"	"YEAST"	6999142.5	6275650.5	5774455	5236435.5	5538562.5	6261972.5	5032265	6412077	5483693.5	2623713	2020415.8	2794224.5	2633828.8	2285693.5	2893188.5	3062984.5	2635199.8	2709540.2
"sp|P54000|SUB1_YEAST"	"YEAST"	0	0	21047.488	0	0	0	0	13691.933	0	0	0	0	0	0	0	0	0	0
"sp|P54113|PUR91_YEAST"	"YEAST"	3710467.5	4747917.5	4432699	4843839.5	3173448	4845199.5	4497731.5	1499885.4	2957500.8	0	180060.53	773348.8	219374.67	206650.06	234675.05	0	455919.47	0
"sp|P54114|ALDH3_YEAST"	"YEAST"	5117949.5	6112503	5051107	5636668	6254578	4574531	6702718.5	6799236	4729309	1251868.9	1442944.8	756078.94	1512922.8	2025479	296604.44	1249249.4	1841103.8	847826.5
"sp|P54115|ALDH6_YEAST"	"YEAST"	97018370	96507060	94013120	89071760	87766460	93189710	91035200	90956060	90164220	45108990	47212636	46538540	46622016	48424304	45140532	46200870	47783348	47241480
"sp|P54783|ALO_YEAST"	"YEAST"	6443102	7272855	6572909.5	6776229.5	6215656.5	6913055.5	6512145.5	5910739.5	6880564	5418929.5	5173676.5	5258056	4945113	4906999	4990231.5	5054929	5189461.5	4956013
"sp|P54837|TMEDA_YEAST"	"YEAST"	583240	0	600318.44	590414.25	635773.7	484806.16	613172.94	546696.4	613093.8	99031.016	98462.06	77732.57	302543.97	84996.43	122521.74	53999.31	123286.914	92059.55
"sp|P54838|DAK1_YEAST"	"YEAST"	9173713	9476737	10341195	9717230	9438407	10409630	8826866	11004222	7385883.5	2831632	4102229	3939107	2503452	2456038.2	2288243.5	3885880.8	3056183.8	4572779
"sp|P54839|ERG13_YEAST"	"YEAST"	16846262	16017615	16719227	15669847	15496462	15959433	16485216	14958847	14143093	7305847	5039353	7338381	6938197	5096775	7852087	6159078	7095518	8281246.5
"sp|P54858|DOS2_YEAST"	"YEAST"	1482566.5	0	0	0	0	0	0	0	0	0	0	0	0	0	803432.06	0	715915.75	0
"sp|P54861|DNM1_YEAST"	"YEAST"	795409.2	619288.9	0	758942.06	770041.75	709027.75	697797.06	536786.9	631570.6	0	0	0	0	0	0	0	0	0
"sp|P54885|PROA_YEAST"	"YEAST"	5539040	6109760	5865765	5156570.5	5448182.5	4942780.5	5696747.5	4860707	5398246	1242464	2087452.8	1275347.5	1257203.5	959298.4	934792.75	1556165.5	1686378.8	1058896.6
"sp|P57743|LSM3_YEAST"	"YEAST"	236976.3	208165.53	242660.55	207446.89	190404.56	0	0	185085.17	0	0	0	0	0	108783.805	0	0	0	0
"sp|P60010|ACT_YEAST"	"YEAST"	88848080	88557850	88469760	84598860	84279016	84090776	84642090	85594170	85810290	43106280	42882124	42486150	43926204	44596500	44166796	42407516	42597540	43726604
"sp|P61830|H3_YEAST"	"YEAST"	9765166	9210642	9583632	9158022	9575678	9431924	8659980	8890596	9832373	6583192.5	6691340.5	6550526	6109581	6233067.5	6834212	5923670	6251891	6973040
"sp|P80210|PURA_YEAST"	"YEAST"	22580452	23658068	23833792	20968158	25303610	19280890	29695148	18809948	25100684	8793504	11200288	13158255	9552652	14483665	12933776	13445114	12720272	13603349
"sp|P80967|TOM5_YEAST"	"YEAST"	2606519.2	2665029.5	2659975.2	2444072.8	2346242.2	2281669.5	2413949	2822783.2	2416937	924184.8	1057830.6	1117332.1	1195516.1	1194736.9	1141363	1297301.8	1142847.9	1231138.8
"sp|P87108|TIM10_YEAST"	"YEAST"	0	0	0	0	0	0	0	0	0	0	0	0	0	0	0	0	0	0
"sp|P89886|TMA20_YEAST"	"YEAST"	1761531.5	1110471.4	1276947.8	1603478	1785249	1106218	1071666.6	2333360	1119174.1	471591.1	0	1014302.75	1041824.06	480989.06	535345.7	0	581719.8	475547.3
"sp|Q00055|GPD1_YEAST"	"YEAST"	21662480	21118220	19575912	20042064	20371340	17124852	19480348	20028596	18178710	10324885	10315963	9930903	10101822	10423219	10002517	10064690	9920839	10121276
"sp|Q00245|RHO3_YEAST"	"YEAST"	1444713.2	1299408.6	1403197.9	1308915.1	1588490.5	1444491.2	1222265.4	1299571.5	1458054.5	1098610.5	1032952.1	27703.553	1345691.1	1050584.4	0	1114014.9	1119303.4	889999.5
"sp|Q00402|NUM1_YEAST"	"YEAST"	941243.94	619280.1	1430054	564959.9	334301.62	891306.9	1211651.5	1073174.5	562382.9	0	0	0	0	0	0	0	0	0
"sp|Q00764|TPS1_YEAST"	"YEAST"	19398654	21129770	20930002	18850710	20080178	19164598	20086832	20330356	15510170	9027373	6787191.5	8270142.5	5142664	7000265	10104357	7872185.5	9037178	7961954
"sp|Q00955|ACAC_YEAST"	"YEAST"	46551336	43244760	44681924	38940236	37430170	39153544	39240692	38027944	39474576	13911695	13705655	10978604	13762696	10717096	15178843	15508312	10595114	9187556
"sp|Q01476|UBP2_YEAST"	"YEAST"	0	0	0	0	0	0	0	0	0	1190770.5	1232235.1	971826.75	1097991.1	1071501.8	1086331	1114285.2	1159001.1	1103416.2
"sp|Q01477|UBP3_YEAST"	"YEAST"	0	0	0	517562.97	942107.6	610089.25	579811.4	0	830434.06	0	0	0	0	0	0	0	0	0
"sp|Q01532|BLH1_YEAST"	"YEAST"	265267.44	933385.9	283310	565432.4	0	215284.95	602660.56	382037.97	235583.47	0	0	0	0	0	0	0	0	0
"sp|Q01560|NOP3_YEAST"	"YEAST"	6818734.5	6496978.5	6687828	6405758	6523729	6720479.5	6389296	5288364	5656974.5	2105519.5	2360513.8	2738999.5	2377204.2	2479071.5	2134962.2	1725792.6	2417558	2116063.5
"sp|Q01662|MAP1_YEAST"	"YEAST"	1648505.2	954588.7	847719.9	1700091.8	1857214.8	1881832.6	1098221	1658003.5	2003781.8	221833.58	0	0	0	0	0	0	0	0
"sp|Q01852|TIM44_YEAST"	"YEAST"	3694952.5	3513584.2	2492581.2	3250265.8	2958724.5	3279805	3122546.5	3427896.8	3284937.2	2733716.5	2232331.5	2313347	2117337.8	2323667.5	2403288	2984696.5	2255450	2367616.2
"sp|Q01855|RS15_YEAST"	"YEAST"	29105120	26515792	30606176	26700898	25114186	27763720	25704222	26334166	26722274	12541258	13656248	14233551	13576827	12995911	14821867	12267271	12794935	12731500
"sp|Q01939|PRS8_YEAST"	"YEAST"	1298208.4	1395206.4	1380148.5	1256916.4	1688717.2	1338165.2	1319786.8	1211356.4	980747.4	277630.12	241329.75	0	108941.04	0	216921.22	377883.7	0	0
"sp|Q01976|ADPP_YEAST"	"YEAST"	2667515.2	1920067.8	2334869	1503907.8	2338198.8	1394918.8	2501085.8	1509400.5	1874773.4	1076010.8	1324804.8	1248313.1	650778.6	1108715.2	432997.7	1017921.4	0	1253115
"sp|Q02046|MTD1_YEAST"	"YEAST"	2662595	2559029	2672805.2	2782859.2	4357307.5	2296260.8	5769375	284383.34	2829416.8	212953.44	1590854.5	140324.2	0	0	185357.73	0	189775.31	0
"sp|Q02199|NUP49_YEAST"	"YEAST"	0	0	1676129.6	1287261.4	1289074	1263120.5	1120792.5	1189393.5	851363.75	0	617245.75	654255.6	0	0	0	645710	706604.75	628579.9
"sp|Q02201|OSH6_YEAST"	"YEAST"	0	0	0	0	0	0	0	0	0	0	0	0	0	0	0	0	0	0
"sp|Q02326|RL6A_YEAST"	"YEAST"	17897844	17789818	18077474	15858507	15956181	16097344	16317653	16143719	16698270	8673719	8198992	8690346	8381161.5	8819223	8491410	8762751	8900989	8782314
"sp|Q02455|MLP1_YEAST"	"YEAST"	0	0	0	0	0	21160.21	0	720738.2	0	1696292	0	1858647	0	1375934.9	1546975	0	0	0
"sp|Q02457|TBF1_YEAST"	"YEAST"	0	1324951.6	0	0	0	0	0	0	0	0	0	0	0	0	0	0	0	0
"sp|Q02486|ABF2_YEAST"	"YEAST"	2336491.2	2116860	3461136.5	4375335.5	2041888.2	3881514.8	2204387.2	2239663.8	2316272.8	0	1503969.8	821130.3	1156251.5	0	1368386.8	527312.44	1350986.4	711440.1
"sp|Q02642|NACB1_YEAST"	"YEAST"	7090933.5	7888189	6596354	7015273	7171280	7254129	7265815.5	7408511.5	6630336.5	3611845.5	4154625.2	4129348	3558585.2	3324428.5	4251055	3772081.5	4400614	3977319.2
"sp|Q02725|VTC3_YEAST"	"YEAST"	7407704	4805243.5	7877315.5	6024086.5	3318597	8511726	5607540.5	2994130	3219416.8	1001826.06	383631.97	622500.06	828837.75	333992.47	865183.94	287858.2	291615.38	266225.72
"sp|Q02753|RL21A_YEAST"	"YEAST"	2502490.8	2004893.4	2502451	2272853.5	2344833.8	2252920.2	2147663.5	2333944.5	2460509	1185197.4	1288476.9	1347040.2	1422970.4	1348258.1	1280957.5	1248919	1150680.8	1433165.6
"sp|Q02774|SHR3_YEAST"	"YEAST"	236517.84	233656.1	0	0	0	215619.88	221707.19	0	227767.22	0	0	0	0	0	0	0	0	0
"sp|Q02776|TIM50_YEAST"	"YEAST"	2104772.5	2349401.2	2288909.2	1327572	1877613.4	2516387.5	2207912.8	2142795	1317865.8	478970.4	319374.6	378638.66	895285.1	600576.56	965768.9	333710.84	363768.4	1077496.8
"sp|Q02795|OSTD_YEAST"	"YEAST"	2032443.1	1988827.9	2085039.5	1883519	1906147.1	1851561.5	1619328.8	2048266.8	1915633	1242511.4	1304718.9	823233.5	710527.6	783072.4	569454.06	970912.94	565411.2	510659.47
"sp|Q02821|IMA1_YEAST"	"YEAST"	2112777.5	2120928.5	1781884.9	1774823.5	1685692.5	1614266.8	2097316	971345.5	454504.47	892059.1	285888.78	0	0	263699.53	931082.9	0	799415.1	894106.1
"sp|Q02889|MGR2_YEAST"	"YEAST"	0	0	0	0	0	0	0	0	0	0	0	0	0	0	0	0	0	0
"sp|Q02892|NOG1_YEAST"	"YEAST"	0	0	0	0	0	0	0	0	0	0	0	0	0	0	0	0	0	0
"sp|Q02896|YDC1_YEAST"	"YEAST"	0	324880.78	0	91405.15	0	0	0	0	0	0	0	0	0	0	0	0	0	0
"sp|Q03048|COFI_YEAST"	"YEAST"	40131412	44158228	41465796	37857296	38278030	38537444	37695956	39615320	40566376	20357916	20586336	19437276	21430568	20311354	20406960	21311398	19391266	21119586
"sp|Q03102|YMN1_YEAST"	"YEAST"	0	180589.02	2245647.5	246453.73	2517308.5	2667408.8	2213527.5	0	0	0	0	121614.19	0	0	135517.23	0	0	0
"sp|Q03103|ERO1_YEAST"	"YEAST"	0	653153.3	723317.9	649844.25	622082.9	552671.25	589444.4	560944.1	616813.6	0	0	0	0	0	0	0	0	0
"sp|Q03104|MSC1_YEAST"	"YEAST"	9091643	8347011.5	9616428	8768409	8972932	8914664	9334468	10276968	8643159	2743553.8	2121816.5	3035062	3397523.5	3047815.8	2211517.2	2820388.8	2422829.5	2795303.5
"sp|Q03161|YMY9_YEAST"	"YEAST"	5946972	7401653.5	7405899.5	8126732	6632983	6743067	6422224	5683234	7111867.5	2874210.8	2431751	2844418.2	2956047.2	2757343	2899093.5	3583083.2	1923420.8	2366365
"sp|Q03195|RLI1_YEAST"	"YEAST"	1495843	497698.16	955733.8	726965.06	476759.16	768444.6	721322.1	784878.6	493011	1031600.94	1096137.6	1080413	1063978.9	1147357.1	1158836.9	1002953.94	1252457.8	1075067.8
"sp|Q03219|YM44_YEAST"	"YEAST"	0	0	0	0	0	0	0	0	0	0	0	0	0	0	0	0	0	0
"sp|Q03529|SCS7_YEAST"	"YEAST"	575307.4	343160.84	429509.75	555066.3	345505.22	555624.4	418660.2	809722.9	882072.6	0	0	0	0	0	0	0	0	0
"sp|Q03532|HAS1_YEAST"	"YEAST"	278344.75	0	288948.12	1936533.2	318557.56	278939.03	296467.2	363190.72	240466.67	0	0	0	90797.04	122786.8	0	0	0	0
"sp|Q03533|TDA1_YEAST"	"YEAST"	151294.92	0	0	75267.87	0	0	0	0	0	0	0	0	0	0	0	0	0	0
"sp|Q03558|OYE2_YEAST"	"YEAST"	28655698	28240826	28995338	28552918	28704504	28681744	28507380	28785896	28068966	13451554	12050024	13058494	12144170	11961270	12405911	11344871	11986507	13769665
"sp|Q03559|YM8V_YEAST"	"YEAST"	0	0	0	0	27132.164	0	0	39082.24	0	0	0	0	0	0	0	0	0	0
"sp|Q03629|YMH9_YEAST"	"YEAST"	0	0	0	0	0	0	0	0	0	0	0	0	0	0	0	0	0	0
"sp|Q03640|TCB3_YEAST"	"YEAST"	1707168.5	1220346.8	1679203.2	2393330.2	1884007.4	2122862	2065500.1	1542334.8	1774791.2	63166.938	0	108098.125	464928.97	0	190414.67	0	315051.3	271596.12
"sp|Q03655|GAS3_YEAST"	"YEAST"	0	0	0	0	0	0	0	0	0	0	0	0	0	0	0	0	0	0
"sp|Q03690|CLU_YEAST"	"YEAST"	10974842	7829332	9732462	10090256	10507062	9764137	10772892	7216938.5	8059969.5	3370364.8	3033212	3661912.8	3584308.5	1800087.1	3223682	2675361	2498774.5	2208232.5
"sp|Q03768|GIR2_YEAST"	"YEAST"	0	612841	832897.6	613711.25	0	830741	0	872797.9	563895.9	0	0	520563.8	0	0	0	0	0	0
"sp|Q03771|ACL4_YEAST"	"YEAST"	0	0	0	128730.26	0	241086.31	154813.84	0	176309.47	0	0	0	0	0	0	0	0	0
"sp|Q03835|GLRX3_YEAST"	"YEAST"	879732.9	727701.7	546804.44	374204.3	814220.4	715864.4	739447	724231	354103.88	183036.94	163067.27	173956.27	155022.73	165924.27	178953.69	172892.31	167028.17	157259.64
"sp|Q03862|ARX1_YEAST"	"YEAST"	667205.5	0	0	0	583763.4	0	0	0	0	0	0	0	0	0	0	0	0	0
"sp|Q03919|RUB1_YEAST"	"YEAST"	862661.56	1276515.6	0	0	935317.2	0	1590396.1	1987135.1	0	0	0	0	0	0	0	0	0	0
"sp|Q03940|RUVB1_YEAST"	"YEAST"	1604715.5	2063241.9	2377513.8	2238321	2356439.5	1925400.5	1859420.6	3494386.5	2185619.8	0	272463.44	370916.8	195501.72	442804.88	234669.02	0	0	0
"sp|Q03964|YD17A_YEAST"	"YEAST"	487080.56	344933.62	449097.6	340100.56	460102.25	377697.3	75344.695	319323.38	429814.56	0	0	0	0	0	0	0	0	0
"sp|Q03973|HMO1_YEAST"	"YEAST"	5641052	3467978.5	4454291	3761379.2	3767540.2	4205011	3786668.5	3891577.8	3535726.5	54283.44	78501.445	55713.598	0	772416.5	0	0	803424.25	982564.4
"sp|Q04062|RPN9_YEAST"	"YEAST"	1460811.2	1212963.4	3610675.8	1660967.4	1126384.1	1801971.2	746789	2827192.5	0	0	783371.6	457321.8	1176154.2	0	0	629919.25	240141.19	250850.53
"sp|Q04067|EIF3G_YEAST"	"YEAST"	3308931.2	2321846.5	2707375.8	3290535.5	2198429.5	2812421.5	1886130.5	1236163.4	3557899.5	0	0	0	0	0	1353717.6	0	0	0
"sp|Q04120|TSA2_YEAST"	"YEAST"	0	0	0	0	0	0	0	0	0	0	0	0	0	0	0	0	0	0
"sp|Q04175|SXM1_YEAST"	"YEAST"	105744.9	217259.38	0	0	0	136971.33	0	0	0	0	0	0	0	0	0	0	0	0
"sp|Q04178|HPRT_YEAST"	"YEAST"	7182389	2604030.2	2722549.2	2441595.5	2213172	1995326.5	2599595.8	2187103.8	2415189	954909.6	442235.88	675061.6	599187.75	802747.75	846451.4	1100073.9	857271.25	1132703.1
"sp|Q04182|PDR15_YEAST"	"YEAST"	5533544	4607146	4300115	4586819.5	4145936	5836285	2948290.8	5928840.5	4737700.5	1301520.2	1650100.9	1954289.1	1450248	1443798	859342.4	0	0	393327.44
"sp|Q04225|RRB1_YEAST"	"YEAST"	213074.6	0	0	217717.34	0	0	0	405648.12	214473.25	0	0	0	0	300450.7	0	241803.94	0	0
"sp|Q04264|PDS5_YEAST"	"YEAST"	683199.25	615569.6	707341.3	689725.2	744581.5	492091.62	686903.9	662669.2	640439.75	1477115.5	1005306.75	1689147.2	1466015.8	1630104	1414621.2	1269473.5	1493699.5	668820
"sp|Q04279|SEG1_YEAST"	"YEAST"	330870.53	0	245973.55	322394.2	0	379264.47	0	278912	370667.47	0	0	0	0	0	0	0	0	0
"sp|Q04336|YM54_YEAST"	"YEAST"	595813.25	1079153	475218.94	1893212.2	1048686	505319.25	1102145	665534.75	1395700.2	0	0	0	0	0	0	0	0	0
"sp|Q04344|HNT1_YEAST"	"YEAST"	6281976	6218244.5	6058764.5	7094872	5586637	5878383.5	5929910.5	5833963.5	5536024	3272446.5	2866513	2194509.5	2885252.2	3145953.5	3298177.8	2712941.2	2448161.5	3463836.5
"sp|Q04371|ARMT1_YEAST"	"YEAST"	6253006	5186491	2048946.8	3873703.5	4613165	4326819	3110356.5	2505213	4203988.5	407048.8	589873.1	1253830.8	1312748.2	1310832.8	745406.75	0	418789.75	561925.56
"sp|Q04373|PUF6_YEAST"	"YEAST"	756400.75	35356.863	246898.19	363120.75	0	213720.77	288816.56	0	0	0	0	0	0	0	0	0	0	0
"sp|Q04409|EMI2_YEAST"	"YEAST"	10212506	11478815	12701936	7404616	10433072	8143670	8327729	11680147	9379798	1063309.9	5000583	2762337.5	3457822.5	3300728	3551211.2	1864860	2609778	3440627.5
"sp|Q04432|HSP31_YEAST"	"YEAST"	0	2436395.5	1817549.1	1416544.2	1349069.1	0	1793679.8	0	869559.9	891494.06	0	926051.94	943498.4	0	0	0	0	0
"sp|Q04438|SPG4_YEAST"	"YEAST"	1370003.8	1051687	1226305.4	865374.3	1093310.9	1138885.5	1021082.94	812664.4	1108534	407638.53	399453.16	538793.94	366420.53	449276.06	445314.25	421550.25	481182.38	526585
"sp|Q04439|MYO5_YEAST"	"YEAST"	1238144.5	782048.75	974884.4	1165390.8	758910.3	5045956	1378028	810874	967220	697986	0	0	901363.2	0	424609.6	464617.2	736923.75	682238.6
"sp|Q04458|HFD1_YEAST"	"YEAST"	906952.6	2107629.2	1141875.6	1277348.4	971919.56	1062446.2	1221229.8	1146320.6	1319182.4	0	0	0	733975.3	0	0	0	0	0
"sp|Q04491|SEC13_YEAST"	"YEAST"	5224327	4418571.5	6567111	1315970.4	4323700.5	6427892	2818246.2	6004971	4519275	1396726.1	1252255.8	358871.34	325282.16	1315285.5	792557.44	1112847.1	366017.72	1063509.5
"sp|Q04493|PFD5_YEAST"	"YEAST"	0	0	0	0	0	0	0	0	0	0	0	0	0	0	0	0	0	0
"sp|Q04636|POB3_YEAST"	"YEAST"	182189.7	0	1619206.6	1051177.4	0	1363577.2	0	893749.94	1262075.1	0	0	0	0	0	0	0	0	0
"sp|Q04660|ERB1_YEAST"	"YEAST"	0	0	462169.94	0	0	0	0	0	0	0	0	0	0	0	0	0	0	0
"sp|Q04697|GSF2_YEAST"	"YEAST"	2788353	1950107.8	4519213.5	2802744.2	5510770	2843106	3999889.2	4868751	3850379.5	931569.1	2584479.5	1064227.8	1368255.9	1933953	1015376	1802226.6	2693593.8	2617493.5
"sp|Q04773|YMW4_YEAST"	"YEAST"	0	0	0	0	0	0	0	250757.89	0	0	0	0	0	195277.31	110864.055	0	0	0
"sp|Q04792|DCE_YEAST"	"YEAST"	1322803	1108491.2	1520098.5	1113161.4	1543390.8	1249464.4	794012.06	1238347.8	1205194.5	461108.88	0	131947.7	438157.56	223434.92	607199.1	0	401396.84	0
"sp|Q04869|YM94_YEAST"	"YEAST"	3225794	6510451	6293623.5	5376953	6422447	5530468.5	6277054.5	6486636.5	6109715.5	2464343.5	2772792.8	2921828.8	635556.8	2085764.2	2145194	1421542.9	1724015.9	1312278
"sp|Q04894|ADH6_YEAST"	"YEAST"	6399847.5	6737156	6794645.5	6748530	6341539.5	7677400	7539314.5	7549607.5	6571910	1621347.6	1392390	2559199	1633892.9	2699787.5	3011832.8	2682618	1526835.4	1418673.8
"sp|Q04934|IVY1_YEAST"	"YEAST"	0	0	0	0	0	0	0	0	0	0	0	0	0	0	0	0	0	0
"sp|Q04947|RTN1_YEAST"	"YEAST"	13504800	13294262	13452770	14007489	13044713	12215880	12376320	11786716	13023182	6254293	4164780	6374895	6684102	6551498	5862109	4432619.5	6521692.5	6037430.5
"sp|Q04969|SPC2_YEAST"	"YEAST"	21907418	0	5975289	20538886	1447142.5	473582.28	0	0	0	280057.56	28768460	1135815.1	0	19275494	0	0	0	0
"sp|Q05016|YM71_YEAST"	"YEAST"	7862870.5	7449447	8845349	9003230	6877863	7866885.5	8669459	6760559	8387899	3743545	2721357.2	4288027	6000718	3168273	5586992	5047580.5	4908421.5	4567503.5
"sp|Q05022|RRP5_YEAST"	"YEAST"	356290.88	2642604.5	2536488.5	626506.8	3163336	837324.8	1026932.1	1155842	2716814.5	1219351.2	1498568.9	495206.03	611829.3	1789940	0	0	0	851026.56
"sp|Q05029|BCH1_YEAST"	"YEAST"	289562.72	222025.06	265282.25	277005.1	273216.97	261375.53	219920.16	197637.17	282235	148967.53	156979.94	143410.42	0	135185.89	137268.62	0	121748.72	142394.84
"sp|Q05050|EIS1_YEAST"	"YEAST"	8295061.5	5671424.5	1874908.8	7496424.5	5062491.5	7156529	7485838.5	7456166.5	7640762	387998.97	0	0	2587816.5	0	0	3727792.5	3148556	378869.12
"sp|Q05123|ARP9_YEAST"	"YEAST"	0	0	0	800554.3	871610.25	0	478292.2	0	0	0	0	0	0	0	0	0	0	0
"sp|Q05359|ERP1_YEAST"	"YEAST"	1383510.2	1413107.2	1513619.1	1493095.5	1394493	1436566.2	765903.7	1482885.6	1561125	0	0	0	0	0	0	0	0	0
"sp|Q05471|SWR1_YEAST"	"YEAST"	0	0	0	0	0	0	0	0	0	0	0	0	0	0	0	0	0	0
"sp|Q05506|SYRC_YEAST"	"YEAST"	16361601	15040443	14888608	15203652	16241208	13538978	16321491	14713201	15386957	5854009	5656408	6413830	5524591	6462380	5598413	6800496.5	5629154.5	5956785
"sp|Q05515|SVF1_YEAST"	"YEAST"	1795285.1	2023991.6	2531581	2152331.5	4117811.2	1982926.4	1609092.5	2924299.5	2377232.8	849795.25	114296.76	970337.9	1025140.3	0	1050962.1	0	0	1097966.8
"sp|Q05567|SGPL_YEAST"	"YEAST"	0	0	0	0	0	0	0	0	0	0	0	0	0	0	0	0	0	0
"sp|Q05584|GLO2_YEAST"	"YEAST"	0	437554.06	333274.62	0	0	0	82387.85	0	80884.36	0	0	0	0	0	0	0	0	0
"sp|Q05775|EIF3J_YEAST"	"YEAST"	3766296.5	4708813.5	3359656.8	3624549	3375766	3776309	3459805.5	3405560	3678536.8	2305774.2	2202153	1691372.4	1961430	1546844.5	1536756.8	2025692	1717535.9	1431772.1
"sp|Q05785|ENT2_YEAST"	"YEAST"	0	0	0	0	0	79942.445	122161.664	0	0	0	0	0	0	0	0	0	0	0
"sp|Q05788|PNPH_YEAST"	"YEAST"	312297.47	248895.25	348759.53	265441.78	269638.47	0	0	0	275717.6	0	0	0	0	0	0	0	0	0
"sp|Q05905|HRI1_YEAST"	"YEAST"	4384378	3523405.8	3945079.8	1867020.5	3251860.8	4185058.2	5141949.5	1872611.1	4205162	1688072	1574879.9	1583576.1	1248348	1704071.8	1679861.5	1446255.9	1433400.8	1753030.5
"sp|Q05911|PUR8_YEAST"	"YEAST"	35143060	28078332	30398510	31272868	25612556	24925562	26816768	26879400	28454374	12700346	13550381	14686338	16414787	18582036	14497839	14623821	15766140	12129513
"sp|Q05933|ARPC3_YEAST"	"YEAST"	1084884	3379079.8	1440167.4	2640960	1961987.8	1071032.9	1116689.4	2770424.5	2511811.5	0	281158.25	342870.62	282444.72	178133.33	324587	272814.12	0	346746.9
"sp|Q06010|STE23_YEAST"	"YEAST"	2938270	2629278.5	2966201.8	79284.266	3420613.5	3433823.2	2753794	3457495.5	2941286.5	0	0	0	0	0	0	0	0	0
"sp|Q06089|YP098_YEAST"	"YEAST"	447718.2	272626.5	0	1128425.1	0	458512.97	520112.72	442326.97	352956.22	0	0	0	0	0	0	0	0	0
"sp|Q06103|RPN7_YEAST"	"YEAST"	3390270.5	2475370	3730321.5	3260643.8	2734376.2	3301855	2807218	3630991.5	1771791.1	1658031.2	2040347.9	5705136	1365978.6	1675032.6	4037676.5	5758030	2912964	6500018.5
"sp|Q06142|IMB1_YEAST"	"YEAST"	246927.28	272799.88	258126.47	206831.08	233931.22	209643.31	230839.67	233326.84	199325.08	99300.91	91129.83	0	0	99141.13	0	107357.98	0	98060.51
"sp|Q06143|DIC1_YEAST"	"YEAST"	0	0	444805.03	0	624991.9	0	488671.25	0	0	0	0	0	0	0	0	0	0	0
"sp|Q06146|YL257_YEAST"	"YEAST"	0	0	0	513403.84	0	0	0	0	127535.57	0	0	0	0	0	0	0	0	0
"sp|Q06151|DCPS_YEAST"	"YEAST"	3774433.8	4459811.5	4973296.5	4462003.5	3276495.2	3247092.2	4576958.5	3511674.5	4129394.2	875748.9	549442.2	880969.7	1099475.9	1066802.8	926902.1	656125.6	1134942.6	1015574.25
"sp|Q06169|PEX30_YEAST"	"YEAST"	192833.84	0	0	67301.36	0	226391.6	0	76011.35	0	0	0	188573.11	0	0	0	0	0	0
"sp|Q06177|TMA10_YEAST"	"YEAST"	10533668	10682161	11031087	9677733	9685423	8901752	9316608	8815939	9201052	3332762	5083799.5	2825841.2	4650802.5	3254172	2884284.2	3488681.8	4886954.5	5252574
"sp|Q06205|FKBP4_YEAST"	"YEAST"	2133549	2554015.8	2121934.5	1932428.4	1822326.1	1716147.1	1789204.4	1815033.9	2570608.8	2078821.6	2037845.6	2096029	2592022.8	2043542.2	1751142.2	1612787.2	1990274.1	2350832.8
"sp|Q06217|SMD2_YEAST"	"YEAST"	0	0	0	0	920458.44	920829.6	0	0	897295.25	0	0	0	0	0	0	0	0	0
"sp|Q06252|YL179_YEAST"	"YEAST"	6925917.5	14283369	13396934	6716442	10458575	14488243	12664840	13537715	10426542	2258363.5	8489021	4814718.5	5774803	3650613.8	5687043.5	4222942	7457603	9202922
"sp|Q06287|NEP1_YEAST"	"YEAST"	0	0	0	0	0	0	0	0	0	0	0	0	0	0	0	0	0	0
"sp|Q06344|ESF1_YEAST"	"YEAST"	0	0	0	0	0	0	0	0	0	0	0	0	0	0	0	0	0	0
"sp|Q06385|VPS74_YEAST"	"YEAST"	375620.6	389182.3	339686.78	0	0	310071.34	399953.28	337172.1	0	0	0	0	0	0	0	0	0	0
"sp|Q06406|LSM6_YEAST"	"YEAST"	4341287	533797.06	0	0	4710611	0	4575638	0	0	0	0	0	0	0	3895502	0	0	0
"sp|Q06440|CORO_YEAST"	"YEAST"	1806635.8	1591943.4	616087.3	1105401	1249955.8	1628652.8	1497207.4	1350631.2	1606010	401272.06	29308.562	258347.8	15403.26	24788.457	263755.75	0	231027.58	22435.338
"sp|Q06449|PIN3_YEAST"	"YEAST"	0	0	0	150908.98	0	0	0	0	0	0	0	0	0	0	0	0	0	0
"sp|Q06489|MTNA_YEAST"	"YEAST"	0	0	0	0	0	0	0	0	0	0	0	0	0	0	0	0	0	0
"sp|Q06505|IWS1_YEAST"	"YEAST"	830493.94	0	0	675958.3	646052.56	658304.25	0	733255.5	0	0	0	0	0	0	0	0	466129.03	465803.84
"sp|Q06506|RRP9_YEAST"	"YEAST"	0	0	0	0	0	0	0	0	0	0	0	0	0	0	0	0	0	0
"sp|Q06523|YP148_YEAST"	"YEAST"	0	0	0	53546.918	0	68985.664	0	0	62926.15	2935681.5	0	0	2991243	0	2872529	3110118.5	2753622.2	3220754.5
"sp|Q06625|GDE_YEAST"	"YEAST"	3288333	3638196.2	3226441	3104180.2	3179814.5	3473664.5	3040614.2	3448419.2	3213221	1448456.8	1439263.5	1545180.2	1745771.6	1478992.5	1415940.9	1678841.6	1888712.1	1454040.6
"sp|Q06685|VIP1_YEAST"	"YEAST"	0	0	0	0	0	0	1684014.1	1603347.2	0	0	0	0	0	0	0	0	0	0
"sp|Q06697|CDC73_YEAST"	"YEAST"	0	0	0	0	0	0	0	0	0	0	0	0	0	0	0	0	0	0
"sp|Q06833|NVJ2_YEAST"	"YEAST"	183775.64	0	201274.88	180442.98	0	0	144158.94	0	142735.69	0	0	0	0	0	0	0	0	0
"sp|Q06839|YP097_YEAST"	"YEAST"	0	0	0	0	0	0	0	0	0	0	0	0	0	0	0	0	0	0
"sp|Q07362|PBP4_YEAST"	"YEAST"	0	0	0	0	0	0	0	0	0	0	0	0	0	0	0	0	0	0
"sp|Q07418|PEX19_YEAST"	"YEAST"	227605.16	0	578395.5	717528.44	706692.94	0	0	821451	179843.1	0	493815.44	0	0	519344.66	0	0	0	0
"sp|Q07451|YET3_YEAST"	"YEAST"	3457428.2	2873199	3066927	3144395.2	3386733.8	3024265	2781712.2	3173266.8	3432877.8	1489784.9	1261245	1506821.8	1322882	1216146.8	1267524.1	1771661.5	1353444.5	1412014.2
"sp|Q07478|SUB2_YEAST"	"YEAST"	24492866	27202806	24537460	23776494	26895288	26259848	24126490	25727016	22519420	9787618	9903782	8708296	9089674	10951871	9604324	12854971	8084880	12367112
"sp|Q07505|DLHH_YEAST"	"YEAST"	0	541800.7	255838.48	612695.4	388476.44	0	576764.4	0	617651.3	0	0	332030.22	0	0	300435.66	0	0	386133.44
"sp|Q07540|FRDA_YEAST"	"YEAST"	0	0	0	0	0	0	0	2156981.8	0	0	0	0	0	0	0	0	0	0
"sp|Q07541|EXP1_YEAST"	"YEAST"	0	0	0	0	0	0	0	0	0	0	0	0	0	0	0	0	0	0
"sp|Q07551|KAR_YEAST"	"YEAST"	20063880	19549306	19017150	16987810	17564656	17811530	18290054	18275124	17926234	9517146	8795816	10247029	7893471.5	8105924	9174622	7668167	6904959	9840863
"sp|Q07623|NOP6_YEAST"	"YEAST"	0	0	0	0	0	0	0	0	0	0	0	0	0	0	0	0	0	0
"sp|Q07653|HBT1_YEAST"	"YEAST"	0	0	124013.05	215057.55	0	0	129874.14	0	640697	0	0	351766.2	0	433454	0	504275.2	0	0
"sp|Q07716|AIM6_YEAST"	"YEAST"	306542.22	314035.78	295206.03	289030.12	263720.5	266512.47	284056.38	284428.3	274322.6	0	124110.72	124271.41	135696	124327.75	139911.47	0	132298.86	128858.625
"sp|Q07807|PUF3_YEAST"	"YEAST"	2468949	1941753	1409600.1	2179044	1811633.5	1896866.9	579957.3	1328004.5	1949261.2	0	330721.3	559348.3	0	13271.664	0	1195951.5	1218323.4	0
"sp|Q07825|FRA1_YEAST"	"YEAST"	2131494.2	919426.44	1596034.9	1603288	940714.06	1810830.5	874436.06	892303.06	1119346.1	0	723980.8	595034.7	621968.2	569307.94	496368.84	599589.6	1352730.9	534234.7
"sp|Q07878|VPS13_YEAST"	"YEAST"	1706133.2	0	0	0	0	867258.06	663518.1	867317	907887.6	737554	557172.1	704107.9	663257	761706.06	843712.25	740666.4	711328.75	729708.9
"sp|Q07951|POC3_YEAST"	"YEAST"	12807.075	0	0	0	0	0	0	0	0	0	0	0	0	0	0	0	0	0
"sp|Q08179|MDM38_YEAST"	"YEAST"	63403.902	0	0	0	0	0	0	64962.91	0	0	0	0	0	0	135319.97	0	0	0
"sp|Q08193|GAS5_YEAST"	"YEAST"	8725350	8086987	1543409.2	8323264	7579043	7769803	7700264.5	8296751	8381634	4901866	4486517.5	3568267.5	4264557.5	5335319	4446826.5	4862872	5370660.5	4401439
"sp|Q08225|DPP3_YEAST"	"YEAST"	0	0	0	0	0	0	0	0	0	0	0	41228.082	0	0	0	0	0	0
"sp|Q08245|ZEO1_YEAST"	"YEAST"	27449742	25203756	25354692	23202156	25223648	24879570	24904472	24745718	26919436	12049629	12036265	12146118	12233418	13190065	12293646	12541691	12362679	12304211
"sp|Q08412|CUE5_YEAST"	"YEAST"	235073.67	245642.97	275079.16	182853.23	289137.03	239559.55	0	0	184988.19	0	0	0	0	0	141519.56	0	0	0
"sp|Q08421|ETT1_YEAST"	"YEAST"	456198.25	426076.94	441135.34	270583.25	0	294505.4	39476.45	41211.566	393757.94	0	34454.824	23855.062	160859.31	36551.9	161555.94	185485.22	120223.95	0
"sp|Q08446|SGT1_YEAST"	"YEAST"	328307.12	450124.97	434552.94	364367.22	267964.62	370874.3	464950.56	506927.78	458032.47	324560.78	425649.16	374056.47	463657.47	368959.66	380063.9	312891.16	405701.03	360267.94
"sp|Q08601|MCA1_YEAST"	"YEAST"	156262.5	153099.88	0	177204.22	0	0	153456.6	0	0	0	0	0	0	0	0	0	0	0
"sp|Q08641|AB140_YEAST"	"YEAST"	0	0	0	0	0	0	57121.195	0	0	0	0	0	27424.752	0	0	0	0	0
"sp|Q08647|PUS7_YEAST"	"YEAST"	0	0	0	0	0	0	0	0	0	0	0	0	0	0	0	0	0	0
"sp|Q08686|THTR_YEAST"	"YEAST"	416045.78	935288	653466	340752.6	861268.5	201695.19	992831	997873.25	312036.8	0	0	175339.7	0	0	0	126926.98	0	0
"sp|Q08723|RPN8_YEAST"	"YEAST"	2347803	0	0	3245126	0	3071374	512742.56	493163.78	2359207.2	305699.78	0	0	0	0	0	0	0	0
"sp|Q08742|RDL2_YEAST"	"YEAST"	1353119.1	1205881.9	1304907.1	1618019.1	1552351.2	1639830.8	1418428.4	1223452.2	1462191.8	1382303.8	1679594.2	1372381.8	1516778.2	1614367.4	1588005	1263986.1	1398531.2	1472037.5
"sp|Q08746|RRS1_YEAST"	"YEAST"	0	0	0	0	0	0	0	0	0	0	0	0	0	0	0	0	0	0
"sp|Q08822|ETFD_YEAST"	"YEAST"	0	0	0	0	0	0	0	0	0	0	0	0	0	0	0	0	0	0
"sp|Q08826|SNX3_YEAST"	"YEAST"	0	0	0	0	0	0	0	0	0	0	0	0	0	0	0	0	0	0
"sp|Q08920|NCBP2_YEAST"	"YEAST"	0	0	141389.1	0	0	0	0	0	0	0	0	0	0	0	0	0	0	0
"sp|Q08951|AP3D_YEAST"	"YEAST"	0	0	0	0	10778686	0	10619392	10969402	0	11127171	10872491	10943167	11197782	10727602	11536503	11135461	10940410	10980186
"sp|Q08954|YP199_YEAST"	"YEAST"	0	0	0	0	0	0	0	0	0	0	0	0	0	0	0	0	0	0
"sp|Q08959|PGC1_YEAST"	"YEAST"	0	0	0	0	0	0	0	0	0	0	0	0	0	0	0	0	0	0
"sp|Q08961|RKM1_YEAST"	"YEAST"	0	0	0	0	0	0	0	0	0	0	0	0	0	0	76285.805	0	0	0
"sp|Q08962|NIP7_YEAST"	"YEAST"	0	1340552.6	0	1227523.6	1763868.5	0	0	0	1270898.6	0	1552979.9	1435169.4	0	1381259.6	0	0	1346999.8	0
"sp|Q08971|YP225_YEAST"	"YEAST"	8346365.5	9124714	8975856	7225801.5	7285753.5	8670501	7265684	7031416	8414169	3793963	3789793.5	3422649	3588131	4677892.5	3742232	3172620.5	3470119.2	4056017.8
"sp|Q08972|NEW1_YEAST"	"YEAST"	14766982	11372379	8658700	10280790	8472748	8632147	9054146	7693667	11303723	5631475	645793.25	1966993.5	5023179	1796559.1	2261030	1885221.2	1764310.2	775469.4
"sp|Q08977|CUB1_YEAST"	"YEAST"	166963.48	2123063.2	1031106.44	2093798	1434417.2	1329359	1107131	1007654.44	1075090.2	0	993183	0	0	826023.75	879705.3	714132.6	308343.88	730059.8
"sp|Q08985|SAM4_YEAST"	"YEAST"	2973918	683404.2	3034862.5	4058403	4010416.5	3351956.2	2623847.5	2489384.5	4135240	267136.62	281358.56	1148152.2	0	0	1338184.8	0	1210393.5	1129662
"sp|Q12008|PMG2_YEAST"	"YEAST"	1158810.5	955796.2	1214882	898668.06	1067160.8	0	1041654.75	874511.25	943503.7	0	400855.03	0	469001.78	395490.16	0	332985.5	0	0
"sp|Q12017|PLP2_YEAST"	"YEAST"	0	1085572.9	1510616.9	0	0	0	1287819.2	0	0	1072632.8	0	0	0	0	0	0	0	0
"sp|Q12018|CDC53_YEAST"	"YEAST"	0	0	2736940.8	598777.1	0	604865.75	2377080	618186.6	2754474.5	0	0	0	0	0	0	0	0	0
"sp|Q12019|MDN1_YEAST"	"YEAST"	0	0	0	0	0	0	0	0	0	0	0	0	110980.84	0	0	0	0	0
"sp|Q12024|YTM1_YEAST"	"YEAST"	0	0	0	0	577540.5	0	0	0	0	0	0	0	0	0	0	0	0	0
"sp|Q12025|EMC10_YEAST"	"YEAST"	32987.66	30012.76	40760.125	0	26784.11	19003.219	32673.607	15451.46	31697.4	0	0	0	0	0	0	0	0	0
"sp|Q12032|AIM41_YEAST"	"YEAST"	837682.94	606033.9	1214114.1	1137579	777779.9	722521.2	555835.9	981066.75	1363218	424617	0	515660.84	0	555431.25	555539.1	669039.6	0	608117
"sp|Q12055|KAD6_YEAST"	"YEAST"	208559.94	204796.55	335477.25	321200.38	199705.47	173679.44	189549.19	185351.73	192640.83	0	0	102162.016	77004.8	77249.39	0	0	89067.31	0
"sp|Q12068|GRE2_YEAST"	"YEAST"	1832597	4680048	1457101.2	4512715	4305308	1356376.4	3539028.2	4854682	3598623	743387.25	1850274.8	573330	449415.6	2557247.5	1888928.1	2134270.8	2232849.8	1953706.9
"sp|Q12074|SPEE_YEAST"	"YEAST"	10755900	10079191	11027438	7679172	9575071	10418547	9363819	9437790	9725214	4897052	5260167.5	4233998	5030694.5	3900122.8	3464989.5	3682605.8	4883280	4278623
"sp|Q12109|SYWC_YEAST"	"YEAST"	1456004.2	1764328.2	1467516.2	1551833.4	1532043.1	1375849.2	1483299.6	921716.56	1166224.4	201053.12	250965.45	187683.73	233685.86	0	404988.22	234526.86	185807.47	231869.34
"sp|Q12114|CHS5_YEAST"	"YEAST"	0	42127.086	0	0	0	0	0	0	0	0	0	0	0	0	0	0	0	0
"sp|Q12117|MRH1_YEAST"	"YEAST"	9220131	11414107	16826208	10935340	11271712	11299186	10852624	10628598	11060462	5167864.5	5363761	5358442.5	5701100	7314831	6941120.5	7011973	6766003	6518058.5
"sp|Q12118|SGT2_YEAST"	"YEAST"	24280944	23745068	24300674	20942104	23124988	22896560	22279706	22513138	23476074	9783610	9512524	9534066	9014157	10218180	9165678	10123377	9765176	9994860
"sp|Q12122|HOSM_YEAST"	"YEAST"	16413314	15814775	17659204	14139850	10528927	14089445	13022341	16387180	11763421	6709924.5	4751135.5	4820496	3676280.2	2473465.2	5353791	4672580	4440683	6250464
"sp|Q12123|DCS2_YEAST"	"YEAST"	2869855.2	2744503.5	2803223.8	2811402	3080271	2366594	2794817	2269689.8	2530478.5	1630920.2	0	0	1707609.5	1704814.5	0	1782023.4	0	1510426.1
"sp|Q12125|GET4_YEAST"	"YEAST"	456650.7	0	489064.1	974403.75	463232.8	0	599449	0	0	0	720936.1	0	0	0	0	0	0	0
"sp|Q12152|YP150_YEAST"	"YEAST"	0	0	0	0	0	0	0	1867868.5	2125211.2	0	0	0	0	957361.94	0	0	0	1171653.9
"sp|Q12154|GET3_YEAST"	"YEAST"	17076062	16006894	16158679	16300136	15386817	16637530	16208697	17894092	14273028	4887421	3359749.8	2800606	2089887.2	3511936.5	4287235.5	2277464.5	3530728	3852382
"sp|Q12156|AIM7_YEAST"	"YEAST"	0	0	0	0	0	0	0	0	0	0	0	0	0	0	0	0	0	0
"sp|Q12159|YRA1_YEAST"	"YEAST"	8462404	10073149	9824104	10032843	10069653	8797030	9966184	9736024	9709609	5532784	4803594.5	4923811	4892141	4638702.5	4131694	4624811	4497559.5	5006410.5
"sp|Q12160|YP063_YEAST"	"YEAST"	0	0	0	0	0	0	0	0	0	0	0	0	0	0	0	0	0	0
"sp|Q12164|POM33_YEAST"	"YEAST"	844425.75	1049438.4	423352.6	412866.47	1023775.9	595963	968721.06	877284.6	500586.3	0	0	0	0	0	0	0	0	0
"sp|Q12165|ATPD_YEAST"	"YEAST"	0	0	0	352731.75	0	314252.25	0	0	0	0	0	0	0	0	0	0	0	0
"sp|Q12178|FCY1_YEAST"	"YEAST"	2034765.9	2276432.8	1895957	1627393.2	1810999.5	2075580.5	1885636.2	1708038.5	1703540.5	583261	505649.72	951465.4	916585.5	654573.1	557110.2	0	833128.1	418779.6
"sp|Q12189|RPIA_YEAST"	"YEAST"	0	1116156.4	0	0	0	0	266339.84	0	422793.72	0	0	0	0	0	0	0	0	0
"sp|Q12191|BUG1_YEAST"	"YEAST"	0	0	0	0	0	58710.492	32839.625	130903.43	0	0	0	0	0	0	0	0	0	0
"sp|Q12200|NPC1_YEAST"	"YEAST"	7495124	0	6565425.5	5971971	6554437	10320153	15656311	7275307	6419991	0	0	0	0	0	0	0	0	0
"sp|Q12207|NCE2_YEAST"	"YEAST"	4512877.5	4140842.8	4486345	3963043	4737985.5	4089349	4085760.2	3882015.8	3671112.2	3082134.5	2770491.2	3057047	0	39688.113	0	2115520	63139.324	3319533.5
"sp|Q12211|PUS1_YEAST"	"YEAST"	0	0	0	0	0	0	0	0	0	0	0	0	0	0	0	0	0	0
"sp|Q12213|RL7B_YEAST"	"YEAST"	1707610.2	1880375.6	1477162.6	2048479.1	2346091	1894029.9	0	1728020.8	1739131.2	1317305.2	819983.9	1226972.9	1404796.4	1001189.6	1181647	749593.06	1226271	1123207.2
"sp|Q12230|LSP1_YEAST"	"YEAST"	25102374	23722562	24719108	24160030	23227766	24197020	22622618	23551810	23829386	12039039	11973446	11863632	11425103	11983077	11145330	11943726	11759156	12506884
"sp|Q12250|RPN5_YEAST"	"YEAST"	2426496.5	901402.94	2395081.2	2645656	872794.25	3865284.5	1427542.9	1523306.9	2666964.5	673848.9	399939.75	248256.27	138293.95	644513.4	621785.6	597975.75	651328	407634.78
"sp|Q12285|MDY2_YEAST"	"YEAST"	1059780.1	0	391882.84	479132.22	386439.9	810568.75	343990.25	0	874474.25	0	0	0	0	0	0	0	0	0
"sp|Q12287|COX17_YEAST"	"YEAST"	588243.06	703769.94	631057.25	563467.4	547899.9	562319.1	596754.5	608479.06	573995.25	0	0	0	0	0	0	0	0	0
"sp|Q12292|ATG34_YEAST"	"YEAST"	818842	776934.5	0	690844.4	0	0	0	0	484412	430755.1	454754.8	0	0	0	437766.72	536898.9	0	0
"sp|Q12305|RDL1_YEAST"	"YEAST"	6185449	6461649.5	6693472.5	6226736	6649481	6315128	6604865.5	5931223	6220075.5	2890707	2909148.2	3457906	3157988.5	2967747.5	3314815.5	2646270.8	2759340.8	3083157.2
"sp|Q12306|SMT3_YEAST"	"YEAST"	6607270	4901827.5	6189277	4564150	5438816	5064048.5	5650240.5	5809002	5702350.5	3031343.5	2701976	3362882.2	2701975	2932055.5	3408195.2	3013332.8	3387341.5	3398577.5
"sp|Q12314|SFM1_YEAST"	"YEAST"	0	0	0	0	0	0	0	0	0	0	0	0	0	0	0	0	0	0
"sp|Q12329|HSP42_YEAST"	"YEAST"	682422.2	976598.94	534357.25	399704.3	445854.3	428241.66	25890.191	17552.598	353623.06	45667.83	13545.237	0	0	15689.933	18542.303	0	29968.377	12210.514
"sp|Q12335|PST2_YEAST"	"YEAST"	34243028	23553918	33716700	32756444	22358916	35061440	31356544	31750734	32548346	11107501	11985669	12133313	12139027	12135235	11525719	12625759	12249228	11988897
"sp|Q12349|ATP14_YEAST"	"YEAST"	0	0	0	0	0	0	0	0	0	0	0	0	0	0	0	0	0	0
"sp|Q12354|APTH1_YEAST"	"YEAST"	318366.5	1149676.6	1070218.5	1011063.1	1430233.8	1010220.56	475418	1123247.5	538180.4	855027.75	767667.7	771455.1	874089.75	911853.1	822190.75	796010.94	942541.6	806325.1
"sp|Q12363|WTM1_YEAST"	"YEAST"	31466670	31571740	30294764	31253938	30339360	29715076	31168916	30950600	30762966	13899351	14598863	12868067	13417248	14570447	12908654	13906984	12541799	14264960
"sp|Q12377|RPN6_YEAST"	"YEAST"	1776942.2	3480273	3352915.2	2546166.5	4957325	2564362.2	2968649.5	4509961	2716106.8	0	1601356.2	1029147.1	2761760.2	3033127	1339296.4	2584226.2	2291467.8	615141.1
"sp|Q12402|YOP1_YEAST"	"YEAST"	2975399	3399337.5	2345310	2933107.2	2834254.5	3321193.8	3199943.8	4661437.5	3889587	1534108.4	1532066.1	1410874.2	1226582.9	1005895.5	1686471.5	1650682.2	1627072.9	1604630.2
"sp|Q12434|GDIR_YEAST"	"YEAST"	935880.06	1417733.6	904003.25	843387.9	1478593.5	1134128.8	846602.2	1130268.5	821267.5	584681.1	472815.94	420371.1	528422.56	464553.25	402321.7	521229.06	0	463316.75
"sp|Q12443|RTN2_YEAST"	"YEAST"	4046851.8	4601761.5	3747851	3086621	2743580	2352815.8	3983481.2	3456061	3174859.5	629429.3	242358.38	0	769500.75	550947.1	89023.734	0	246745	89892.65
"sp|Q12447|PAA1_YEAST"	"YEAST"	5852321	6410701.5	6010235	6074728.5	7098188.5	5409658.5	6321598.5	5960052.5	6303387	2599907.8	2455266.2	2730471.5	2592579.8	2895207	2465235	1900068	3150100.8	2509068
"sp|Q12449|AHA1_YEAST"	"YEAST"	3716735.5	3591113.5	4364725.5	4098968	3548828.5	3892610.2	2966887.8	4540744.5	4029447.5	257459.62	358270.34	836915	566688.8	794056.9	282640.44	833327.25	439827.94	386600.12
"sp|Q12452|ERG27_YEAST"	"YEAST"	0	199755.11	1203047.4	0	0	211257.72	983674.2	0	0	0	0	0	0	0	0	0	0	0
"sp|Q12458|YPR1_YEAST"	"YEAST"	8906803	7367105.5	6741215.5	7790591.5	5781387.5	7831658	6075713.5	6667602	5061665	1688420.8	1890289	1544898.1	1533563.5	1757369.8	2113042.2	4065296.5	2121678.8	1781108.2
"sp|Q12460|NOP56_YEAST"	"YEAST"	11369100	14092623	12839932	11519377	10598424	12782808	11137447	11840472	12141472	3277320.2	3829126.5	3390424.5	4171500	3623011.8	3093922.5	3789130.8	4543787.5	4306896.5
"sp|Q12461|PTPA2_YEAST"	"YEAST"	0	0	0	0	0	0	229774.33	0	0	0	0	0	0	0	0	0	0	0
"sp|Q12466|TCB1_YEAST"	"YEAST"	1125912.4	654820.1	859221.25	0	460674.72	1199441.8	503786.28	591766.4	464643.97	0	0	188014.48	0	0	0	570544.1	0	259544.44
"sp|Q12480|ETFA_YEAST"	"YEAST"	545773.75	740312.2	651882.6	662427.4	711679.1	649584.9	0	602029.94	161334.67	0	0	0	0	0	0	0	0	282962.3
"sp|Q12496|YO098_YEAST"	"YEAST"	0	236493.03	0	0	0	0	0	0	0	0	0	0	0	0	0	0	0	0
"sp|Q12497|FMP16_YEAST"	"YEAST"	610459.4	520252.62	365924.84	571605	471892.97	0	536365.9	435357.25	581321.9	0	0	0	0	0	0	0	0	334865.03
"sp|Q12499|NOP58_YEAST"	"YEAST"	11308733	11479805	12244766	6156942.5	7443577.5	12090696	12745192	11558638	7872885	1612866.8	1968008.5	1228503.2	3325508.2	3671580.8	2582316.8	2825217	1343339.8	1446813.5
"sp|Q12513|TMA17_YEAST"	"YEAST"	4907215.5	4644728	4146974	4500892.5	3713390	4928893.5	4491460	3621101	4569836.5	1230507.2	1139401.4	1207878	947435.9	971641.9	1039592.56	844213.94	949863.2	984146.94
"sp|Q12514|NOT5_YEAST"	"YEAST"	0	0	0	0	0	0	0	0	0	0	0	0	0	0	0	0	0	0
"sp|Q12515|PAR32_YEAST"	"YEAST"	0	0	0	0	40636.035	36197.297	0	0	0	0	0	0	0	0	0	0	0	0
"sp|Q12522|IF6_YEAST"	"YEAST"	5903692	2376995.5	2399413.2	2208301.2	6456230	1871638.5	1628437	1585862.5	6516257.5	1029620.44	0	0	591443.25	0	0	1020740	797587.25	0
"sp|Q12532|RQC2_YEAST"	"YEAST"	0	0	0	0	0	0	0	0	39777.508	0	0	0	0	0	0	0	0	0
"sp|Q12672|RL21B_YEAST"	"YEAST"	45669676	41994950	43599784	41690544	42514336	42219930	41817770	41796000	43513532	21540714	21735688	22444016	20770114	21548112	21802960	21670486	22046866	22045498
"sp|Q12680|GLT1_YEAST"	"YEAST"	636987.94	819904.9	715053.3	514755.62	318824.03	637693.1	0	0	657610.06	0	0	0	0	0	0	0	0	0
"sp|Q12692|H2AZ_YEAST"	"YEAST"	456290.47	179552.86	0	0	0	0	275408.62	0	0	0	0	0	0	0	0	0	0	0
"sp|Q12743|DFM1_YEAST"	"YEAST"	0	0	0	51393.51	0	0	0	0	0	0	0	0	0	0	0	0	0	0
"sp|Q12746|PGA3_YEAST"	"YEAST"	1913281.8	1536444.2	1568700.8	1775050.5	1661017.5	1058506.2	1739466	1526112.5	1433770.2	0	0	641406.3	0	0	0	0	475212.2	1384275.8
"sp|Q12754|RRP12_YEAST"	"YEAST"	151087.89	127568.65	0	0	0	0	0	0	0	0	0	0	0	0	0	0	0	0
"sp|Q3E752|SPO24_YEAST"	"YEAST"	0	0	0	0	0	0	0	0	0	0	0	0	0	0	0	0	0	0
"sp|Q3E764|TMA7_YEAST"	"YEAST"	3073487.2	2984143.5	2823730.8	2346174	2690434	3131023.5	2566815	3230671	2806006	1633510	1913005.1	1021090.94	1596708.6	1606832.2	1375316.1	1934809	167445.83	2002458.9
"sp|Q3E7B6|VA0E_YEAST"	"YEAST"	1328966.4	671075.44	0	1050648.4	698623.56	0	2096678.9	786098.94	675648.44	262078.4	493361.28	0	508434.75	492671.7	620393.3	0	0	527560.44
"sp|Q3E824|YO020_YEAST"	"YEAST"	0	0	0	0	0	0	0	0	0	0	0	0	0	0	0	0	0	0
"sp|Q3E841|YN034_YEAST"	"YEAST"	14520048	13047285	14246710	12291354	12340542	12605183	7959549	12702800	13057581	3572780.2	4471599	3941983.2	4998914	3857893.5	4363467.5	4220581	4480740.5	4818821.5
"sp|Q6Q547|NOP10_YEAST"	"YEAST"	0	0	0	0	0	0	0	0	0	0	0	0	0	0	0	0	644729.4	0
"sp|Q86ZR7|YKD3A_YEAST"	"YEAST"	693184.44	717893.94	2299162.8	0	626023.5	583837.7	672419.06	636442.3	712148.4	291677.84	379923.4	0	0	0	0	0	401714.44	429300.84
"sp|Q8TGS9|YM001_YEAST"	"YEAST"	0	2765549	0	0	0	0	0	0	0	0	0	0	0	0	3062477	0	0	0
"sp|Q92317|NCB2_YEAST"	"YEAST"	1774550.9	1367514.5	1515161	1912019.6	2027049.9	1605530.8	1609220.6	1465943.2	1551787.6	1073864.8	0	1326967.4	1404269	1058411.6	1620343.8	1881642.6	0	1404518
"sp|Q96VH5|MIC10_YEAST"	"YEAST"	0	0	185269.97	0	0	0	0	0	0	0	0	0	0	0	0	0	0	0
"sp|Q99190|TECR_YEAST"	"YEAST"	0	0	0	0	0	0	0	0	0	0	0	0	0	0	0	0	0	0
"sp|Q99258|RIB3_YEAST"	"YEAST"	2249292.8	1249664.6	1650685.4	1127541.2	1554424.4	1248579.8	748873.8	1173455.2	1274276.9	356877.44	239072.31	357976.06	238729.48	260082.64	419202.56	309570.56	267194.22	318215.34
"sp|Q99260|YPT6_YEAST"	"YEAST"	0	0	117801.61	109922.31	4695748	139211.45	5022014	0	0	4660950	4789599	0	4597899	0	0	0	4682682.5	0
"sp|Q99287|SEY1_YEAST"	"YEAST"	1807932.1	1572091.4	289946.53	1433147.8	1919069.5	1430474.6	834015	1229064	1244036.9	0	0	363942.53	0	0	0	1419154.8	0	0
"sp|Q99288|DET1_YEAST"	"YEAST"	0	0	0	0	533997.56	0	0	0	0	0	0	0	0	0	0	0	0	0
"sp|Q99383|HRP1_YEAST"	"YEAST"	1731808.8	1012151.5	1251325	1156441.5	1045374.5	3569018.5	2199034.2	1082822.8	2754268	2352717.8	1334246.8	2649196	2250177.5	2562521.8	2310505.5	2541867.5	2669864.5	2577173.2
"sp|Q9P305|IGO2_YEAST"	"YEAST"	0	0	0	0	0	0	0	0	0	0	0	0	0	0	0	0	0	0
"sp|P00350|6PGD_ECOLI"	"ECOLI"	549887.8	231686.97	906632.1	0	620172.56	517159.6	307510.84	0	583609.94	17281150	15937632	16511501	16023794	15185631	15206486	15788324	15887705	14927925
"sp|P00448|SODM_ECOLI"	"ECOLI"	4854566.5	4148582.2	6300770.5	2532117.2	2373432.2	5044520	2698773.5	4630745.5	3489285.8	19078828	19110618	21338420	17621880	19975914	17066962	20719446	18095572	17428254
"sp|P00509|AAT_ECOLI"	"ECOLI"	0	303371.22	0	0	0	566763.75	0	0	0	4510392	5152657	3735266.2	4634058	3278293.5	3094081	3377521.2	5515889.5	4610881.5
"sp|P00722|BGAL_ECOLI"	"ECOLI"	0	1878276.8	1603337	1712627.5	1788421	2030968.9	1801954.4	1705493.5	1664622.2	2869693.2	2214019.8	2537431.5	2130350.5	2215265	1971717.4	2184748.2	0	2045391.2
"sp|P00864|CAPP_ECOLI"	"ECOLI"	0	0	0	0	0	0	0	0	0	0	185429.8	158350.9	170008.56	0	0	0	0	177551.83
"sp|P00956|SYI_ECOLI"	"ECOLI"	0	0	0	0	0	0	0	0	0	0	0	50882.984	0	0	0	0	0	85256
"sp|P00957|SYA_ECOLI"	"ECOLI"	0	0	0	0	0	0	0	0	0	972951.8	950363.7	807538.2	586080.8	0	193682.78	588483.56	892770.94	517907.16
"sp|P00959|SYM_ECOLI"	"ECOLI"	0	0	0	0	0	0	0	0	0	0	0	169794.52	0	0	0	171401.7	0	0
"sp|P00961|SYGB_ECOLI"	"ECOLI"	0	0	0	0	0	0	0	0	0	300409.8	270718.38	199259.52	325911.38	0	290841.8	317549.72	268660.06	252889.08
"sp|P00962|SYQ_ECOLI"	"ECOLI"	0	0	0	0	0	0	0	0	0	0	0	0	0	0	0	0	110359.25	0
"sp|P02358|RS6_ECOLI"	"ECOLI"	833450.94	488703.2	809404.6	1096924.1	489070.94	1153011.8	1062309	478689.06	554043.06	5052655	3958505.5	3715227.2	3791244.2	4377610	4061995.2	3846827	5172464	4184867.2
"sp|P02359|RS7_ECOLI"	"ECOLI"	1789354.5	610701.5	606564.5	195770.67	712304.3	1290066.2	825699.8	1597828.5	514506.22	6610130	6523279.5	6501139	6601937.5	8826523	6837332.5	6886585	6489143	7840217.5
"sp|P02413|RL15_ECOLI"	"ECOLI"	371111.03	378293.12	767559.75	353690.53	855105.56	325792.47	667364.4	774273.56	335290.34	3361040.8	3253477.5	4122903.2	4204351.5	3632132.5	3592822.8	4160675.2	4221181	4374749.5
"sp|P02925|RBSB_ECOLI"	"ECOLI"	46020436	33107434	32352584	30039510	28869080	32078048	30067498	31012264	32409878	146670780	145438340	143926780	150855230	143540540	151104420	151734990	156268850	151788900
"sp|P03817|MIOC_ECOLI"	"ECOLI"	0	0	0	0	0	0	0	0	0	0	0	0	0	0	218107.22	0	0	0
"sp|P03841|MALM_ECOLI"	"ECOLI"	0	943189.6	0	0	0	0	844093.9	0	0	0	466996.53	254281.95	633475.5	684918.25	510202.62	444143.9	289710.4	194634.88
"sp|P04079|GUAA_ECOLI"	"ECOLI"	1562997.4	2042775	0	2404324.5	2011922.1	2502303.8	2959763.5	0	0	2736332	1680228.5	3018737	3353250.5	2382076	954206.44	2555897	919727.6	3288980
"sp|P04825|AMPN_ECOLI"	"ECOLI"	0	0	0	0	0	0	415158.3	0	0	1482312.8	1343610.5	894103.25	1468810.6	240036.36	1130746.2	1319100.1	2273060.2	2150109
"sp|P05042|FUMC_ECOLI"	"ECOLI"	0	0	0	0	0	0	0	0	0	893213.2	1256516.5	997110	2219651.2	1071035.6	2994444.8	1425179.9	1823698	1909241
"sp|P05055|PNP_ECOLI"	"ECOLI"	0	0	0	0	0	0	902253.56	0	0	352598	2422544	2154324	2379889	2677786	938417.44	295058.9	216440.03	2992157.8
"sp|P06610|BTUE_ECOLI"	"ECOLI"	0	0	0	0	0	0	0	0	0	284677.53	0	524493.8	0	243878.62	0	390145.94	0	0
"sp|P06959|ODP2_ECOLI"	"ECOLI"	0	0	0	0	0	0	0	0	0	1498294.6	741769.5	1008007.3	1433136.2	384570.12	1002052.25	799143.4	924000.44	1120500.5
"sp|P07003|POXB_ECOLI"	"ECOLI"	0	0	0	0	0	0	0	0	0	0	0	0	0	0	0	0	0	0
"sp|P07118|SYV_ECOLI"	"ECOLI"	0	0	0	0	0	0	0	0	0	0	0	0	0	0	0	0	0	0
"sp|P07395|SYFB_ECOLI"	"ECOLI"	0	0	0	654151.4	0	607713.6	0	542457.56	876505.56	1074197.5	931364.9	1523481.5	409887.2	889381.4	886362.44	1721666.5	1140306.8	1075955.4
"sp|P07813|SYL_ECOLI"	"ECOLI"	0	0	0	0	0	0	0	0	0	3952771.5	4533034	4606864.5	4276119.5	4819223.5	4045832.2	4847918.5	3533382	4121525.2
"sp|P07913|TDH_ECOLI"	"ECOLI"	0	0	0	0	0	0	0	0	0	572434.5	1015313.94	1261834.1	1774426.6	649098.1	928220	1020116.75	1413233.2	576373.7
"sp|P08200|IDH_ECOLI"	"ECOLI"	7903844	8161536.5	8626038	6861899	4730074.5	8700256	8832530	6909050	4344768	21082402	21739560	21258814	22352298	20762228	21202254	24252606	24268382	22824276
"sp|P08312|SYFA_ECOLI"	"ECOLI"	0	0	0	0	0	0	794798.2	0	0	1741094.1	1251408.2	1689608.2	1776481.8	1354081.6	1853134.4	1574290.8	1280381.5	1783026
"sp|P08395|SPPA_ECOLI"	"ECOLI"	747984.4	724237.25	726714.5	690944.7	714826.3	735998.56	686026.25	726465	721676.3	727806.3	672334.3	775070.4	689519.3	685171.94	721265.44	756466.6	725421.1	748924.2
"sp|P08839|PT1_ECOLI"	"ECOLI"	0	0	0	0	0	0	0	0	0	0	0	0	0	0	0	0	0	0
"sp|P08997|MASY_ECOLI"	"ECOLI"	0	0	0	253956.98	0	0	0	0	0	845396.3	827734.9	1025375.6	794125	533992.9	768914.75	506423.62	407016.72	840899.1
"sp|P09372|GRPE_ECOLI"	"ECOLI"	0	419526.78	411909.06	389903.38	429362.9	0	336599.28	408304.28	448966.6	2121949.2	2029147.1	1433721.5	2457571.5	2107159	2109249.5	2090618.5	2110727.8	1446684.2
"sp|P09373|PFLB_ECOLI"	"ECOLI"	1060503.9	1372458.5	3578825.5	883515.4	2094687.5	542965.5	0	2580211	941274.56	13155999	16252276	17218270	14470732	18095312	18018338	19100772	20411962	11279779
"sp|P09394|GLPQ_ECOLI"	"ECOLI"	0	223517.22	1160510.5	249469.84	258899.31	0	0	779502.56	0	7319367	7063101	7125431	7159194	6935679	7171532	6708418	7348599.5	8278554.5
"sp|P09551|ARGT_ECOLI"	"ECOLI"	388754.72	0	0	0	574707.56	0	0	0	0	6395352.5	6482932.5	6272742	6738047	6046606	5192581	6871347	7284253	6401982
"sp|P0A6A8|ACP_ECOLI"	"ECOLI"	3323959.5	3089096.8	1793076.1	2896608	3125370	3276055	3332111	3117574	1621538.4	14485082	14216930	14812044	13774795	14941106	15189929	14781848	15465283	14908262
"sp|P0A6B7|ISCS_ECOLI"	"ECOLI"	0	0	190571.17	0	0	568140.1	0	0	0	1235453.8	2936527.2	1760068	2269137	2809206.8	3156412.5	3224363	2100056.8	2227840.2
"sp|P0A6F3|GLPK_ECOLI"	"ECOLI"	6172328	5905247.5	9094023	8663510	10134708	5928998.5	8244765	8350113	6675889.5	60050576	55190716	61816324	62642652	60857764	63043584	62903680	59667824	61652436
"sp|P0A6F5|CH60_ECOLI"	"ECOLI"	5460516.5	6455207.5	4885669.5	3964724.5	5118689.5	5285315	5214327	4255481	5281450.5	34844084	32391778	33165596	38848740	35941856	36509680	34372716	34984790	37762664
"sp|P0A6F9|CH10_ECOLI"	"ECOLI"	3528841.8	3290467.5	3428758.5	3424785.8	3356972.5	2551882	3338688.8	3231842.2	3549439.8	10410032	10433456	11010676	10840734	10955940	10889090	10657788	11310060	11507386
"sp|P0A6G7|CLPP_ECOLI"	"ECOLI"	0	0	120127.92	112334.63	0	0	122159.22	0	123565.6	628738.1	539885.8	451769.78	599105.56	457739.22	528282.6	815156.5	693496.44	590782.44
"sp|P0A6K6|DEOB_ECOLI"	"ECOLI"	0	0	0	0	0	0	0	0	0	559788.75	1186319.5	0	475086.8	1357207	642798.6	460213.62	318666.88	730895.1
"sp|P0A6L2|DAPA_ECOLI"	"ECOLI"	0	0	0	0	0	0	0	0	0	0	365646.66	353653.38	0	337081.7	338804.8	0	455571.7	453313.4
"sp|P0A6M8|EFG_ECOLI"	"ECOLI"	4608061	6607860	9525657	9471718	5679701	7248903	5588670.5	5192677.5	4890594	39451036	39214876	37541020	39166390	40492680	38345704	41558720	37080130	41959080
"sp|P0A6N4|EFP_ECOLI"	"ECOLI"	0	0	0	0	0	0	0	0	0	793650.44	934205.06	879276.3	847543.06	810075.5	978877.44	690215.56	771064.6	915258.4
"sp|P0A6N8|EFPL_ECOLI"	"ECOLI"	0	0	0	0	0	0	0	0	0	0	0	0	0	0	0	0	0	0
"sp|P0A6P1|EFTS_ECOLI"	"ECOLI"	3115494	2869320.8	1588047.8	1886463.9	2005971.2	2334547.8	2088507.5	1873215.5	1833898.2	21044198	22520940	23491222	20857218	21861244	22232900	19948208	26845968	21283584
"sp|P0A6P9|ENO_ECOLI"	"ECOLI"	2292102.2	1315179.5	2712251	1205038.4	1090602.6	1981501.8	2116710	2378896	1652124.5	21020068	21397912	22023662	21353172	20979390	23871822	22783170	21089404	19730356
"sp|P0A6Q3|FABA_ECOLI"	"ECOLI"	0	0	0	0	0	0	0	0	0	1747586	1002322.5	1125598.2	1237817.1	1288089.2	2098490	1295062.2	1228956.5	905125.44
"sp|P0A6R0|FABH_ECOLI"	"ECOLI"	0	0	0	0	0	0	0	0	0	381484.47	0	0	0	0	0	0	0	0
"sp|P0A6T1|G6PI_ECOLI"	"ECOLI"	0	0	0	0	0	0	0	0	0	437321.34	141080.1	215384.36	447019	118070.42	0	125617.914	0	0
"sp|P0A6T9|GCSH_ECOLI"	"ECOLI"	468734.4	322527.84	0	391111.84	464223.75	462768.16	296105.53	503534.9	470198.1	1895454.1	1388580.2	1808766.6	1578237.9	1134545.6	2202766.2	1212924.1	1188284	1809273.1
"sp|P0A6W5|GREA_ECOLI"	"ECOLI"	0	0	0	0	0	0	0	0	0	0	0	0	0	0	0	0	0	0
"sp|P0A6X7|IHFA_ECOLI"	"ECOLI"	0	597903.2	294946.9	390244.53	1048411.44	245779.92	838682.06	974156.1	698312	1662083.8	942049.56	1591759.5	1009438.06	972133.8	1863153.2	1845183.9	1649102	1629926.4
"sp|P0A6Y8|DNAK_ECOLI"	"ECOLI"	1084740.4	1264244.2	1318796.8	1075974.8	1503091	963395.5	1407818.2	2248791.8	1093970.5	18724528	15615449	21251978	20886642	21261240	21248666	19097884	25261176	21736276
"sp|P0A6Z3|HTPG_ECOLI"	"ECOLI"	0	0	0	0	0	0	0	0	0	762002.56	1330074.6	369042.38	606156.4	489534.84	735310.7	1180071.2	1027722.75	707353.06
"sp|P0A705|IF2_ECOLI"	"ECOLI"	0	0	0	0	0	0	0	0	0	594908.94	0	491319.06	107052.914	113641.41	576329.6	1038658.2	577889.1	0
"sp|P0A707|IF3_ECOLI"	"ECOLI"	0	0	0	0	0	0	0	0	0	652288.1	566278.06	661844.44	540173.5	671117.7	621141.75	681729.9	527019.4	551396.44
"sp|P0A722|LPXA_ECOLI"	"ECOLI"	0	0	0	0	0	0	0	0	0	0	0	0	0	0	0	0	0	0
"sp|P0A731|MGSA_ECOLI"	"ECOLI"	0	0	0	0	0	0	0	0	0	0	0	0	0	0	0	0	0	0
"sp|P0A763|NDK_ECOLI"	"ECOLI"	1626247.6	1666631	1276377.6	1047334	1374400.6	1711116.5	1593980.8	806485.4	1264367.1	10898282	10138700	10388093	11387691	10573632	11371496	11762220	10940251	11284894
"sp|P0A786|PYRB_ECOLI"	"ECOLI"	0	0	0	0	0	0	0	0	0	450648.7	495027.28	0	301040.53	313254.7	0	602426	0	0
"sp|P0A799|PGK_ECOLI"	"ECOLI"	2010249	271109.1	2004548.2	1641370.1	817643.1	1223449.2	1388986.5	1690729.5	1520415.5	18348268	14720367	16947932	15137980	15512869	18208582	15863943	15868710	17390002
"sp|P0A7A9|IPYR_ECOLI"	"ECOLI"	663676.7	285909.56	0	234899.6	0	0	289571.53	785047.25	278329.44	3196730	3455287	1688563.2	4025089.2	3576982	3873016.2	4656244	3392291	3252570.2
"sp|P0A7D4|PURA_ECOLI"	"ECOLI"	310483.62	0	413127.62	428870.6	0	0	296447.78	203908.48	0	8926308	10362457	10632501	10013235	10966726	10234463	11386477	10373184	9887101
"sp|P0A7D7|PUR7_ECOLI"	"ECOLI"	0	949050.3	527784.5	647515.2	0	659883.25	885549.94	0	756110.94	1080218.8	983987.94	2584233.2	1571863.2	969551.8	1902271.4	2118974	1275330.5	971763.94
"sp|P0A7F3|PYRI_ECOLI"	"ECOLI"	2036429.9	1931856.6	2064797.2	2193520.2	1896978.5	1893797.8	2079716.4	2096056.2	1986073	1287164.6	1457426.4	1234160.9	1291027.4	1316319.2	1303504.4	1450675.5	1377741.1	1470072.8
"sp|P0A7J3|RL10_ECOLI"	"ECOLI"	3020999	3227918	2805114.2	1715290.8	2901195.8	2625888	4862484	2818648	3065394.5	9579851	12047158	11987370	11787324	11844454	12496531	12654167	12594946	11082753
"sp|P0A7J7|RL11_ECOLI"	"ECOLI"	0	425487.47	0	0	545295.94	0	0	0	0	4176142.8	3717288	4146913.8	4450929	3833782.5	4447012.5	4360329.5	4694433.5	4434684
"sp|P0A7K2|RL7_ECOLI"	"ECOLI"	9592403	9162326	8874642	9702984	9305124	9067549	9598457	9008241	9539546	34049750	34720380	34136484	34776220	36453500	35526050	35129456	36457076	36144050
"sp|P0A7K6|RL19_ECOLI"	"ECOLI"	831839.6	412448.5	1390285.6	377763.7	430181.4	1361487.2	514397.25	414934.28	402683.72	3828313	3715639.5	5430182.5	3433001.2	4612512.5	3622373.8	3903708.5	3990905	3713849
"sp|P0A7L0|RL1_ECOLI"	"ECOLI"	1999989.2	2388893.5	2132843	2468997.8	546631.7	1895688.5	2083672.5	1759537.1	1862825.4	8769491	8603134	8244729.5	9229339	8613742	8866849	9798906	9154410	8520231
"sp|P0A7L3|RL20_ECOLI"	"ECOLI"	0	0	0	0	0	0	0	0	0	464106.62	603165	1097682.8	616609.25	599412.2	911239.9	1151075.2	580761.1	607007.8
"sp|P0A7M6|RL29_ECOLI"	"ECOLI"	470865.44	480508.47	356902.53	142328.34	0	378792.5	413749.97	456392.25	442456.97	2606313.5	1956746.9	2464274.8	1967484.2	1974575.1	2704798.8	1997536.4	1921629	2714829
"sp|P0A7M9|RL31_ECOLI"	"ECOLI"	0	0	0	0	0	0	0	0	0	1203669.4	1233387.5	1208481.5	1241683	1255805.9	1422204.8	1262316.8	1137814.8	1271053.2
"sp|P0A7R1|RL9_ECOLI"	"ECOLI"	503966.78	530320.3	507529.4	0	460490.44	1153769.4	478856.66	3011898	1106091.9	16755708	16480056	13198708	19438962	15849396	13495385	15351101	14283873	15883238
"sp|P0A7R5|RS10_ECOLI"	"ECOLI"	0	0	0	0	0	0	0	0	0	1387241.4	0	853599.25	0	0	0	151975.9	0	0
"sp|P0A7R9|RS11_ECOLI"	"ECOLI"	0	0	0	0	0	0	0	0	0	0	0	0	0	257407.31	0	0	0	419588.72
"sp|P0A7S3|RS12_ECOLI"	"ECOLI"	0	0	0	0	0	0	0	0	0	424342.47	443772.06	509178.97	442385.84	449262.6	503473.56	559702.56	437334.56	466680.9
"sp|P0A7S9|RS13_ECOLI"	"ECOLI"	730051.1	1160238.6	1374432.2	976524.9	0	14611959	1384779	562521.8	1364937.8	15362514	14830645	15989462	15569375	15417522	15996358	15000121	15683547	15830031
"sp|P0A7T3|RS16_ECOLI"	"ECOLI"	0	0	0	0	0	0	0	0	0	0	0	0	0	0	0	0	0	0
"sp|P0A7T7|RS18_ECOLI"	"ECOLI"	1391525	629777.25	1046610.56	867062.25	711121.6	1088170.1	620990.06	1002705.4	413887.12	5363776	5146941	5398642.5	5498440.5	4505938.5	5746386	5504908	5395558	5757673
"sp|P0A7U7|RS20_ECOLI"	"ECOLI"	0	0	0	0	0	0	0	0	0	2852598.5	1663710	2646940.8	2910146.5	1489506	2761423.5	2091054.2	2788167	2674315.2
"sp|P0A7V0|RS2_ECOLI"	"ECOLI"	0	0	224314.77	605439.5	157984.98	114815.7	0	411296.5	250051.94	8020819.5	7414566	8079628	8644955	6990841.5	7296512	8692638	6845017.5	8196892.5
"sp|P0A7V3|RS3_ECOLI"	"ECOLI"	311593.84	365796.75	458132.97	279746.47	491648.8	453357.2	492323.9	268068	323213.34	4682700	5273562	5334627	5785485.5	5536706.5	5926639	6004973	6197297	5655184
"sp|P0A7V8|RS4_ECOLI"	"ECOLI"	3612650	4008210.8	3576170	3667341.2	2240325.5	3052049.8	2891950.8	3193740	3386872	14217112	13983770	14917143	15650736	15828538	14623054	16058363	15166597	15047538
"sp|P0A7W1|RS5_ECOLI"	"ECOLI"	687832.56	577522.9	73813.016	0	0	664143.5	787369.94	547865.1	0	2780658	2002485.4	2366595.8	2892111.2	2877070.5	2851853	2681526.8	2707671.5	2702887.8
"sp|P0A7W7|RS8_ECOLI"	"ECOLI"	0	0	0	0	0	0	0	0	0	1819346.5	1804662.5	1910839.5	2055955.8	1884349	1908734	1943540.5	1935453.4	2030325.5
"sp|P0A7X3|RS9_ECOLI"	"ECOLI"	0	0	0	0	0	0	0	364819.8	0	2782057.5	3148351.5	3053792.5	3295651.8	3077974.8	2644841.5	2348382.8	2870947.2	3286431.2
"sp|P0A7Z0|RPIA_ECOLI"	"ECOLI"	0	0	0	0	0	680857.75	0	0	0	0	0	0	0	1010745.5	997831.9	0	0	657586.94
"sp|P0A7Z4|RPOA_ECOLI"	"ECOLI"	0	0	0	99584.92	545789.8	0	654718.2	310100.6	460262.78	6785342.5	5735577	5567633	6513671	6889604	6421146.5	5909914.5	5391059.5	6463365.5
"sp|P0A805|RRF_ECOLI"	"ECOLI"	0	0	0	0	0	0	0	0	0	178048.16	880082.06	940494.25	1061402.6	656428.2	1136909.2	208975.55	1033645.7	886095
"sp|P0A825|GLYA_ECOLI"	"ECOLI"	0	0	0	298602.3	0	425909.22	365859.8	797977	314222.9	6612053	8293825.5	8452449	9238979	9308950	8021559	8608963	9250938	9089883
"sp|P0A836|SUCC_ECOLI"	"ECOLI"	4485210.5	4512924.5	3300608.8	4130090	3787325.5	3033856	2617413	3296607.2	4753759	19945546	20440782	18384386	22947396	20960882	19690244	22734138	22988456	19585284
"sp|P0A850|TIG_ECOLI"	"ECOLI"	3709070	2909571	1662634.2	5986297.5	2767158.2	2014923.2	3395732	4683629.5	3375199.5	21327962	21672718	20731346	21272068	21560200	22327258	24358504	21896818	22431448
"sp|P0A853|TNAA_ECOLI"	"ECOLI"	69418110	68152536	71398460	62915680	60757660	67714430	68200410	64258476	65365284	276969860	262295840	267022880	269053060	272548260	279940060	272896770	281497120	280088100
"sp|P0A858|TPIS_ECOLI"	"ECOLI"	0	0	0	0	0	0	0	0	0	104861.664	0	228579.14	116181.98	0	155124.33	234187.88	663603.6	356336.56
"sp|P0A862|TPX_ECOLI"	"ECOLI"	1667792.5	1433090.8	2156416.2	3575611.8	1777406.2	4033163.5	2183666.8	1491989.4	4715455	20584828	19769500	19978904	20705342	20451950	21098484	21526832	20891128	21089324
"sp|P0A867|TALA_ECOLI"	"ECOLI"	0	0	0	0	0	0	0	0	0	0	0	0	0	0	0	0	0	0
"sp|P0A870|TALB_ECOLI"	"ECOLI"	3919351.5	3435451.2	1758594.2	3557208	1817871.9	2211481.5	3658388.8	3327927.2	2898407.5	16959658	18060478	18492940	18302520	17344716	17418840	17822352	19439178	18970734
"sp|P0A8A0|YEBC_ECOLI"	"ECOLI"	0	0	0	0	0	0	0	0	0	0	225763.86	262603.8	210394.4	0	233604.55	207236.75	193801.8	0
"sp|P0A8E7|YAJQ_ECOLI"	"ECOLI"	0	0	0	0	0	0	0	0	0	0	0	0	0	0	1099294.9	0	0	0
"sp|P0A8F0|UPP_ECOLI"	"ECOLI"	0	0	0	0	0	0	0	0	0	731174.06	755365.25	697351.4	753023.1	504497.62	428180.4	818562.9	535593.1	768037.4
"sp|P0A8G6|NQOR_ECOLI"	"ECOLI"	0	0	0	0	0	0	0	0	0	2580905.2	2483477	2855956.5	2901929.2	2690250.8	2761479.8	3027114.5	2604694.8	2820341
"sp|P0A8L1|SYS_ECOLI"	"ECOLI"	4208709	0	0	0	0	0	0	0	0	818259.1	7115194.5	1227437.5	4926296.5	1020597.3	632634.2	4119750.5	2462113.5	2085204
"sp|P0A8M0|SYN_ECOLI"	"ECOLI"	2702738.5	4153992.2	3726478	3583293.8	2945554.5	4277706	3927981.8	4525563.5	3466476.8	3548482	4986309	4721859.5	2975410	2515173.8	3764452.2	4585363	3759566.2	3443943
"sp|P0A8M3|SYT_ECOLI"	"ECOLI"	0	0	0	0	0	0	0	0	0	0	0	0	296939.66	0	463318.25	0	0	0
"sp|P0A8N3|SYK1_ECOLI"	"ECOLI"	0	0	0	0	0	0	0	0	0	1384307.8	1126866.1	946447.44	1801712.2	1131650.8	1571373.5	1209971.2	1573760.8	1912739.6
"sp|P0A8T7|RPOC_ECOLI"	"ECOLI"	0	0	0	0	0	0	0	0	0	1620701.9	2499828.5	985633.5	1161878.1	2449826.5	1269157.4	1956185.4	1787621.8	1802200.5
"sp|P0A8V2|RPOB_ECOLI"	"ECOLI"	260553.84	0	0	0	0	0	0	0	0	4519755	6133015.5	1115699.9	7157022	4704928	3407572.5	4896452	1326901.1	3033923
"sp|P0A8Y3|YIHX_ECOLI"	"ECOLI"	780387.4	821066.8	754194.6	812848.9	948749.75	0	0	768349.94	908110	847528.44	1037466.5	988591.6	1023678.25	968647.9	1029489.8	943369	986534.7	919483.4
"sp|P0A930|WZA_ECOLI"	"ECOLI"	1358257.1	0	1275865.4	1222241.5	0	1299418	1220431	0	1275866	1021778.56	1107660.9	0	0	0	1163497.9	0	0	1169027.2
"sp|P0A953|FABB_ECOLI"	"ECOLI"	0	0	0	0	0	233770.06	0	270258.44	234577.75	2239222.5	2005310.6	2534425.2	2054004.2	2506712.8	2081509.2	2090489	2505946.8	2744440.5
"sp|P0A955|ALKH_ECOLI"	"ECOLI"	3551305.5	2502583.8	3679812.2	3647860.8	3179907.5	2629422.2	2967960.8	2829722	1806705.6	12757623	12797365	12568064	14034433	12403317	12880339	13063640	13419613	12602411
"sp|P0A972|CSPE_ECOLI"	"ECOLI"	0	0	987173.8	1263118.9	1000083.5	1114442.6	1105901.5	0	0	5566628	5599057	5943415.5	5919537	5649710	6105035.5	6066854.5	5783575.5	6016029.5
"sp|P0A9A9|FUR_ECOLI"	"ECOLI"	0	0	0	262108.06	0	0	0	0	0	703316.44	829127.56	0	837605.06	778114.56	1045014.4	963671	738062.9	0
"sp|P0A9B2|G3P1_ECOLI"	"ECOLI"	5993316	6003478.5	5059016.5	5161627	5696256.5	4285754.5	5859727.5	5089755	4775879	28310304	27970608	28756074	29638976	29963932	30624552	28873084	29176720	31185892
"sp|P0A9C5|GLN1B_ECOLI"	"ECOLI"	0	0	0	0	0	0	0	0	0	991791.5	767379.5	620509.2	1230932.5	962806	916160.75	1083240.2	995565.25	1077758.5
"sp|P0A9D8|DAPD_ECOLI"	"ECOLI"	0	0	0	0	0	0	0	0	0	0	0	0	0	0	0	197104.77	0	0
"sp|P0A9G6|ACEA_ECOLI"	"ECOLI"	18307942	16027867	17946530	17752984	18096500	17455990	17006662	1002785.9	17797232	12266644	11503088	10947570	10700563	11905590	10829787	13740311	14336964	13806684
"sp|P0A9J6|RBSK_ECOLI"	"ECOLI"	0	0	0	0	0	0	0	0	0	0	706782.75	0	786781.1	575275.7	508208.47	868003.1	721130.7	766969.6
"sp|P0A9J8|CMPDT_ECOLI"	"ECOLI"	0	0	0	0	0	0	0	0	0	1692818.1	0	327657.44	1723245.6	1717616.2	1722093.8	1568998.5	1316177.8	350014.9
"sp|P0A9K9|SLYD_ECOLI"	"ECOLI"	0	0	0	0	0	0	0	0	0	628944.7	561660.4	489192.34	682095.6	642674.25	597859.75	687078.56	656431.7	655701.7
"sp|P0A9L3|FKBB_ECOLI"	"ECOLI"	0	449900.2	0	0	0	0	0	0	0	1275763.5	1835295	1614937.9	1340153.2	1515207.6	779581.5	2125578.8	1706456	967891.06
"sp|P0A9P0|DLDH_ECOLI"	"ECOLI"	903142.25	402691.88	0	480795.78	401863.6	497624.94	463638.62	0	0	8126973	7781696	8480665	7814366	8307833	8108690	8430400	8224303.5	8346869.5
"sp|P0A9Q1|ARCA_ECOLI"	"ECOLI"	0	0	0	0	0	0	0	0	0	4813130.5	0	2909088.5	5022345	4954564	1342651.6	3283543.8	4775490.5	4662721.5
"sp|P0A9Q5|ACCD_ECOLI"	"ECOLI"	0	0	0	0	0	0	0	0	0	634316.4	444311.56	624014.25	1028816.1	755108.1	594702.06	883108	0	613944.75
"sp|P0A9Q7|ADHE_ECOLI"	"ECOLI"	2396571.2	1884492.2	668381.5	2820749.2	3098074.2	2131923.8	2927254.2	2054100.1	199079.25	11235574	10652640	10498483	11906494	10028110	12854620	13051794	10806416	10135185
"sp|P0A9Q9|DHAS_ECOLI"	"ECOLI"	0	0	0	0	0	0	0	0	0	451894.28	350585.9	355285.06	0	359650.12	364400.56	349565.97	430790.7	398321.22
"sp|P0A9W3|ETTA_ECOLI"	"ECOLI"	0	0	0	0	0	0	0	0	0	0	718848.94	855483.7	760891.7	721697.94	0	0	559840.5	0
"sp|P0A9X9|CSPA_ECOLI"	"ECOLI"	0	0	0	0	0	0	0	0	0	0	0	0	0	573274.1	0	0	0	0
"sp|P0A9Y6|CSPC_ECOLI"	"ECOLI"	4316485	4098634	4229676	3819921.8	3322267.5	3305895.8	4060349	4336515.5	4074713.5	16745059	17611868	17811788	18131754	18657836	18341404	18683468	18443086	18767734
"sp|P0AA04|PTHP_ECOLI"	"ECOLI"	0	0	0	0	0	0	0	0	352350.97	2403374	1154850.5	3271444.5	2580659.5	3517655.2	3063162.5	3496484.8	2466540.5	3435392.5
"sp|P0AA10|RL13_ECOLI"	"ECOLI"	0	0	0	0	0	0	0	0	0	0	631878.3	1918261.6	488319.2	2375066	1912821	1265759.5	1167875	1838379.4
"sp|P0AA25|THIO_ECOLI"	"ECOLI"	1370920.8	1090261.2	1259011	1282004.4	842926.75	1379793.2	1299475.6	735811.1	1348077.8	4989604	4901600.5	5003393.5	5116110.5	5107109.5	5118334	4964254.5	5126441	5430051.5
"sp|P0AAC0|USPE_ECOLI"	"ECOLI"	0	0	241994.75	0	0	0	0	0	0	568325.5	628105.4	598120	619032.4	611290.1	610396.9	644209.06	583303.56	573565.5
"sp|P0AAI9|FABD_ECOLI"	"ECOLI"	0	0	0	0	0	0	0	0	0	0	0	0	0	0	0	0	0	0
"sp|P0AAT9|YBEL_ECOLI"	"ECOLI"	0	0	0	1992427	0	0	2019117	2319659	0	2787670.2	2599702.8	2883741.5	2336459	2833942.8	2976114.5	815748.1	2575050	2860843.5
"sp|P0AAV6|YBGS_ECOLI"	"ECOLI"	0	0	0	0	0	0	0	0	0	332901.06	321528.47	348551.06	359168.78	360811.38	430694.72	324674.94	328894.6	354009.66
"sp|P0AB52|YCHN_ECOLI"	"ECOLI"	0	0	0	0	0	0	0	0	0	594801.06	0	0	416874.22	331078.4	344379.78	0	0	0
"sp|P0AB71|ALF_ECOLI"	"ECOLI"	1149567.5	1124465.8	706015.25	621936.44	946323.75	752623.2	675797.7	394707.25	719236.8	8241068.5	8766200	8681802	9430332	9405495	9683706	9144640	8715676	9062492
"sp|P0AB77|KBL_ECOLI"	"ECOLI"	0	0	33002624	0	0	0	0	0	0	43428852	1559016	1944322.4	1896572	30787592	1828219.9	38698680	1723164.1	1772371.8
"sp|P0AB89|PUR8_ECOLI"	"ECOLI"	0	0	0	0	0	0	0	0	0	0	246577.86	398893.16	217435.56	448199.3	488768.47	247903.94	387390.22	443039
"sp|P0ABB0|ATPA_ECOLI"	"ECOLI"	1814614.5	369689.75	1204816.4	1773825.8	258647.34	342887.1	1700274.6	374521.4	0	7637053.5	7951152.5	7808003.5	9454969	8301081.5	8324365.5	8866964	8333594	8519430
"sp|P0ABB4|ATPB_ECOLI"	"ECOLI"	0	0	0	0	0	0	0	0	0	0	0	0	0	540778.25	594393.9	0	332897.16	0
"sp|P0ABD8|BCCP_ECOLI"	"ECOLI"	0	0	0	0	0	0	0	0	0	578384.5	3160786.8	3845993.5	3578645.5	2927739.8	271792.62	367148.53	244060.77	2892915.5
"sp|P0ABH7|CISY_ECOLI"	"ECOLI"	2486631.8	1037632.4	1022547.5	1901016.4	1385613.4	879681.75	1217532.8	1695650	1097649.9	9399689	9303137	9379178	8741106	10700202	8363671	8767614	7575054	11794392
"sp|P0ABK5|CYSK_ECOLI"	"ECOLI"	321930.06	282445	289631.2	452159.62	0	285013.94	304408.97	312868.34	264652.47	8355186.5	6114515	8686157	8433788	9484087	9076181	8574687	9390453	9913425
"sp|P0ABP8|DEOD_ECOLI"	"ECOLI"	0	0	0	0	0	0	0	0	0	1728710.5	0	1020276	0	1167196.9	0	1449490.4	0	2789387.5
"sp|P0ABQ2|GARR_ECOLI"	"ECOLI"	0	0	0	0	0	0	0	0	0	0	0	0	0	0	0	0	0	0
"sp|P0ABS1|DKSA_ECOLI"	"ECOLI"	0	0	0	0	0	0	0	0	0	0	0	0	1117277.1	0	1146514.8	1135962.2	0	0
"sp|P0ABT2|DPS_ECOLI"	"ECOLI"	5601316.5	7143122	5842856.5	6449190	5652221	5170711	5233955.5	4532157.5	5436402.5	29787814	28154986	29226578	29363842	29310186	29319304	28776596	30177678	29023892
"sp|P0ABU0|MENB_ECOLI"	"ECOLI"	0	0	0	0	0	0	0	0	0	0	0	0	0	0	0	0	0	0
"sp|P0AC33|FUMA_ECOLI"	"ECOLI"	0	0	0	0	0	218181.64	0	0	199914.22	5877570.5	4864034	6796101.5	4776283	4985013.5	6270379.5	5192352	5251524.5	7208779
"sp|P0AC38|ASPA_ECOLI"	"ECOLI"	1354569.9	3203243	1970970.1	1775892.5	2298761.5	2292494.8	1166132.9	990541	3429246.2	17916538	15792084	16758991	17431706	18745988	18301514	17428038	17656296	18995540
"sp|P0AC41|SDHA_ECOLI"	"ECOLI"	0	0	0	0	0	0	0	0	0	885690.8	640798.56	593787.56	615561.94	346498.94	348980.12	624905.1	403220.16	804978.44
"sp|P0AC53|G6PD_ECOLI"	"ECOLI"	0	0	0	0	0	0	0	0	0	0	0	0	0	292968.03	0	0	0	0
"sp|P0AC62|GLRX3_ECOLI"	"ECOLI"	0	0	0	0	0	0	0	0	0	695092.9	0	242906.73	459149.2	259349.27	411751.2	0	256664.8	0
"sp|P0AC69|GLRX4_ECOLI"	"ECOLI"	0	0	0	0	0	0	0	0	0	1807411.8	0	2153007.5	1641997.2	2070777	2176740	2501423.5	2275094.8	2141017.5
"sp|P0ACA3|SSPA_ECOLI"	"ECOLI"	0	0	0	0	0	0	0	0	0	341454.78	545273.56	0	634088.7	376605.34	400001.06	546594.1	572371.9	677909.75
"sp|P0ACA7|GSTB_ECOLI"	"ECOLI"	0	0	0	0	0	0	0	0	0	0	0	0	0	0	0	137450.3	0	0
"sp|P0ACB7|HEMY_ECOLI"	"ECOLI"	4494887	3979011	4496234.5	4366322.5	4526771.5	4119235.5	4360708.5	4379100	4784641.5	4128249.5	4368594.5	4264485	4123458.2	4214477.5	4220193.5	3878163.2	4020617.5	4363072.5
"sp|P0ACD4|ISCU_ECOLI"	"ECOLI"	0	0	0	0	0	0	0	0	0	506947.3	587024.6	522294.38	563888.94	522697.03	534010.94	0	583698.25	651291.8
"sp|P0ACF0|DBHA_ECOLI"	"ECOLI"	8084442	7380019	7319369	4735514.5	7159728	5340785	7488463	6636221	7018662	27553012	27912548	27671794	28378114	28335834	28282340	28421276	28983188	28620622
"sp|P0ACF4|DBHB_ECOLI"	"ECOLI"	515069.1	509512.88	573347.3	549617	1950836.8	561590.56	592547.5	509536.78	536526.25	7210613	7154086.5	7045350.5	7387528	7140660	7453623	7115346.5	7362381	7393923.5
"sp|P0ACF8|HNS_ECOLI"	"ECOLI"	0	1375210.2	1500026.5	338264	959900.56	297453.88	2907447.5	888586.2	731392.75	13889840	13840089	13429967	13819606	13688132	14622205	14029476	13817734	17332046
"sp|P0ACI6|ASNC_ECOLI"	"ECOLI"	0	0	0	0	0	0	0	0	0	1530222.5	1201896.4	1590414	1201346.2	992818.8	1532450.8	1006991.5	1725395.6	1544694.2
"sp|P0ACJ0|LRP_ECOLI"	"ECOLI"	0	0	0	0	0	412449	0	0	0	856972.5	954825.44	962402.4	1190385.2	1159875.8	705802.94	969086	1278640.1	1198448.4
"sp|P0ACJ8|CRP_ECOLI"	"ECOLI"	0	0	0	0	0	0	0	0	0	314529.2	848295.6	732553.1	1040822.9	1061649.4	883204.44	806832.5	692391.25	888743.7
"sp|P0ACY1|YDJA_ECOLI"	"ECOLI"	0	0	0	0	0	0	0	0	0	548552.6	459504.25	455268.88	0	475071.1	426139.03	362479.16	0	532420.2
"sp|P0AD49|YFIA_ECOLI"	"ECOLI"	0	0	0	0	0	0	0	0	0	390945.8	856702.4	375383.94	1085539	918433	448993.3	0	433502.06	313503.75
"sp|P0AD61|KPYK1_ECOLI"	"ECOLI"	0	0	0	0	0	0	0	278636.8	0	8175010.5	4720646.5	8830401	5675477.5	9186661	9340959	5978121	8324420.5	9485258
"sp|P0ADE8|YGFZ_ECOLI"	"ECOLI"	0	0	0	0	0	0	0	0	976800.94	1346749	1560972.1	1343822.6	1290831.8	1486626	0	1515817.8	1629794.4	1527081.1
"sp|P0ADG7|IMDH_ECOLI"	"ECOLI"	0	450020.8	0	0	407786.3	0	0	446217.38	0	397798.9	428968.12	386475	530474.56	457680.28	1628584.8	349395.72	383658.22	313750.88
"sp|P0ADN2|YIFE_ECOLI"	"ECOLI"	0	0	0	0	0	0	0	0	0	618300.2	1702876.2	635061.1	2038699.5	2049458.6	1954380.4	0	1777489.2	2327222
"sp|P0ADU5|YGIW_ECOLI"	"ECOLI"	0	0	0	0	0	0	0	0	0	0	0	5121412	0	4854496.5	0	0	0	0
"sp|P0ADY3|RL14_ECOLI"	"ECOLI"	0	0	0	0	0	0	0	0	0	0	0	4254427.5	0	3658660.2	3683663	3477952.2	0	4087918
"sp|P0ADY7|RL16_ECOLI"	"ECOLI"	0	251592.27	0	0	0	0	267254.22	0	0	902545.9	916142.94	878353.9	956049.8	871705.25	838608.25	818876	789819.06	854585.9
"sp|P0ADZ4|RS15_ECOLI"	"ECOLI"	529077.5	0	248188.12	609736.1	696387.94	258723.64	241475.36	0	264556.8	1580553.5	1521469.2	2020222.8	2398758.5	2602917	2349386.8	2284699.8	2434269	2461210.8
"sp|P0AE08|AHPC_ECOLI"	"ECOLI"	5939308.5	5371799	6254295	5723680.5	5483863.5	1831154.1	5280951	5505594	5017240	16338972	16472017	14822577	32962916	16000641	16069709	14409850	16665013	16374666
"sp|P0AE37|ASTA_ECOLI"	"ECOLI"	0	0	0	0	0	0	0	0	0	0	0	0	0	0	0	0	0	0
"sp|P0AE52|BCP_ECOLI"	"ECOLI"	0	0	0	0	0	0	0	0	0	0	0	0	0	0	455533.53	0	0	0
"sp|P0AED0|USPA_ECOLI"	"ECOLI"	0	0	0	0	0	0	0	0	0	2313238	2177808.5	2089376.8	2350013.2	2424874.5	2144640.2	2201735.5	2316857.2	2224419.2
"sp|P0AEE5|MGLB_ECOLI"	"ECOLI"	4658782	4528955.5	4797333.5	3679350	4640258.5	2972135.8	3677951.2	4149078.5	3362544.5	27292886	26937554	28675000	28212580	28660670	29538960	29582282	31071334	28494266
"sp|P0AEG4|DSBA_ECOLI"	"ECOLI"	1618456.1	0	1237375.6	1226072.1	1470423.2	0	1143679.4	0	1397630.4	1208536.1	1329333.2	1341671.8	1208658.5	1256454.9	1244744.4	1161173.2	1182437.5	1157321.8
"sp|P0AEH5|ELAB_ECOLI"	"ECOLI"	0	0	0	0	0	0	0	0	0	0	0	0	0	0	0	0	0	0
"sp|P0AEK2|FABG_ECOLI"	"ECOLI"	0	0	0	0	0	0	0	0	0	291902.12	364814.56	321046.6	326869.22	789144.44	248875.92	299377.2	475841.6	292344.62
"sp|P0AEK4|FABI_ECOLI"	"ECOLI"	0	1323573.5	0	0	1215637.2	0	0	0	0	1329041.2	919856.8	1948532.8	2304684.5	1441953.2	1641834.8	1212785.1	1085351.2	1864442.6
"sp|P0AEM9|TCYJ_ECOLI"	"ECOLI"	612965	392643.62	846753.1	0	681953.4	507256.56	518549.62	457832.34	611983.7	3737455	4020004.2	2911740	4688001	3530651.5	3483218	3557787	3578064.2	3503926.8
"sp|P0AEQ3|GLNH_ECOLI"	"ECOLI"	4027683	3346194.5	3790596	3667996.2	3511106.5	3539699.5	3509028	3822741.5	2962105.5	12883658	12851206	12603938	13604787	13138006	13502311	14458270	13562013	14839954
"sp|P0AES9|HDEA_ECOLI"	"ECOLI"	0	0	0	0	0	0	0	0	0	0	0	0	1301257.4	0	0	0	1209136.6	0
"sp|P0AET2|HDEB_ECOLI"	"ECOLI"	0	0	0	0	0	0	0	0	0	0	737574	390050.88	703008.6	451964.75	661496.56	427074.7	0	0
"sp|P0AEU7|SKP_ECOLI"	"ECOLI"	518115.72	0	0	488122.3	0	0	604458.8	732315.4	0	2449059.8	2906176	2881727.5	2500845.8	3095062	3466456.5	3328738	3136018.8	2911379.2
"sp|P0AEX9|MALE_ECOLI"	"ECOLI"	12405205	9844326	12704497	11376938	11384986	10401708	7516366.5	6362899	11839961	47086644	45651652	46544796	48658180	49870256	48134356	49033156	47404330	49433000
"sp|P0AF12|MTNN_ECOLI"	"ECOLI"	0	0	0	0	0	115756.1	0	0	0	928367.25	1057908	1000458.6	1103566.8	1229265.1	1681064.2	896357.94	1308235.4	716594.06
"sp|P0AF28|NARL_ECOLI"	"ECOLI"	0	0	0	0	0	0	0	0	0	0	0	0	0	0	0	0	0	17712.957
"sp|P0AF36|ZAPB_ECOLI"	"ECOLI"	0	0	0	0	0	0	0	0	0	0	0	0	0	0	0	0	0	0
"sp|P0AF93|RIDA_ECOLI"	"ECOLI"	0	1244726.6	0	0	0	386241.3	0	1285915.1	0	6946439.5	4850260.5	7539256	5702499.5	6786703	5134669.5	6777689	6809337	7718642.5
"sp|P0AFF6|NUSA_ECOLI"	"ECOLI"	0	0	0	0	0	0	0	0	0	807000.75	1295623.5	852892.1	760387	368471.44	788216	821835.3	734326.1	724252.94
"sp|P0AFG0|NUSG_ECOLI"	"ECOLI"	0	0	0	0	0	0	0	0	0	747434.75	949009.44	851230.2	1203792.6	0	561677.1	1011128.8	0	643959.8
"sp|P0AFG3|ODO1_ECOLI"	"ECOLI"	0	0	229490.23	0	0	0	252922.94	221227.31	0	2303276.5	2018458.2	1513085.8	2695495	2092752.5	2960164	1990649.2	1908017.2	2398015
"sp|P0AFG6|ODO2_ECOLI"	"ECOLI"	0	0	0	0	0	0	0	0	0	2510697.8	2742864.5	2469820.2	3065569.8	2903359.2	2936909	3351181.2	2963972.5	3127615.2
"sp|P0AFG8|ODP1_ECOLI"	"ECOLI"	803399.56	318924.25	266250.88	219642.48	0	296223.16	241740.27	259703.14	618342	2061649	3176219.8	1404628.6	2566136.8	2080083	3021203.5	2963191	2149163.5	2234436.5
"sp|P0AFH8|OSMY_ECOLI"	"ECOLI"	864731.25	1123278.2	939529.6	548292.8	294606.3	950257.06	1618395.2	695627.4	418704.25	11410171	6434256	8145924.5	10754036	7945443	9875640	8379619	11369961	9843422
"sp|P0AG18|PURE_ECOLI"	"ECOLI"	0	0	0	0	0	0	0	0	0	182158.27	0	0	0	0	0	0	0	0
"sp|P0AG30|RHO_ECOLI"	"ECOLI"	0	0	0	0	0	0	0	0	0	0	0	0	0	0	0	0	0	0
"sp|P0AG44|RL17_ECOLI"	"ECOLI"	0	0	0	0	0	0	0	0	0	3558953	1441901.8	3614631	3793139.5	4209996.5	3447494	3462738.5	3774182	3416798
"sp|P0AG48|RL21_ECOLI"	"ECOLI"	717633.75	805440.94	875420.9	810551.5	753506.4	564982.9	807546.06	718980.2	671516.5	3597866.5	2923462.5	2803300	2949218.2	3089283.8	3091794	3205441.5	3477166.5	3108227.8
"sp|P0AG55|RL6_ECOLI"	"ECOLI"	717757.06	613491.9	715476.94	680514.75	1365030.1	1131140	683197	658691	1402145.2	7205044	7422229.5	7127636.5	7003338.5	6263483	6272972	6734483	7405281	6395452
"sp|P0AG59|RS14_ECOLI"	"ECOLI"	0	0	0	0	0	0	0	0	0	810176.56	800855.3	806130.7	903088.2	819787.9	798067.1	909349.25	0	870003.8
"sp|P0AG63|RS17_ECOLI"	"ECOLI"	0	0	0	197989.67	0	0	250045	0	0	2144707	2007495.1	2081582	2253220.5	2188460	2190727.5	1902944.6	2249670.5	2026010.2
"sp|P0AG67|RS1_ECOLI"	"ECOLI"	5502413.5	2654665.8	4978931.5	1818347.5	4009135	1727207.4	6073279.5	3452033.5	4070033.8	31728572	28321216	30011530	32317074	35103012	31768328	33943964	34303732	31863168
"sp|P0AG80|UGPB_ECOLI"	"ECOLI"	0	0	0	0	0	0	0	0	0	122819	0	143608.11	82400.58	111970.805	0	0	158289.3	135184.16
"sp|P0AG86|SECB_ECOLI"	"ECOLI"	306650.62	0	0	0	0	0	0	0	292231.4	1842918.5	2173708.2	2209604	2309440.8	2189639.5	2343478.8	1767484	2482476.2	2258478.8
"sp|P0AGD3|SODF_ECOLI"	"ECOLI"	0	0	0	0	0	0	0	0	0	0	180265.44	0	282410.97	361014.75	607775.5	1054583.2	609123.1	0
"sp|P0AGE9|SUCD_ECOLI"	"ECOLI"	1861247.8	1131839	2113504.2	1792887.2	1392254.5	1962454.8	855014.7	1395084.6	1430168.2	12587658	11827709	12285972	12252254	12901379	13618175	13105472	12667292	13040585
"sp|P0C018|RL18_ECOLI"	"ECOLI"	0	0	0	0	0	0	0	0	0	1270470.2	848335.4	864086.6	1946187.5	2283929.5	935232.25	1176951.6	2126064.5	2139266
"sp|P0C0L2|OSMC_ECOLI"	"ECOLI"	734295.4	0	0	442028.66	349492.53	0	0	0	395037.06	4404389	3689680.8	4701983.5	3967767.2	4287938.5	4498395	5026604	3722706.8	4135651
"sp|P0CE47|EFTU1_ECOLI"	"ECOLI"	29664678	27587290	25454740	29203792	21127704	28633610	25080960	25695644	23818672	126606990	126217850	125981720	134666580	135315020	129705440	127521190	131464104	132490370
"sp|P12281|MOEA_ECOLI"	"ECOLI"	0	0	0	0	0	0	0	0	0	0	0	0	0	0	0	0	0	0
"sp|P13029|KATG_ECOLI"	"ECOLI"	0	0	0	0	0	0	0	0	0	1417770	2184651.2	767752.2	2179880	2070373.5	1848843	677323.56	1115863.2	1431426.8
"sp|P13033|GLPB_ECOLI"	"ECOLI"	0	0	0	0	0	0	0	0	0	134180.95	0	240406.67	123834.27	0	175018.8	0	0	0
"sp|P15254|PUR4_ECOLI"	"ECOLI"	0	0	0	0	0	0	0	0	0	0	228232.45	231563.86	0	0	0	0	0	158783.02
"sp|P15288|PEPD_ECOLI"	"ECOLI"	0	0	0	0	148205.94	0	210183.53	0	0	3646703.5	3567722.8	2426262.5	3390551.2	3290507.5	4482679.5	2883916.8	3254511.5	3213653.5
"sp|P15639|PUR9_ECOLI"	"ECOLI"	0	0	0	0	0	574442.2	0	0	0	26010144	2084747.2	27207032	3237681	1723223.8	32276238	1402435.5	4913176.5	31037782
"sp|P15640|PUR2_ECOLI"	"ECOLI"	0	0	0	0	0	0	0	0	0	0	802681.56	786504	719547.2	667541.06	201087.53	593564.06	275425.22	0
"sp|P16659|SYP_ECOLI"	"ECOLI"	0	0	0	0	0	0	0	0	0	0	368946.56	1434312.1	1606801.6	0	1258158.1	733446.94	1228941.8	1256134.2
"sp|P17169|GLMS_ECOLI"	"ECOLI"	0	0	0	0	0	0	0	0	0	0	108962.11	116605.234	135246.42	0	0	121861.125	127246.38	127609.02
"sp|P19926|AGP_ECOLI"	"ECOLI"	0	0	0	0	0	0	0	0	0	1242085	891823.6	2986076.8	1158769.9	1504903.9	1072335	813005.3	468764.9	2265177
"sp|P21170|SPEA_ECOLI"	"ECOLI"	0	0	1211119.2	838718.56	0	0	0	1147901.4	1155508.9	1247333.5	1175293.4	0	1069772.8	1196000	1140817.4	1225868	1301062	1195327.8
"sp|P21367|YCAC_ECOLI"	"ECOLI"	1428240.2	1400042.8	1214016	1657103.1	840480.4	1377578.4	1472401.6	1020109.94	1224195.6	7901430.5	8121981	7493369	8211922	7548859.5	7416082	8316485.5	8305507	8154493.5
"sp|P21599|KPYK2_ECOLI"	"ECOLI"	1656892.5	1545236.1	1492598.9	1641550.1	1521806.6	1352224.2	1511607.9	1447077	1688820.6	2296054.5	1682214	4629175.5	2443805.2	3653178.5	1084043.4	1156027.8	3527792	2958967.8
"sp|P21889|SYD_ECOLI"	"ECOLI"	0	0	0	0	0	0	0	0	0	0	255233.34	235436.9	243061.97	218148.89	232441.62	0	0	0
"sp|P22256|GABT_ECOLI"	"ECOLI"	0	0	0	0	0	0	122856.77	141150.77	0	1130378.2	1213502.5	1118983.6	1132039.5	1140476.5	1248541.2	1281489.5	908109.7	1209109.2
"sp|P22259|PCKA_ECOLI"	"ECOLI"	392276.78	0	293288.7	0	0	0	0	152409.48	379177.53	5665687.5	5481228.5	5462774	6224660	5697424	14353318	6285078	6184095.5	5662755
"sp|P23522|GARL_ECOLI"	"ECOLI"	0	0	0	0	0	0	0	0	0	138352.34	0	0	0	0	0	0	0	0
"sp|P23538|PPSA_ECOLI"	"ECOLI"	0	0	0	0	0	0	0	0	0	0	357999.75	0	0	374689.78	0	563371.4	0	0
"sp|P23721|SERC_ECOLI"	"ECOLI"	0	0	0	0	0	0	0	0	0	0	0	0	0	0	0	0	0	0
"sp|P23847|DPPA_ECOLI"	"ECOLI"	964505.25	2370237.2	2112546.8	3908031.5	501393.4	1577466	3775048.8	1406440.8	1931971	12205799	13891966	14369193	14557982	11578228	14876473	13913811	11836563	12269465
"sp|P23857|PSPE_ECOLI"	"ECOLI"	0	0	0	0	0	0	0	0	0	0	0	0	0	0	0	0	0	357885.4
"sp|P23883|PUUC_ECOLI"	"ECOLI"	0	0	0	0	6641231.5	0	5751314	6621673	0	3696713.8	3578279	4478248	3620822	3939871.5	3946738.2	3113093.5	3450215	3425296.5
"sp|P25437|FRMA_ECOLI"	"ECOLI"	0	0	0	0	0	0	0	1887806.6	0	1582260.8	1559541.2	1864541.2	1878090.2	1510238.2	1718727.6	1627315.2	1685821	1649456.9
"sp|P25516|ACNA_ECOLI"	"ECOLI"	0	0	0	0	0	0	0	0	0	0	0	0	0	0	0	0	0	0
"sp|P25526|GABD_ECOLI"	"ECOLI"	0	0	0	0	0	0	0	0	0	648112.4	603751.06	723115.2	711404.5	589566.7	615336.75	635076.2	670558	648134.06
"sp|P25553|ALDA_ECOLI"	"ECOLI"	14757996	9561143	11318034	15782682	12641037	13412219	11518253	10248505	9660798	54045476	53033460	51182070	57924680	57441780	58371620	58576376	57103690	56820812
"sp|P25738|MSYB_ECOLI"	"ECOLI"	0	0	0	0	0	0	0	0	0	1433543.4	1249175	1536197.4	1598181.5	1541542.4	1613071.9	1390838.8	1528042.5	1548382.8
"sp|P27248|GCST_ECOLI"	"ECOLI"	289576.6	0	0	0	0	0	238453.36	0	208977.47	3501651.8	3164505	2369099.8	2390953.8	3383698	2872731	2628057.5	2541041	3731311.8
"sp|P27298|OPDA_ECOLI"	"ECOLI"	0	0	0	0	0	0	0	0	0	364051.56	411767.97	1436421.2	736845	1077336.5	798839.75	1594721.9	1026789.6	1105759.9
"sp|P27302|TKT1_ECOLI"	"ECOLI"	0	0	0	0	0	777451.9	0	0	0	1944188.8	1400366.5	2145776.5	2628119.5	2090460	3529951.5	3685684.2	2922491.8	2660824
"sp|P27550|ACSA_ECOLI"	"ECOLI"	701540.6	292989.8	0	702631.4	1086140.5	1741911.2	418983.16	2007175.4	0	10172568	13030680	14175638	12439414	12611645	13367032	10426588	9811378	14035804
"sp|P29012|ALR2_ECOLI"	"ECOLI"	0	0	0	0	273199	0	0	0	0	819141.3	0	386770.75	526208	0	0	0	0	0
"sp|P30859|ARTI_ECOLI"	"ECOLI"	0	0	0	0	0	0	0	0	0	0	466630	364846.94	418262.56	733553.75	105146.555	635905.9	195541.4	66984.67
"sp|P31057|PANB_ECOLI"	"ECOLI"	0	0	0	0	0	0	0	0	0	0	0	0	1061594.6	863014.44	1158277.9	1117390	0	1024622.5
"sp|P31120|GLMM_ECOLI"	"ECOLI"	0	0	0	0	0	0	0	0	0	0	0	0	0	0	0	0	0	0
"sp|P33136|OPGG_ECOLI"	"ECOLI"	0	0	0	0	0	0	0	0	0	447437.75	557400.1	990068.2	678138.2	0	951553	630420.8	0	0
"sp|P33195|GCSP_ECOLI"	"ECOLI"	0	326558.03	167394.83	0	0	0	0	0	0	4687460	2962338	4619770	4491289.5	4726793	4614428.5	5788851.5	5103568	3605805.8
"sp|P33221|PURT_ECOLI"	"ECOLI"	0	0	0	0	0	0	0	0	0	251729.19	141204.06	331198.94	0	423830.84	154599.02	209925.72	695406.75	159052.48
"sp|P33570|TKT2_ECOLI"	"ECOLI"	0	0	0	0	0	0	0	0	0	0	0	0	0	0	0	0	0	0
"sp|P33602|NUOG_ECOLI"	"ECOLI"	0	0	0	0	0	0	0	0	0	0	0	0	0	0	8369.122	0	0	0
"sp|P36683|ACNB_ECOLI"	"ECOLI"	3606421.2	1598011.5	3810580.5	5939922.5	828796.6	4018222.5	2455076.2	1748340.8	3394744	28382042	27043196	28993960	29105358	30074688	29062018	29628780	28987448	30995632
"sp|P37095|PEPB_ECOLI"	"ECOLI"	0	0	0	0	0	0	0	0	0	0	265091.25	0	543454.6	404368.1	0	343658.62	0	498964.06
"sp|P37330|MASZ_ECOLI"	"ECOLI"	0	0	0	0	0	0	0	0	0	0	0	0	301907.53	257120.16	0	0	289000.03	0
"sp|P37387|XYLF_ECOLI"	"ECOLI"	0	0	0	0	0	0	0	0	0	1116147	0	673562.8	1196779	723013	0	1030585.3	1103032.2	1025991.8
"sp|P37388|XYLG_ECOLI"	"ECOLI"	0	0	0	0	98232.86	0	0	67192.36	86491.85	126181.58	0	0	0	0	0	0	76618.586	0
"sp|P37647|KDGK_ECOLI"	"ECOLI"	917326.5	0	886669.6	1011879.25	1822401.1	1040784.5	927053.75	549549.25	940213.75	10360320	9376363	9969244	11780115	10075107	11808530	11461813	10859696	11044020
"sp|P37685|ALDB_ECOLI"	"ECOLI"	0	0	1241297.8	475900	0	814787.9	0	878734.2	297008.8	7047939.5	7972230.5	5961068.5	6548825.5	5708753.5	6266842	5692312	6370859.5	6706114.5
"sp|P37769|KDUD_ECOLI"	"ECOLI"	2788968.2	2594184.2	2776696	2847385.5	1074105	2715916.5	2393447.8	2207554.5	1995069.2	20089050	19558534	20062396	21791786	19381708	20536966	20580964	22826772	23940708
"sp|P37903|USPF_ECOLI"	"ECOLI"	271497.22	0	0	0	0	0	0	0	0	643432	993142.2	913379.6	922394.25	988905.75	932807.8	1027358.75	930444.9	914730.75
"sp|P39265|ALSB_ECOLI"	"ECOLI"	0	0	0	0	0	0	0	0	0	0	0	0	0	0	0	0	0	474677.66
"sp|P39325|YTFQ_ECOLI"	"ECOLI"	0	0	0	0	0	236818.14	0	0	0	1444513.9	1699390.8	1527083	1873179.9	1724312.2	1497706.4	1657930.2	1713762.5	1494797.9
"sp|P39451|ADHP_ECOLI"	"ECOLI"	0	0	0	0	0	0	0	0	0	0	0	0	0	0	0	0	0	0
"sp|P39831|YDFG_ECOLI"	"ECOLI"	0	0	0	0	0	0	0	0	0	116033.66	117338.336	0	0	236003.05	0	0	0	0
"sp|P45523|FKBA_ECOLI"	"ECOLI"	586536.25	0	0	1083572.6	0	6334115	0	0	0	4887868	5880666.5	6731793.5	9886668	6258001	8417490	9354757	8426674	7698460
"sp|P45577|PROQ_ECOLI"	"ECOLI"	0	0	0	0	0	0	0	0	0	0	0	859064.5	0	1084209.1	753483.44	905184.9	812296.7	846132.7
"sp|P50457|PUUE_ECOLI"	"ECOLI"	0	0	0	0	0	0	0	0	0	626844.8	610287.9	626765.5	748444.9	566966.3	648462.75	735846.8	0	467413.97
"sp|P60422|RL2_ECOLI"	"ECOLI"	0	0	0	116610.29	0	0	0	0	0	964403.6	1037470.1	667976.56	556968.4	765229.2	583954.44	1077828.8	1028677.9	641127.44
"sp|P60438|RL3_ECOLI"	"ECOLI"	0	0	0	0	0	0	0	0	0	2815159.8	2893432	2151888	2286505	3053156.8	2677378.2	2705431	2896407	2969491
"sp|P60624|RL24_ECOLI"	"ECOLI"	830393.25	580282	870110.1	657834.3	655045.6	541834.1	810110.94	767856.44	645394.1	7220809	7110160	6914322	7488764	4776267.5	4823997	5445651.5	6149131	5132557.5
"sp|P61175|RL22_ECOLI"	"ECOLI"	0	0	0	0	0	0	0	0	308989.72	1974513.2	2175475.5	1672943.4	2228685	2169485.5	1738347.8	1755526.8	1847161.6	1694210.6
"sp|P61517|CAN_ECOLI"	"ECOLI"	0	0	0	0	0	0	0	0	0	0	1108893.2	0	0	307051.47	0	1081258.6	0	0
"sp|P61714|RISB_ECOLI"	"ECOLI"	0	0	0	0	0	0	0	0	0	232814.78	217332.6	125052.01	188992.69	255425.34	190439.19	231442.14	182443.9	233034.11
"sp|P61889|MDH_ECOLI"	"ECOLI"	4786925.5	6277174	5745900	17237138	5089247.5	4212385.5	4387892	3488782	17390502	31058552	37704090	37450030	38568570	38829210	39315104	35975384	39033236	39342984
"sp|P62399|RL5_ECOLI"	"ECOLI"	812720.7	635764.9	1595903.2	734237.4	0	1100822	0	407748.06	0	6149617.5	7706792.5	6457464	8306132	7699914.5	6558958	7191685	8069539.5	7322985
"sp|P62707|GPMA_ECOLI"	"ECOLI"	0	0	0	0	0	294923.44	0	286595.44	0	6475359.5	7738467	8625209	7914167	7688069.5	7608786	8656936	9274385	7653013
"sp|P62768|YAEH_ECOLI"	"ECOLI"	0	0	0	0	0	0	0	0	0	0	0	0	756608.1	811364.56	592753.3	0	840664	0
"sp|P63020|NFUA_ECOLI"	"ECOLI"	0	0	0	0	0	0	0	0	0	507133.06	470269.88	439863.75	518035.25	530360.8	0	544331.3	0	590851.5
"sp|P63224|GMHA_ECOLI"	"ECOLI"	0	0	0	0	0	0	0	0	0	2025905.2	2047321	1985333.8	829331.6	2024800.8	1443189.9	1583005.6	2099227.2	2143071.8
"sp|P63284|CLPB_ECOLI"	"ECOLI"	3456710.2	3518486.2	3289226.5	3396820.2	3464669	3754114.8	3401033.8	3551605.2	3167829.5	3752591.2	3639169.5	3632613.5	3526596.8	4329975	4063740.5	4361882	4249774.5	4524236.5
"sp|P63417|YHBS_ECOLI"	"ECOLI"	0	0	0	0	0	0	0	0	0	191530.66	0	220459.47	0	0	216557.48	194728.55	217989.22	216206.81
"sp|P64581|YQJD_ECOLI"	"ECOLI"	1048004.4	1040622.4	891546.8	1025357.1	902029.94	1003246.94	925278.25	1047059.6	1174770	3038637.2	3213296.5	3594433.5	3363023.2	2423003.5	2909371.5	3360508.2	2824590.8	3343220
"sp|P68191|SRA_ECOLI"	"ECOLI"	0	0	0	0	0	0	0	0	0	610031.1	472977.28	564201.5	712146.3	532483.1	532852.7	487645.56	478019.78	600614
"sp|P68206|YJBJ_ECOLI"	"ECOLI"	0	351887.25	661447.4	0	0	0	0	0	0	3847435.5	3567728.5	4288498	3494675.2	4146738	4123751.2	3923263.5	3752991.2	4338207
"sp|P68679|RS21_ECOLI"	"ECOLI"	0	0	0	0	0	0	0	0	0	444815.94	206657.78	717847.7	603568.4	574263.1	532243.75	597664.56	618263.44	810342.4
"sp|P68919|RL25_ECOLI"	"ECOLI"	0	643968.56	0	0	0	0	0	0	0	1829285.8	1833579	2000684.4	1832563.5	4854889.5	1932224.2	1785653.8	1932128.2	1911126
"sp|P69222|IF1_ECOLI"	"ECOLI"	0	0	0	0	0	0	0	0	0	0	0	0	0	0	0	0	0	0
"sp|P69441|KAD_ECOLI"	"ECOLI"	0	0	0	364706.88	519117.94	0	0	0	0	1232722.1	1584011.8	1381471.2	1640301.2	1535819.5	1592830.2	849084.9	1350375.9	1329254.1
"sp|P69783|PTGA_ECOLI"	"ECOLI"	4602937.5	5071724.5	4102493	4416951	3630070.2	4051882.2	4677057	3638947.5	4552932.5	12645060	13682852	12832892	13298044	14064728	13896574	13180625	13031409	13461224
"sp|P69828|PTKA_ECOLI"	"ECOLI"	0	0	0	0	0	0	0	0	0	431112.6	0	436643.62	411911.84	382315.2	430407.84	441333.8	438632.22	0
"sp|P76108|YDCS_ECOLI"	"ECOLI"	0	0	0	0	0	186013.08	0	0	382379.28	3644415.5	1549723.4	4390601	4772894	3782003.8	6594460.5	4343946	4031836	5231812
"sp|P76177|YDGH_ECOLI"	"ECOLI"	0	0	0	0	0	0	0	0	0	0	0	0	0	0	0	0	0	0
"sp|P76402|YEGP_ECOLI"	"ECOLI"	0	0	0	0	0	588555.8	0	564331.75	0	1675858.6	2032997.1	1661584.8	481404.72	1811697.6	0	1736449.5	1914144.5	2462382.5
"sp|P76536|YFEX_ECOLI"	"ECOLI"	0	0	0	0	0	0	0	0	0	0	994114.6	0	1148219.4	973502.3	1216949	1158698.8	0	1354665.8
"sp|P76558|MAO2_ECOLI"	"ECOLI"	0	416581.25	0	0	0	0	350234.2	405828.62	0	1672666.8	3914680.5	1641521.9	2889851	2305898.5	1584712.2	2967632.8	3136319.5	3135791
"sp|P76621|GLAH_ECOLI"	"ECOLI"	0	0	0	0	0	0	0	0	0	1003102.25	1041833.5	896870.2	1027798	1157650.8	776476.5	1037401.9	1134954.2	671675.25
"sp|P77348|MPPA_ECOLI"	"ECOLI"	0	0	0	0	0	0	0	0	0	0	0	0	0	0	0	0	0	0
"sp|P77395|CNOX_ECOLI"	"ECOLI"	5779195	3562614.5	3855590	5146936	5200895	3993253	5212737	3637484.2	3997143.8	5183014	0	0	5143428	0	0	0	0	0
"sp|P77455|PAAZ_ECOLI"	"ECOLI"	0	707609	0	0	0	0	0	0	0	0	0	0	625156.7	0	0	638894.94	0	570479.25
"sp|P77581|ASTC_ECOLI"	"ECOLI"	1750959.2	2907026	1369557.8	2177802	1118280	1660779.2	1799173.5	2026654.5	2986769.2	17407724	17888962	16769738	18564964	17680888	17987882	15806661	18638248	17549204
"sp|P77674|ABDH_ECOLI"	"ECOLI"	1835001.9	1297199.1	1878812.5	1077985.1	591148.7	0	820690.7	2176401.2	830185.94	10444570	7309643	10409052	9956398	12630463	10622137	9589578	11922142	10850818
"sp|Q46851|GPR_ECOLI"	"ECOLI"	835642	0	563562.2	437101.34	0	663471.7	111425.984	840994.6	108637.6	1789816.6	3002402.2	2349321.5	919093.44	2331474	2328464.2	2927758.2	2766951	2275187.8
"sp|Q46938|KDUI_ECOLI"	"ECOLI"	3543657.8	4636369	5196836	1214114.5	1627206.9	4639150	2857491.8	2758001	6832529	24395434	25070612	24925072	27846076	27080398	26232334	23213870	21866836	26212330
